unique_key,ward_id,uplift_multiplier,expected_extra_night_crimes_during
61000309,MNG-W05,7.25374,1.74076
61001320,HBL-W11,0.98736,1.72683
61001416,MNG-W07,1.42866,0.05719
61001510,MNG-W05,5.22188,0.13195
61001579,MYS-W11,0.82117,0.07979
61001763,BLR-W23,0.0,0.0
61001880,TMK-W04,0.0,0.0
61001888,HBL-W12,1.26887,0.03367
61002209,BGM-W14,1.97686,0.79255
61002435,HBL-W02,0.0,0.0
61002533,MYS-W09,0.0,0.0
61002572,MNG-W09,1.00003,0.01913
61002587,MNG-W14,1.36378,0.05187
61002859,HBL-W09,0.52016,0.01556
61002909,MNG-W01,1.47739,0.23223
61002911,MNG-W07,0.0,0.0
61003485,BLR-W09,0.0,0.0
61003513,MYS-W15,3.43849,0.28565
61003547,TMK-W05,2.28363,0.47495
61003591,MNG-W14,0.0,0.0
61003625,BGM-W14,0.85852,0.03223
61003839,BLR-W33,1.49005,0.18299
61004536,BGM-W15,1.07965,0.08752
61004595,BLR-W24,0.0,0.0
61004945,MNG-W07,4.96652,0.95594
61004955,MNG-W09,1.07937,0.48669
61004978,BLR-W06,1.81382,0.18834
61005207,MYS-W03,0.0,0.0
61005247,BLR-W06,1.84144,0.05122
61005253,TMK-W05,0.0,0.0
61005323,SMG-W05,0.0,0.0
61005465,BGM-W02,0.52679,0.02405
61005618,TMK-W02,3.30542,0.1531
61005646,TMK-W06,1.63992,1.18692
61005660,BGM-W14,1.85685,0.14835
61005743,HBL-W06,4.06752,0.39558
61005812,BLR-W23,0.0,0.0
61005951,HBL-W12,0.0,0.0
61006184,BLR-W34,0.0,0.0
61006214,MNG-W07,6.12189,3.43908
61006631,BLR-W35,0.0,0.0
61006638,HBL-W09,0.0,0.0
61006929,BLR-W39,0.0,0.0
61006944,SMG-W11,2.93181,3.11831
61007007,HBL-W11,0.0,0.0
61007344,BGM-W07,1.81511,0.04263
61007571,MNG-W01,0.0,0.0
61007639,BGM-W08,1.27331,0.21744
61007795,BGM-W07,0.38322,0.0778
61007873,SMG-W10,1.0033,0.01704
61007945,SMG-W02,0.0,0.0
61007993,SMG-W08,0.83482,0.01389
61008013,MYS-W05,1.10995,0.03445
61008052,HBL-W06,1.40711,0.06439
61008067,BLR-W02,0.0,0.0
61008209,SMG-W05,0.0,0.0
61008371,BGM-W14,3.41934,0.15077
61008444,MYS-W03,0.0,0.0
61008449,BLR-W13,3.22709,0.84821
61008617,BGM-W11,0.17833,0.02599
61008687,SMG-W02,0.5671,0.14547
61008987,SMG-W03,3.79088,0.17671
61009017,MNG-W14,1.78049,0.05057
61009088,BGM-W07,3.71886,1.43356
61009225,TMK-W04,1.25185,0.03154
61009552,MNG-W09,4.55919,0.5898
61009669,HBL-W15,0.0,0.0
61009757,BGM-W14,0.66748,0.60139
61009922,MNG-W07,0.0,0.0
61010272,SMG-W08,1.27978,0.02051
61010463,TMK-W12,1.45564,0.56813
61010566,SMG-W08,0.99388,0.93601
61010614,MYS-W03,3.08885,1.99771
61010992,BGM-W10,0.0,0.0
61011005,BLR-W01,0.0,0.0
61011068,MNG-W01,0.0,0.0
61011457,MNG-W09,0.55361,0.11197
61011464,SMG-W08,0.0,0.0
61011518,MYS-W11,0.0,0.0
61011609,BLR-W30,1.98987,0.90699
61011631,MNG-W14,0.0,0.0
61012223,SMG-W02,0.0,0.0
61012325,BGM-W14,2.47489,8.9746
61013059,MYS-W04,0.0,0.0
61013089,MYS-W04,0.0,0.0
61013333,BLR-W32,4.76203,0.4053
61013345,MYS-W09,0.0,0.0
61013396,HBL-W09,0.0,0.0
61013643,MNG-W07,1.80179,0.21693
61013938,MNG-W04,0.0,0.0
61014132,HBL-W09,0.0,0.0
61014370,MNG-W07,3.06852,9.51802
61014577,BLR-W13,3.57394,1.32346
61014621,TMK-W09,1.82279,0.03698
61014774,HBL-W12,0.0,0.0
61014781,BLR-W23,4.60459,0.06706
61014837,MNG-W06,1.04386,0.01052
61014838,SMG-W06,1.89592,1.24729
61014842,BLR-W20,0.55582,0.00749
61014860,HBL-W14,2.472,0.25843
61014885,BLR-W24,3.37679,0.53634
61015172,MNG-W14,4.93584,0.05389
61015243,HBL-W09,6.79061,0.29243
61015428,BLR-W23,3.93782,0.15944
61015442,MNG-W01,1.33883,0.19147
61015493,MNG-W14,1.31835,0.34135
61015571,MNG-W14,2.49908,0.30723
61016158,MNG-W02,0.0,0.0
61016196,MNG-W14,0.69785,0.477
61016215,BLR-W25,2.11059,0.09325
61016296,MYS-W15,2.11447,0.06483
61016459,HBL-W09,1.06402,0.3249
61016532,MNG-W14,0.45596,0.05326
61016542,MNG-W14,0.0,0.0
61016668,MYS-W18,4.86842,0.76652
61016669,MYS-W17,0.0,0.0
61016702,MYS-W10,1.23478,0.00232
61016762,BGM-W10,0.0,0.0
61016788,BGM-W08,0.82342,0.24143
61017083,BLR-W12,0.67955,0.05981
61017134,MNG-W03,0.35082,0.02081
61017352,MNG-W03,0.73214,0.42465
61017380,MNG-W01,1.67694,0.10077
61017581,MNG-W09,1.18368,0.10036
61017780,MYS-W05,0.0,0.0
61017993,MYS-W02,0.0,0.0
61018284,BLR-W04,0.92629,0.01397
61018888,BLR-W13,6.98171,1.48851
61018912,MNG-W14,0.84062,0.04081
61018977,SMG-W02,1.46085,0.13557
61019532,SMG-W03,2.61981,0.78095
61019604,BGM-W04,0.0,0.0
61019757,BGM-W12,0.0,0.0
61020062,MNG-W01,0.0,0.0
61020353,MYS-W18,0.0,0.0
61020411,BLR-W05,1.05519,0.04662
61020483,TMK-W02,1.09646,0.06591
61020556,BLR-W21,0.0,0.0
61021085,BLR-W35,0.0,0.0
61021314,TMK-W10,0.0,0.0
61021629,BLR-W37,0.76331,0.00128
61021923,HBL-W12,0.56617,0.22091
61022345,MNG-W06,0.0,0.0
61022544,TMK-W08,0.0,0.0
61022792,BLR-W10,2.21749,0.07143
61022796,BLR-W31,3.54108,1.51377
61022820,MNG-W01,2.34143,0.16262
61023123,MNG-W12,0.0,0.0
61023222,SMG-W09,0.0,0.0
61023612,MNG-W01,2.99262,0.10075
61023682,MNG-W02,0.0,0.0
61023788,MNG-W05,4.11122,0.82063
61023885,SMG-W05,0.54998,0.22497
61024117,MYS-W14,1.89033,0.39627
61024176,TMK-W08,0.02455,0.02074
61024234,SMG-W02,0.31893,0.07598
61024262,BLR-W20,1.86413,0.17514
61024305,MNG-W09,1.37655,1.00965
61024422,MYS-W14,3.65353,0.63137
61024441,BGM-W01,1.14819,0.05654
61024540,MNG-W03,0.0,0.0
61024609,BGM-W14,1.13438,0.48559
61024639,MNG-W01,0.0,0.0
61024775,BGM-W14,0.22386,0.03976
61024826,MNG-W02,0.0,0.0
61024970,HBL-W11,0.31883,0.00833
61025121,MYS-W15,2.76784,0.28112
61025169,BLR-W22,0.0,0.0
61025299,MYS-W09,7.58151,0.57024
61025451,MNG-W01,0.0,0.0
61025492,HBL-W11,4.55563,0.82392
61025494,MYS-W16,4.15349,0.1519
61025566,HBL-W13,0.0,0.0
61025611,MYS-W12,2.22276,0.00495
61025817,TMK-W06,0.46088,0.34705
61025881,BLR-W12,0.0,0.0
61025886,SMG-W10,0.0,0.0
61026101,BLR-W07,0.0,0.0
61026277,BLR-W02,0.0,0.0
61026694,BLR-W24,1.94204,0.63015
61026810,MNG-W02,0.77347,0.15029
61027160,HBL-W11,4.61433,1.53126
61027193,BLR-W06,0.0,0.0
61027320,SMG-W02,0.0,0.0
61027663,BLR-W23,4.46389,0.41147
61027681,MYS-W18,0.0,0.0
61027729,BLR-W21,0.0,0.0
61027748,MNG-W03,2.15018,0.04492
61027961,HBL-W11,0.0,0.0
61028061,HBL-W12,1.78863,0.32683
61028289,BLR-W24,5.36629,0.54368
61028377,MYS-W10,0.59362,0.04397
61028445,TMK-W04,0.0,0.0
61028664,MNG-W03,0.0,0.0
61028714,BLR-W22,3.03355,0.3233
61028732,BLR-W01,3.05426,0.28297
61029026,BGM-W10,2.04314,0.09739
61029059,HBL-W11,0.0,0.0
61029282,MNG-W02,0.0,0.0
61029322,HBL-W12,2.87835,0.06344
61029893,MYS-W09,4.62072,0.32528
61030127,BLR-W32,5.57121,3.38949
61030208,TMK-W05,0.0,0.0
61030280,MNG-W13,4.09682,0.17365
61030341,TMK-W05,0.81763,0.02674
61030553,MNG-W01,1.32692,0.27623
61030817,TMK-W04,4.79442,0.30735
61031000,MNG-W09,1.25643,0.13874
61031046,SMG-W03,0.0,0.0
61031100,MYS-W16,1.38022,0.0089
61031172,HBL-W09,0.0,0.0
61031374,MNG-W06,0.77132,0.02593
61031744,MYS-W12,0.0,0.0
61032106,BGM-W07,1.78402,0.28155
61032297,MYS-W09,0.0,0.0
61032378,MNG-W14,0.0,0.0
61032594,MNG-W07,3.41502,0.11962
61032631,TMK-W03,2.1722,0.04199
61032692,BGM-W07,0.0,0.0
61032743,HBL-W16,0.26391,0.00345
61032760,MYS-W18,0.0,0.0
61032897,SMG-W05,0.0,0.0
61033005,HBL-W09,0.0,0.0
61033103,MNG-W03,1.47904,0.10783
61033144,HBL-W10,7.08021,0.97852
61033237,BGM-W14,1.68032,3.67907
61033773,TMK-W01,0.0,0.0
61033876,SMG-W10,0.0,0.0
61033906,SMG-W03,2.18233,0.1361
61033932,BLR-W39,0.0,0.0
61034255,HBL-W08,0.60856,0.26917
61034671,MNG-W12,0.0,0.0
61034839,MNG-W02,0.0,0.0
61035091,HBL-W06,0.83953,0.86692
61035269,MNG-W06,1.27677,0.01671
61035420,BLR-W20,0.56498,0.00057
61035647,HBL-W09,0.77761,0.01819
61035845,BLR-W18,2.01654,0.03475
61035874,SMG-W03,5.23034,0.58004
61035954,SMG-W05,3.71294,0.81358
61036016,MNG-W04,0.91733,0.02373
61036171,MNG-W13,0.63058,0.07832
61036287,SMG-W03,4.1397,0.84456
61036321,BLR-W07,1.76906,0.03514
61036359,MNG-W01,0.0,0.0
61036424,MNG-W02,0.16399,0.01092
61036746,MNG-W14,3.82598,0.9477
61037153,SMG-W02,0.0,0.0
61037494,BLR-W24,2.39351,0.32996
61037572,MNG-W06,1.63913,0.37115
61037787,HBL-W09,0.0,0.0
61037890,TMK-W04,0.0,0.0
61038043,BLR-W22,2.6926,0.00857
61038108,BLR-W20,0.54623,0.03214
61038339,HBL-W09,4.24311,1.44627
61038573,TMK-W03,0.0,0.0
61038589,BGM-W10,0.0,0.0
61038721,HBL-W11,1.35651,0.0743
61038918,TMK-W10,0.0,0.0
61038936,TMK-W02,0.0,0.0
61038996,MYS-W10,2.07993,0.49485
61039119,SMG-W03,0.0,0.0
61039127,BLR-W04,0.0,0.0
61039514,BGM-W08,0.0,0.0
61039597,MNG-W14,0.0,0.0
61039827,BGM-W01,2.05258,0.61676
61039841,BLR-W39,0.0,0.0
61039935,MNG-W07,3.48236,17.59002
61040272,MNG-W01,0.0,0.0
61040453,SMG-W02,1.11245,0.12165
61040569,HBL-W12,0.0,0.0
61040657,MNG-W16,1.49829,0.00603
61040819,MYS-W03,0.0,0.0
61040859,MNG-W02,0.0,0.0
61040913,SMG-W09,0.0,0.0
61040959,MNG-W03,0.29485,0.00513
61041045,MNG-W04,0.0,0.0
61041327,MNG-W03,0.0,0.0
61041695,MNG-W09,0.0,0.0
61042101,BLR-W15,6.56204,0.13948
61042374,MNG-W03,2.52228,0.20809
61042382,SMG-W03,0.96034,0.39367
61042456,TMK-W04,4.49285,0.33391
61042785,BLR-W21,0.1253,0.00276
61042996,MYS-W05,2.41215,0.04375
61043057,BLR-W25,2.59615,0.03649
61043219,SMG-W12,1.58647,0.06918
61043233,BLR-W12,0.0,0.0
61043244,MNG-W16,8.06694,9.23971
61043355,HBL-W11,3.19868,0.07171
61043401,MNG-W01,1.07844,0.138
61043507,MNG-W14,3.86448,0.17792
61043893,BLR-W33,0.0,0.0
61044174,HBL-W08,1.12006,0.00587
61044260,MNG-W06,1.33413,0.0084
61044379,MNG-W14,2.33243,0.69354
61044498,BLR-W15,1.45044,0.01961
61044503,MNG-W03,0.76182,0.01275
61044557,MNG-W07,0.0,0.0
61044644,MNG-W13,0.55167,0.10476
61044728,BGM-W14,0.0,0.0
61045042,MNG-W14,0.76837,0.10002
61045153,TMK-W04,0.40583,0.11982
61045166,HBL-W14,7.54697,2.28463
61045199,BLR-W39,0.0,0.0
61045773,BLR-W24,0.0,0.0
61045971,TMK-W06,0.0,0.0
61046199,BLR-W34,0.36309,0.00994
61046470,SMG-W02,2.72498,0.20647
61046474,MYS-W18,1.96299,0.08373
61046586,SMG-W11,0.0,0.0
61047129,BLR-W12,3.4427,0.38262
61047390,BLR-W05,0.49766,0.06314
61047679,MNG-W09,2.86184,1.06139
61048226,BLR-W22,2.32693,0.24594
61048379,BGM-W01,2.86326,0.06609
61048394,MNG-W08,1.48415,0.06093
61048423,MNG-W01,3.87376,0.04911
61048504,BLR-W28,0.0,0.0
61048543,MNG-W01,1.96922,0.1397
61048637,TMK-W08,0.0,0.0
61048790,MYS-W09,0.0,0.0
61048828,BLR-W01,3.16722,1.14712
61049141,TMK-W07,0.0,0.0
61049170,BGM-W14,7.0323,3.23303
61049316,SMG-W08,1.24669,0.0365
61049428,HBL-W09,0.88483,0.07053
61049721,MYS-W17,1.62107,0.02807
61049874,BGM-W14,0.0,0.0
61049895,BGM-W14,0.0,0.0
61050030,BGM-W14,0.51616,1.07598
61050085,HBL-W11,0.0,0.0
61050782,BGM-W08,1.62573,0.05016
61050884,TMK-W10,0.0,0.0
61050994,BLR-W02,1.05698,0.42927
61051227,TMK-W10,0.0,0.0
61051260,MNG-W07,2.37404,0.29028
61051421,TMK-W03,1.68232,0.13278
61051456,MNG-W07,3.51757,0.49976
61051659,MYS-W04,0.0,0.0
61051676,BLR-W13,0.0,0.0
61051761,HBL-W10,0.88874,0.50574
61051765,MNG-W04,0.0,0.0
61052030,HBL-W15,0.0,0.0
61052303,BLR-W37,0.0,0.0
61052370,BLR-W06,0.0,0.0
61052408,HBL-W15,0.6581,0.01477
61052683,BLR-W35,0.0,0.0
61053355,SMG-W06,0.29386,0.05141
61053532,BGM-W02,3.05003,0.16816
61053536,MNG-W09,0.0,0.0
61053926,MNG-W01,5.37503,0.1335
61053931,BLR-W21,0.0,0.0
61053960,BLR-W21,0.99234,0.04388
61054005,MNG-W03,0.0,0.0
61054040,MNG-W07,1.51525,0.16831
61054151,MNG-W16,0.0,0.0
61054308,BLR-W09,0.68824,0.04156
61054357,HBL-W09,1.48494,0.41623
61054379,HBL-W09,7.51429,0.89806
61054539,BGM-W14,0.0,0.0
61054950,MNG-W14,0.0,0.0
61054958,MNG-W07,1.27443,0.1115
61054985,SMG-W06,4.17511,5.63735
61055180,SMG-W02,0.25471,0.00548
61055755,HBL-W03,0.403,0.01893
61055888,MYS-W02,3.14136,0.21749
61056161,MNG-W07,0.0,0.0
61056189,BGM-W08,0.19032,0.01408
61056300,SMG-W12,0.0,0.0
61056305,BGM-W12,2.03007,0.03381
61056524,TMK-W02,0.06938,0.10577
61056692,SMG-W06,1.18864,1.02365
61056862,BLR-W39,2.53536,0.42877
61056864,BLR-W08,0.91037,0.18519
61056921,BLR-W13,3.20047,0.16961
61057167,MNG-W12,1.44222,0.02195
61057365,MNG-W16,0.0,0.0
61057647,BLR-W13,0.0,0.0
61057757,MYS-W12,3.94993,0.03395
61057895,MYS-W11,1.58216,0.00815
61058358,HBL-W04,0.0,0.0
61058442,MNG-W06,2.97399,0.0162
61058686,MNG-W02,6.61996,0.43517
61058905,SMG-W11,0.94611,0.18385
61058954,BGM-W12,3.32242,0.46137
61059202,BLR-W06,0.0,0.0
61059268,SMG-W02,2.19247,0.49753
61059339,MNG-W01,0.0,0.0
61059421,BLR-W31,0.0,0.0
61059607,MYS-W07,0.0,0.0
61059720,MYS-W03,1.42201,0.39518
61060162,MYS-W02,3.81218,0.49339
61060284,BLR-W36,0.0,0.0
61060480,MYS-W10,0.0,0.0
61060532,MNG-W02,1.50131,0.02059
61060746,SMG-W03,3.54759,1.82946
61061011,MNG-W16,1.1039,0.16398
61061027,HBL-W11,1.6233,0.2401
61061228,SMG-W08,2.14708,0.72504
61061348,BLR-W32,0.0,0.0
61061902,BLR-W36,0.0,0.0
61062051,MYS-W02,1.16153,0.36436
61062082,BLR-W24,0.0,0.0
61062512,MYS-W10,0.0,0.0
61062755,MYS-W01,0.32192,0.00928
61062757,BLR-W06,3.93391,0.04717
61062927,SMG-W02,3.20185,0.03759
61063129,BLR-W02,1.87752,0.36475
61063138,MNG-W09,0.0,0.0
61063145,HBL-W01,0.54904,0.12358
61063467,MNG-W14,4.31377,1.18815
61063809,MNG-W12,3.44485,0.19862
61063830,TMK-W04,0.98176,0.03243
61063891,MNG-W03,1.78324,0.04165
61064151,BLR-W13,1.00591,1.07078
61064352,TMK-W04,0.60475,0.5541
61064465,BLR-W28,1.27846,0.02563
61064705,HBL-W12,0.82514,0.22207
61064732,MYS-W05,1.53121,0.01785
61064922,MYS-W16,1.22084,0.10129
61065314,SMG-W02,1.52799,0.064
61065394,MNG-W04,0.47701,0.02071
61065494,HBL-W11,0.0,0.0
61065763,MNG-W02,0.0,0.0
61065842,MYS-W12,1.23465,0.01405
61065949,SMG-W03,0.0,0.0
61065972,MYS-W05,0.74448,0.03474
61066550,BLR-W33,5.29436,1.42265
61066699,TMK-W02,2.15211,0.76159
61066741,TMK-W04,1.00172,0.17116
61066781,BGM-W07,0.39772,0.0058
61066953,MYS-W09,1.81451,0.01023
61066965,HBL-W12,2.37312,0.32193
61067021,TMK-W06,0.41954,0.00933
61067293,MNG-W03,0.0,0.0
61067508,MYS-W02,2.94739,0.02308
61067579,BLR-W34,0.99391,0.20474
61067740,HBL-W11,3.09958,0.07607
61068340,SMG-W12,1.24612,0.05984
61068670,BLR-W19,3.18548,0.37898
61068869,HBL-W15,1.48632,0.57003
61068946,BLR-W39,1.30232,0.02095
61069300,BLR-W34,0.0,0.0
61069741,HBL-W01,1.01161,0.2198
61069946,BLR-W13,0.0,0.0
61070111,HBL-W02,3.32482,9.0178
61070449,BLR-W12,1.95314,1.44612
61070552,HBL-W05,1.0442,0.00393
61070604,MNG-W01,1.94223,0.00746
61070638,SMG-W09,4.21945,3.47963
61070662,SMG-W02,0.7638,0.01236
61070689,HBL-W16,0.42715,0.00582
61070707,MNG-W04,0.0,0.0
61070730,BGM-W12,0.0,0.0
61070750,MNG-W09,1.425,1.29251
61070776,BGM-W01,2.47092,0.10699
61071091,MNG-W05,6.25448,0.56793
61071334,HBL-W12,0.0,0.0
61071586,MNG-W02,1.30767,0.38068
61071710,MYS-W17,2.00245,0.03544
61071729,TMK-W04,2.33687,0.08232
61072273,SMG-W05,3.13088,3.65157
61072597,BLR-W23,0.62128,0.15783
61072640,BGM-W02,0.0,0.0
61072784,TMK-W04,1.93552,0.09235
61073210,HBL-W09,0.31831,0.08181
61073265,HBL-W15,0.59655,0.00428
61073340,BLR-W25,0.35456,0.03682
61073448,BGM-W14,2.23104,0.59938
61073636,MNG-W14,0.0,0.0
61074330,MYS-W03,0.16317,0.12642
61074407,MNG-W03,2.15619,0.09526
61074458,TMK-W08,1.72961,0.04167
61074484,HBL-W12,0.0,0.0
61074648,TMK-W05,2.47965,0.3448
61074997,MNG-W02,0.69454,0.15514
61075103,SMG-W06,0.0,0.0
61075508,BLR-W06,2.93703,0.78448
61075618,SMG-W08,0.33253,0.03339
61075742,BLR-W22,1.07107,0.02244
61075945,TMK-W02,3.24099,0.14559
61075991,MNG-W09,2.68783,0.07749
61076150,BGM-W01,3.61552,0.01117
61076196,HBL-W11,2.60545,0.04547
61076315,HBL-W09,5.5876,1.19378
61076364,BLR-W23,1.32031,0.14233
61076394,TMK-W04,1.96577,0.24857
61076525,MYS-W02,0.0,0.0
61076619,TMK-W04,5.41917,0.42167
61076777,BLR-W12,0.52565,0.13442
61076812,MNG-W01,5.5741,0.07142
61076841,BLR-W37,0.0,0.0
61076849,MNG-W13,0.63762,0.01643
61076870,BLR-W33,1.58329,0.01131
61076881,BGM-W04,1.63686,1.34613
61076982,MNG-W01,0.0,0.0
61077152,SMG-W05,0.0,0.0
61077186,BGM-W03,1.71678,0.32702
61077191,MNG-W12,3.4591,0.19977
61077296,BLR-W01,0.9777,0.06419
61077337,MYS-W05,0.0,0.0
61077686,SMG-W05,0.0,0.0
61077932,BLR-W13,0.0,0.0
61078001,TMK-W04,0.0,0.0
61078008,SMG-W05,2.52579,0.57557
61078012,MNG-W09,2.59246,0.11412
61078038,SMG-W03,0.0,0.0
61078076,MNG-W01,0.0,0.0
61078103,BGM-W02,0.0,0.0
61078110,SMG-W03,2.7842,0.06613
61078339,MYS-W18,0.0,0.0
61078472,MNG-W14,2.27431,0.28179
61078480,SMG-W10,2.71929,1.73344
61078748,MYS-W14,0.0,0.0
61078908,BGM-W12,0.0,0.0
61079124,BGM-W11,1.11174,0.04891
61079227,BLR-W07,0.0,0.0
61079462,SMG-W01,0.85966,0.02691
61080097,SMG-W02,0.0,0.0
61080109,BLR-W12,0.0,0.0
61080477,MNG-W07,0.0,0.0
61080827,TMK-W04,0.4324,0.05046
61080976,HBL-W11,1.06424,0.14333
61080979,BLR-W02,0.0,0.0
61081090,TMK-W02,0.57711,0.83528
61081370,TMK-W04,0.55174,0.30269
61081439,SMG-W03,1.51022,0.23355
61081521,SMG-W03,1.48949,0.11582
61081532,BLR-W31,0.0,0.0
61081752,BLR-W34,0.0,0.0
61082352,MNG-W16,1.28938,0.06752
61082686,TMK-W01,0.75007,0.04552
61082691,BGM-W05,1.89836,0.5669
61083003,SMG-W03,0.0,0.0
61083177,MNG-W12,1.02131,0.02248
61083260,BLR-W13,14.12226,4.45897
61083315,MYS-W18,3.14634,0.06226
61083522,MNG-W01,1.04435,0.11145
61083557,MNG-W04,0.0,0.0
61083655,BGM-W08,0.0,0.0
61084408,SMG-W03,0.0,0.0
61084619,BLR-W23,2.40247,0.05085
61084840,MNG-W14,4.01059,0.24426
61084937,MYS-W17,0.0,0.0
61084958,MNG-W05,0.0,0.0
61085131,MNG-W06,0.59842,0.01631
61086216,HBL-W09,6.11182,1.83008
61086261,MNG-W08,0.5813,0.05263
61086520,BLR-W22,1.91326,0.04215
61086585,MNG-W06,1.5309,0.08609
61086631,HBL-W08,0.30856,0.00239
61087462,BGM-W12,3.63174,0.40731
61087622,HBL-W12,0.81497,0.01709
61087690,MNG-W07,3.71691,0.36144
61087785,SMG-W01,0.0,0.0
61088090,TMK-W08,0.67761,0.34691
61088290,MNG-W07,0.0,0.0
61088371,BGM-W01,2.41,0.12827
61088669,SMG-W03,1.31018,0.01811
61088772,BLR-W07,0.17356,0.01926
61088783,TMK-W12,1.09669,0.06514
61089077,MNG-W01,4.40592,0.62173
61089163,MNG-W04,2.27659,0.40311
61089240,BGM-W14,2.64547,7.19501
61089374,MNG-W02,1.03738,0.88263
61089595,BLR-W08,0.55717,0.16421
61089603,SMG-W02,0.34646,0.01828
61089676,MNG-W06,0.48434,0.0057
61089695,MNG-W01,0.6184,0.07576
61089809,BLR-W19,1.27345,0.01066
61089831,BGM-W12,2.12986,1.16709
61090275,HBL-W09,0.0,0.0
61090307,MNG-W04,0.0,0.0
61090380,MNG-W03,0.0,0.0
61090487,BGM-W14,1.03992,0.60743
61090493,BGM-W04,3.89013,0.34057
61090746,HBL-W09,1.00382,0.01317
61090794,MNG-W07,0.0,0.0
61090845,MNG-W01,0.79242,0.06133
61091069,HBL-W12,0.0,0.0
61091083,TMK-W05,3.16699,0.90577
61091121,BLR-W18,2.31237,0.04666
61091176,BLR-W13,5.72365,2.3458
61091181,BLR-W33,1.39388,0.17028
61091297,BLR-W04,1.35851,0.0282
61091390,HBL-W11,4.47074,0.09405
61091491,MNG-W12,0.4037,0.03277
61091721,HBL-W11,3.17366,0.40218
61091842,BLR-W23,0.0,0.0
61092074,MYS-W17,2.19079,0.08102
61092137,MNG-W03,2.56241,0.55972
61092336,MYS-W02,0.0,0.0
61092433,MYS-W05,1.39595,0.01966
61092656,MYS-W18,7.42068,1.38432
61093161,SMG-W02,0.43512,1.73067
61093292,BGM-W14,0.78559,0.19815
61093398,MNG-W12,5.24363,0.55667
61093492,HBL-W12,0.60333,0.1143
61093590,BLR-W23,0.85178,0.0119
61093827,MNG-W06,4.28571,0.16308
61094051,BGM-W14,1.77182,1.12321
61094123,MNG-W02,2.2837,0.04591
61094712,MNG-W07,1.32387,0.03987
61094737,BLR-W22,1.92906,0.00746
61094844,MNG-W03,0.0,0.0
61094851,MNG-W14,0.0,0.0
61095161,BLR-W34,4.93828,0.06581
61095187,TMK-W02,0.0,0.0
61095220,MNG-W03,6.66709,0.08203
61095443,MNG-W06,1.75759,0.06986
61095526,BLR-W28,2.04298,0.50023
61095841,MNG-W05,0.0,0.0
61095844,BGM-W03,0.0,0.0
61095882,MYS-W10,1.40634,0.7599
61095946,SMG-W02,1.61815,0.18038
61096017,BGM-W03,0.0,0.0
61096139,BLR-W13,2.85106,0.23414
61096168,MNG-W14,0.86825,0.02223
61096301,BGM-W08,0.4903,0.00742
61096346,SMG-W05,0.0,0.0
61096572,BGM-W10,1.81318,0.13352
61096883,MNG-W03,0.786,0.01302
61097139,BGM-W12,3.57709,0.11233
61097249,MNG-W06,0.0,0.0
61097298,SMG-W03,0.0,0.0
61097400,MYS-W09,0.0,0.0
61097745,BGM-W14,1.16541,0.19965
61097781,SMG-W09,0.0,0.0
61097800,HBL-W12,1.03756,0.06532
61098250,BGM-W14,1.40167,0.76019
61098253,BLR-W35,0.58205,0.12506
61098458,MYS-W14,4.62412,0.10154
61098532,TMK-W05,0.0,0.0
61098645,MNG-W06,2.8025,0.01723
61098711,BLR-W34,0.0,0.0
61098733,MNG-W02,1.52338,0.27558
61098775,BGM-W14,0.0,0.0
61098882,MYS-W02,6.73013,0.28501
61098904,BGM-W14,3.22775,0.1519
61098962,BLR-W40,5.32204,0.12147
61099000,TMK-W08,0.0,0.0
61099069,MNG-W16,0.0,0.0
61099245,BLR-W01,1.58378,0.19178
61099441,BLR-W17,0.72185,0.06289
61099697,MYS-W02,1.89643,0.30988
61099729,HBL-W09,2.92239,3.3827
61099787,BLR-W12,0.98192,0.00267
61099796,SMG-W05,0.0916,0.01707
61099820,SMG-W11,0.91187,0.02314
61099861,BLR-W16,1.82456,0.0599
61099869,MNG-W01,2.25073,0.02067
61100039,HBL-W15,1.21727,0.32078
61100229,BLR-W23,0.49836,0.39265
61100249,BLR-W08,0.0,0.0
61100274,BLR-W34,0.87281,0.04629
61100483,MNG-W07,2.88221,2.9744
61100541,SMG-W06,0.0,0.0
61100651,BLR-W35,0.0,0.0
61100790,MNG-W07,0.0,0.0
61100980,BLR-W06,1.19784,0.00554
61101053,BLR-W33,0.38808,0.15641
61101071,MNG-W01,1.27801,0.17972
61101148,HBL-W11,1.66702,0.04518
61101631,MNG-W06,0.0,0.0
61101785,MYS-W02,4.5112,8.24211
61102023,SMG-W09,2.09826,0.29299
61102193,SMG-W07,2.10654,0.01931
61102268,MNG-W14,0.0,0.0
61102361,HBL-W11,1.5834,0.22066
61102434,MNG-W14,2.84368,0.46282
61102523,MNG-W14,0.0,0.0
61102606,BLR-W22,0.11507,0.0041
61102640,MNG-W03,1.45321,0.00461
61102681,SMG-W11,0.0,0.0
61102746,SMG-W03,0.0,0.0
61102907,BLR-W17,0.0,0.0
61102962,BLR-W13,3.37296,0.69908
61103046,MYS-W10,2.67797,0.0648
61103112,HBL-W09,1.95733,0.57115
61103151,MNG-W14,2.44676,0.2308
61103890,BGM-W10,1.31282,0.93826
61104162,HBL-W12,3.88032,0.11888
61104600,HBL-W15,0.0,0.0
61104723,BGM-W05,1.44079,2.05903
61104746,MYS-W09,0.0,0.0
61104947,BLR-W35,3.61185,0.11788
61104982,TMK-W02,0.0,0.0
61104996,MYS-W05,1.90148,0.05479
61105248,SMG-W02,0.0,0.0
61105605,SMG-W04,0.0,0.0
61105760,MYS-W09,2.31715,0.31748
61105852,MYS-W05,0.94854,0.38596
61106039,MYS-W05,0.54085,0.00218
61106281,MYS-W15,0.52043,0.21258
61106714,TMK-W08,0.0,0.0
61107035,MNG-W09,3.43907,0.06564
61107052,MNG-W03,1.84243,0.12066
61107067,BGM-W12,4.81997,0.40019
61107405,MNG-W14,0.0,0.0
61107593,MNG-W03,1.41227,0.01265
61108034,MYS-W05,0.0,0.0
61108129,MYS-W16,1.95852,0.08539
61108152,MNG-W01,0.0,0.0
61108535,BGM-W02,0.0,0.0
61108729,MNG-W07,0.66802,0.0082
61109010,MYS-W12,0.58555,0.03983
61109120,SMG-W03,0.0,0.0
61109279,HBL-W12,3.65848,2.08847
61109453,MNG-W14,2.4634,1.07491
61109768,MYS-W10,0.21889,0.00848
61109924,TMK-W05,2.69743,0.99856
61110318,HBL-W09,12.36768,0.28659
61110580,SMG-W12,2.62948,0.0194
61110600,BLR-W04,0.0,0.0
61110656,SMG-W12,0.0,0.0
61110663,HBL-W11,0.0,0.0
61110701,HBL-W09,3.54071,0.54653
61111179,BGM-W06,0.0,0.0
61111228,MYS-W09,4.13076,0.10181
61111254,MYS-W04,0.14934,0.00181
61111620,HBL-W15,2.1032,0.09211
61111927,MNG-W03,0.86809,0.00129
61112282,MNG-W07,5.32885,2.14962
61112477,MNG-W12,0.0,0.0
61112480,TMK-W09,6.97069,0.55804
61112638,HBL-W01,0.0,0.0
61113104,TMK-W02,0.0,0.0
61113309,MYS-W10,0.0,0.0
61113344,MNG-W05,1.64119,0.02525
61113419,TMK-W04,0.0,0.0
61113509,HBL-W09,4.60591,2.38106
61113582,BGM-W07,0.0,0.0
61113619,SMG-W11,1.67749,0.76857
61113918,BLR-W33,0.0,0.0
61113941,SMG-W03,2.22753,0.56764
61114038,HBL-W09,0.0,0.0
61114228,MNG-W01,0.0,0.0
61114476,TMK-W06,1.66876,0.16214
61114486,BLR-W20,0.0,0.0
61114506,MYS-W11,2.38726,0.07412
61114603,SMG-W02,0.0,0.0
61114676,HBL-W03,1.09034,0.0477
61114776,SMG-W09,0.0,0.0
61114849,MNG-W03,2.42995,0.05782
61114860,MNG-W01,2.1287,0.3306
61114995,MNG-W01,5.40472,0.40758
61115023,BLR-W25,0.31734,0.00214
61115040,MNG-W14,2.17145,0.08522
61115353,BLR-W09,0.6333,0.03068
61115428,HBL-W11,1.51706,0.15356
61115554,BLR-W05,4.17778,0.36768
61115582,BGM-W14,2.22135,0.64083
61115858,BLR-W32,0.0,0.0
61115883,BLR-W17,1.98075,0.05729
61116135,MYS-W05,1.89578,0.04074
61116412,HBL-W05,0.0,0.0
61117004,BLR-W23,5.33072,1.31385
61117022,MYS-W05,0.57053,0.1404
61117029,BGM-W04,0.0,0.0
61117048,MYS-W18,0.0,0.0
61117866,BGM-W14,0.03439,0.04462
61117975,TMK-W04,0.0,0.0
61118020,SMG-W09,1.32462,0.07373
61118087,MYS-W07,0.0,0.0
61118117,BLR-W16,0.48853,0.69524
61118213,MNG-W01,0.8632,0.0503
61118459,MYS-W12,1.6463,0.02311
61118578,SMG-W06,0.0,0.0
61119001,BLR-W11,0.0,0.0
61119144,BGM-W06,0.53482,0.04263
61119151,MYS-W12,0.62135,0.02429
61119600,MNG-W07,0.0,0.0
61119637,MNG-W01,2.33651,0.07185
61119838,TMK-W06,4.09802,0.11363
61120260,TMK-W02,0.73085,0.5588
61120291,TMK-W12,0.0,0.0
61120321,MNG-W01,0.0,0.0
61120422,MNG-W04,0.13786,0.01263
61120425,BLR-W25,0.0,0.0
61120498,HBL-W12,0.0,0.0
61120530,BLR-W24,0.0,0.0
61120659,HBL-W09,2.58666,0.39149
61120778,BLR-W26,0.0,0.0
61120882,TMK-W10,0.0,0.0
61120908,BLR-W23,0.0,0.0
61120991,BLR-W02,0.0,0.0
61121050,MYS-W16,0.0,0.0
61121296,MNG-W01,1.35769,0.05513
61121660,MYS-W17,0.59584,0.00579
61121682,MNG-W08,1.96871,2.9105
61122305,SMG-W03,0.0,0.0
61122409,BLR-W01,0.0,0.0
61122528,MNG-W06,0.0,0.0
61122849,TMK-W02,3.24966,0.25789
61123061,BLR-W21,1.22901,0.01214
61123399,BLR-W06,3.93365,0.06414
61123420,MNG-W07,4.31111,0.74332
61123501,MNG-W01,3.42422,0.04085
61123580,MNG-W01,2.17116,1.30331
61123598,BGM-W01,2.95868,0.04957
61123749,SMG-W11,0.0,0.0
61123839,BLR-W01,4.1643,1.70427
61124364,BLR-W24,3.11121,0.03378
61124470,SMG-W09,2.54648,1.58988
61124606,MNG-W12,0.0,0.0
61124744,HBL-W12,1.74027,0.40067
61124874,MYS-W03,1.83209,0.16531
61124910,HBL-W09,3.53648,0.88781
61125400,BGM-W11,0.0,0.0
61126065,BLR-W35,0.0,0.0
61126066,MNG-W06,2.06908,0.05887
61126596,BGM-W07,0.0,0.0
61126599,MNG-W05,0.0,0.0
61126608,BGM-W14,0.0,0.0
61126697,HBL-W09,0.0,0.0
61126751,MNG-W05,0.0,0.0
61126789,MYS-W12,0.0,0.0
61126956,MNG-W03,1.36039,0.00277
61126963,BGM-W14,0.0,0.0
61127306,SMG-W08,4.06337,2.07411
61127358,MNG-W14,0.0,0.0
61127528,BLR-W24,0.0,0.0
61127646,SMG-W02,1.73689,0.15782
61127707,BGM-W12,0.98004,0.45959
61127772,MNG-W09,1.46781,0.21206
61127816,TMK-W08,0.0,0.0
61127843,TMK-W02,0.0,0.0
61127844,MYS-W10,1.19838,0.11602
61128053,MYS-W10,1.37149,0.07669
61128085,BLR-W20,0.0,0.0
61128357,BGM-W14,0.0,0.0
61128645,MNG-W03,1.92525,0.26329
61128784,SMG-W06,0.0,0.0
61128818,BLR-W22,0.83607,0.0514
61128948,MNG-W07,0.0,0.0
61129243,MNG-W14,0.78143,0.44605
61129827,BLR-W24,2.86441,0.15124
61129865,BLR-W04,0.0,0.0
61129974,MNG-W06,3.92279,0.05642
61129975,TMK-W10,0.43276,0.01769
61130238,MYS-W12,2.23573,0.19848
61130408,SMG-W03,2.07412,0.18435
61130561,BLR-W31,1.51641,0.21592
61130700,TMK-W08,0.64298,0.036
61130836,BLR-W26,2.54144,0.20076
61130879,TMK-W04,0.0,0.0
61130905,BLR-W02,3.29366,0.3744
61130945,BLR-W06,3.48078,0.17196
61131082,MNG-W01,6.51991,0.08348
61131258,MNG-W06,1.78458,0.13548
61131498,BLR-W32,0.0,0.0
61131727,HBL-W09,6.78891,0.23424
61131777,BLR-W04,2.83554,0.5546
61131929,BLR-W23,0.848,0.50796
61131988,BLR-W02,1.1859,0.07721
61132166,SMG-W05,0.48938,0.03947
61132185,BLR-W26,1.10039,0.15122
61132226,SMG-W05,0.0,0.0
61132292,HBL-W12,0.0,0.0
61132325,BLR-W40,2.19156,0.23572
61132525,MYS-W10,0.0,0.0
61132865,BGM-W01,5.97321,0.06779
61132915,MNG-W08,0.0,0.0
61133097,HBL-W12,0.0,0.0
61133293,MNG-W04,1.37006,0.16659
61133524,MNG-W02,0.0,0.0
61133773,HBL-W03,1.32171,0.16373
61133804,MYS-W12,1.9323,0.17495
61134038,MYS-W06,0.0,0.0
61134041,MNG-W07,2.46502,4.4809
61134208,MNG-W01,1.72011,0.33108
61134225,TMK-W02,0.60425,0.01907
61134351,BGM-W01,0.8867,0.02855
61134567,BGM-W07,0.87956,0.03582
61134688,HBL-W09,2.25681,0.52474
61134752,MNG-W01,0.31012,0.01805
61134853,MYS-W12,1.91753,0.06819
61135295,MNG-W16,5.14279,0.10376
61135717,HBL-W08,2.81286,0.07673
61135874,MNG-W03,0.0,0.0
61136133,MNG-W12,2.53721,0.0266
61136195,BLR-W04,0.63959,0.0531
61136211,MYS-W04,0.6729,0.00484
61136390,HBL-W09,6.42615,1.20157
61136759,SMG-W09,0.0,0.0
61136765,MNG-W03,0.46739,0.00717
61137005,MNG-W02,1.79712,0.31247
61137049,MNG-W05,1.7462,0.50302
61137078,SMG-W09,7.82056,2.70543
61137247,BLR-W20,1.28052,0.01972
61137326,MYS-W18,1.23712,0.08865
61137546,BLR-W40,2.22628,0.47728
61137627,TMK-W02,1.49812,1.13039
61137694,MNG-W03,0.0,0.0
61137802,BLR-W39,1.82839,0.09256
61137944,MNG-W01,0.0,0.0
61138122,BGM-W03,1.05508,0.01382
61138207,BLR-W20,0.0,0.0
61138304,BLR-W39,1.42509,0.05755
61138326,MNG-W06,0.0,0.0
61138558,BGM-W15,0.0,0.0
61138744,BLR-W37,0.2947,0.00096
61138906,MNG-W07,0.0,0.0
61138991,MNG-W01,0.85816,0.01945
61139162,MNG-W09,4.33261,10.12228
61139280,MNG-W01,3.32326,0.12659
61139295,SMG-W12,2.15244,0.10616
61139337,MYS-W18,0.26077,0.00674
61139402,BLR-W10,0.0,0.0
61139466,BLR-W25,0.0,0.0
61139541,BLR-W15,0.0,0.0
61139726,MNG-W14,3.14833,0.17497
61139736,BLR-W21,0.68887,0.01895
61139862,SMG-W04,0.12205,0.00307
61139887,SMG-W05,1.37397,0.06236
61139890,SMG-W08,0.0,0.0
61139962,MNG-W03,1.65438,0.11017
61139978,HBL-W11,0.94316,0.04342
61140056,HBL-W08,0.0,0.0
61140468,MNG-W12,0.0,0.0
61140746,BGM-W09,1.12443,0.02256
61140908,MYS-W18,0.0,0.0
61140936,MYS-W02,5.5707,0.36043
61140994,MNG-W09,0.0,0.0
61141216,BGM-W12,0.0,0.0
61141284,HBL-W11,0.0,0.0
61141359,SMG-W09,0.0,0.0
61141433,MNG-W02,0.0,0.0
61141493,HBL-W09,2.60587,0.44695
61142200,SMG-W05,0.49368,0.01383
61142228,BLR-W16,1.93934,0.18096
61142321,BGM-W04,3.16862,0.62592
61142399,BLR-W34,0.15233,0.00341
61142619,SMG-W09,1.91918,0.05115
61142631,TMK-W04,0.0,0.0
61142715,MNG-W03,1.53074,0.08347
61143040,BLR-W21,1.04991,0.06043
61143066,BLR-W20,1.81202,0.01631
61143136,TMK-W04,0.0,0.0
61143167,SMG-W10,0.0,0.0
61143500,MYS-W04,0.0,0.0
61143568,BLR-W13,0.0,0.0
61143637,TMK-W04,3.06328,0.07659
61143673,BLR-W23,2.70426,0.22541
61143872,SMG-W11,0.0,0.0
61144023,MNG-W01,0.0,0.0
61144077,MNG-W12,5.55276,0.11866
61144682,BGM-W12,3.27501,4.06351
61144905,TMK-W04,3.92907,0.71901
61144921,BLR-W11,0.0,0.0
61145006,MNG-W07,3.7218,0.50735
61145013,BLR-W08,0.0,0.0
61145165,HBL-W09,2.62283,0.24036
61145178,BLR-W29,0.54257,0.10267
61145443,TMK-W08,0.0,0.0
61145609,HBL-W09,0.0,0.0
61145955,BLR-W07,0.8416,0.09086
61145973,HBL-W09,0.0,0.0
61146803,BLR-W25,0.0,0.0
61146996,MNG-W01,0.23058,0.01271
61147134,BGM-W03,1.39691,0.04709
61147445,MNG-W12,0.0,0.0
61147734,HBL-W03,0.97225,0.26776
61148316,BLR-W07,0.36097,0.03236
61148572,HBL-W04,3.75915,0.07312
61148905,MNG-W07,2.12371,0.4485
61148923,BGM-W10,0.0,0.0
61148978,HBL-W03,0.61412,0.00652
61149060,BLR-W28,2.16544,0.08231
61149250,BGM-W15,2.94905,0.03869
61149320,SMG-W05,0.0,0.0
61149335,BLR-W04,0.0,0.0
61149374,MNG-W09,0.38386,0.20394
61149442,SMG-W08,0.0,0.0
61149526,MNG-W07,1.85555,0.12546
61149551,SMG-W01,0.54055,0.01916
61149801,MNG-W09,0.74935,0.01219
61149875,BGM-W06,1.3958,0.08109
61149922,MNG-W01,0.0,0.0
61150184,SMG-W08,0.0,0.0
61150572,MNG-W02,1.47015,1.06336
61150622,BLR-W25,0.93812,0.0258
61151184,BLR-W02,0.0,0.0
61151238,MNG-W12,2.16121,0.14758
61151574,MYS-W07,0.0,0.0
61151779,BLR-W12,1.65526,0.03371
61151851,TMK-W03,5.78551,3.85976
61151887,BLR-W36,0.0,0.0
61152104,MNG-W09,14.93041,0.03819
61152386,MNG-W07,3.75089,2.23293
61152409,MNG-W04,4.28681,0.64682
61152435,BLR-W34,0.18477,0.00151
61152860,MYS-W13,0.34433,0.0059
61152993,BLR-W21,0.0,0.0
61153003,MNG-W01,0.93954,0.01494
61153006,MNG-W09,0.0,0.0
61153021,SMG-W06,1.03185,0.48681
61153054,MYS-W13,0.0,0.0
61153061,SMG-W05,4.759,1.60724
61153581,HBL-W15,3.01796,0.60057
61153704,MYS-W04,1.69609,0.06905
61154110,BGM-W01,0.0,0.0
61154348,MYS-W17,0.0,0.0
61154352,MYS-W17,0.90711,0.00964
61154530,MYS-W02,1.40667,1.44349
61154625,MNG-W14,0.0,0.0
61154730,BLR-W39,1.95377,0.123
61154739,HBL-W11,0.0,0.0
61154772,MYS-W16,1.85411,0.20831
61154878,MNG-W07,1.52339,0.43621
61154912,MNG-W16,3.02426,0.52855
61155127,MNG-W07,4.64595,2.34384
61155150,BLR-W22,0.0,0.0
61155335,MNG-W12,6.79648,0.14113
61155336,BGM-W14,0.88195,1.95401
61155380,HBL-W09,7.87725,15.01488
61155433,BLR-W22,0.96708,0.02922
61155447,BLR-W33,2.17016,0.07401
61155460,MNG-W02,0.0,0.0
61155530,BGM-W14,1.19438,1.87765
61155943,TMK-W12,4.67148,1.20325
61156455,SMG-W08,0.40896,0.02772
61156694,MYS-W16,2.69366,0.03373
61156707,MNG-W08,0.98661,0.36487
61156778,SMG-W12,0.0,0.0
61156876,MNG-W14,2.12789,0.29148
61157037,MNG-W12,0.0,0.0
61157070,HBL-W09,0.0,0.0
61157107,BLR-W38,2.12456,0.03538
61157157,BLR-W37,1.04895,0.21347
61157257,MNG-W01,4.42705,0.68765
61157262,MNG-W05,0.7968,0.13513
61157265,MYS-W03,0.0,0.0
61157501,MNG-W07,4.41814,0.72703
61157558,BLR-W02,0.0,0.0
61157705,MYS-W14,0.0,0.0
61157858,BGM-W03,4.79855,0.01359
61157888,MNG-W13,0.0,0.0
61157979,MNG-W13,0.26097,0.05326
61158115,MNG-W14,1.03033,0.23236
61158398,TMK-W08,1.45358,0.10402
61158429,MNG-W13,1.22608,0.0106
61158764,BGM-W10,3.73345,0.04565
61158830,HBL-W12,1.05049,0.132
61159183,MYS-W01,0.70168,0.02072
61159221,MNG-W03,0.61812,0.02949
61159458,BLR-W21,0.56219,0.02384
61159655,MNG-W07,0.0,0.0
61159756,MYS-W10,0.0,0.0
61159793,HBL-W14,0.0,0.0
61159806,TMK-W04,1.98284,0.22186
61159899,SMG-W02,0.9532,0.09741
61160440,HBL-W03,1.0607,0.25631
61160570,BLR-W12,1.56478,0.11184
61161318,BLR-W07,2.61951,0.06663
61161590,HBL-W11,0.0,0.0
61161818,MNG-W14,10.41294,1.16808
61161856,BGM-W14,0.0,0.0
61162138,HBL-W11,0.0,0.0
61162193,MYS-W11,0.0,0.0
61162280,BGM-W08,1.12007,0.01649
61162688,MYS-W16,4.06558,0.13091
61162773,HBL-W12,0.94304,0.36476
61162795,BLR-W09,0.0,0.0
61163044,BGM-W08,0.0,0.0
61163185,BLR-W25,1.7108,0.04848
61163402,MNG-W03,0.45451,0.00729
61163526,MYS-W17,0.22905,0.00911
61163607,BLR-W06,0.0,0.0
61163628,TMK-W10,0.0,0.0
61163672,MNG-W14,0.0,0.0
61163819,BLR-W12,1.38956,0.31959
61163989,MNG-W01,0.0,0.0
61164078,BLR-W17,0.7993,0.01667
61164459,MYS-W01,0.0,0.0
61164486,TMK-W04,3.03338,0.13677
61164636,BGM-W02,0.87143,0.0634
61164774,MNG-W14,5.09448,1.16373
61164893,SMG-W05,0.0,0.0
61165160,MNG-W02,1.04442,0.20602
61165406,BGM-W07,0.16683,0.00087
61165432,MYS-W05,1.49144,0.21864
61165496,SMG-W06,0.0,0.0
61166118,MNG-W03,0.48591,0.04731
61166393,SMG-W05,0.0,0.0
61166482,SMG-W03,3.68992,0.13322
61167209,MNG-W01,0.0,0.0
61167255,BGM-W14,0.0,0.0
61167426,BGM-W14,0.0,0.0
61167482,SMG-W03,1.45996,0.05131
61167498,HBL-W12,2.29497,0.21704
61167502,MNG-W07,0.0,0.0
61167527,TMK-W04,0.67395,0.00516
61167818,BLR-W35,5.2067,0.08352
61167940,MNG-W09,0.0,0.0
61168061,TMK-W02,0.0,0.0
61168518,BLR-W34,1.62409,0.07937
61168541,SMG-W08,0.0,0.0
61168735,TMK-W04,1.02137,0.02287
61169019,HBL-W11,1.29435,0.04379
61169032,MNG-W09,1.58093,0.08968
61169147,MNG-W01,6.33608,0.03324
61169177,BLR-W37,0.0,0.0
61169258,SMG-W11,2.12673,0.78669
61169259,BGM-W14,0.78752,0.35274
61169289,BLR-W23,3.16076,0.64329
61169317,TMK-W04,4.22982,0.12533
61169617,MYS-W03,1.52497,0.10892
61169768,MNG-W01,0.0,0.0
61169889,MYS-W02,7.06487,0.40019
61170147,MNG-W03,0.91828,0.15711
61170178,HBL-W08,3.38921,0.04508
61170422,TMK-W04,0.1509,0.00198
61170636,MNG-W01,2.04967,0.1167
61170645,BLR-W24,0.69132,0.06311
61170653,BLR-W33,0.0,0.0
61170673,MNG-W09,0.0,0.0
61170686,BLR-W40,2.60142,0.43823
61170838,BLR-W21,2.88621,0.14734
61171041,HBL-W04,0.0,0.0
61171335,BLR-W12,0.0,0.0
61171576,MNG-W09,2.51861,0.02353
61171753,BGM-W06,0.23722,0.05197
61172492,MNG-W03,3.12957,0.00858
61172621,SMG-W02,1.51076,0.03136
61172722,MNG-W09,0.0,0.0
61172822,MNG-W12,1.0063,0.01636
61172929,BLR-W08,0.0,0.0
61173198,SMG-W03,1.20554,1.01177
61173221,SMG-W03,0.0,0.0
61173556,BGM-W01,0.81195,0.00454
61173617,SMG-W12,2.36146,0.06483
61173643,SMG-W03,1.03688,0.09654
61173687,SMG-W08,3.62282,0.11551
61173695,BLR-W19,0.92934,0.00415
61173789,HBL-W12,2.24266,0.35782
61173855,BLR-W21,0.8781,0.03137
61173912,MYS-W05,2.52795,1.63817
61174174,BLR-W33,2.07714,0.58884
61174234,HBL-W09,0.0,0.0
61174258,BLR-W38,0.37852,0.03483
61174474,BGM-W01,0.0,0.0
61174502,SMG-W03,0.64076,0.08232
61174584,MNG-W01,5.58569,0.14629
61174769,HBL-W12,0.0,0.0
61174905,BGM-W14,2.15765,0.15238
61174965,TMK-W04,5.21262,0.32603
61175097,BLR-W20,0.0,0.0
61175249,MNG-W07,0.58051,0.07488
61175736,TMK-W04,2.78457,0.19894
61175894,BLR-W13,1.60163,0.09797
61175975,BLR-W27,0.0,0.0
61176070,SMG-W02,2.88005,0.70313
61176078,HBL-W12,0.0,0.0
61176126,BGM-W12,5.26849,0.33912
61176225,BLR-W34,0.0,0.0
61176264,TMK-W05,2.50155,0.32716
61176672,BLR-W06,2.97257,0.17371
61176709,BLR-W37,1.6678,0.02192
61176896,BLR-W21,1.05627,0.32542
61176951,MNG-W09,0.0,0.0
61177057,MNG-W01,0.0,0.0
61177487,HBL-W11,0.0,0.0
61177593,MNG-W02,0.0,0.0
61177620,BGM-W10,3.62632,0.33899
61177784,MNG-W06,2.59677,0.04498
61177984,BGM-W10,0.26123,0.0327
61178029,BGM-W14,5.60265,7.32625
61178215,HBL-W11,0.72349,0.07409
61178832,HBL-W12,0.56735,0.01861
61179700,BGM-W14,4.97031,0.26608
61179775,BGM-W10,0.0,0.0
61179913,SMG-W04,0.67645,0.03038
61179964,BGM-W02,3.59786,0.20448
61180086,HBL-W15,6.7063,0.16868
61180262,BLR-W20,3.12092,0.29142
61180426,SMG-W01,1.21823,1.24775
61180729,SMG-W05,2.87076,0.47571
61180996,SMG-W07,3.03077,1.15213
61181148,MNG-W01,0.0,0.0
61181385,MNG-W01,8.69434,20.27252
61181527,MNG-W07,1.07749,0.01868
61181568,SMG-W02,2.33151,0.13933
61181585,MNG-W12,0.0,0.0
61181644,HBL-W09,10.36792,5.65321
61181660,BGM-W14,0.0,0.0
61181701,SMG-W03,2.6695,0.55603
61181763,BLR-W39,0.0,0.0
61182219,MNG-W04,2.30125,0.00216
61182497,HBL-W09,0.0,0.0
61182658,BLR-W23,0.0,0.0
61182745,BLR-W18,7.5942,0.16449
61183035,SMG-W07,0.0,0.0
61183200,MYS-W18,2.10785,0.25873
61183225,HBL-W01,3.30245,1.1349
61183354,MNG-W12,1.89115,0.05737
61183388,BGM-W14,0.0,0.0
61183468,MYS-W07,1.80625,0.1725
61183592,SMG-W08,7.4625,0.05527
61183647,MNG-W01,2.89317,0.19623
61183714,SMG-W03,4.6733,0.25573
61183951,SMG-W11,1.25169,0.09689
61184213,TMK-W04,1.10353,0.09963
61184548,MYS-W13,0.0,0.0
61184758,BLR-W23,2.88029,0.42968
61185232,MYS-W07,0.0,0.0
61185282,MNG-W14,0.0,0.0
61185431,BLR-W25,2.08345,0.06467
61185475,SMG-W09,3.04448,2.04956
61185719,TMK-W03,0.79288,0.02282
61185746,HBL-W03,1.53991,0.51987
61185836,MYS-W10,2.30719,0.04767
61185862,MYS-W09,3.61144,0.04798
61186127,BLR-W12,1.08729,0.11134
61186248,BLR-W26,0.0,0.0
61186325,TMK-W04,0.0,0.0
61186390,HBL-W09,8.52677,2.11675
61186825,MYS-W13,2.50176,0.10145
61186953,BLR-W13,4.57331,0.25565
61187013,BLR-W26,0.57093,0.00399
61187140,BLR-W29,0.0,0.0
61187229,MNG-W14,0.0,0.0
61187879,SMG-W05,1.45817,1.25703
61187928,MNG-W01,5.11313,0.8024
61188101,BGM-W14,2.85046,1.49985
61188137,MNG-W01,1.9888,0.09565
61188195,BGM-W07,0.0,0.0
61188212,MNG-W08,0.96177,0.15066
61188218,MYS-W18,1.15559,0.02558
61188279,BLR-W11,2.88104,0.08954
61188352,TMK-W04,0.58941,0.0861
61188506,SMG-W08,2.69722,0.993
61188564,HBL-W12,0.24029,0.04656
61188747,SMG-W02,1.46129,0.09457
61188765,BGM-W14,0.0,0.0
61188800,SMG-W06,1.08615,5.07237
61188923,MNG-W01,1.19487,0.04287
61188950,BLR-W39,0.0,0.0
61188984,MNG-W02,2.12134,0.39549
61189129,MYS-W05,0.0,0.0
61189648,BLR-W35,3.40857,0.50675
61190219,BLR-W02,0.0,0.0
61190310,MYS-W02,0.0,0.0
61190592,MYS-W10,2.3715,0.162
61190606,SMG-W09,3.29137,0.79241
61190780,BLR-W22,1.27893,0.09369
61191466,HBL-W09,0.93337,0.01737
61191543,MNG-W16,0.0,0.0
61191655,MNG-W14,0.0,0.0
61191719,MYS-W03,0.0,0.0
61191837,SMG-W05,4.06221,0.47036
61192091,BLR-W32,0.0,0.0
61192165,BLR-W24,5.29572,0.20005
61192360,SMG-W03,1.55546,0.03488
61192427,HBL-W15,1.28222,0.04418
61192460,BGM-W03,2.97681,0.10407
61192887,SMG-W08,0.0,0.0
61192916,MNG-W07,0.0,0.0
61193019,BLR-W25,0.76031,0.01377
61193064,MNG-W01,0.0,0.0
61193270,BLR-W30,0.51683,0.00164
61193698,BGM-W14,0.0,0.0
61193758,BLR-W02,4.59678,0.20836
61193914,MNG-W05,0.90477,0.07408
61193992,TMK-W06,0.83637,0.20302
61194141,SMG-W05,3.00445,0.31623
61194174,MNG-W01,0.7711,0.30771
61194369,BLR-W11,0.0,0.0
61194403,HBL-W09,2.16941,0.1217
61194563,TMK-W04,0.7988,0.01038
61194569,MNG-W10,0.0,0.0
61194614,MNG-W12,0.64359,0.00412
61194653,MNG-W07,5.67229,0.53761
61194793,TMK-W04,1.35919,0.23149
61194972,BLR-W12,0.79302,0.014
61195036,SMG-W02,4.35837,0.09972
61195161,SMG-W03,0.0,0.0
61195244,SMG-W05,0.0,0.0
61195254,HBL-W09,4.55894,0.87329
61195298,BLR-W13,5.42098,0.29412
61195324,BLR-W28,0.0,0.0
61195364,HBL-W12,1.11432,0.02467
61195590,TMK-W06,2.57665,0.04912
61195654,HBL-W12,3.14797,0.68958
61195678,MYS-W12,0.0,0.0
61195775,TMK-W03,1.96229,0.02884
61195949,BGM-W08,0.51945,0.13843
61195988,BGM-W14,2.749,0.36829
61196020,MNG-W16,0.0,0.0
61196143,HBL-W15,0.0,0.0
61196276,MYS-W18,1.085,0.08007
61196364,HBL-W09,4.70996,15.94876
61196942,HBL-W09,0.0,0.0
61197112,MNG-W01,4.3722,0.0424
61197118,SMG-W03,8.31643,2.2314
61197431,MYS-W18,2.89372,0.58841
61197609,BLR-W18,1.04721,0.03069
61197620,MNG-W01,4.4085,0.15319
61197674,MYS-W10,1.29667,0.08345
61197681,BGM-W12,0.0,0.0
61197856,MNG-W09,4.49091,0.15007
61198257,HBL-W04,1.94751,0.19653
61198520,BGM-W05,0.0,0.0
61198560,BLR-W12,0.99167,0.13973
61198568,SMG-W02,0.0,0.0
61198647,SMG-W03,0.0,0.0
61198963,HBL-W11,1.65314,0.24931
61198967,MYS-W12,2.90546,0.05704
61199210,BLR-W03,0.0,0.0
61199426,SMG-W12,0.48116,0.02531
61199478,MYS-W09,0.0,0.0
61199665,MNG-W07,1.03298,0.17432
61199735,BLR-W21,0.76007,0.00883
61199748,MNG-W12,0.0,0.0
61199828,HBL-W06,1.39346,0.75861
61199965,SMG-W02,0.93511,0.03855
61199990,HBL-W12,0.0,0.0
61200102,TMK-W09,0.0,0.0
61200110,BGM-W12,4.65765,0.10009
61200180,MNG-W01,0.0,0.0
61200631,TMK-W05,0.0,0.0
61200684,MYS-W10,0.0,0.0
61201288,MYS-W10,1.41185,0.21178
61201321,BGM-W10,1.96355,0.13301
61201477,TMK-W03,0.35275,0.05647
61201482,TMK-W03,0.0,0.0
61201560,BLR-W02,0.0,0.0
61201589,BGM-W10,2.94902,0.11373
61201734,MYS-W16,3.6538,0.22185
61202022,BLR-W04,0.0,0.0
61202549,BGM-W09,1.1575,0.1688
61202580,MNG-W16,3.9503,0.12675
61202821,MNG-W14,5.18253,0.2189
61203053,MNG-W01,5.43987,0.03864
61203820,TMK-W04,3.00307,0.20269
61204299,MYS-W04,1.27524,0.0901
61204313,BLR-W35,1.8058,0.02345
61204808,BLR-W20,1.18548,0.03961
61204937,TMK-W02,0.0,0.0
61204993,MYS-W12,2.45248,0.11795
61205052,MYS-W07,0.0,0.0
61205272,BGM-W15,1.01953,0.00906
61205525,BGM-W01,2.97235,0.06507
61205657,MNG-W01,0.0,0.0
61205660,BGM-W14,0.0,0.0
61205723,BLR-W28,0.43108,0.00308
61205810,TMK-W04,0.0,0.0
61205906,BLR-W37,0.0,0.0
61205926,MNG-W12,0.0,0.0
61206219,SMG-W06,1.4961,4.63235
61206374,BGM-W08,1.65668,0.18447
61206537,MYS-W11,0.83532,0.0923
61206552,SMG-W11,1.95015,0.0456
61207386,MNG-W12,0.0,0.0
61207699,HBL-W15,0.0,0.0
61207795,BLR-W20,0.0,0.0
61207863,BLR-W37,0.0,0.0
61208043,MNG-W07,0.64158,0.02119
61208346,MNG-W03,0.32796,0.0819
61208543,SMG-W02,4.15556,0.54508
61208730,MYS-W03,2.11344,0.34004
61208855,HBL-W12,0.0,0.0
61208965,BLR-W31,0.0,0.0
61209039,MNG-W09,0.0,0.0
61209157,BLR-W23,0.0,0.0
61209583,MNG-W03,2.01633,0.08737
61209836,MNG-W01,0.0,0.0
61210082,BLR-W39,2.54015,0.25713
61210093,MYS-W09,1.98345,0.09254
61210377,MNG-W07,2.34601,0.16411
61210440,SMG-W12,0.67056,0.02349
61210564,MNG-W16,0.0,0.0
61210677,HBL-W12,1.25187,0.06597
61210803,MNG-W06,0.62692,0.05467
61211212,BGM-W07,0.0,0.0
61211501,HBL-W09,1.59163,0.3401
61211680,MYS-W02,0.0,0.0
61211805,HBL-W09,2.18166,1.78183
61211848,HBL-W09,0.0,0.0
61211991,BGM-W05,2.32796,0.30107
61212077,SMG-W02,0.0,0.0
61212241,BLR-W13,2.40566,0.89573
61212940,MNG-W01,3.21835,0.69711
61212999,HBL-W01,5.92005,0.67103
61213182,MYS-W02,2.92496,0.07732
61213299,MNG-W10,0.0,0.0
61213323,HBL-W15,1.50885,0.19667
61213349,BGM-W10,2.18507,0.8236
61213411,TMK-W04,1.24825,0.10652
61213539,HBL-W12,5.27237,0.6524
61214081,MNG-W16,0.0,0.0
61214175,MNG-W07,2.16569,0.85692
61214301,BGM-W14,1.69497,4.55521
61214723,MNG-W01,2.57715,0.05683
61214932,MYS-W05,1.0819,0.66984
61214977,MYS-W02,0.0,0.0
61214990,BGM-W01,0.0,0.0
61214995,SMG-W02,1.65712,0.17772
61215027,MNG-W01,3.27176,0.26137
61215076,MNG-W02,2.64684,0.45627
61215745,HBL-W11,1.57181,0.05152
61215771,MNG-W09,2.94465,0.74923
61215787,BLR-W29,1.36667,0.06079
61215885,BLR-W22,0.0,0.0
61215907,MYS-W02,3.73847,0.10863
61216027,HBL-W04,4.70368,0.95331
61216267,MNG-W05,0.0,0.0
61216311,SMG-W12,1.12426,0.0538
61216365,TMK-W04,0.0,0.0
61216386,SMG-W02,0.0,0.0
61216423,MYS-W16,0.0,0.0
61216431,SMG-W03,1.5786,0.12683
61216584,BLR-W08,1.7521,0.3069
61216847,MYS-W18,3.20942,0.03461
61216967,BGM-W14,1.69208,0.34671
61217064,TMK-W04,0.81392,0.11568
61217405,BLR-W36,1.4915,0.19921
61217466,MNG-W01,0.0,0.0
61217503,TMK-W04,0.53274,0.44456
61217700,TMK-W04,0.0,0.0
61217870,SMG-W02,2.71421,0.26631
61218172,MNG-W09,5.65503,0.60564
61218353,BLR-W27,1.06447,0.00539
61218474,BLR-W21,0.47426,0.00152
61218483,BLR-W01,1.91744,0.21526
61218508,BGM-W10,4.65437,1.23027
61218673,BGM-W09,0.0,0.0
61218726,SMG-W12,0.0,0.0
61218728,MNG-W14,1.10724,0.25443
61219213,TMK-W08,0.56789,0.02985
61219291,HBL-W03,0.0,0.0
61219375,TMK-W04,0.94103,0.07622
61219645,MNG-W07,2.88721,1.48392
61219764,SMG-W05,2.31267,0.46295
61219774,MNG-W12,0.0,0.0
61219806,BLR-W21,0.0,0.0
61219902,MNG-W01,1.08271,0.01697
61219980,SMG-W09,1.14676,0.0826
61220404,BLR-W18,0.51316,0.0017
61220572,MNG-W07,5.45951,1.99289
61220687,BLR-W27,2.2412,0.11587
61220715,HBL-W05,0.26298,0.00369
61220787,SMG-W08,0.0,0.0
61220789,SMG-W09,1.20793,0.08168
61221407,TMK-W04,1.62766,0.02635
61221588,TMK-W06,3.99851,0.13994
61221679,MNG-W03,0.0,0.0
61221749,HBL-W11,0.6091,0.00308
61221809,SMG-W03,0.0,0.0
61222027,BGM-W07,2.47123,0.08492
61222116,MNG-W08,1.16224,0.1467
61222623,MNG-W01,4.87784,0.35038
61222837,BLR-W31,0.0,0.0
61222960,SMG-W08,2.41976,0.03569
61223034,SMG-W02,0.75895,0.1612
61223171,BLR-W33,0.0,0.0
61223382,BLR-W06,1.45977,0.04532
61223398,BLR-W08,0.59744,0.03775
61223444,MYS-W02,8.82691,1.25244
61223504,MYS-W09,1.17772,0.72576
61223723,MNG-W07,1.43517,0.13219
61223754,BGM-W07,1.70679,0.08939
61224021,BLR-W35,5.77569,3.71057
61224246,MNG-W07,2.49631,0.3687
61224483,BGM-W01,0.0,0.0
61224939,MNG-W14,5.15617,0.10562
61225113,MNG-W07,1.15965,0.16637
61225468,HBL-W15,0.0,0.0
61225575,SMG-W03,0.0,0.0
61225661,BLR-W13,2.97884,0.78153
61225852,BLR-W13,0.0,0.0
61226036,MNG-W09,2.17201,0.05557
61226280,BLR-W12,0.0,0.0
61226401,MNG-W14,0.0,0.0
61226451,MNG-W16,0.0,0.0
61226493,BLR-W37,0.0,0.0
61226651,BLR-W12,2.69127,0.02685
61226855,TMK-W12,0.98905,0.1707
61226979,BLR-W33,1.69307,0.15747
61227151,BGM-W14,0.0,0.0
61227346,BLR-W07,1.13163,0.07896
61227512,HBL-W12,0.0,0.0
61227586,BGM-W15,0.0,0.0
61227644,HBL-W12,1.51499,0.38501
61228027,MNG-W01,3.76229,0.23936
61228214,SMG-W02,0.15585,0.06451
61228217,MNG-W02,0.0,0.0
61228529,BLR-W32,1.41875,0.04071
61228560,MNG-W01,0.82922,0.03385
61228588,BLR-W26,0.27762,0.01174
61228618,HBL-W15,1.14103,0.05313
61228629,BLR-W23,0.09342,0.08496
61228648,HBL-W05,0.39636,0.01449
61228706,MYS-W05,1.66404,0.01385
61228714,BLR-W33,0.0,0.0
61228731,MYS-W02,1.16115,0.18615
61228823,HBL-W05,0.5244,0.02855
61228908,HBL-W09,0.0,0.0
61229173,MYS-W18,0.3079,0.03129
61229395,MYS-W04,1.49089,0.01399
61229478,BLR-W18,4.47397,0.10297
61229650,HBL-W09,0.0,0.0
61229746,MNG-W02,0.48792,0.0222
61229767,MNG-W09,1.46235,2.55
61230069,BLR-W21,2.01909,0.11207
61230126,MNG-W01,0.0,0.0
61230221,BLR-W22,1.75475,0.05665
61230403,BGM-W10,0.0,0.0
61230560,BLR-W02,3.29812,0.28267
61230826,MNG-W01,0.7026,0.04561
61230852,MNG-W06,0.0,0.0
61230968,MNG-W12,0.0,0.0
61230993,HBL-W12,0.0,0.0
61231068,MYS-W01,0.0,0.0
61231187,HBL-W11,0.0,0.0
61231655,MNG-W08,2.23794,0.0484
61231798,MYS-W16,3.51153,0.03714
61231827,HBL-W11,0.0,0.0
61232307,TMK-W12,1.95154,0.79278
61232504,BGM-W10,0.84878,0.58701
61233103,TMK-W04,0.70874,0.0804
61233138,BLR-W32,0.0,0.0
61233166,MNG-W14,0.0,0.0
61233257,BGM-W04,0.0,0.0
61233310,MNG-W06,4.14959,0.03776
61233750,MNG-W02,0.71914,0.16049
61233783,TMK-W12,6.40635,3.30955
61233920,SMG-W03,5.54212,1.55549
61233984,MNG-W08,0.94665,0.04376
61234032,MNG-W14,0.0,0.0
61234163,MNG-W12,1.78931,0.02056
61234499,MNG-W07,0.0,0.0
61234678,MNG-W02,2.03459,0.35053
61234725,SMG-W12,1.25321,0.00384
61234908,HBL-W11,3.03163,0.23637
61235176,MNG-W01,0.0,0.0
61235225,MYS-W18,5.17254,0.0513
61235234,BLR-W30,0.71706,0.03404
61235253,SMG-W12,0.0,0.0
61235345,SMG-W11,1.17122,3.62663
61235415,MYS-W19,2.90788,0.48206
61235763,BLR-W13,0.49719,0.0419
61235800,BLR-W04,0.0,0.0
61235935,MNG-W13,0.0,0.0
61236056,BLR-W22,0.55758,0.03529
61236093,MNG-W09,0.0,0.0
61236399,BLR-W34,0.0,0.0
61236622,MNG-W14,3.5107,1.32702
61236684,BGM-W14,6.04091,4.67695
61237005,BLR-W32,1.95416,0.13292
61237088,MNG-W16,0.73701,0.01305
61237482,MYS-W18,5.93311,0.12859
61237496,SMG-W03,0.71624,0.55777
61237672,MNG-W09,1.08869,0.47598
61237682,BGM-W14,2.27604,0.35583
61237739,HBL-W11,0.0,0.0
61237772,SMG-W08,0.0,0.0
61237888,MNG-W01,2.24749,0.09021
61238131,HBL-W09,3.00222,5.05668
61238674,HBL-W10,0.0,0.0
61238728,MNG-W14,2.93908,0.07101
61238781,BGM-W14,0.0,0.0
61238784,BGM-W15,2.82973,0.27198
61238849,BGM-W14,0.0,0.0
61239033,SMG-W06,2.77813,0.19253
61239036,MYS-W09,1.42334,0.09731
61239066,BLR-W39,0.0,0.0
61239166,MNG-W01,1.05289,0.20495
61239582,HBL-W12,4.36727,0.33797
61239695,HBL-W12,3.99958,0.28265
61239696,BLR-W11,2.09439,0.27796
61239763,MNG-W02,5.0599,0.20011
61239860,MYS-W06,1.34789,0.01582
61239890,SMG-W05,0.0,0.0
61239934,MNG-W14,3.63936,0.20847
61239954,SMG-W07,2.01934,0.11767
61240268,BLR-W24,4.43367,0.08662
61240324,BLR-W04,3.04329,0.0568
61240603,BLR-W39,0.0,0.0
61240623,BLR-W23,1.95167,0.02078
61240705,BGM-W14,0.0,0.0
61240863,MYS-W02,4.76343,0.64583
61241032,MNG-W04,0.0,0.0
61241060,BLR-W02,3.61507,0.50023
61241101,SMG-W06,0.0,0.0
61241117,BGM-W09,0.31037,0.02113
61241260,SMG-W09,0.0,0.0
61241570,MNG-W14,0.0,0.0
61242007,TMK-W12,5.66615,0.58088
61242084,MNG-W01,1.77165,0.05415
61242088,BLR-W08,1.81006,0.60506
61242243,BLR-W35,3.03414,0.17044
61242838,SMG-W05,1.30645,0.13673
61242912,HBL-W11,2.09453,0.07269
61243019,TMK-W04,1.84341,0.11578
61243120,TMK-W04,0.0,0.0
61243259,SMG-W05,3.44844,0.13918
61243260,BGM-W01,0.41703,0.01451
61243320,MYS-W18,0.0,0.0
61243354,BLR-W28,0.03387,0.0007
61243614,MNG-W07,0.0,0.0
61243733,BGM-W02,2.2902,0.00501
61243795,BLR-W23,10.01855,1.47771
61244094,BLR-W21,0.8837,0.07713
61244103,SMG-W02,2.47746,0.13249
61244108,MNG-W09,2.37179,0.19673
61244144,BGM-W07,0.0,0.0
61244254,BGM-W09,0.33926,0.24603
61244262,MNG-W01,3.65707,0.07201
61244830,MNG-W02,6.96112,0.85845
61245156,BLR-W21,1.12485,0.05639
61245184,MNG-W07,0.0,0.0
61245361,MNG-W06,1.16067,0.10119
61245487,HBL-W11,1.87918,0.01372
61245489,BGM-W11,0.0,0.0
61245933,TMK-W08,0.0,0.0
61246079,MNG-W02,4.62081,5.50227
61246171,BLR-W17,0.62097,0.00346
61246298,MNG-W03,3.99316,0.18551
61246402,BLR-W30,0.0,0.0
61246408,BLR-W23,1.37567,0.09599
61246521,MYS-W10,3.43192,0.37587
61246676,SMG-W02,1.10077,0.10073
61246680,TMK-W02,0.0,0.0
61246937,MNG-W09,1.89684,0.03741
61247124,TMK-W05,2.70879,0.08869
61247452,MYS-W18,0.81409,0.07859
61247479,MNG-W04,1.62807,0.04646
61247680,BLR-W20,1.12051,0.03181
61247725,BLR-W24,1.27732,0.18705
61247734,BGM-W04,0.0,0.0
61247880,MNG-W07,3.40756,0.16605
61247915,BLR-W30,6.17579,0.17323
61247961,BGM-W07,1.80623,0.02168
61248001,BGM-W14,1.14808,0.16579
61248207,TMK-W09,2.71734,0.23587
61248314,BLR-W23,0.0,0.0
61248550,SMG-W03,4.31358,0.69566
61248565,SMG-W10,0.0,0.0
61248740,BGM-W04,5.12476,0.46112
61248760,BGM-W14,0.88453,2.30344
61248945,HBL-W12,1.30186,0.39273
61249123,TMK-W08,0.0,0.0
61249176,BLR-W22,0.27651,0.04215
61249190,BLR-W04,0.0,0.0
61249346,MYS-W13,3.29719,0.19
61249388,TMK-W04,0.0,0.0
61249409,MNG-W03,0.0,0.0
61249487,MYS-W15,0.0,0.0
61249501,MNG-W13,0.0,0.0
61249902,MNG-W08,2.6172,1.64806
61249942,BLR-W23,4.23887,1.13901
61249992,HBL-W15,2.3699,0.05487
61250070,MNG-W14,5.9653,5.74229
61250240,MNG-W05,1.97047,0.13591
61250286,HBL-W12,0.0,0.0
61250714,MNG-W06,2.67922,0.21031
61250774,HBL-W15,0.0,0.0
61250778,MNG-W09,0.0,0.0
61250787,HBL-W09,0.0,0.0
61250827,MNG-W07,2.60893,0.15122
61250890,TMK-W02,0.0,0.0
61251293,HBL-W03,0.56499,0.00327
61251316,MYS-W15,4.25634,0.18957
61251326,HBL-W12,0.0,0.0
61251393,MNG-W14,0.32765,0.04037
61251431,HBL-W12,0.07739,0.0006
61251447,BGM-W02,0.0,0.0
61251666,BLR-W19,0.0,0.0
61251731,HBL-W12,2.90387,0.04285
61251849,BLR-W09,0.34324,0.01198
61251953,BGM-W13,0.17605,0.18586
61251975,HBL-W06,0.0,0.0
61252009,BLR-W02,1.78126,0.19909
61252568,BLR-W35,2.37784,0.05127
61252667,SMG-W05,1.77825,0.06799
61252705,MNG-W09,0.0,0.0
61252864,SMG-W07,0.0,0.0
61253146,HBL-W12,1.20735,1.6177
61253363,MNG-W01,1.74703,0.07368
61253418,BLR-W22,3.97372,0.38356
61253796,MYS-W04,0.0,0.0
61254000,MNG-W02,1.34014,0.0477
61254279,HBL-W15,2.02229,0.15933
61254687,MNG-W01,3.89768,0.34909
61255254,HBL-W12,0.0,0.0
61255338,MYS-W03,0.0,0.0
61255522,MNG-W07,0.0,0.0
61255609,HBL-W03,0.0,0.0
61255723,MNG-W16,0.0,0.0
61255850,MYS-W05,0.0,0.0
61255957,MNG-W09,0.0,0.0
61256024,MNG-W13,0.0,0.0
61256066,MYS-W11,0.28948,0.00853
61256105,MNG-W03,2.5722,0.03262
61256108,BLR-W04,1.76205,0.02639
61256111,MNG-W07,0.0,0.0
61256302,BLR-W12,1.05326,0.02167
61256342,BLR-W15,1.57402,0.11058
61256365,BLR-W02,2.37771,0.10723
61256857,SMG-W03,0.0,0.0
61256888,BLR-W21,0.31993,0.00096
61257490,BLR-W23,0.0,0.0
61257571,MNG-W09,1.27383,0.01365
61257659,TMK-W05,3.44614,3.16614
61257796,BGM-W10,1.6956,0.52135
61257927,SMG-W03,3.56765,0.44477
61258129,BGM-W14,0.0,0.0
61258391,BLR-W06,1.82366,0.0188
61258439,BLR-W01,0.99582,0.01257
61258581,BGM-W06,0.45009,0.01724
61258623,MNG-W06,2.50764,0.40252
61258660,HBL-W04,0.0,0.0
61258777,MNG-W04,5.25095,0.07892
61258891,BGM-W12,0.0,0.0
61258941,BLR-W23,2.55932,1.68446
61259331,HBL-W15,2.80582,0.29586
61259443,MYS-W12,2.60031,0.02348
61259483,SMG-W04,1.54414,0.20253
61259564,TMK-W07,2.38761,0.09886
61259590,BGM-W14,0.0,0.0
61259740,MNG-W09,1.62421,0.08306
61259921,MYS-W04,0.0,0.0
61260109,MNG-W14,2.37551,1.24959
61260269,MNG-W04,3.85109,0.30046
61260278,BGM-W03,0.0,0.0
61260421,SMG-W02,0.67073,0.05843
61260424,BLR-W12,1.44451,0.07162
61260441,MNG-W05,0.0,0.0
61261061,MYS-W07,0.39638,0.01434
61261150,MNG-W12,0.80754,0.01664
61261345,MYS-W02,3.2742,0.57356
61261661,BLR-W33,5.83366,1.09511
61262037,MNG-W07,1.16273,0.04002
61262053,BLR-W11,2.06946,0.21695
61262112,SMG-W11,2.91759,1.94182
61262129,MNG-W16,0.0,0.0
61262247,MNG-W12,2.32368,0.02314
61262250,MNG-W04,0.69095,0.00101
61262318,BLR-W34,0.0,0.0
61262439,TMK-W05,0.0,0.0
61263083,SMG-W03,3.13772,0.14369
61263530,MYS-W05,2.31414,0.04827
61263773,MNG-W01,0.0,0.0
61263988,BGM-W14,3.81318,2.05308
61264170,TMK-W05,0.0,0.0
61264226,BLR-W20,0.96999,0.02565
61264258,MYS-W03,3.75329,0.28335
61264276,MNG-W12,2.07093,0.26735
61264664,BLR-W19,0.72663,0.00176
61264864,BGM-W10,1.24933,0.17075
61264997,MYS-W15,2.38145,0.32544
61265026,BGM-W14,3.73548,0.1646
61265048,MNG-W14,0.0,0.0
61265194,MNG-W01,2.97013,0.12053
61265833,HBL-W01,0.0,0.0
61265931,MNG-W06,0.99473,0.0086
61265978,BGM-W14,1.38268,0.69899
61266114,BLR-W11,2.78059,0.05975
61266304,MNG-W03,0.87271,0.05634
61266448,BLR-W18,2.5046,0.18102
61266492,BGM-W01,1.18042,0.11036
61266525,MNG-W07,3.02008,0.55483
61266768,HBL-W15,2.4249,1.20974
61266848,MNG-W01,3.21934,0.01302
61267931,HBL-W09,0.0,0.0
61267970,BLR-W12,2.23159,0.18262
61268024,TMK-W05,0.0,0.0
61268298,MNG-W07,6.75022,1.62799
61268519,MNG-W14,1.73541,1.6977
61268543,MNG-W04,2.40966,0.15783
61268726,BGM-W15,0.68624,0.01178
61268946,SMG-W02,0.74959,0.02012
61269289,BLR-W26,1.6187,0.00681
61269554,BGM-W08,0.0,0.0
61269759,MNG-W02,0.99999,0.09245
61269794,BLR-W30,2.4115,0.03958
61270047,SMG-W02,0.06455,0.00379
61270123,MNG-W01,1.4034,0.05951
61270305,TMK-W05,2.67758,0.57396
61270373,MNG-W12,0.0,0.0
61270472,MNG-W09,0.0,0.0
61270527,MYS-W18,1.31161,0.05764
61270632,MNG-W12,2.60692,0.06667
61270633,BGM-W14,0.26359,0.09753
61270707,SMG-W05,0.0,0.0
61270822,HBL-W09,0.0,0.0
61270929,BLR-W06,0.0,0.0
61271213,BLR-W37,0.0,0.0
61271303,MNG-W06,1.41803,0.04537
61271308,BGM-W08,0.0,0.0
61271320,HBL-W09,0.81874,0.0379
61271356,BLR-W28,0.49506,0.01307
61271381,MYS-W09,2.45383,0.05579
61271903,HBL-W15,2.39396,0.65825
61272526,SMG-W05,1.75837,0.10934
61272775,MNG-W13,1.74703,0.03841
61272936,MNG-W06,0.0,0.0
61273050,BGM-W14,0.0,0.0
61273189,BGM-W02,0.0,0.0
61273333,BGM-W14,0.6998,0.50541
61273450,HBL-W12,0.06852,0.00358
61273587,MNG-W14,1.01034,0.05686
61273619,SMG-W05,0.95407,0.05906
61273684,HBL-W08,1.77452,0.81796
61273714,BLR-W26,0.0,0.0
61273773,MNG-W07,0.0,0.0
61273892,MNG-W16,4.66922,1.2568
61273915,BLR-W39,0.0,0.0
61274250,BLR-W32,0.84698,0.03853
61274391,SMG-W01,0.0,0.0
61274429,HBL-W12,0.0,0.0
61274473,TMK-W04,2.62088,0.82597
61274556,MNG-W05,2.75718,0.77932
61274683,BLR-W22,0.0,0.0
61274690,SMG-W08,0.0,0.0
61275156,HBL-W15,0.0,0.0
61275170,MNG-W16,3.25982,0.07689
61275791,HBL-W09,0.19609,0.04422
61275849,TMK-W06,0.46304,0.00144
61276124,SMG-W07,0.0,0.0
61276556,MNG-W01,4.14741,0.42484
61276632,MNG-W03,1.69294,0.09081
61276831,MNG-W12,1.02004,0.19048
61276912,MYS-W18,0.0,0.0
61277023,BLR-W21,0.0,0.0
61277104,HBL-W15,0.0,0.0
61277134,HBL-W12,0.0,0.0
61277280,MNG-W07,1.73196,0.51593
61277309,BGM-W02,0.0,0.0
61277330,MNG-W16,0.71998,0.03702
61277406,BGM-W09,0.0,0.0
61277642,BLR-W24,0.0,0.0
61277739,MNG-W09,0.0,0.0
61277801,BLR-W39,3.44975,0.57733
61277887,BGM-W04,0.0,0.0
61277946,MYS-W16,2.42867,0.05254
61277960,BLR-W40,4.51119,0.88687
61278210,BLR-W08,0.0,0.0
61278354,MYS-W18,4.24311,0.04135
61278862,BLR-W37,0.358,0.00462
61279208,BGM-W10,1.123,0.20929
61279669,BGM-W04,4.16591,0.52143
61280243,MNG-W01,4.94262,0.453
61280311,BLR-W21,1.22033,0.00756
61280648,MNG-W01,2.99943,0.28052
61280868,MNG-W01,0.0,0.0
61280886,TMK-W07,0.54934,0.01359
61280951,BGM-W14,1.51685,0.47862
61281145,BLR-W04,0.0,0.0
61281256,BLR-W37,0.0,0.0
61281674,HBL-W09,6.57198,0.00565
61281992,MNG-W01,0.81302,0.0038
61282025,BGM-W05,0.0,0.0
61282319,MNG-W04,1.04849,0.30527
61282527,MYS-W10,1.29261,0.13249
61283057,HBL-W03,0.74586,0.0069
61283306,SMG-W05,0.76353,0.16179
61283402,MNG-W07,10.39553,2.96061
61283582,SMG-W09,3.20987,0.23109
61283708,SMG-W05,1.63516,1.37408
61283891,SMG-W03,0.0,0.0
61283964,HBL-W09,5.08395,2.14735
61284004,TMK-W10,0.58737,0.08099
61284113,BLR-W06,0.0,0.0
61284142,MYS-W18,2.8271,0.28395
61284285,BLR-W24,2.88099,0.16419
61284500,MNG-W06,0.0,0.0
61284653,MNG-W04,0.0,0.0
61284770,BLR-W24,0.0,0.0
61284785,MNG-W08,0.0,0.0
61284792,MNG-W01,0.0,0.0
61284817,MNG-W06,2.25105,0.03328
61284885,HBL-W12,0.0,0.0
61285083,BGM-W07,0.0,0.0
61285152,MNG-W02,0.0,0.0
61285228,MYS-W14,3.57889,0.23634
61285316,MYS-W03,1.92825,0.09799
61285318,SMG-W08,2.3723,0.18922
61285576,MNG-W14,0.0,0.0
61285632,BLR-W21,1.24321,0.02937
61286067,SMG-W12,1.95665,0.37908
61286172,BLR-W24,0.0,0.0
61287426,MNG-W01,0.0,0.0
61287498,BLR-W06,4.12168,0.05064
61287517,TMK-W02,1.65083,0.22363
61287634,SMG-W08,1.36391,0.24674
61287642,SMG-W02,1.48513,0.02429
61287726,SMG-W12,0.14576,0.02699
61287750,HBL-W11,0.0,0.0
61287886,MYS-W18,3.78926,0.31289
61288041,HBL-W11,3.0179,0.00753
61288074,SMG-W08,0.0,0.0
61288323,HBL-W01,1.23836,0.53918
61288999,SMG-W03,2.51289,0.68222
61289140,BLR-W38,1.85416,0.06705
61289147,BLR-W20,0.97808,0.02639
61289524,SMG-W03,1.1996,0.0422
61290375,HBL-W12,6.02121,0.35074
61290877,BLR-W21,0.0,0.0
61290965,BGM-W04,1.9442,0.36036
61291192,MYS-W05,2.25266,0.54547
61291470,BGM-W15,0.52139,0.0754
61291623,HBL-W09,1.04858,0.01112
61291654,MYS-W09,6.0521,0.61922
61291962,MNG-W01,0.0,0.0
61292278,HBL-W09,0.0,0.0
61292428,SMG-W09,1.86042,0.36971
61292555,BLR-W32,1.2227,0.39334
61292579,MNG-W08,1.59748,0.94423
61292728,MNG-W01,2.36018,0.2447
61292778,BLR-W33,0.0,0.0
61292809,MNG-W02,0.0,0.0
61293451,HBL-W09,3.21955,0.0172
61293525,BGM-W05,2.90534,1.77995
61293582,SMG-W09,0.15363,0.02211
61293764,BLR-W07,0.0,0.0
61293774,MNG-W02,0.0,0.0
61294104,MNG-W02,4.58038,0.87649
61294607,BLR-W02,0.0,0.0
61294878,MYS-W09,3.1992,0.7609
61295224,BLR-W36,4.01938,0.09841
61295422,MNG-W01,3.50211,0.817
61295668,TMK-W09,0.61159,0.05201
61295963,BLR-W02,1.6874,0.24221
61296045,SMG-W08,1.29014,0.05438
61296076,MNG-W06,0.0,0.0
61296547,BGM-W12,0.78195,0.08925
61296618,MYS-W13,0.76092,0.01057
61296976,HBL-W09,1.11675,0.14065
61297434,BLR-W34,1.13639,0.037
61297710,BLR-W24,0.0,0.0
61297739,SMG-W02,0.34587,0.03195
61297986,MNG-W03,3.08696,0.03665
61298084,BGM-W15,1.11363,0.00521
61298151,MNG-W14,0.93715,0.0297
61298219,MNG-W03,0.0,0.0
61298533,HBL-W15,2.05974,1.56427
61298772,BGM-W10,0.0,0.0
61298803,HBL-W12,0.0,0.0
61298989,SMG-W02,2.86402,5.45346
61299562,BGM-W01,0.0,0.0
61299638,HBL-W14,0.0,0.0
61299977,MNG-W01,1.0424,0.04955
61300004,MNG-W01,0.72165,0.03181
61300083,BLR-W18,3.18931,0.05556
61300175,MNG-W02,3.38088,0.51761
61300405,MNG-W06,1.555,0.05437
61300506,BLR-W02,0.0,0.0
61300540,BLR-W01,1.37431,0.08446
61300607,BLR-W27,0.0,0.0
61300699,MYS-W02,0.0,0.0
61300809,HBL-W15,1.40285,0.25666
61300862,SMG-W02,1.80805,0.16161
61300987,HBL-W15,3.92306,0.6894
61301095,BGM-W12,1.60392,0.2395
61301158,BLR-W07,2.74499,2.29876
61301337,HBL-W12,0.0,0.0
61301510,BLR-W39,0.0,0.0
61301577,MNG-W13,1.03618,0.13725
61301587,SMG-W02,0.0,0.0
61301621,MYS-W02,1.77172,0.17241
61301889,BLR-W33,0.0,0.0
61302134,BGM-W03,0.0,0.0
61302166,MNG-W13,0.48621,0.1481
61302411,HBL-W09,6.20257,0.11993
61302601,SMG-W07,0.387,0.10791
61302649,MNG-W14,3.0759,0.50983
61302717,TMK-W04,0.9735,0.09018
61302768,SMG-W08,0.0,0.0
61302794,HBL-W11,0.0,0.0
61302991,BLR-W24,2.48368,0.04411
61302994,MNG-W07,8.07639,1.29228
61303015,BLR-W16,0.0,0.0
61303038,BLR-W39,5.49191,0.94696
61303045,BLR-W35,3.56134,0.28024
61303107,MYS-W05,0.0,0.0
61303410,MYS-W01,0.0,0.0
61303485,MNG-W04,2.62145,0.00146
61303559,HBL-W12,2.04805,0.59057
61303569,MNG-W07,2.77459,0.13759
61303588,TMK-W04,0.57193,0.01127
61303793,BGM-W14,1.44965,0.3718
61303807,MNG-W04,1.52647,0.0391
61303828,MYS-W14,5.19085,3.07004
61303861,MNG-W01,5.62315,0.04862
61303994,MNG-W09,0.0,0.0
61304218,MNG-W14,1.65348,0.51051
61304251,BLR-W29,1.21074,0.05552
61304597,MNG-W05,0.85739,0.14682
61304649,BGM-W11,4.28348,0.22352
61304981,BGM-W04,19.82302,51.1519
61305384,TMK-W01,1.86136,0.20029
61305503,BLR-W15,4.89927,0.70713
61305566,BLR-W20,0.0,0.0
61305723,TMK-W04,1.83661,0.66032
61305845,SMG-W02,1.12309,0.0635
61305883,MYS-W02,0.0,0.0
61306089,MNG-W01,0.0,0.0
61306117,BGM-W02,1.89376,0.03472
61306200,MNG-W16,0.0,0.0
61306209,SMG-W05,0.0,0.0
61306314,HBL-W15,2.48332,0.71128
61306404,BLR-W25,1.95912,0.03708
61306424,BLR-W21,0.43162,0.00349
61306599,BGM-W14,0.45963,0.10912
61306635,MNG-W12,2.3965,0.14077
61306760,BLR-W25,0.0,0.0
61306766,SMG-W03,0.94956,0.21039
61306853,MNG-W01,0.0,0.0
61306918,MNG-W12,2.92948,0.15511
61307147,SMG-W08,2.76024,0.12722
61307268,BLR-W37,0.0,0.0
61307464,SMG-W12,0.573,0.06458
61308072,BGM-W04,0.0,0.0
61308320,BLR-W23,6.17996,0.79086
61308345,MYS-W05,0.0,0.0
61308358,MNG-W03,0.0,0.0
61308374,MYS-W09,3.68156,1.83246
61308404,MYS-W10,0.0,0.0
61308464,MYS-W09,0.93057,0.16743
61308541,MNG-W07,0.0,0.0
61308854,TMK-W12,0.0,0.0
61308923,BLR-W13,0.0,0.0
61309261,MNG-W04,0.0,0.0
61309314,SMG-W03,2.72464,0.43719
61309921,MNG-W14,0.73678,0.01697
61310059,MNG-W07,0.0,0.0
61310321,BLR-W24,2.07717,0.52269
61310772,TMK-W09,2.35555,0.02754
61310826,HBL-W06,0.0,0.0
61310835,MYS-W03,0.0,0.0
61310847,BGM-W14,2.15371,2.05149
61311034,MNG-W04,0.0,0.0
61311152,SMG-W05,0.91937,0.02768
61311245,BLR-W34,1.02899,0.24942
61311356,BLR-W22,1.57751,0.06614
61311402,BLR-W02,0.62883,0.31779
61311777,HBL-W11,0.0,0.0
61311792,MNG-W09,5.24374,0.09871
61311990,BLR-W05,1.1747,0.09959
61312006,MNG-W06,1.70708,0.12023
61312127,BLR-W20,3.30779,0.02823
61312528,MNG-W16,2.35598,0.09013
61312534,BLR-W24,5.95132,0.16317
61312759,MNG-W01,2.75265,2.81542
61312850,BLR-W18,0.10252,0.00344
61312871,SMG-W09,0.0,0.0
61312955,MYS-W12,1.82772,0.00804
61313146,BLR-W12,2.7585,0.21383
61313350,BLR-W37,4.25903,0.32003
61313711,MNG-W09,3.26554,0.39203
61314058,BLR-W24,0.43019,0.09024
61314063,MNG-W14,2.10454,0.65169
61314165,BLR-W33,0.22724,0.22039
61314321,BLR-W28,0.0,0.0
61314491,SMG-W08,2.04005,0.11091
61314569,HBL-W09,0.45161,0.19857
61314685,BGM-W11,0.6064,0.09901
61314741,BLR-W28,0.0,0.0
61315187,MNG-W03,0.90585,0.11264
61315221,BLR-W01,1.0482,0.01378
61315277,HBL-W12,1.27572,0.19965
61315450,MYS-W02,0.0,0.0
61315523,MYS-W13,0.0,0.0
61315580,MNG-W06,5.13023,0.27799
61315821,MNG-W06,0.0,0.0
61315827,TMK-W02,0.0,0.0
61315900,BLR-W02,1.12811,0.05004
61316567,MYS-W10,0.0,0.0
61316774,BGM-W08,0.0,0.0
61316778,TMK-W04,0.50905,0.06047
61317011,BLR-W12,0.0,0.0
61317389,MYS-W02,0.0,0.0
61317484,BLR-W35,2.20536,0.12509
61317697,BLR-W31,0.0,0.0
61317717,MNG-W12,0.0,0.0
61317813,TMK-W08,0.0,0.0
61317863,MNG-W01,1.66378,1.37698
61318304,BLR-W23,3.34906,0.22324
61318511,BLR-W37,0.0,0.0
61318541,BLR-W13,0.0,0.0
61318683,TMK-W06,0.0,0.0
61318768,SMG-W07,1.53744,0.44357
61318823,HBL-W09,0.0,0.0
61319040,MNG-W02,2.50316,0.17273
61319106,HBL-W11,0.82448,0.08251
61319283,BGM-W12,0.0,0.0
61319295,BLR-W31,1.48187,0.66803
61319313,TMK-W04,6.98889,0.1726
61319590,SMG-W08,0.0,0.0
61319598,BGM-W04,2.05801,2.1346
61319649,BGM-W10,2.45313,0.22041
61319669,MNG-W02,0.61183,0.01309
61319954,SMG-W03,0.0,0.0
61320200,MNG-W09,1.38158,0.01955
61320330,HBL-W15,0.74679,0.07367
61320439,BLR-W20,0.0,0.0
61320541,HBL-W07,1.29807,0.56794
61320698,BLR-W22,2.45327,0.28963
61320769,BLR-W39,0.0,0.0
61320780,MNG-W14,0.0,0.0
61320819,BLR-W19,0.0,0.0
61321075,BLR-W08,0.0,0.0
61321191,BGM-W14,1.09563,0.42115
61321241,MNG-W01,12.55231,1.3154
61321280,MYS-W09,0.0,0.0
61321458,HBL-W14,0.0,0.0
61321852,BGM-W14,2.22272,1.46359
61322088,BLR-W23,3.68134,0.06222
61322274,HBL-W15,6.55353,2.83471
61322649,MNG-W01,0.0,0.0
61322728,BLR-W28,2.86911,1.36408
61322903,MYS-W16,0.0,0.0
61323055,BGM-W07,1.61038,0.26801
61323056,MYS-W04,0.0,0.0
61323258,MYS-W14,0.0,0.0
61323573,MNG-W14,3.24191,0.14171
61323670,MNG-W12,1.12039,0.06389
61323716,BGM-W03,0.0,0.0
61324019,MYS-W10,1.00789,0.01634
61324060,MNG-W05,0.0,0.0
61324368,BLR-W25,0.0,0.0
61324392,HBL-W15,1.97863,0.09434
61324418,TMK-W06,0.0,0.0
61324574,BGM-W02,1.59591,0.06442
61324634,BLR-W12,0.85129,0.15211
61324729,MYS-W10,2.79279,1.48005
61324874,BGM-W14,0.83673,0.24043
61324904,MNG-W06,0.0,0.0
61325096,HBL-W09,0.0,0.0
61325123,HBL-W11,1.62699,0.05943
61325507,HBL-W09,0.0,0.0
61325805,BLR-W30,2.08654,0.08985
61326071,HBL-W15,0.0,0.0
61326098,SMG-W12,1.06636,0.14431
61326498,MNG-W14,1.43429,0.429
61326606,HBL-W12,1.32327,0.16069
61326643,TMK-W12,0.0,0.0
61326804,TMK-W02,0.0,0.0
61326830,MYS-W09,0.0,0.0
61327069,MYS-W06,0.0,0.0
61327087,SMG-W05,0.0,0.0
61327187,MNG-W05,0.11183,0.00184
61327537,BLR-W13,0.0,0.0
61327691,HBL-W09,0.0,0.0
61327941,BGM-W14,0.95949,0.48275
61328015,HBL-W12,3.04746,0.27068
61328023,BLR-W24,0.0,0.0
61328215,BLR-W28,1.69464,0.0132
61328217,BGM-W05,1.23494,0.15137
61328353,MNG-W01,2.93294,3.59592
61328477,BLR-W01,3.03084,1.74354
61328712,BLR-W01,1.91649,0.20011
61328951,BGM-W08,1.36074,0.03211
61329265,SMG-W09,0.92785,1.0465
61329276,SMG-W03,0.0,0.0
61329448,MNG-W06,1.59272,0.04449
61329508,MNG-W03,0.0,0.0
61329569,SMG-W05,2.22499,0.66902
61329587,HBL-W12,1.0474,0.06995
61329589,MNG-W14,2.80568,0.0675
61329705,SMG-W03,6.94981,0.16591
61329803,MNG-W14,5.56164,2.13107
61329961,BLR-W20,1.40001,0.12363
61329972,HBL-W15,2.48334,0.20294
61330025,MNG-W02,0.0,0.0
61330303,SMG-W03,0.0,0.0
61330368,MYS-W14,0.0,0.0
61330396,SMG-W03,2.68024,2.79467
61330528,HBL-W09,4.98336,4.18124
61330539,MYS-W01,2.119,1.83348
61330752,SMG-W03,0.0,0.0
61330826,BLR-W13,9.41886,12.04664
61330885,BGM-W02,0.0,0.0
61331145,BLR-W24,1.7977,0.17182
61331449,MNG-W01,2.98325,0.25644
61331488,SMG-W06,2.38353,0.08008
61331542,BLR-W37,0.28442,0.08631
61331886,BLR-W35,1.42178,0.17952
61332006,BLR-W33,0.0,0.0
61332084,BLR-W23,0.0,0.0
61332161,MNG-W03,0.0,0.0
61332165,BLR-W20,0.0,0.0
61332251,MNG-W12,2.7527,0.00666
61332365,BLR-W37,0.0,0.0
61332390,MYS-W09,0.0,0.0
61332603,BLR-W33,0.385,0.03845
61332606,SMG-W07,0.81634,0.94268
61332817,TMK-W05,0.0,0.0
61332876,HBL-W12,0.0,0.0
61333151,HBL-W11,3.17693,0.5104
61333247,BGM-W07,2.09346,0.02164
61333371,BLR-W10,3.19584,0.24391
61333632,MNG-W07,0.0,0.0
61333741,MNG-W09,7.15891,0.03467
61333755,BLR-W07,1.2015,0.53621
61333900,BLR-W28,0.0,0.0
61333990,MNG-W16,1.00512,0.18835
61334801,BLR-W13,2.90306,0.33613
61334936,SMG-W05,0.88574,0.41319
61334953,MNG-W14,1.48028,0.47783
61335610,HBL-W09,0.0,0.0
61335622,MYS-W12,0.0,0.0
61335650,BLR-W34,1.9794,0.25155
61335792,MNG-W09,0.0,0.0
61335828,SMG-W06,0.90933,0.2814
61335862,MNG-W09,1.39648,0.65971
61335915,BLR-W23,6.17123,0.93821
61335971,MYS-W07,0.0,0.0
61336085,BLR-W21,0.58239,0.02109
61336292,BLR-W06,0.34225,0.00394
61336375,BGM-W15,0.53986,0.00679
61336380,BGM-W10,0.0,0.0
61336477,BGM-W14,3.61033,0.21345
61336516,MYS-W02,0.0,0.0
61336824,MNG-W07,0.0,0.0
61336870,BLR-W35,0.0,0.0
61336985,MYS-W09,3.21957,0.17262
61336991,SMG-W06,0.0,0.0
61337037,BLR-W22,0.0,0.0
61337097,HBL-W09,0.0,0.0
61337382,MNG-W12,0.36287,0.00601
61337691,SMG-W08,1.82225,0.04047
61337710,MNG-W02,0.0,0.0
61337762,MNG-W14,2.23787,0.79004
61337849,BLR-W21,1.25949,0.01059
61337884,SMG-W03,0.0,0.0
61337905,MNG-W01,2.28972,0.01518
61337965,BLR-W25,0.83665,0.04676
61338210,BGM-W12,0.0,0.0
61338263,MNG-W13,1.93902,0.09389
61338307,BLR-W04,2.9416,0.07319
61338388,BLR-W31,0.0,0.0
61338719,MYS-W16,1.6064,0.02302
61338721,MNG-W14,2.08112,0.88887
61338850,MNG-W04,0.0,0.0
61338938,MNG-W13,1.60564,0.05068
61339368,MYS-W05,1.22188,0.01707
61339547,TMK-W01,3.19016,0.33363
61339605,BLR-W15,3.91285,0.07372
61339679,MNG-W16,0.62021,0.08108
61339888,MNG-W12,2.23493,0.6558
61340239,BGM-W01,0.66047,0.01678
61340307,HBL-W09,2.03346,0.1936
61340335,BLR-W25,1.2841,0.02699
61340340,MNG-W03,2.12282,0.1679
61340393,MYS-W07,0.0,0.0
61340497,TMK-W02,0.0,0.0
61340575,HBL-W15,1.471,0.08614
61340596,MNG-W06,0.97136,0.01233
61340632,TMK-W05,3.69917,6.45522
61340677,MNG-W13,0.89523,0.09451
61340705,MNG-W05,0.0,0.0
61341279,MNG-W03,1.16535,0.19786
61341677,MYS-W13,0.0,0.0
61341700,BLR-W22,0.0,0.0
61341993,BGM-W14,0.0,0.0
61342139,MYS-W05,1.99717,0.09373
61342193,BLR-W28,3.19786,0.19887
61342482,TMK-W04,1.81141,0.05341
61342681,HBL-W09,1.57266,0.24605
61342788,HBL-W06,0.76354,0.67191
61342838,MNG-W14,0.0,0.0
61342868,MNG-W12,1.2813,0.10598
61342981,TMK-W04,2.98792,0.20254
61343019,BLR-W23,0.0,0.0
61343061,MYS-W18,0.0,0.0
61343123,SMG-W02,0.0,0.0
61343127,BLR-W07,0.64387,0.05766
61343735,BLR-W01,1.98505,0.02435
61343869,BGM-W15,2.49542,0.09699
61344455,TMK-W05,0.25599,0.04748
61344504,MNG-W14,0.0,0.0
61344539,BLR-W20,0.19986,0.00269
61344980,BGM-W15,1.78814,0.08341
61345241,SMG-W05,2.99291,0.23057
61345461,HBL-W12,2.72548,0.2076
61345546,BGM-W15,0.51582,0.01893
61345785,MNG-W01,0.0,0.0
61346114,HBL-W09,0.0,0.0
61346118,HBL-W16,0.68147,0.02491
61346146,MNG-W16,0.55136,0.01626
61346293,SMG-W03,2.46344,0.22425
61346407,TMK-W09,0.81636,0.04646
61346457,TMK-W08,0.0,0.0
61346485,BLR-W24,0.0,0.0
61346544,SMG-W03,3.12613,0.69302
61346891,MNG-W09,0.0,0.0
61347189,MNG-W14,0.35144,0.0342
61347311,BLR-W07,0.0,0.0
61347411,BGM-W15,1.22109,0.01659
61347448,MYS-W05,0.0,0.0
61347622,MNG-W08,0.0,0.0
61347653,TMK-W05,0.8617,0.02945
61347729,MYS-W15,0.40882,0.03039
61347750,MNG-W06,0.0,0.0
61347778,HBL-W12,3.64751,0.03208
61348008,HBL-W12,0.0,0.0
61348210,SMG-W05,0.0,0.0
61348510,MNG-W01,0.90941,0.09052
61348681,TMK-W08,0.10579,0.01831
61348840,SMG-W09,0.0,0.0
61348954,SMG-W02,3.80337,0.13218
61349049,BLR-W26,0.0,0.0
61349256,MNG-W14,0.0,0.0
61349412,MYS-W13,1.41564,0.29202
61349526,TMK-W04,2.63694,0.1731
61349708,MNG-W02,0.0,0.0
61349794,BLR-W02,0.45688,0.00626
61349803,BLR-W04,0.99447,0.01427
61350085,BGM-W03,0.32112,0.06766
61350229,BLR-W04,0.0,0.0
61350270,TMK-W04,1.59333,0.37033
61350524,HBL-W09,2.03919,0.18416
61350551,BGM-W04,0.0,0.0
61350643,MNG-W12,0.0,0.0
61350801,TMK-W04,0.8242,0.03996
61351043,BGM-W01,0.72765,0.01632
61351168,MNG-W14,1.40833,0.04189
61351524,MYS-W06,0.23665,0.0006
61351532,SMG-W02,1.69067,0.0898
61351602,MNG-W12,0.0,0.0
61351631,BGM-W06,0.0,0.0
61351735,BLR-W24,0.0,0.0
61352029,SMG-W05,3.7595,1.31574
61352161,SMG-W04,0.0,0.0
61352395,BLR-W20,0.0,0.0
61352442,MNG-W09,7.10692,1.98663
61352508,TMK-W04,0.0,0.0
61352680,TMK-W06,0.71383,0.00361
61352961,TMK-W06,1.08625,0.00312
61353137,BGM-W14,4.9942,0.1323
61353272,SMG-W03,4.98181,0.04323
61353413,SMG-W08,0.0,0.0
61353558,MYS-W14,0.99994,0.05886
61353622,MNG-W14,2.31587,0.40022
61353675,BLR-W20,3.62302,0.02406
61353745,SMG-W08,0.0,0.0
61354070,TMK-W02,0.62418,0.12046
61354076,MNG-W12,1.24355,0.06624
61354371,TMK-W09,0.89326,0.00779
61354451,MNG-W16,0.55482,0.0638
61354669,HBL-W15,1.49873,0.11056
61354712,BLR-W04,3.25006,0.17378
61354736,MYS-W05,0.0,0.0
61354884,BLR-W35,0.0,0.0
61355215,BLR-W23,0.0,0.0
61355374,HBL-W09,0.0,0.0
61355632,BLR-W03,1.58683,0.12062
61355788,BLR-W24,3.55675,0.34045
61355799,MNG-W09,0.0,0.0
61355807,BLR-W34,0.0,0.0
61355844,MNG-W12,0.0,0.0
61355954,SMG-W11,2.57309,1.56112
61356195,MNG-W14,0.0,0.0
61356366,TMK-W06,0.92987,0.20229
61356521,BLR-W13,4.22652,0.16093
61357052,BLR-W08,0.0,0.0
61357419,SMG-W02,2.71192,0.18811
61357512,SMG-W08,0.0,0.0
61357526,MNG-W10,0.0,0.0
61357786,HBL-W09,0.0,0.0
61358152,BLR-W27,1.07201,0.21349
61358176,SMG-W11,0.0,0.0
61358229,BGM-W05,1.94645,0.09473
61358232,TMK-W12,6.25279,1.18806
61358271,TMK-W07,2.7559,0.65246
61358374,MYS-W12,2.71723,0.11942
61358601,BLR-W39,0.0,0.0
61358613,BLR-W36,1.32811,0.03015
61358700,SMG-W08,2.85312,0.1125
61358782,MNG-W09,3.08,0.166
61358850,BGM-W14,0.0,0.0
61358985,MYS-W03,0.70601,0.05327
61359206,HBL-W15,0.46982,0.03828
61359591,MYS-W09,2.31472,1.04594
61359629,HBL-W09,0.0,0.0
61359697,BGM-W10,0.69087,0.05142
61359789,BGM-W10,1.24195,0.00796
61360202,MYS-W09,1.21768,0.05195
61360452,SMG-W05,4.55198,0.82638
61360629,HBL-W11,3.40595,0.03017
61360707,MNG-W01,2.84017,0.61934
61360784,MNG-W03,0.0,0.0
61360984,MYS-W05,0.84511,0.07054
61361110,MNG-W03,4.18045,0.72415
61361113,TMK-W08,0.0,0.0
61361163,MYS-W05,0.0,0.0
61361168,BLR-W25,0.0,0.0
61361287,MNG-W14,0.0,0.0
61361311,TMK-W10,3.10739,0.13912
61361359,MNG-W07,7.09417,3.95097
61361370,HBL-W09,13.23211,0.87069
61361450,SMG-W03,0.0,0.0
61361586,SMG-W08,0.09956,0.02001
61361638,MNG-W06,2.23997,0.08275
61361664,MNG-W01,2.27773,0.80699
61361791,MNG-W05,1.79023,0.21521
61361846,MNG-W03,2.14859,0.35973
61362038,MNG-W14,0.17439,0.03494
61362137,BLR-W39,2.04384,0.28853
61362315,MNG-W14,2.4455,0.93527
61362348,MNG-W09,0.0,0.0
61362392,BGM-W13,0.4089,0.06749
61362497,HBL-W15,0.0,0.0
61362516,MYS-W10,0.0,0.0
61362567,BGM-W04,4.60003,1.86128
61362606,MNG-W03,0.68634,0.01602
61362626,BLR-W06,3.33158,0.04669
61363170,MYS-W02,1.76053,0.35099
61363427,MNG-W07,3.73434,0.41917
61363807,BGM-W08,0.0,0.0
61363903,BGM-W14,0.0,0.0
61364122,MYS-W14,0.0,0.0
61364441,HBL-W12,0.0,0.0
61364605,MNG-W02,0.86758,0.02866
61364711,BLR-W06,1.24541,0.00527
61364779,BGM-W08,0.0,0.0
61364815,MNG-W09,0.0,0.0
61365028,BLR-W28,0.0,0.0
61365109,TMK-W06,0.71683,0.22981
61365129,MNG-W01,1.61044,0.14794
61365404,SMG-W02,0.0,0.0
61365493,MYS-W05,1.98555,0.11312
61365560,SMG-W05,0.25886,0.10533
61365592,HBL-W03,0.0,0.0
61365798,SMG-W06,0.29573,0.10129
61365930,MYS-W04,2.06678,0.02176
61366076,BLR-W15,0.0,0.0
61366077,TMK-W01,2.17574,0.06063
61366108,TMK-W05,0.0,0.0
61366169,TMK-W05,7.00243,0.06
61366486,SMG-W07,0.73183,0.12669
61366691,BLR-W21,2.48912,0.05376
61366725,HBL-W11,1.90631,1.21761
61367062,BGM-W02,0.79058,0.07241
61367797,MNG-W10,3.29719,0.12291
61368152,BGM-W04,3.69948,0.04458
61368771,HBL-W11,0.0,0.0
61368786,MNG-W14,0.0,0.0
61368810,BLR-W18,1.98787,0.05273
61368955,SMG-W06,0.0,0.0
61369081,MYS-W11,0.0,0.0
61369172,BLR-W34,2.57229,0.11604
61369248,TMK-W02,0.7942,0.05091
61369350,MNG-W01,0.0,0.0
61369461,TMK-W12,1.89669,0.38058
61369503,SMG-W03,0.65246,1.14244
61369555,BLR-W21,0.59948,0.00419
61369899,HBL-W03,1.00073,0.03364
61370066,HBL-W11,0.0,0.0
61370095,MNG-W08,0.21043,0.02667
61370435,MYS-W02,4.1607,0.76218
61370447,SMG-W06,0.0,0.0
61370482,BLR-W24,3.95912,0.04013
61370573,BGM-W08,1.85185,0.09032
61370824,TMK-W08,0.0,0.0
61370859,BLR-W04,0.13582,0.00138
61370890,SMG-W09,0.30531,0.4021
61371204,HBL-W01,1.19659,0.05324
61371215,BLR-W28,4.30871,0.07048
61371286,BLR-W35,5.7656,0.9414
61371419,MYS-W16,0.90976,0.00888
61371696,TMK-W08,1.02085,0.337
61371988,HBL-W06,2.56217,0.11617
61372008,BGM-W05,0.0,0.0
61372080,TMK-W04,1.25538,0.26143
61372515,SMG-W04,0.0,0.0
61372521,HBL-W11,4.19673,0.06116
61372797,MNG-W14,0.0,0.0
61372928,BGM-W14,0.0,0.0
61373021,SMG-W01,0.44723,0.02069
61373051,MNG-W07,2.30314,0.89984
61373105,HBL-W08,0.21086,0.06078
61373202,MYS-W02,0.0,0.0
61373310,SMG-W09,0.0,0.0
61373337,MNG-W06,5.04547,0.4524
61373415,MNG-W02,3.6041,0.2103
61373937,MYS-W02,4.45898,12.78064
61374576,MNG-W04,0.95661,0.00334
61374683,MNG-W02,1.80626,0.22095
61374769,MNG-W01,2.42295,0.08505
61374788,HBL-W03,0.45007,0.15065
61375057,MNG-W03,0.0,0.0
61375185,BLR-W06,0.0,0.0
61375418,TMK-W06,1.19995,0.11397
61375561,MYS-W09,0.4316,0.04252
61375585,MNG-W02,0.0,0.0
61375591,BLR-W25,2.04747,0.04545
61375614,MNG-W16,3.39331,1.4542
61376162,SMG-W05,1.70856,0.04517
61376558,BLR-W30,3.02471,0.03776
61376797,MNG-W02,0.0,0.0
61377108,TMK-W04,0.0,0.0
61377127,TMK-W08,0.0,0.0
61377129,BGM-W14,0.0,0.0
61377231,SMG-W08,0.20528,0.02759
61377247,SMG-W06,0.0,0.0
61377418,MNG-W07,2.96676,0.04691
61377549,MYS-W03,0.85235,0.15446
61377873,BLR-W28,0.0,0.0
61377913,MYS-W17,1.51505,0.04897
61378088,BGM-W15,0.0,0.0
61378362,BLR-W23,6.6046,0.40674
61378790,MNG-W07,7.04479,5.79404
61378888,BGM-W01,1.08983,0.00971
61378915,TMK-W04,1.06072,0.05706
61379152,BLR-W34,0.17714,0.00334
61379155,MNG-W12,0.0,0.0
61379223,MNG-W07,0.0,0.0
61379247,BLR-W07,0.0,0.0
61379286,MYS-W11,0.08631,0.00127
61379771,MYS-W12,0.85236,0.00871
61379990,HBL-W09,8.21035,4.36239
61380018,BGM-W13,2.09633,0.05378
61380023,BGM-W14,2.81774,0.17322
61380210,SMG-W02,0.0,0.0
61380395,BLR-W35,0.0,0.0
61380544,BLR-W21,1.21037,0.03186
61380616,MYS-W07,0.0,0.0
61380904,SMG-W08,0.0,0.0
61380910,BLR-W23,0.53078,0.48605
61381119,BGM-W14,0.0,0.0
61381276,MNG-W07,5.72927,0.30592
61381322,BLR-W02,2.19656,0.26302
61381508,BLR-W21,0.35283,0.00254
61381559,TMK-W06,0.0,0.0
61381577,MNG-W09,1.06203,0.06314
61381763,SMG-W05,0.0,0.0
61382484,MNG-W01,0.65859,0.17238
61382508,TMK-W10,1.46906,0.03851
61382954,BLR-W01,0.77661,0.05836
61383000,TMK-W05,3.20018,1.15903
61383265,MNG-W14,2.02301,0.01788
61383541,HBL-W08,3.53099,0.68065
61383640,BLR-W22,0.58018,0.07764
61383669,MNG-W14,1.68579,0.31792
61383763,MYS-W05,0.0,0.0
61384039,MNG-W16,4.63731,2.03868
61384047,BLR-W37,0.0,0.0
61384088,MNG-W06,1.55229,0.20297
61384305,BLR-W24,0.0,0.0
61384453,SMG-W10,3.52937,1.24416
61384469,MYS-W02,5.11254,1.34077
61384531,BLR-W21,2.88634,0.13034
61384941,BLR-W24,3.84021,0.10607
61385066,MNG-W09,4.761,0.10512
61385172,MNG-W01,8.08924,2.58896
61385337,TMK-W08,2.00225,0.08957
61385793,MNG-W07,3.25334,0.25874
61385943,BLR-W01,1.97729,0.07299
61386058,TMK-W12,0.0,0.0
61386231,BLR-W32,2.00239,0.19323
61386280,BGM-W11,2.34028,0.11369
61386384,BLR-W20,0.0,0.0
61386453,TMK-W05,0.0,0.0
61386496,BLR-W12,1.51339,0.19873
61386498,BLR-W25,1.15388,0.00173
61386923,BLR-W21,1.53461,0.04833
61387055,BLR-W37,0.0,0.0
61387192,SMG-W06,0.63761,0.21816
61387229,HBL-W04,0.0,0.0
61387308,TMK-W04,0.46748,0.00273
61387312,BLR-W02,0.0,0.0
61387325,TMK-W02,0.0,0.0
61387480,HBL-W12,1.0924,0.03536
61387655,MNG-W14,0.0,0.0
61387660,MYS-W02,2.16643,1.18647
61387839,MNG-W03,0.0,0.0
61388051,MYS-W12,0.0,0.0
61388067,HBL-W12,0.0,0.0
61388084,BGM-W14,0.0,0.0
61388489,BGM-W01,3.25667,0.23082
61388527,BLR-W11,0.0,0.0
61388561,BGM-W04,0.82549,0.17187
61388696,MNG-W08,0.0,0.0
61388720,BLR-W38,0.0,0.0
61388820,MYS-W03,0.0,0.0
61389085,HBL-W14,0.0,0.0
61389463,MNG-W12,0.0,0.0
61389528,BLR-W18,0.59485,0.01627
61389718,BGM-W03,1.03672,0.20644
61389975,SMG-W11,0.0,0.0
61390216,BGM-W07,1.32036,0.09901
61390262,MNG-W01,2.30159,0.5123
61390413,BGM-W09,1.62186,0.23236
61390572,SMG-W02,0.77464,0.01418
61390992,MNG-W09,0.64422,0.06324
61391019,MNG-W01,3.87547,0.28175
61391113,MNG-W07,8.30691,5.36955
61391121,MYS-W04,3.6739,0.0316
61391557,BLR-W23,0.0,0.0
61391632,MNG-W07,0.0,0.0
61391816,MYS-W12,0.9281,0.01091
61391842,SMG-W11,2.95238,0.61633
61392089,HBL-W12,7.13072,0.17124
61392095,MNG-W06,0.0,0.0
61392157,BLR-W07,0.0,0.0
61392504,MNG-W07,0.0,0.0
61392857,MNG-W07,0.0,0.0
61392913,SMG-W08,0.0,0.0
61392979,SMG-W09,2.89072,0.76089
61393044,MNG-W14,2.19477,0.12777
61393088,MYS-W05,0.0,0.0
61393297,TMK-W06,1.98184,0.85438
61393367,TMK-W01,0.4504,0.00776
61393425,HBL-W05,0.08965,0.00337
61393446,HBL-W09,0.0,0.0
61394088,MYS-W05,1.09496,0.0165
61394195,MYS-W05,1.89984,0.07423
61394205,MNG-W02,0.0,0.0
61394333,BLR-W13,4.77549,0.74771
61394469,MNG-W13,0.0,0.0
61394634,BLR-W24,0.0,0.0
61394679,BGM-W01,2.17614,0.06332
61394812,HBL-W12,0.0,0.0
61394958,MYS-W17,0.0,0.0
61395083,MNG-W09,3.55263,0.17256
61395785,HBL-W09,0.0,0.0
61395810,BLR-W25,2.52002,0.10825
61395989,SMG-W11,0.67439,0.97721
61396118,MNG-W09,1.18274,0.00852
61396203,MYS-W10,1.30274,0.08102
61396298,BLR-W24,2.28479,0.79309
61396442,MNG-W06,0.0,0.0
61396545,TMK-W10,0.83988,0.10006
61396577,SMG-W09,6.92984,0.55348
61396705,MNG-W01,0.0,0.0
61396804,HBL-W12,0.0,0.0
61396909,BGM-W14,2.24661,0.27171
61397250,BLR-W11,0.0,0.0
61397327,TMK-W10,0.0,0.0
61397339,HBL-W11,0.0,0.0
61397352,HBL-W11,3.81001,0.34257
61397389,MNG-W16,2.77273,0.35401
61397582,SMG-W09,1.79237,1.25091
61397592,BLR-W35,0.84287,0.02518
61398005,MNG-W09,0.0,0.0
61398338,TMK-W04,0.0,0.0
61398345,MYS-W14,0.29662,0.00931
61398524,BLR-W34,2.23319,0.08709
61398551,MNG-W08,0.53833,0.04948
61398581,MNG-W14,0.0,0.0
61398655,HBL-W09,0.0,0.0
61398694,BGM-W12,3.70714,0.42959
61398901,HBL-W09,4.28879,0.0089
61398908,MYS-W09,2.68534,0.08863
61399042,MNG-W02,0.0,0.0
61399316,SMG-W03,1.18479,0.17087
61399433,MYS-W18,3.41766,1.25104
61399569,MNG-W01,3.20825,0.18723
61399708,MYS-W05,0.0,0.0
61399751,BGM-W11,0.0,0.0
61399789,BLR-W18,1.15406,0.07609
61399798,MYS-W10,0.0,0.0
61400439,BLR-W23,3.81264,0.83783
61400554,MNG-W06,2.01606,0.04487
61400828,TMK-W06,0.0,0.0
61400848,MNG-W09,5.25534,0.20503
61400893,SMG-W08,2.75601,0.03223
61401159,MYS-W18,0.0,0.0
61401334,MYS-W13,2.13434,0.12458
61401379,MYS-W14,6.54399,3.09346
61401740,BLR-W21,0.0,0.0
61401786,TMK-W05,0.0,0.0
61401805,BLR-W21,0.0,0.0
61401886,MNG-W07,1.45623,0.06883
61401892,BLR-W31,2.02631,0.06483
61402143,MNG-W14,1.50338,0.17769
61402191,MNG-W14,5.38771,0.5148
61402224,SMG-W05,0.0,0.0
61402304,MNG-W04,5.80249,0.35709
61402374,MYS-W13,0.27426,0.00421
61402996,MNG-W01,4.52411,0.05132
61403267,MNG-W07,1.04973,0.07803
61403318,MNG-W08,2.6443,0.62928
61403412,BLR-W20,0.0,0.0
61403422,BGM-W14,0.0,0.0
61403483,BLR-W12,3.03733,0.11012
61403607,MYS-W17,4.27551,0.22911
61403824,MYS-W07,0.0,0.0
61403952,HBL-W11,0.0,0.0
61404113,MYS-W05,1.59874,0.37306
61404189,TMK-W04,6.53599,0.5092
61404419,BGM-W14,0.0,0.0
61404429,SMG-W09,2.63494,0.15259
61404509,BLR-W22,3.16864,0.15854
61404931,BLR-W23,6.58218,0.28582
61404995,TMK-W07,2.99705,17.82155
61405203,BLR-W03,0.68969,0.16903
61405318,TMK-W06,0.0,0.0
61405412,MNG-W12,0.0,0.0
61405457,MNG-W16,1.46729,0.04297
61405527,MNG-W01,7.22962,0.28087
61405529,TMK-W08,0.55219,0.10254
61405599,HBL-W09,2.0091,0.22624
61406137,SMG-W08,0.0,0.0
61406298,MNG-W14,1.29447,0.07001
61406509,MYS-W10,0.0,0.0
61406573,MYS-W04,1.95161,0.21524
61406769,BLR-W13,0.0,0.0
61406945,SMG-W03,1.76213,0.02691
61407173,MNG-W09,4.9849,1.17277
61407403,SMG-W08,3.30257,0.06494
61407428,BLR-W15,2.15069,0.01253
61407469,SMG-W06,0.40533,0.05714
61407534,TMK-W06,0.0,0.0
61407663,BLR-W13,3.27733,0.23286
61408040,BLR-W29,0.0,0.0
61408164,HBL-W15,0.0,0.0
61408261,MNG-W03,6.68505,1.57503
61408366,BGM-W07,0.0,0.0
61408849,MYS-W04,0.0,0.0
61409172,BGM-W03,0.17218,0.04744
61409223,SMG-W02,0.55909,0.09109
61409347,HBL-W11,1.40358,0.03951
61409358,SMG-W05,0.19057,0.00878
61409413,MNG-W07,0.0,0.0
61409617,MNG-W06,2.25032,0.0396
61409697,MNG-W16,1.68014,0.34043
61409898,BLR-W28,0.78397,0.03662
61410544,SMG-W08,0.27639,0.04034
61410668,MYS-W02,0.18112,0.00207
61410771,BLR-W07,0.0,0.0
61410943,BLR-W13,0.0,0.0
61410945,BGM-W10,0.0,0.0
61411016,MYS-W17,3.5422,0.00804
61411106,MNG-W01,2.88536,0.06063
61411232,MYS-W10,0.64378,0.22459
61411553,BGM-W10,1.33439,0.09255
61412183,BGM-W05,3.9733,0.59711
61412207,TMK-W04,0.0,0.0
61412479,HBL-W06,0.0,0.0
61412697,BGM-W07,0.0,0.0
61412705,HBL-W12,0.0,0.0
61412896,HBL-W12,0.0,0.0
61412971,BLR-W24,0.0,0.0
61413012,SMG-W08,2.52886,0.74708
61413080,TMK-W04,2.35304,0.02294
61413184,MNG-W07,2.16414,1.136
61413759,HBL-W11,3.76703,0.87432
61413832,BGM-W14,0.26125,0.07541
61414131,HBL-W15,4.38583,0.85996
61414613,BLR-W28,0.0,0.0
61414674,HBL-W12,1.55875,0.00967
61414756,MNG-W14,0.95584,0.63222
61414779,MNG-W01,0.0,0.0
61415082,MNG-W07,0.0,0.0
61415263,BLR-W01,0.0,0.0
61415425,MNG-W14,1.96311,0.65116
61415602,HBL-W09,0.0,0.0
61415734,MYS-W12,0.0,0.0
61415899,BGM-W08,0.0,0.0
61416112,HBL-W11,0.0,0.0
61416319,TMK-W04,0.62861,0.37471
61416479,MNG-W14,5.9862,0.08333
61416717,BLR-W04,0.28601,0.02338
61416769,BLR-W21,0.9044,0.04207
61417333,MNG-W03,0.56171,0.04002
61417357,BLR-W12,0.0,0.0
61417421,MNG-W16,0.66759,0.06168
61418131,MNG-W14,1.2622,0.11252
61418136,MYS-W17,1.0923,0.05169
61418310,MNG-W07,3.40022,0.98329
61418429,BGM-W10,1.02388,0.06745
61418577,BLR-W11,2.35776,0.10996
61418580,HBL-W11,0.0,0.0
61418681,TMK-W05,0.0,0.0
61419394,MNG-W01,8.5253,0.30336
61419619,SMG-W08,0.0,0.0
61419744,MYS-W07,3.26968,0.90626
61419794,BLR-W37,3.29767,0.02085
61419846,TMK-W01,2.63282,0.0686
61419922,HBL-W12,2.73861,0.26341
61419997,MNG-W04,0.60854,0.01576
61420094,BLR-W24,0.0,0.0
61420302,HBL-W08,4.58722,0.63997
61420341,BLR-W24,1.31081,0.68213
61420616,BLR-W25,1.41708,0.02824
61420809,BLR-W39,0.0,0.0
61421460,MNG-W02,0.84146,0.83896
61422383,MYS-W03,0.0,0.0
61422396,HBL-W09,4.7378,0.47567
61422438,MNG-W01,0.0,0.0
61422563,BGM-W14,3.81195,0.06369
61422663,TMK-W06,0.60955,0.18117
61423018,HBL-W09,4.83104,1.52714
61423054,SMG-W02,0.0,0.0
61423303,BLR-W23,0.93516,1.65516
61423485,BLR-W06,1.4576,0.03506
61423521,MNG-W05,0.0,0.0
61423527,MNG-W08,0.49133,0.22226
61424027,BLR-W34,1.48518,0.01345
61424122,MNG-W03,2.24986,0.19171
61424256,BGM-W02,2.19516,0.07974
61424509,BLR-W02,1.7844,0.0435
61424738,BLR-W24,1.72838,0.02805
61424747,MNG-W05,1.23484,0.05756
61424948,BGM-W04,3.55798,0.21394
61425067,HBL-W11,2.17184,0.63169
61425073,BLR-W13,11.676,0.11188
61425089,MNG-W14,2.2392,0.13294
61425412,BLR-W21,0.41728,0.01542
61425492,MYS-W11,1.6914,0.04016
61425535,MNG-W07,1.8574,6.07828
61425800,MNG-W06,0.78989,0.00727
61426160,MNG-W05,2.73336,0.19056
61426233,MNG-W03,3.0099,0.23271
61426310,BGM-W10,2.38629,0.16181
61426409,MNG-W01,2.56083,0.28477
61426666,MYS-W18,2.20449,0.25252
61426673,BLR-W34,1.04429,0.061
61426842,MNG-W09,6.42226,3.40694
61426992,MNG-W16,0.0,0.0
61427174,BLR-W25,0.54942,0.00699
61427221,BGM-W05,3.20332,0.08589
61427289,BLR-W33,0.0,0.0
61427469,TMK-W03,0.0,0.0
61427565,MNG-W16,0.0,0.0
61427596,SMG-W02,0.0,0.0
61427707,TMK-W09,0.0,0.0
61427916,HBL-W09,5.74777,0.42784
61428125,MNG-W12,3.24447,0.15031
61428353,MNG-W09,0.4406,0.01222
61428492,HBL-W06,0.0,0.0
61428629,HBL-W15,2.08982,0.4126
61428871,TMK-W05,2.93844,1.55184
61428884,MNG-W01,0.84771,0.02309
61428976,SMG-W09,0.0,0.0
61429373,BLR-W23,0.0,0.0
61429618,SMG-W04,0.32345,0.09377
61429974,SMG-W06,0.47607,0.09092
61430211,BLR-W02,3.08722,0.89938
61430235,MYS-W14,0.60715,0.15815
61430298,MYS-W04,1.76767,0.05807
61430541,MYS-W14,0.0,0.0
61430636,TMK-W02,0.0,0.0
61430756,SMG-W02,3.61435,0.23399
61431036,MNG-W07,1.49096,0.15151
61431078,MYS-W16,0.0,0.0
61431199,MNG-W14,2.69137,0.12071
61431212,BGM-W06,4.41837,0.08871
61431375,MYS-W03,0.0,0.0
61431408,HBL-W12,3.33195,0.4853
61431440,MYS-W17,1.33755,0.0197
61431467,BGM-W14,5.40676,6.91773
61431472,BLR-W02,2.99973,0.7783
61431744,BLR-W34,1.61757,0.03311
61431934,MNG-W04,1.92817,0.05494
61432290,BLR-W07,0.58614,0.12626
61432764,HBL-W16,0.0,0.0
61432769,MNG-W07,1.85057,0.21416
61432831,BGM-W12,3.31196,0.10464
61432963,BLR-W25,0.65273,0.06018
61433155,HBL-W15,1.94406,0.20052
61434044,MYS-W03,1.45475,0.12027
61434129,MNG-W05,2.33064,0.80874
61434211,BLR-W13,2.82818,0.08753
61434564,MNG-W01,2.04637,0.12329
61434591,MYS-W12,0.0,0.0
61434715,SMG-W08,1.87265,0.0387
61434927,BLR-W29,0.0,0.0
61435329,MNG-W14,2.90458,0.42238
61435345,BLR-W21,0.28887,0.00334
61435704,BLR-W34,0.0,0.0
61435825,MNG-W07,0.0,0.0
61435846,MYS-W18,1.3157,0.08898
61435948,TMK-W05,2.38872,0.02044
61436118,MNG-W12,2.47464,0.03281
61436320,HBL-W12,0.0,0.0
61436749,TMK-W04,0.0,0.0
61436843,MNG-W07,0.0,0.0
61436939,MNG-W09,0.0,0.0
61436957,BLR-W24,2.36593,0.12783
61437117,MNG-W07,2.8714,0.08998
61437127,TMK-W02,0.78121,0.21806
61437264,BGM-W09,1.59963,0.14655
61437276,MNG-W07,3.15642,1.13011
61437482,BLR-W30,2.37357,0.70974
61437532,HBL-W09,2.15357,0.39609
61437692,HBL-W11,0.91046,1.84343
61437725,HBL-W11,1.75556,0.08093
61437906,BLR-W26,0.0,0.0
61437967,TMK-W10,0.76073,0.01728
61437976,BLR-W04,0.0,0.0
61438144,MYS-W09,2.16593,0.20746
61438318,BLR-W18,0.12159,0.01104
61438470,MNG-W07,0.0,0.0
61438656,TMK-W12,8.43737,5.49019
61438897,MYS-W02,2.75856,0.29041
61439396,MYS-W09,1.10731,0.12
61439450,TMK-W02,3.81232,0.28316
61439512,BLR-W21,0.0,0.0
61439537,MNG-W14,1.35239,2.96768
61439721,BLR-W37,0.0,0.0
61439775,BLR-W13,1.76572,0.21618
61439877,MNG-W12,5.20099,0.04807
61440027,BLR-W30,0.76498,0.02732
61440043,BGM-W08,0.60306,0.02841
61440122,MNG-W01,1.88131,0.49027
61440209,BLR-W28,3.09872,0.00934
61440281,MNG-W02,0.0,0.0
61440290,MNG-W01,2.77621,0.32932
61440328,TMK-W03,0.0,0.0
61440428,SMG-W08,3.86276,0.17805
61440786,MYS-W10,2.71191,3.94102
61440849,SMG-W08,1.9435,0.04774
61441026,BGM-W14,4.48815,3.53333
61441082,BLR-W21,0.2201,0.02417
61441513,BGM-W05,0.0,0.0
61441638,BGM-W14,6.09599,0.41217
61441989,SMG-W06,1.03381,3.87869
61442147,MYS-W10,0.90288,0.0899
61442271,HBL-W11,3.24182,0.45737
61442427,BLR-W34,0.0,0.0
61442705,MNG-W03,0.0,0.0
61443015,MYS-W03,4.71615,1.45517
61443099,MYS-W16,0.0,0.0
61443254,HBL-W09,0.0,0.0
61443341,BGM-W14,0.27336,0.05324
61443535,BLR-W28,0.40222,0.00391
61443564,TMK-W02,1.13836,2.11822
61443587,BLR-W38,0.70003,0.00212
61443596,SMG-W02,2.55334,0.03821
61443677,MNG-W02,0.94564,0.04499
61443772,HBL-W11,0.0,0.0
61443814,MNG-W03,0.86676,0.13169
61443843,BLR-W06,0.64912,0.15664
61444125,HBL-W12,1.00098,0.39679
61444186,BGM-W07,0.94447,0.07645
61444416,SMG-W05,0.0,0.0
61444757,BLR-W20,0.0,0.0
61444912,HBL-W09,0.0,0.0
61444940,BLR-W27,0.87573,0.07555
61444991,BLR-W02,0.0,0.0
61445028,MNG-W07,5.37556,7.69062
61445050,MNG-W06,1.49708,0.00615
61445359,SMG-W08,0.91433,0.01129
61445546,MNG-W03,4.20874,0.56864
61445803,TMK-W12,1.30535,0.94442
61445820,BLR-W18,0.0,0.0
61446161,MNG-W09,1.35863,0.15758
61446498,MNG-W14,0.0,0.0
61446576,BLR-W26,2.77828,0.06262
61446993,MNG-W12,0.94927,0.00872
61447050,MNG-W02,0.0,0.0
61447309,BLR-W04,1.515,0.26848
61447401,SMG-W03,0.79589,0.04131
61447409,MNG-W08,0.0,0.0
61447568,MYS-W10,1.53569,0.23837
61447639,TMK-W12,0.0,0.0
61447678,TMK-W04,1.57113,0.0293
61447959,BLR-W12,1.66488,0.27342
61448034,MNG-W06,0.74761,0.02346
61448379,BLR-W21,0.0,0.0
61448654,BGM-W06,1.35982,0.12004
61448767,MNG-W01,0.0,0.0
61448771,BGM-W14,0.0,0.0
61449039,MNG-W09,0.0,0.0
61449215,MYS-W09,0.0,0.0
61449389,MYS-W09,0.96588,0.16056
61449557,BGM-W03,0.0,0.0
61449632,BLR-W01,2.26774,0.09942
61449749,BGM-W14,1.7341,0.72927
61449892,BLR-W30,1.4518,0.21523
61449944,SMG-W06,0.0,0.0
61450082,TMK-W05,0.0,0.0
61450531,TMK-W02,0.0,0.0
61450774,MNG-W09,0.0,0.0
61450787,MYS-W07,1.41656,0.12156
61450831,MNG-W16,0.40263,0.0204
61450903,MNG-W07,1.22371,0.48336
61451264,SMG-W02,2.53746,0.32598
61451463,MYS-W02,0.0,0.0
61451651,HBL-W03,0.0,0.0
61452294,TMK-W05,0.0,0.0
61452352,BGM-W12,0.0,0.0
61452772,SMG-W12,0.0,0.0
61452789,HBL-W12,3.8038,0.22673
61453114,SMG-W11,0.0,0.0
61453274,MYS-W05,0.39691,0.07184
61453574,BLR-W20,0.0,0.0
61453597,BLR-W12,1.44704,0.32862
61453670,MNG-W08,3.1987,0.10132
61453992,SMG-W05,1.08417,0.00866
61454056,MNG-W13,1.59922,0.01501
61454162,MYS-W18,1.55831,0.26987
61454170,SMG-W11,2.68253,0.02128
61454244,HBL-W11,0.0,0.0
61454479,HBL-W08,2.47319,0.6156
61454903,BGM-W04,0.28925,0.0063
61455040,MNG-W09,2.65368,0.02721
61455297,SMG-W02,0.0,0.0
61455411,MYS-W01,1.06365,0.19847
61455502,SMG-W03,0.38829,0.14072
61455503,BLR-W35,3.98243,0.5682
61455558,HBL-W12,2.69622,0.30065
61455587,TMK-W12,4.46459,1.00307
61455647,BLR-W22,0.0,0.0
61455764,HBL-W09,4.17295,0.6425
61455898,BLR-W33,5.31793,0.62608
61456064,BLR-W21,1.62318,0.0463
61456198,TMK-W02,2.29561,0.71963
61456215,TMK-W04,2.39241,0.09292
61456328,BLR-W34,2.54549,0.03707
61457408,BLR-W13,15.75881,0.33283
61457748,SMG-W12,0.83903,0.12283
61457864,MYS-W16,2.91158,0.00884
61458329,BLR-W09,0.0,0.0
61458441,MYS-W10,0.0,0.0
61458561,MNG-W02,0.0,0.0
61458573,MNG-W01,3.11148,0.03395
61458850,BGM-W10,0.0,0.0
61459153,BLR-W24,1.77093,0.26972
61459336,MNG-W07,1.68176,0.16408
61459359,MNG-W09,1.70669,0.0534
61459449,BLR-W24,3.21769,0.22769
61459478,BLR-W19,0.68631,0.01694
61459600,BLR-W13,12.50109,0.37947
61459689,MNG-W08,1.41087,0.49784
61459961,SMG-W08,0.0,0.0
61460182,HBL-W09,0.0,0.0
61460193,MYS-W16,3.54991,0.12468
61460197,MNG-W14,3.1641,0.22403
61460693,BLR-W34,3.09201,0.06289
61460752,MYS-W10,1.07243,0.42907
61461722,BGM-W14,1.3107,0.48838
61461754,BLR-W17,0.0,0.0
61461954,SMG-W06,0.0,0.0
61462115,HBL-W08,0.0,0.0
61462192,BGM-W14,2.74886,0.9624
61462194,MNG-W01,7.42791,0.11993
61462252,TMK-W04,3.89095,0.33064
61462344,HBL-W09,0.0,0.0
61462457,MNG-W12,0.56377,0.02345
61462600,BGM-W09,1.31588,0.12874
61462632,BLR-W16,0.0,0.0
61462938,SMG-W08,0.0,0.0
61463011,TMK-W10,0.0,0.0
61463179,BGM-W15,0.16147,0.00215
61463200,MNG-W06,1.00417,0.05791
61463305,HBL-W12,1.34918,0.27592
61463471,MNG-W14,5.10585,0.18616
61464033,BLR-W06,2.11663,0.01688
61464121,MNG-W16,0.0,0.0
61464140,BLR-W22,1.60907,0.27321
61464295,MNG-W14,5.83296,1.47019
61464324,BLR-W35,0.0,0.0
61464551,MNG-W07,2.38364,0.38451
61464647,BLR-W02,3.87237,0.2847
61464747,TMK-W05,0.0,0.0
61464860,BLR-W18,0.0,0.0
61464863,MNG-W01,0.0,0.0
61464998,HBL-W12,0.0,0.0
61465049,MYS-W02,0.0,0.0
61465058,BLR-W37,0.0,0.0
61465219,MNG-W14,0.0,0.0
61465234,SMG-W08,0.0,0.0
61465323,BGM-W14,0.54592,0.02736
61465375,SMG-W08,0.0,0.0
61465386,BLR-W04,0.0,0.0
61465758,MYS-W15,0.30309,0.02217
61465870,BLR-W28,1.00362,0.00948
61465888,TMK-W06,6.12589,2.43945
61465901,TMK-W02,3.42485,2.38133
61465998,MNG-W06,0.0,0.0
61466586,SMG-W11,1.13992,0.50573
61466640,SMG-W07,2.14213,0.67515
61466804,BLR-W15,0.99582,0.29318
61466839,HBL-W08,0.0,0.0
61467111,BLR-W34,0.0,0.0
61467317,SMG-W02,0.0,0.0
61467326,MNG-W14,2.95684,0.183
61467666,SMG-W08,0.0,0.0
61467800,BLR-W13,0.0,0.0
61467801,MNG-W03,1.73543,0.2101
61467843,MNG-W14,0.0,0.0
61468004,BGM-W01,1.66085,0.10095
61468285,MNG-W16,1.40447,0.48354
61468347,MNG-W01,0.0,0.0
61468679,MYS-W03,0.74837,0.04281
61468763,TMK-W08,2.42513,0.47074
61468767,BLR-W35,2.50247,0.48197
61468904,MNG-W09,6.25364,0.80447
61468975,HBL-W15,0.0,0.0
61469077,SMG-W03,2.33673,0.28825
61469196,TMK-W01,2.08078,0.02875
61469539,MYS-W09,4.57747,0.03697
61469756,MYS-W10,1.79093,1.29177
61469773,TMK-W08,0.29878,0.00412
61470159,HBL-W15,1.07101,0.11428
61470493,BLR-W22,1.32768,0.10228
61470588,MNG-W12,0.0,0.0
61470656,BLR-W02,1.06149,0.226
61470668,BLR-W39,0.0,0.0
61470781,BLR-W32,3.65317,0.11194
61470787,BGM-W13,0.0,0.0
61470881,TMK-W04,0.34102,0.01499
61471146,TMK-W12,0.0,0.0
61471193,MNG-W09,3.74546,0.30408
61471281,MNG-W03,0.0,0.0
61471310,MNG-W09,0.79299,0.25324
61471539,MNG-W09,7.74831,0.3825
61471830,MNG-W14,2.19554,0.08086
61471946,TMK-W08,1.92127,0.0543
61472073,TMK-W10,0.0,0.0
61472234,MNG-W08,1.13101,0.18126
61472310,SMG-W05,0.0,0.0
61472675,BLR-W24,6.87218,0.14126
61473008,BLR-W34,0.0,0.0
61473059,BLR-W12,0.0,0.0
61473281,MNG-W02,0.3056,0.00236
61473422,HBL-W12,0.0,0.0
61473460,MYS-W11,0.19403,0.02019
61473771,BLR-W37,0.0,0.0
61473800,BLR-W35,10.03249,2.74086
61474053,BLR-W07,0.0,0.0
61474144,HBL-W03,0.65339,0.67802
61474170,HBL-W03,3.46399,0.07836
61474449,MNG-W05,1.77627,0.09056
61474861,HBL-W09,1.11825,0.09434
61475072,SMG-W03,1.65172,0.11329
61475239,HBL-W11,0.0,0.0
61475542,BLR-W13,6.32682,2.5615
61475597,MNG-W02,9.26075,1.22427
61475634,BLR-W34,0.0,0.0
61475862,MNG-W03,5.2969,0.9352
61476098,MNG-W06,1.31232,0.07712
61476143,BGM-W04,0.63085,0.04809
61476266,HBL-W14,0.0,0.0
61476416,SMG-W01,2.5589,0.11469
61476542,MYS-W11,0.0,0.0
61476672,SMG-W03,2.79893,0.1546
61476847,BLR-W04,0.0,0.0
61477057,MYS-W13,0.45719,0.01324
61477310,BLR-W12,0.0,0.0
61477572,TMK-W04,1.46128,0.34577
61477633,BLR-W20,0.83935,0.00861
61477656,MYS-W03,3.18626,3.60245
61477663,MNG-W01,1.75786,0.15423
61477868,BLR-W23,1.2707,0.02215
61477994,MYS-W03,0.86927,0.11157
61478042,HBL-W12,1.66025,1.82695
61478198,MNG-W16,4.32561,0.1213
61478200,BLR-W35,0.0,0.0
61478251,MNG-W16,3.33086,0.13243
61478566,SMG-W05,0.87052,0.11307
61478610,BLR-W39,3.79446,0.21953
61478611,MNG-W01,0.92097,0.14763
61478620,MYS-W05,1.16559,0.00811
61478874,MNG-W01,0.82212,0.06603
61478894,MNG-W13,0.0,0.0
61479229,TMK-W05,0.54284,0.03644
61479459,BLR-W28,0.0,0.0
61479586,BLR-W20,1.65712,0.00654
61479961,MNG-W09,8.27764,1.9666
61480423,HBL-W10,0.0,0.0
61481007,MYS-W09,0.72658,0.65244
61481296,HBL-W11,2.12927,0.0141
61481527,MNG-W07,0.0,0.0
61481653,BGM-W14,2.37848,0.17701
61481890,SMG-W12,0.0,0.0
61481897,MYS-W01,2.61979,0.05461
61482221,BLR-W34,0.90986,0.01943
61482284,BLR-W19,1.3158,0.03839
61482369,MNG-W07,1.98538,0.11801
61482476,MNG-W06,4.26656,0.04233
61482561,HBL-W15,3.89989,0.87557
61482576,MYS-W18,0.0,0.0
61482764,MNG-W05,4.20203,0.02247
61482792,MYS-W17,0.0,0.0
61482926,MYS-W15,1.606,0.01323
61482936,BLR-W37,0.10646,0.00267
61483008,BGM-W10,2.87501,0.08895
61483053,HBL-W12,0.0,0.0
61483232,SMG-W11,7.43495,0.9463
61483741,MNG-W06,0.0,0.0
61483944,HBL-W12,0.0,0.0
61484077,MYS-W02,3.22507,0.09344
61484108,SMG-W03,5.37168,2.96856
61484580,BLR-W23,3.43943,0.18603
61484771,SMG-W02,2.98716,0.25709
61484928,MNG-W09,0.92495,0.10811
61485037,BLR-W32,0.86146,0.17915
61485068,BGM-W14,0.0,0.0
61485855,HBL-W12,4.11203,0.21811
61486262,TMK-W05,0.0,0.0
61486405,BLR-W31,4.3691,4.69735
61486416,BLR-W07,0.45556,0.1149
61486479,HBL-W05,1.9693,0.19611
61486732,MYS-W03,2.74366,1.33403
61487071,MYS-W05,0.0,0.0
61487092,MNG-W04,2.74636,0.01708
61487098,BGM-W05,3.99633,0.33949
61487258,MNG-W14,1.55009,0.19169
61487316,BLR-W24,2.60555,1.05472
61487428,BLR-W18,2.59368,0.07467
61487443,MNG-W12,0.0,0.0
61487833,BLR-W24,2.00097,0.85052
61487866,BLR-W06,2.81454,0.09583
61488114,HBL-W10,2.14699,0.63252
61488118,BGM-W04,1.99633,0.17462
61488265,HBL-W12,0.37504,0.06723
61488411,BLR-W14,0.0,0.0
61488452,BGM-W07,0.0,0.0
61488853,MNG-W02,0.0,0.0
61489055,TMK-W04,0.0,0.0
61489235,BGM-W12,0.0,0.0
61489240,HBL-W15,6.96973,0.43809
61489470,BLR-W06,0.0,0.0
61489629,BLR-W31,0.85457,0.01073
61489699,HBL-W11,2.41108,0.11095
61489713,SMG-W03,0.0,0.0
61489793,BLR-W34,0.71527,0.05275
61490039,TMK-W06,0.7622,0.30963
61490053,HBL-W12,0.56247,0.08089
61490101,MNG-W04,5.88596,0.17373
61490107,HBL-W11,1.46016,0.57275
61490425,MNG-W09,0.0,0.0
61490430,MYS-W03,2.43683,0.29552
61490714,MNG-W09,4.28849,0.81758
61490926,MNG-W14,5.77379,13.26806
61491370,BLR-W02,1.57599,0.11391
61491392,MNG-W02,3.96832,0.11496
61491433,TMK-W04,2.1713,0.44533
61491632,TMK-W08,0.81413,0.25018
61491667,BLR-W20,0.0,0.0
61491766,MNG-W12,0.0,0.0
61491933,TMK-W04,0.0,0.0
61492135,BGM-W15,0.75088,0.02563
61492192,TMK-W05,3.41848,0.33114
61492662,TMK-W08,0.53741,0.06264
61492767,BGM-W04,3.17915,0.34806
61492859,BGM-W14,0.0,0.0
61493450,MYS-W11,0.0,0.0
61493527,BLR-W39,2.23689,0.05327
61493792,HBL-W09,3.61912,1.91624
61494305,MYS-W07,0.0,0.0
61494536,MNG-W13,0.84388,0.02053
61494669,MNG-W02,0.0,0.0
61494809,MNG-W08,1.97346,0.50452
61494902,BLR-W23,7.82426,0.2399
61495126,BLR-W34,0.57251,0.02533
61495199,TMK-W08,1.54033,1.8903
61495225,BGM-W11,0.0,0.0
61495266,TMK-W08,2.13283,0.08166
61495301,MNG-W09,0.50847,0.00879
61495319,BLR-W38,1.17138,0.00528
61495784,SMG-W08,1.67287,0.0209
61495989,HBL-W12,0.34923,0.01493
61496088,SMG-W06,0.0,0.0
61496142,SMG-W05,1.17055,0.38573
61496251,MNG-W01,0.0,0.0
61496579,MNG-W01,0.0,0.0
61496890,MYS-W09,0.0,0.0
61497075,TMK-W06,2.30787,0.10231
61497418,MYS-W16,4.05117,0.03715
61497805,TMK-W10,2.20688,0.19426
61498112,SMG-W09,0.0,0.0
61498295,BGM-W14,2.52315,8.13454
61498338,BLR-W20,0.0,0.0
61498475,SMG-W03,0.0,0.0
61498557,MNG-W04,5.60066,1.30105
61498894,SMG-W03,0.69866,0.03529
61499127,TMK-W04,0.0,0.0
61499133,MNG-W09,3.18156,0.09802
61499416,BLR-W13,0.0,0.0
61499428,SMG-W03,6.40657,0.52793
61499440,MNG-W16,2.36522,0.15936
61499508,BLR-W33,2.11058,0.16572
61499789,TMK-W08,2.04807,0.17898
61499987,MYS-W18,0.0,0.0
61500084,BLR-W22,0.0,0.0
61500211,BGM-W08,0.57571,0.04457
61500268,TMK-W04,0.0,0.0
61500449,SMG-W12,0.35016,0.05195
61500496,HBL-W15,4.07343,0.21855
61500552,BGM-W08,0.0,0.0
61500636,HBL-W15,2.26164,0.20468
61500793,HBL-W12,0.0,0.0
61500886,BLR-W22,0.0,0.0
61501229,HBL-W02,2.83825,0.1298
61501611,HBL-W15,0.0,0.0
61501656,TMK-W04,0.0,0.0
61501803,BLR-W02,5.75354,1.60711
61502039,MNG-W14,1.0043,0.10934
61502051,HBL-W11,1.80122,0.25389
61502264,MYS-W05,0.0,0.0
61502303,BGM-W14,0.0,0.0
61502353,TMK-W05,0.0,0.0
61502537,SMG-W01,0.19975,0.01409
61502592,SMG-W09,2.91896,0.0863
61502665,MNG-W14,3.73064,0.03118
61502829,MNG-W04,2.81258,0.21114
61502970,MNG-W14,0.0,0.0
61503197,MNG-W16,1.09725,0.68954
61503232,BLR-W26,0.28321,0.03078
61503351,TMK-W10,0.0,0.0
61503388,MNG-W02,2.41927,0.3946
61503445,BLR-W11,3.22272,0.39444
61503494,TMK-W10,0.61275,0.01224
61503618,BGM-W12,1.36076,0.8198
61503772,MNG-W12,1.7729,0.1674
61503986,SMG-W08,0.0,0.0
61504017,HBL-W12,0.0,0.0
61504231,BLR-W22,2.01671,0.17795
61504234,MNG-W14,3.63418,0.29235
61504631,BGM-W06,0.08824,5e-05
61504771,SMG-W02,0.64938,0.13649
61504829,MYS-W10,0.0,0.0
61504847,BLR-W32,0.0,0.0
61504863,BLR-W20,0.0,0.0
61504927,MYS-W15,0.0,0.0
61505126,BLR-W34,2.79735,0.3101
61505321,HBL-W09,2.74618,1.24411
61505344,MNG-W14,2.01685,0.24027
61505637,MNG-W01,0.70011,0.01767
61505650,MYS-W10,1.64129,0.22833
61505755,BGM-W14,8.15355,5.1001
61505772,SMG-W06,1.64997,0.22346
61505926,BLR-W32,0.0,0.0
61505927,MNG-W14,2.10142,0.31139
61505960,SMG-W10,1.2237,0.15925
61506036,BGM-W03,0.0,0.0
61506091,HBL-W09,0.0,0.0
61506096,BLR-W07,0.0,0.0
61506116,BLR-W13,0.0,0.0
61506121,SMG-W03,2.40397,7.81708
61506237,SMG-W03,1.65151,0.28699
61506350,HBL-W14,0.0,0.0
61506467,MNG-W09,4.43152,0.15466
61506499,BGM-W13,1.23753,0.08633
61506828,HBL-W11,1.45087,1.1855
61507130,TMK-W04,0.0,0.0
61507501,MNG-W16,5.13617,0.37227
61507528,BLR-W02,0.57992,0.11838
61507741,MYS-W04,1.16698,0.01665
61507763,BLR-W13,0.0,0.0
61508010,MNG-W01,1.68084,0.1198
61508055,MNG-W07,1.17547,0.08388
61508463,BLR-W09,1.24533,0.00988
61508585,TMK-W02,0.0,0.0
61508608,MYS-W14,6.27045,0.88393
61508721,TMK-W05,0.0,0.0
61508855,BLR-W01,0.0,0.0
61508960,MYS-W18,4.67401,0.67255
61509166,SMG-W03,8.08102,0.10162
61509288,MYS-W01,0.81538,0.18881
61509435,MNG-W08,0.42126,0.00376
61509594,MNG-W08,1.93553,0.16466
61509909,TMK-W09,1.14067,0.0475
61509984,BLR-W28,1.27967,0.0224
61510024,SMG-W09,4.70264,0.46439
61510297,MNG-W12,0.0,0.0
61510397,MYS-W13,1.7836,0.30416
61510605,MNG-W01,2.9269,0.05007
61510613,BLR-W21,0.08804,0.00095
61510809,MNG-W08,0.0,0.0
61510920,SMG-W02,2.28827,0.05773
61511037,BLR-W18,0.40581,0.0044
61511215,BLR-W35,0.0,0.0
61511496,HBL-W05,1.00094,0.07234
61511733,BLR-W39,1.18264,0.164
61511754,MYS-W10,0.67505,0.13998
61511784,HBL-W09,0.0,0.0
61511789,SMG-W09,0.0,0.0
61511806,HBL-W01,0.0,0.0
61512202,BLR-W24,0.0,0.0
61512412,MNG-W16,0.0,0.0
61512519,BLR-W13,7.15639,4.70836
61512638,BLR-W28,0.0,0.0
61512673,TMK-W06,2.41483,0.06627
61512817,MNG-W03,2.12292,0.05678
61513547,BLR-W28,0.77007,0.00658
61513707,MNG-W05,0.0,0.0
61513807,BLR-W32,0.0,0.0
61514147,BGM-W14,1.05084,5.16777
61514310,BLR-W34,2.58738,0.06306
61514408,MYS-W02,0.0,0.0
61514598,MYS-W03,1.40744,0.8263
61514757,TMK-W10,0.0,0.0
61514813,SMG-W03,2.12519,0.06704
61514838,MYS-W16,0.0,0.0
61515164,MYS-W02,6.60851,10.95252
61515190,SMG-W12,0.0,0.0
61515407,BLR-W22,1.01282,0.07384
61515538,MNG-W10,0.37654,0.01651
61515553,BLR-W06,5.10968,0.02668
61515984,BLR-W20,3.86152,0.18023
61516266,SMG-W09,0.0,0.0
61516406,MNG-W01,5.32887,0.70724
61516613,BLR-W33,3.23603,0.36321
61516640,MNG-W06,0.99985,0.05326
61516669,SMG-W03,2.21066,0.10855
61516871,TMK-W05,0.90736,0.00625
61516881,HBL-W15,0.0,0.0
61516944,TMK-W05,1.69113,0.82328
61516990,SMG-W05,1.73672,0.67397
61517270,TMK-W12,0.0,0.0
61517467,MYS-W05,0.0,0.0
61517518,MNG-W03,4.40799,0.09979
61517742,HBL-W09,0.0,0.0
61518924,BLR-W29,0.0,0.0
61518936,SMG-W08,0.28624,0.00248
61519072,MNG-W09,1.21057,0.23161
61519388,MNG-W14,3.24566,1.0374
61519501,BGM-W14,0.0,0.0
61519512,HBL-W11,1.62625,0.01038
61519528,BLR-W21,1.11313,0.00426
61519838,MYS-W02,0.0,0.0
61520046,BLR-W21,1.70623,0.03714
61520160,SMG-W02,1.12073,1.60483
61520208,MNG-W12,1.79461,0.01757
61520282,SMG-W03,1.51592,0.02822
61520305,BGM-W04,0.0,0.0
61520312,MYS-W02,1.73187,0.29016
61520564,TMK-W04,0.0,0.0
61520623,MNG-W13,0.79636,0.10992
61521015,MNG-W01,1.37362,1.32815
61521031,MNG-W03,0.0,0.0
61521117,BGM-W02,4.83291,0.09896
61521204,TMK-W04,3.09722,0.17177
61521257,BLR-W37,0.0,0.0
61521325,SMG-W11,1.19466,0.46111
61521361,MNG-W05,5.40258,1.33487
61521737,BLR-W22,4.45641,0.17134
61521739,MYS-W15,0.0,0.0
61522185,BLR-W23,1.0041,0.02415
61522382,SMG-W08,7.96572,0.48932
61522502,HBL-W12,0.0,0.0
61522675,HBL-W12,0.0,0.0
61522825,MYS-W05,0.36358,0.00941
61523098,MNG-W03,4.05357,0.24403
61523111,BLR-W03,0.0,0.0
61523132,SMG-W12,0.0,0.0
61523221,BLR-W18,0.0,0.0
61523280,BGM-W08,0.0,0.0
61523539,BGM-W15,0.54032,0.023
61523602,BLR-W19,4.10661,0.03935
61523664,SMG-W05,0.11169,0.02263
61523866,TMK-W05,1.2182,0.02619
61523957,HBL-W11,0.0,0.0
61524294,SMG-W03,0.0,0.0
61524712,BGM-W13,2.0916,0.24609
61524767,BLR-W07,1.23938,0.03463
61524777,SMG-W05,2.20875,0.13424
61524824,MNG-W01,1.46113,0.04169
61524928,MNG-W01,5.04544,0.58794
61525188,BLR-W13,2.90829,0.11755
61525251,BLR-W18,0.0,0.0
61525447,BGM-W14,2.57637,1.79878
61525512,HBL-W12,0.0,0.0
61525564,SMG-W06,2.75074,0.24546
61525596,TMK-W12,0.0,0.0
61525866,MYS-W05,0.0,0.0
61526012,MNG-W09,0.42359,0.01556
61526116,MNG-W16,0.0,0.0
61526128,SMG-W08,2.58925,1.41136
61526162,MNG-W08,0.77609,0.23137
61526276,SMG-W11,0.8297,0.66423
61526301,HBL-W03,1.31303,0.00272
61526483,MNG-W09,6.04149,0.51437
61526696,BGM-W04,3.77698,1.0375
61526799,SMG-W05,2.2772,1.72908
61527027,BLR-W13,6.17241,20.27885
61527051,BLR-W36,1.29444,0.08786
61527059,MNG-W03,2.67569,0.20184
61527362,BGM-W01,0.0,0.0
61527574,MYS-W09,1.43803,0.23861
61527806,BGM-W14,1.80643,0.08538
61527885,MYS-W04,0.97521,0.01013
61528041,MYS-W03,0.0,0.0
61528069,HBL-W12,1.02447,0.11339
61528158,BLR-W01,1.15097,0.11206
61528613,MNG-W01,0.0,0.0
61528748,BGM-W14,8.82738,0.45796
61528856,MYS-W17,0.0,0.0
61528880,BLR-W02,2.3286,0.28551
61528984,BLR-W21,0.0,0.0
61529089,BLR-W22,0.0,0.0
61529295,SMG-W02,0.0,0.0
61529510,BGM-W06,1.60236,0.04915
61529880,BLR-W33,3.3192,0.07134
61530203,MNG-W05,3.95663,0.07567
61530228,MNG-W14,2.25044,0.15528
61530264,SMG-W05,2.75788,0.04289
61530634,MNG-W07,4.97131,2.38558
61531080,MNG-W03,0.46691,0.0916
61531301,SMG-W03,0.0,0.0
61531381,MYS-W13,1.91,0.27396
61531584,MNG-W07,5.72328,0.16283
61531600,MNG-W16,3.0146,0.69014
61531754,MNG-W12,1.13394,0.02541
61531768,BLR-W14,1.67923,0.15986
61531880,BGM-W14,2.31069,3.16974
61531978,BGM-W09,1.65392,0.04467
61532200,BLR-W24,0.0,0.0
61532246,MYS-W16,3.18725,0.06684
61532895,HBL-W09,5.42461,0.7851
61533099,BGM-W01,2.84316,0.0478
61533113,MYS-W03,3.63574,0.16353
61533118,MNG-W13,0.65842,0.03356
61533341,MNG-W05,0.0,0.0
61533440,MYS-W09,1.88986,0.87855
61533490,MYS-W02,3.18541,0.00288
61533679,TMK-W04,3.94038,0.23856
61534452,MNG-W16,0.0,0.0
61534504,BLR-W18,0.0,0.0
61534612,BLR-W40,0.0,0.0
61534730,BGM-W07,0.0,0.0
61534837,HBL-W12,0.0,0.0
61534861,MYS-W18,2.27716,0.16311
61534888,MNG-W12,0.0,0.0
61534994,MNG-W04,0.0,0.0
61535138,MYS-W05,0.33308,0.00167
61535186,MYS-W10,0.0,0.0
61535460,TMK-W03,0.0,0.0
61535512,MNG-W03,0.71144,0.01466
61535884,SMG-W08,0.42469,0.09173
61536199,SMG-W10,0.57165,0.86291
61536242,MYS-W11,0.91437,0.01921
61536328,BGM-W09,1.40693,0.03113
61536397,MNG-W06,0.0,0.0
61536475,SMG-W03,0.0,0.0
61536662,SMG-W07,0.0,0.0
61536743,BGM-W15,2.00009,0.01319
61536869,HBL-W09,7.80374,1.36727
61537002,BLR-W13,3.93482,0.31521
61537010,BGM-W08,0.42504,0.04337
61537130,TMK-W04,0.0,0.0
61537212,BLR-W39,0.0,0.0
61537350,SMG-W08,1.48207,0.02904
61537580,MNG-W14,0.0,0.0
61537812,BGM-W15,0.0,0.0
61538110,BLR-W13,0.0,0.0
61539109,BLR-W22,0.27678,0.00664
61539545,MNG-W14,1.06928,0.0707
61539621,TMK-W12,2.16485,0.76947
61539844,BLR-W28,0.0,0.0
61539854,HBL-W03,0.0,0.0
61540010,TMK-W10,2.83366,0.04893
61540011,BLR-W22,0.0,0.0
61540059,BLR-W25,0.69511,0.19992
61540104,HBL-W09,8.04788,0.47262
61540152,HBL-W15,1.38882,0.62706
61540379,SMG-W05,0.24914,0.00771
61540481,SMG-W04,0.0,0.0
61540546,BLR-W24,3.96375,0.42154
61540751,MYS-W05,3.89104,0.19259
61540999,MYS-W10,1.51403,0.06591
61541022,BLR-W20,1.73681,0.14888
61541424,SMG-W05,0.6672,0.63014
61541532,MYS-W01,0.0,0.0
61541641,HBL-W09,0.0,0.0
61541745,SMG-W08,1.1371,0.03187
61541782,MYS-W02,3.2823,9.91905
61541812,BLR-W28,0.0,0.0
61541851,MNG-W06,1.51746,0.19793
61542263,SMG-W09,2.00871,0.77115
61542505,BGM-W15,1.85862,0.10331
61542767,HBL-W12,1.1478,0.24665
61543160,MYS-W15,0.0,0.0
61543291,BLR-W26,0.0,0.0
61543544,MYS-W12,0.0,0.0
61543713,TMK-W04,0.0,0.0
61544024,HBL-W12,0.0,0.0
61544041,BGM-W14,5.49623,0.10827
61544146,BLR-W13,5.00981,4.33111
61544416,HBL-W11,0.72112,0.19351
61544562,TMK-W05,0.0,0.0
61544602,MNG-W12,1.45801,0.09453
61544700,TMK-W04,1.58127,0.09572
61544892,BGM-W01,0.0,0.0
61545038,BGM-W03,0.0,0.0
61545097,BGM-W04,3.21314,0.0844
61545250,HBL-W12,2.06001,0.01935
61545433,BLR-W20,3.19964,0.06259
61545600,BGM-W01,0.0,0.0
61545645,BGM-W01,1.76849,0.03752
61545680,BGM-W08,1.91067,0.16867
61545743,MYS-W01,0.2527,0.02535
61545810,SMG-W02,0.67205,0.03592
61545823,MNG-W12,0.0,0.0
61545853,BLR-W20,1.05181,0.01297
61545871,BLR-W06,0.91768,0.06277
61545909,MYS-W15,1.96425,0.09475
61545992,HBL-W09,2.22854,0.9488
61546014,MNG-W14,1.76069,0.14307
61546076,BLR-W40,0.0,0.0
61546254,BLR-W31,1.87812,0.24011
61546578,TMK-W09,3.5205,0.01546
61546601,BLR-W21,0.47671,0.0036
61546688,MYS-W18,1.25128,0.88788
61546734,SMG-W06,0.26966,0.10398
61546740,BLR-W01,0.0,0.0
61546772,BGM-W08,1.78924,0.22358
61546974,BLR-W02,1.42304,2.44092
61547702,BGM-W03,1.55394,0.00104
61547754,MNG-W07,2.9336,0.57797
61547902,BGM-W04,1.47453,0.20888
61548251,BGM-W14,1.52277,8.10812
61548297,MNG-W13,0.37726,0.01557
61548666,MYS-W05,1.02221,0.05244
61548697,BGM-W14,3.03767,1.19201
61548730,MNG-W02,2.42283,0.04132
61549233,MNG-W14,1.29337,0.11744
61549236,TMK-W12,2.92555,0.4093
61549341,BGM-W14,3.06987,0.21793
61549342,BGM-W04,3.89193,0.92604
61549605,TMK-W04,1.47591,0.0633
61549670,SMG-W05,1.34107,1.11793
61549825,BLR-W35,0.0,0.0
61549953,BLR-W04,0.59506,0.03993
61550039,MNG-W07,1.40335,0.03558
61550522,BLR-W02,3.55286,0.75436
61550849,TMK-W05,3.28166,0.371
61550891,MNG-W09,0.0,0.0
61551121,BLR-W28,2.00569,0.00766
61551250,MNG-W16,4.45394,0.0698
61551290,BLR-W16,4.88836,2.47608
61551336,BGM-W09,0.0,0.0
61551345,BLR-W02,5.6058,1.30815
61551455,SMG-W08,0.0,0.0
61551764,MNG-W01,1.03191,0.01675
61552295,HBL-W09,1.75408,0.36501
61552336,HBL-W12,0.0,0.0
61552473,TMK-W04,2.40186,0.02221
61552591,MNG-W01,1.10731,0.02541
61552653,MNG-W13,0.89472,0.01995
61552755,MYS-W12,2.39963,0.06529
61552782,MNG-W01,2.47547,9.53082
61552816,BLR-W04,2.26898,0.11236
61552858,MNG-W02,0.0,0.0
61552878,BLR-W22,3.89375,0.05969
61552891,BLR-W13,3.0175,1.90504
61552948,MYS-W05,0.0,0.0
61553301,BLR-W20,0.0,0.0
61553528,MYS-W12,2.36407,0.00512
61553857,MNG-W01,0.0,0.0
61553896,TMK-W12,1.75555,0.91241
61554259,MNG-W07,1.39984,0.07403
61554283,MYS-W02,1.98407,0.24879
61554392,BGM-W14,3.20195,3.98679
61554424,BLR-W28,0.25358,0.00234
61554628,BLR-W26,0.0,0.0
61555046,BLR-W20,1.66148,0.02377
61555446,BLR-W02,2.61782,0.31709
61555587,HBL-W09,4.78025,7.02683
61555707,BGM-W14,0.93536,0.04791
61555973,HBL-W11,3.24486,0.29392
61556064,HBL-W01,2.81597,0.70581
61556259,SMG-W05,0.72328,0.07658
61556363,BLR-W35,1.41091,0.23145
61556470,MNG-W14,0.0,0.0
61556553,MNG-W02,0.34234,0.02829
61556562,MNG-W02,0.0,0.0
61556644,MYS-W18,1.75243,0.12468
61556648,SMG-W05,3.16217,0.05979
61556915,HBL-W01,0.0,0.0
61556924,BLR-W13,0.0,0.0
61557068,BGM-W01,1.10434,0.03993
61557897,SMG-W09,1.22604,0.1044
61558111,BLR-W07,0.58678,0.00265
61558113,TMK-W04,0.0,0.0
61558121,BLR-W13,0.0,0.0
61558139,MNG-W01,0.0,0.0
61558407,SMG-W08,0.0,0.0
61558483,HBL-W06,0.0,0.0
61558601,TMK-W09,1.96278,0.2347
61558704,HBL-W15,0.0,0.0
61559075,MYS-W02,1.401,0.02921
61559137,BGM-W14,0.42589,0.02238
61559187,MNG-W12,0.0,0.0
61559290,MNG-W04,0.0,0.0
61559360,MNG-W14,4.25896,0.62726
61559617,BGM-W07,0.82724,0.05533
61559649,SMG-W05,2.91335,4.54409
61559668,HBL-W09,2.81078,0.03896
61560130,HBL-W09,4.53099,0.14781
61560158,MYS-W06,0.99366,0.05719
61560167,MNG-W09,3.21496,0.55651
61560273,MYS-W04,0.80273,0.01232
61560663,HBL-W13,0.0,0.0
61560735,TMK-W02,3.71227,0.05031
61560902,MYS-W09,1.53216,0.20301
61560933,SMG-W02,1.52566,0.60685
61561116,MYS-W09,0.0,0.0
61561169,MYS-W18,2.01436,0.9012
61561215,MYS-W01,0.33708,0.02231
61561245,MNG-W04,3.46822,0.19136
61561354,BLR-W39,2.40295,0.19493
61561569,MNG-W01,1.53086,0.02561
61561657,BLR-W20,1.846,0.07367
61561809,HBL-W09,0.0,0.0
61562243,BLR-W04,0.0,0.0
61562347,MNG-W03,3.11411,0.07189
61562473,HBL-W09,1.77821,0.03919
61562546,BLR-W04,1.96695,0.3444
61562684,BGM-W14,4.05926,0.18326
61562709,MNG-W14,8.254,0.27386
61562728,BLR-W23,2.07135,0.26764
61563341,HBL-W09,0.0,0.0
61563574,HBL-W02,0.0,0.0
61563766,MYS-W13,1.9954,0.07012
61563850,BGM-W05,0.95111,0.35039
61563974,HBL-W12,1.24625,0.07268
61564072,MNG-W05,6.95002,1.67328
61564187,MNG-W04,2.16724,0.01841
61564215,BLR-W12,1.23209,0.15597
61564777,BGM-W08,1.67739,0.10932
61564851,TMK-W05,0.0,0.0
61564876,MNG-W04,1.02999,0.04142
61564893,BGM-W15,0.0,0.0
61564943,BLR-W23,2.51295,0.21317
61565463,BLR-W20,2.33391,0.00739
61565657,TMK-W04,0.0,0.0
61565837,MNG-W07,0.0,0.0
61565849,MNG-W08,0.0,0.0
61565934,TMK-W04,0.0,0.0
61566020,BGM-W14,0.82486,0.15288
61566032,MYS-W15,1.50992,0.1652
61566186,BGM-W02,0.0,0.0
61566344,MYS-W12,2.14168,0.00996
61566511,MNG-W05,0.0,0.0
61566892,MNG-W09,0.0,0.0
61566987,BLR-W29,1.7184,0.09767
61567158,BLR-W19,1.06808,0.03734
61567263,MYS-W16,2.90267,0.01356
61567542,BLR-W24,1.16382,0.08358
61567873,TMK-W09,1.2153,0.04584
61567882,MNG-W01,0.0,0.0
61567902,HBL-W15,4.25431,2.99647
61568006,MYS-W07,0.0,0.0
61568073,SMG-W03,4.87292,0.24085
61568114,TMK-W04,2.81206,0.04295
61568241,MNG-W12,0.34041,0.00824
61568426,MYS-W17,0.29294,0.00126
61568514,BGM-W14,3.85382,0.41291
61568794,BGM-W06,0.21278,0.13297
61568879,BLR-W23,0.0,0.0
61569047,SMG-W01,1.37841,0.14085
61569058,BLR-W34,1.86869,0.03043
61569295,BGM-W04,8.65299,0.45253
61569471,MYS-W11,0.0,0.0
61569560,BLR-W02,3.21767,0.19607
61569634,MNG-W12,0.0,0.0
61569636,BLR-W37,0.0,0.0
61569756,MNG-W14,2.71529,0.05858
61569778,MNG-W06,0.20235,0.0108
61569820,BLR-W13,0.0,0.0
61569822,MNG-W03,0.0,0.0
61569842,MNG-W07,0.0,0.0
61569843,MYS-W03,1.48401,1.18226
61569998,SMG-W09,0.0,0.0
61570100,TMK-W04,0.0,0.0
61570107,MYS-W04,0.98301,0.09211
61570172,HBL-W14,0.0,0.0
61570440,BGM-W14,0.0,0.0
61570591,BLR-W33,6.27295,0.2818
61570841,MNG-W09,4.69979,0.23561
61570896,MNG-W14,0.0,0.0
61570930,HBL-W09,0.63268,0.68777
61570934,BGM-W01,1.83869,0.01201
61571034,MYS-W14,0.0,0.0
61571101,BGM-W14,0.0,0.0
61571142,BLR-W21,0.33254,0.01344
61571320,TMK-W06,1.44516,0.32966
61571375,MNG-W05,1.03436,0.16171
61571439,BGM-W14,1.61778,0.379
61571693,MNG-W16,0.97593,0.14031
61571801,BGM-W10,1.10281,0.19683
61572254,BLR-W23,2.65766,0.22407
61572397,BGM-W01,0.37655,0.0016
61572456,MNG-W09,3.453,0.28007
61572506,TMK-W04,4.73479,0.22415
61572896,MNG-W02,1.71011,0.53811
61572971,BLR-W20,0.0,0.0
61573135,BLR-W13,0.0,0.0
61573179,BLR-W31,2.83548,0.3878
61573195,TMK-W02,0.0,0.0
61573198,TMK-W04,0.0,0.0
61573334,HBL-W12,0.0,0.0
61573556,TMK-W05,1.94861,0.14793
61573635,HBL-W15,3.80616,1.18061
61574220,TMK-W09,1.11918,0.00386
61574398,MNG-W02,0.0,0.0
61574462,BLR-W25,1.53188,0.07006
61574504,TMK-W02,0.0,0.0
61574574,BLR-W15,1.1722,0.06485
61574758,HBL-W15,0.0,0.0
61575234,MNG-W14,1.60089,0.06775
61575513,MNG-W07,0.0,0.0
61575699,MNG-W12,0.51581,0.03429
61575934,MYS-W17,3.57983,0.07358
61575961,MYS-W16,1.48123,0.03658
61576049,MNG-W16,0.0,0.0
61576052,TMK-W09,0.0,0.0
61576362,BLR-W18,1.51206,0.11846
61576466,MNG-W16,5.42685,0.01524
61576598,MNG-W14,5.4179,1.12836
61576966,SMG-W03,2.79196,5.64866
61577033,HBL-W11,0.0,0.0
61577320,SMG-W03,4.73859,1.50988
61577346,MNG-W02,1.46417,0.11942
61577436,MNG-W01,0.0,0.0
61577598,MNG-W03,4.60748,0.26734
61577771,MNG-W01,2.64932,0.16969
61577821,BLR-W26,1.99713,0.10184
61578241,MYS-W02,4.72526,1.90622
61578243,BLR-W39,3.54514,0.19959
61578280,MNG-W05,2.96538,0.02157
61578570,BLR-W11,0.0,0.0
61578676,SMG-W02,1.74192,0.91983
61578725,MNG-W16,3.85599,0.31002
61578729,MNG-W09,0.0,0.0
61578758,MNG-W14,2.8864,0.14604
61579045,SMG-W08,0.0,0.0
61579056,BLR-W12,0.0,0.0
61579071,MNG-W02,2.50335,0.49462
61579188,BGM-W15,0.0,0.0
61579263,MNG-W08,0.95866,0.57156
61579406,MNG-W14,7.08777,0.7108
61579512,BLR-W13,0.0,0.0
61579760,BLR-W36,2.85536,0.55321
61579835,TMK-W08,1.15424,0.00799
61580084,SMG-W12,1.38601,0.10582
61580109,BLR-W35,4.9097,0.31652
61580549,MNG-W01,2.12995,0.03874
61580635,SMG-W12,0.0,0.0
61580778,MNG-W15,0.0,0.0
61580826,SMG-W06,1.01245,0.86346
61580858,BLR-W15,2.22481,0.11442
61580879,BLR-W24,4.14358,0.85732
61581153,MNG-W07,2.32615,0.29342
61581177,SMG-W11,2.46287,4.8083
61581211,BLR-W11,0.0,0.0
61581271,MYS-W09,0.0,0.0
61581302,BLR-W28,3.56836,0.11584
61581379,MNG-W02,0.0,0.0
61581444,BGM-W04,0.0,0.0
61581517,TMK-W12,0.0,0.0
61581545,TMK-W06,0.81503,0.04558
61581699,MNG-W12,0.99329,0.04765
61581902,BLR-W22,1.73539,0.05863
61581903,MNG-W14,9.85059,1.89846
61582177,BLR-W37,0.99799,0.03824
61582401,BGM-W08,1.3457,0.01149
61582480,BGM-W09,0.0,0.0
61582701,MYS-W04,1.92913,0.06408
61582821,MNG-W09,3.40438,0.31312
61582875,MNG-W14,1.54877,0.06143
61583167,MNG-W07,8.55381,3.85779
61583233,BLR-W28,4.19945,0.13889
61583509,BLR-W34,1.07587,0.01759
61583538,BGM-W15,0.92268,0.00342
61583553,HBL-W12,5.27504,0.22408
61583799,TMK-W08,1.05752,0.23101
61584215,SMG-W05,0.0,0.0
61584296,MNG-W06,3.99798,0.02997
61584354,MNG-W01,4.54246,0.26297
61584375,SMG-W08,0.0,0.0
61584404,TMK-W07,1.83877,0.05644
61584419,HBL-W14,0.0,0.0
61584697,MNG-W01,2.72666,0.70057
61585076,MNG-W07,2.14477,1.69392
61585224,SMG-W03,0.30852,0.01853
61585286,MNG-W05,0.0,0.0
61585344,BLR-W15,3.54519,0.29388
61585436,BLR-W27,5.04358,0.04388
61585543,HBL-W09,5.66231,1.3426
61585737,SMG-W06,0.0,0.0
61585782,MNG-W16,0.0,0.0
61585794,MNG-W02,0.0,0.0
61585985,BGM-W07,0.79694,0.12213
61586080,MNG-W04,0.0,0.0
61586182,MNG-W02,3.5242,0.07699
61586225,TMK-W04,2.33132,0.10813
61586246,BLR-W35,0.87502,0.13352
61586345,MNG-W01,0.0,0.0
61586364,BLR-W39,0.0,0.0
61586475,SMG-W08,2.82899,0.93993
61586487,TMK-W01,0.0,0.0
61586691,TMK-W04,2.24334,0.24289
61586792,MNG-W14,3.12573,0.88542
61587106,BLR-W20,0.62213,0.09843
61587244,SMG-W06,0.0,0.0
61587324,BGM-W10,0.0,0.0
61587358,MYS-W10,0.67042,0.02533
61587415,MNG-W09,2.44945,0.61871
61587541,MNG-W02,0.0,0.0
61587608,BLR-W24,0.79872,0.049
61587661,HBL-W12,2.15278,0.23702
61587917,MNG-W16,0.36083,0.005
61587947,MYS-W14,3.19146,0.21569
61588058,MYS-W07,2.48628,0.05869
61588145,MNG-W14,0.0,0.0
61588438,TMK-W08,0.95818,0.09512
61588675,BGM-W01,0.89168,0.00892
61588727,BGM-W15,0.0,0.0
61588987,SMG-W11,4.67383,3.45616
61589063,TMK-W08,1.55747,0.21955
61589172,BGM-W12,2.68197,0.3525
61589466,MNG-W14,0.0,0.0
61589560,SMG-W05,0.54541,0.07843
61589565,MYS-W16,0.84204,0.04747
61589595,BGM-W14,5.55068,2.35227
61589647,BLR-W11,0.39824,0.0141
61589716,MNG-W14,4.75841,0.09134
61589797,BLR-W18,1.32691,0.02425
61589891,MNG-W14,1.308,0.27904
61590112,SMG-W03,0.0,0.0
61590116,MNG-W14,0.0,0.0
61590281,BGM-W02,1.32495,0.27739
61590352,BGM-W10,0.0,0.0
61590439,TMK-W06,0.55887,0.06585
61590751,MYS-W03,0.0,0.0
61590840,BLR-W34,0.39091,0.00855
61590955,BGM-W04,4.49946,0.82635
61591007,BLR-W13,0.0,0.0
61591119,MYS-W02,0.0,0.0
61591229,SMG-W03,2.1348,0.05306
61591280,MNG-W08,0.68654,0.05482
61591690,HBL-W04,0.0,0.0
61591854,BLR-W30,0.0,0.0
61591881,BLR-W13,1.38525,0.63387
61591888,BGM-W12,0.76388,0.01725
61591966,SMG-W12,0.98048,0.11618
61592090,HBL-W12,2.25775,1.18267
61592169,MNG-W14,0.0,0.0
61592251,TMK-W04,2.77535,2.46784
61592273,BLR-W17,0.15651,0.00393
61592287,TMK-W07,0.68371,0.08604
61592377,BLR-W01,0.0,0.0
61592409,BLR-W22,0.96086,0.01853
61592517,HBL-W09,0.0,0.0
61592567,HBL-W12,0.0,0.0
61592580,SMG-W08,0.0,0.0
61592621,HBL-W09,1.47317,0.56302
61592844,MNG-W14,1.79592,0.22152
61592883,HBL-W15,1.64708,0.02628
61592908,MNG-W12,0.0,0.0
61592916,SMG-W06,0.0,0.0
61593162,HBL-W01,0.72479,0.05122
61593247,HBL-W01,0.0,0.0
61593381,MNG-W06,0.0,0.0
61593534,MNG-W01,0.8577,0.04813
61593578,BGM-W14,2.51145,2.88571
61593792,TMK-W04,0.0,0.0
61593932,MYS-W05,0.61962,0.13183
61594057,SMG-W08,0.48412,0.0146
61594452,BLR-W30,0.0,0.0
61594560,BLR-W12,1.31347,0.02687
61594750,BGM-W15,0.0,0.0
61594996,BLR-W38,0.45576,0.03731
61595082,MYS-W09,4.95483,0.23399
61595287,MNG-W12,0.4697,0.00801
61595817,TMK-W06,0.0,0.0
61595930,BLR-W20,2.14823,0.24993
61596186,BLR-W26,1.17206,0.12624
61596537,BGM-W14,0.77917,0.28243
61596604,TMK-W08,0.0,0.0
61596800,BLR-W21,0.73031,0.02584
61597097,MNG-W12,2.23536,0.03999
61597183,BLR-W25,0.0,0.0
61597694,MYS-W14,0.0,0.0
61597774,MNG-W16,0.0,0.0
61597827,SMG-W02,1.54405,0.07275
61598024,TMK-W04,3.44252,0.12436
61598046,BLR-W18,1.43029,0.0576
61598073,BLR-W34,0.0,0.0
61598343,HBL-W11,2.16766,0.12344
61598526,MNG-W01,0.0,0.0
61598869,MNG-W12,0.73464,0.01019
61598976,BLR-W20,1.21147,0.00956
61599281,HBL-W14,1.58508,0.12343
61599298,BGM-W14,0.0,0.0
61599389,TMK-W06,0.0,0.0
61599699,HBL-W12,1.4912,0.4308
61599762,TMK-W11,0.0,0.0
61599902,BLR-W23,0.42435,0.00434
61600129,MYS-W12,0.47376,0.00046
61600166,SMG-W12,0.71575,0.19585
61600896,HBL-W11,4.90523,0.4074
61600982,BLR-W15,2.04385,0.15266
61601123,TMK-W04,0.0,0.0
61601453,BGM-W02,1.72453,0.11062
61601683,MNG-W08,0.34655,0.08835
61601693,HBL-W01,1.10674,0.08483
61601800,MYS-W03,3.26061,0.58264
61601957,TMK-W08,0.0,0.0
61601979,BLR-W40,3.63738,0.16249
61602029,HBL-W12,1.9941,0.33319
61602189,MNG-W10,0.0,0.0
61602250,TMK-W04,0.0,0.0
61602269,BLR-W26,6.53919,2.20827
61602851,MNG-W01,5.64452,4.03537
61602937,MNG-W06,4.06604,0.08973
61603042,BLR-W23,4.4686,0.22685
61603082,MNG-W03,0.82412,0.02352
61603462,MNG-W01,0.0,0.0
61603736,BLR-W02,1.43588,0.19271
61603944,BLR-W33,0.0,0.0
61603948,MYS-W03,0.0,0.0
61604079,MYS-W07,0.0,0.0
61604348,BGM-W14,0.39853,0.05855
61604479,BGM-W14,4.15637,4.73091
61604518,MNG-W14,1.92117,0.02959
61604541,MYS-W17,0.0,0.0
61605005,BLR-W35,0.0,0.0
61605223,MYS-W18,1.6987,0.74567
61605306,BGM-W10,1.73738,0.07451
61605428,BGM-W03,0.0,0.0
61605480,MNG-W07,0.0,0.0
61605531,BLR-W13,0.0,0.0
61606025,MNG-W01,1.39577,0.27841
61606132,MNG-W02,3.72009,0.50194
61606173,MNG-W14,5.4813,0.62679
61606206,MYS-W17,1.685,0.01253
61606465,MNG-W05,0.98882,0.06299
61606485,MNG-W16,0.0,0.0
61606603,BLR-W24,0.0,0.0
61606666,MNG-W01,4.14388,0.17717
61606771,MNG-W07,1.37196,0.00774
61606795,SMG-W06,0.34766,0.17641
61606856,HBL-W01,1.4776,0.29978
61607392,MYS-W04,0.0,0.0
61607457,BGM-W01,0.0,0.0
61607673,HBL-W11,0.2752,0.01242
61607858,MYS-W02,2.32485,0.67496
61608040,MYS-W16,4.14968,0.15842
61608041,MNG-W16,0.0,0.0
61608180,BLR-W23,2.19804,0.1912
61608231,MNG-W03,3.24906,0.13309
61608240,MYS-W05,0.0,0.0
61608259,BGM-W04,0.0,0.0
61608593,MNG-W12,1.19988,0.0424
61608830,BGM-W10,1.30214,0.24191
61609021,MNG-W09,0.0,0.0
61609072,HBL-W11,0.0,0.0
61609188,BLR-W39,2.49294,0.71757
61609246,TMK-W06,0.0,0.0
61609298,BLR-W20,1.41655,0.06867
61609435,BGM-W02,2.0703,0.37014
61609451,BGM-W08,1.64317,0.08117
61609837,TMK-W06,0.0,0.0
61609868,SMG-W09,0.27301,0.11784
61610510,MNG-W06,0.46712,0.01027
61610633,MNG-W09,1.44189,0.41638
61610792,HBL-W04,0.0,0.0
61610967,MNG-W01,6.30317,0.01689
61611213,TMK-W04,0.0,0.0
61611332,SMG-W08,0.99696,0.02587
61611386,HBL-W11,1.02006,0.005
61611712,MYS-W16,6.82316,0.17085
61611848,HBL-W12,0.0,0.0
61611958,BGM-W04,0.75602,0.04903
61612075,BLR-W21,1.12421,0.00649
61612105,MYS-W04,0.31922,0.00147
61612328,BLR-W34,0.25805,0.00106
61612384,BLR-W09,0.54766,0.01895
61612385,MNG-W16,1.26109,0.23645
61612631,TMK-W09,2.20314,0.89986
61612660,HBL-W12,1.4643,0.13196
61612873,BLR-W21,0.46968,0.01957
61612922,BLR-W28,0.0,0.0
61613010,SMG-W01,0.92135,0.03764
61613115,BLR-W13,5.01776,2.49317
61613277,MNG-W14,0.58618,0.03855
61613319,SMG-W09,1.77867,0.14167
61613428,BGM-W14,1.95357,1.35242
61613522,BGM-W10,0.0,0.0
61613580,TMK-W10,1.66516,0.04238
61613588,SMG-W09,0.0,0.0
61613698,BLR-W20,1.76886,0.06027
61613807,BLR-W06,0.0,0.0
61613897,HBL-W04,3.72866,0.57814
61614065,MYS-W16,5.92165,0.23015
61614135,MYS-W02,0.0,0.0
61614197,BLR-W22,0.37097,0.06318
61614231,MYS-W09,0.0,0.0
61614424,BGM-W05,0.0,0.0
61614591,HBL-W15,1.47927,0.11514
61614723,MNG-W06,0.0,0.0
61614735,BLR-W39,6.33078,0.67444
61614893,MNG-W14,0.0,0.0
61615116,MNG-W14,3.41056,0.10519
61615172,BGM-W14,1.86679,0.93654
61615206,MYS-W06,0.0,0.0
61615710,MNG-W01,1.03286,0.18999
61616046,BLR-W15,0.0,0.0
61616255,BLR-W15,0.0,0.0
61616507,MNG-W07,4.31327,0.5937
61616738,BLR-W18,0.0,0.0
61617106,BLR-W17,0.0,0.0
61617107,SMG-W05,0.0,0.0
61617448,TMK-W04,2.59792,0.06102
61617650,HBL-W12,1.32595,0.06805
61617852,HBL-W03,0.0,0.0
61618137,BLR-W34,1.41813,0.10662
61618233,MYS-W14,0.0,0.0
61618250,HBL-W15,1.98779,0.25376
61618252,MNG-W04,0.0,0.0
61618372,SMG-W12,0.0,0.0
61618812,BLR-W37,1.03539,0.03449
61618873,SMG-W08,0.0,0.0
61619177,TMK-W04,2.09054,3.38596
61619234,BGM-W04,1.89216,0.02666
61619301,BLR-W13,5.95831,0.36933
61619401,BLR-W34,0.91462,0.06909
61619427,BLR-W02,0.0,0.0
61619469,TMK-W02,0.72233,0.85319
61619562,BGM-W14,1.06713,0.0895
61619824,MYS-W18,0.0,0.0
61619833,BLR-W32,0.0,0.0
61619924,SMG-W05,2.57107,0.26247
61620010,BLR-W27,4.08309,0.25658
61620192,TMK-W10,2.02068,0.11382
61620204,SMG-W03,1.52657,0.73931
61620206,MNG-W01,5.49391,0.01394
61620247,MNG-W04,3.06352,0.20042
61620305,BLR-W04,1.61422,0.01058
61620373,MNG-W03,2.31412,0.13892
61620676,MNG-W03,0.0,0.0
61620836,SMG-W08,0.0,0.0
61620974,MNG-W07,0.0,0.0
61621380,HBL-W12,1.04215,0.02769
61621734,BLR-W17,0.0,0.0
61622068,HBL-W10,0.0,0.0
61622171,MNG-W08,0.67425,0.1168
61622254,SMG-W05,0.63503,0.05588
61622309,MNG-W03,0.37705,0.02659
61622707,MYS-W09,4.00665,0.31818
61622989,MYS-W09,0.0,0.0
61623114,HBL-W09,3.8337,0.84314
61623368,TMK-W04,4.28801,1.07387
61623573,HBL-W09,0.0,0.0
61623757,SMG-W01,0.0,0.0
61623940,TMK-W04,0.0,0.0
61624019,MNG-W01,6.76787,0.10358
61624092,HBL-W15,2.95445,0.59589
61624184,BLR-W12,1.59701,0.0176
61624341,MNG-W07,3.91057,0.44684
61624398,MNG-W12,3.34112,0.12203
61624511,MNG-W08,1.58499,0.13269
61624799,MYS-W03,2.24976,4.41428
61624834,BGM-W12,0.0,0.0
61624852,BGM-W08,2.03276,0.0402
61625174,BGM-W08,0.0,0.0
61625397,MNG-W16,6.32096,1.1665
61625524,BLR-W02,1.87962,0.64261
61625644,BLR-W21,0.0,0.0
61625708,BLR-W35,2.00491,0.04212
61625942,MNG-W07,5.07867,1.72319
61626033,BGM-W14,0.93179,0.28342
61626303,BGM-W15,3.43549,0.95554
61626361,MNG-W07,0.0,0.0
61626367,MNG-W03,0.0,0.0
61626654,MYS-W05,0.59725,0.00561
61626672,TMK-W11,0.0,0.0
61627257,MNG-W14,1.3975,0.12458
61627707,BLR-W25,0.0,0.0
61627735,MNG-W06,2.0221,0.14005
61627817,BLR-W15,3.5219,0.18835
61628157,MNG-W07,1.61449,0.12585
61628177,SMG-W03,1.75697,0.22408
61628261,SMG-W05,0.0,0.0
61628318,MNG-W07,0.0,0.0
61628341,HBL-W12,0.0,0.0
61628380,BLR-W08,2.50763,0.1608
61628429,BLR-W15,2.04853,0.52093
61628689,BLR-W04,0.32298,0.29606
61629456,SMG-W06,2.77706,0.15281
61629987,MNG-W14,0.0,0.0
61630325,BGM-W10,0.0,0.0
61630372,SMG-W12,0.0,0.0
61630523,BLR-W24,2.08604,0.03514
61630943,MNG-W08,0.0,0.0
61631037,HBL-W12,1.2272,0.10357
61631070,MYS-W16,0.67791,0.10732
61631619,HBL-W15,1.44025,0.23347
61631636,MNG-W05,1.34201,0.04235
61631760,TMK-W04,0.0,0.0
61632029,BLR-W25,0.85433,0.00442
61632138,BGM-W07,1.17378,0.02615
61632261,MNG-W16,9.28952,0.21582
61632649,SMG-W11,0.0,0.0
61632770,MNG-W07,3.73638,1.61602
61632990,BLR-W31,0.0,0.0
61633312,BLR-W04,0.60639,0.09757
61633520,BLR-W28,0.0,0.0
61633569,HBL-W11,0.6539,0.04935
61633952,HBL-W09,1.93968,0.70639
61634031,HBL-W12,2.88872,0.17777
61634250,TMK-W08,1.99409,0.01755
61634298,BLR-W37,0.0,0.0
61634636,BLR-W12,0.0,0.0
61634675,TMK-W07,5.07518,0.99956
61635467,MNG-W09,1.40515,0.02555
61635531,BLR-W39,0.53575,0.0413
61636022,HBL-W11,0.0,0.0
61636546,MNG-W01,3.71214,0.45057
61636607,MNG-W06,2.85452,0.0982
61636649,BGM-W14,2.28148,0.16519
61636700,MNG-W13,0.79953,0.02649
61637470,BGM-W12,5.43674,1.21281
61637845,BLR-W14,0.0,0.0
61637915,SMG-W08,1.9902,0.01042
61638176,SMG-W09,2.45385,0.28566
61638421,MYS-W12,0.66397,0.00556
61638515,BGM-W10,0.0,0.0
61638883,MNG-W09,3.84116,0.20802
61639016,SMG-W03,0.0,0.0
61639117,HBL-W15,1.3353,0.0701
61639463,HBL-W12,2.32662,0.09348
61639570,SMG-W02,2.94197,0.15429
61639679,MNG-W14,8.38748,2.61522
61639681,MNG-W14,0.0,0.0
61639866,BLR-W35,0.48249,0.02948
61639873,HBL-W12,0.0,0.0
61640028,MNG-W07,1.97418,1.38357
61640132,MYS-W05,0.0,0.0
61640292,MNG-W06,1.98772,0.01936
61640299,SMG-W02,1.27445,0.03418
61640633,TMK-W04,0.62234,0.04207
61640912,MNG-W01,3.70265,0.44942
61641071,HBL-W04,0.0,0.0
61641180,BLR-W06,0.0,0.0
61641291,TMK-W08,3.49032,0.43491
61641760,MNG-W12,1.09467,0.02432
61641801,MNG-W07,9.60965,5.4008
61641825,BLR-W23,3.19063,0.1169
61641898,HBL-W12,0.0,0.0
61641982,HBL-W02,0.61278,0.03653
61642194,SMG-W12,1.62106,0.12553
61642207,SMG-W06,0.72115,1.10147
61642238,BGM-W14,0.64318,0.64049
61642274,SMG-W08,1.2149,0.10412
61642302,BGM-W10,0.0,0.0
61642503,HBL-W12,1.62647,0.35158
61642842,MNG-W14,2.24122,0.16322
61642949,SMG-W09,0.0,0.0
61643119,MNG-W05,3.50366,0.64367
61643208,HBL-W06,1.08762,0.16867
61643460,BLR-W15,0.48583,0.07568
61643597,BLR-W32,0.25396,0.02266
61643732,HBL-W12,0.0,0.0
61643764,TMK-W02,1.9154,0.15465
61644331,MNG-W03,0.0,0.0
61644444,HBL-W06,0.0,0.0
61644834,BLR-W06,2.49272,0.23078
61644873,HBL-W15,1.10682,0.02314
61645116,MNG-W14,1.13897,0.07138
61645220,BLR-W35,0.08641,0.01206
61645250,SMG-W02,1.69757,0.06516
61645428,BLR-W29,1.46452,0.09127
61645453,BLR-W13,10.5991,1.91951
61645699,BGM-W14,0.0,0.0
61645820,MNG-W14,2.99916,1.13656
61646109,MYS-W03,0.24468,0.00717
61646147,HBL-W12,0.53929,0.19572
61646687,MNG-W04,1.39564,1.48208
61647107,HBL-W15,1.83923,0.24398
61647356,TMK-W06,2.5357,0.03474
61647499,HBL-W12,2.99655,2.97221
61647617,BLR-W32,0.0,0.0
61647676,MNG-W09,0.0,0.0
61648223,MNG-W01,1.75236,0.4386
61648415,BLR-W13,0.0,0.0
61648442,TMK-W03,0.78118,0.02294
61648908,SMG-W05,1.18401,0.07137
61648931,BLR-W38,0.0,0.0
61649016,SMG-W02,1.04066,0.30387
61649080,HBL-W03,3.83693,3.34694
61649112,MNG-W09,0.0,0.0
61649237,BGM-W07,1.33582,0.00394
61649385,HBL-W11,0.73393,0.07307
61649561,MNG-W14,4.50848,0.93425
61649771,BGM-W01,0.0,0.0
61649906,SMG-W05,0.0,0.0
61649930,SMG-W08,0.60749,0.0439
61649982,BLR-W22,0.0,0.0
61650004,MNG-W14,0.83288,0.0342
61650034,SMG-W05,0.0,0.0
61650051,TMK-W10,0.0,0.0
61650200,HBL-W10,9.42176,2.11985
61650230,MYS-W10,0.0,0.0
61650468,MYS-W02,0.0,0.0
61650529,BGM-W14,1.17241,0.11413
61650644,TMK-W09,0.0,0.0
61650746,HBL-W12,2.60647,1.14104
61651023,TMK-W04,0.0,0.0
61651088,MYS-W16,0.0,0.0
61651474,MYS-W05,1.17882,0.01773
61651521,HBL-W12,2.29257,0.31323
61651632,MYS-W18,0.0,0.0
61651851,BGM-W14,0.0,0.0
61651864,BLR-W02,0.0,0.0
61651878,MNG-W01,0.0,0.0
61652170,MNG-W14,0.0,0.0
61652289,HBL-W03,1.08583,0.05301
61652885,MYS-W04,2.71198,0.08802
61652897,BLR-W22,0.62985,0.01666
61652985,BLR-W34,2.99058,0.01877
61653821,HBL-W09,14.09823,2.37001
61653888,BLR-W24,0.0,0.0
61653904,MNG-W12,0.0,0.0
61653946,MYS-W14,0.75203,0.77197
61653954,SMG-W11,0.0,0.0
61654035,BLR-W22,0.0,0.0
61654229,SMG-W08,0.0,0.0
61654718,BLR-W22,1.88478,0.02598
61655194,BGM-W12,1.87202,0.34159
61655535,MNG-W16,0.0,0.0
61655618,TMK-W01,0.0,0.0
61655663,BLR-W23,0.0,0.0
61656494,BLR-W34,0.0,0.0
61656554,BGM-W14,1.08933,0.23778
61656615,MNG-W06,3.15437,0.06023
61657123,MNG-W01,0.77922,0.09132
61657154,MNG-W07,1.40539,0.0542
61657187,TMK-W06,2.80992,0.21793
61657286,MNG-W16,2.56299,0.24768
61657305,MNG-W01,0.0,0.0
61657324,BLR-W24,2.79784,0.43984
61657354,MYS-W02,0.27467,0.49742
61657423,BGM-W12,2.26527,0.96707
61657429,HBL-W11,0.0,0.0
61657463,HBL-W15,2.60577,1.57969
61657551,HBL-W09,2.63685,0.07953
61657618,BLR-W36,0.0,0.0
61658074,BGM-W14,0.0,0.0
61658157,MNG-W14,0.85403,0.04976
61658291,TMK-W08,0.0,0.0
61658343,MNG-W04,1.14744,0.08962
61658505,HBL-W09,0.0,0.0
61658636,SMG-W02,0.14738,0.00791
61658690,BLR-W21,1.68967,0.04001
61658969,BGM-W15,0.0,0.0
61659010,BGM-W04,2.64115,0.34384
61659064,TMK-W02,2.2641,0.89583
61659070,BLR-W20,2.50522,0.14605
61659204,HBL-W08,0.0,0.0
61659452,BLR-W13,12.08767,0.35766
61659534,HBL-W15,1.3823,0.25607
61659549,BLR-W39,0.0,0.0
61659640,TMK-W05,3.3226,0.68245
61659664,BLR-W39,0.0,0.0
61659831,BLR-W32,0.0,0.0
61659850,MNG-W09,7.59258,0.22425
61659915,MYS-W02,3.56633,0.56992
61659940,HBL-W03,0.0,0.0
61660173,SMG-W03,0.0,0.0
61660251,MYS-W09,0.0,0.0
61660335,BLR-W19,1.04711,0.00549
61660360,MNG-W07,2.76511,0.46115
61660373,BGM-W14,0.0,0.0
61660412,BLR-W11,1.14674,0.93567
61660723,TMK-W04,4.30291,0.78904
61660748,SMG-W08,0.0,0.0
61660845,BLR-W06,1.42143,0.04683
61660969,BLR-W34,0.0,0.0
61660973,MYS-W10,0.9727,0.0987
61661017,SMG-W02,0.0,0.0
61661108,TMK-W12,0.0,0.0
61661223,BLR-W23,5.77763,2.14596
61661241,HBL-W15,5.19835,1.31668
61661429,SMG-W08,1.06401,0.49789
61661514,BGM-W01,1.39468,0.17571
61661801,TMK-W12,0.0,0.0
61661957,BGM-W10,0.0,0.0
61661988,SMG-W11,2.1001,0.04369
61662659,BGM-W14,1.52787,0.12455
61662705,MYS-W16,3.36268,0.14884
61662706,MYS-W14,0.0,0.0
61662923,MNG-W09,5.29173,1.10248
61662962,MNG-W02,2.27517,0.22136
61663633,HBL-W09,0.0,0.0
61663732,BGM-W15,1.31847,0.45208
61663969,MNG-W14,0.0,0.0
61663982,MYS-W16,2.78914,0.15072
61664023,MNG-W03,0.0,0.0
61664218,MNG-W02,0.0,0.0
61664371,HBL-W06,0.0,0.0
61664373,BLR-W19,0.0,0.0
61664381,SMG-W03,0.0,0.0
61664734,MNG-W09,2.15005,1.32916
61665117,BLR-W18,0.0,0.0
61665162,HBL-W11,0.0,0.0
61665165,MNG-W07,0.0,0.0
61665419,TMK-W04,0.0,0.0
61665493,MYS-W10,2.5738,0.09253
61665535,MNG-W14,2.06815,0.08407
61665620,BLR-W21,0.0,0.0
61665773,MNG-W09,0.0,0.0
61666121,BLR-W39,7.31224,4.80566
61666257,BGM-W04,0.0,0.0
61666333,SMG-W03,2.32695,0.51779
61666399,MNG-W16,0.0,0.0
61666852,MYS-W02,0.0,0.0
61666902,SMG-W09,0.0,0.0
61667100,MYS-W05,0.0,0.0
61667207,HBL-W06,1.51904,0.08091
61667356,MYS-W05,0.0,0.0
61668039,BLR-W12,0.76963,0.00677
61668108,MNG-W16,0.0,0.0
61668337,BGM-W14,1.36947,1.49259
61668479,MNG-W16,0.68574,0.16209
61668492,MNG-W01,0.0,0.0
61668536,SMG-W07,0.0,0.0
61669434,BLR-W27,4.10857,0.52425
61669469,BGM-W14,0.0,0.0
61669551,HBL-W12,2.19831,0.06273
61669627,MNG-W07,4.50946,0.23134
61669866,SMG-W09,0.0,0.0
61670239,MNG-W06,1.33439,0.08968
61670408,MNG-W01,1.48563,0.08925
61670455,MYS-W10,2.10978,0.13137
61670735,BLR-W20,0.0,0.0
61671353,TMK-W05,1.60101,0.13939
61671551,BLR-W20,1.66451,0.2806
61671620,BLR-W13,0.0,0.0
61671983,MNG-W02,1.86782,0.10187
61672100,HBL-W05,0.15959,0.07737
61672119,MNG-W06,0.0,0.0
61672190,HBL-W04,1.67414,0.08134
61672219,BLR-W24,3.34007,0.40167
61672223,SMG-W08,0.0,0.0
61672379,BGM-W14,4.34953,0.45909
61672558,BLR-W24,5.2274,0.10234
61672815,BGM-W04,9.38665,0.46915
61672827,BLR-W21,0.0,0.0
61672939,BLR-W24,0.0,0.0
61673672,BGM-W04,0.0,0.0
61673739,MYS-W02,4.60765,0.1234
61673748,SMG-W05,0.0,0.0
61674006,MNG-W01,0.61844,0.01349
61674139,MNG-W07,0.0,0.0
61674150,BLR-W21,0.0,0.0
61674324,HBL-W12,0.70153,0.11893
61674512,HBL-W01,0.36057,0.02227
61674674,BGM-W14,0.0,0.0
61675130,BLR-W26,1.46346,0.06541
61675206,BGM-W08,5.05676,0.13696
61675379,MNG-W03,0.90353,0.39667
61675412,MNG-W08,0.0,0.0
61675699,MNG-W06,0.0,0.0
61675779,SMG-W05,1.95654,0.39676
61675891,BGM-W03,1.22464,0.01792
61676136,TMK-W02,0.0,0.0
61676150,TMK-W02,6.20989,8.5577
61676159,BLR-W39,4.3523,1.42308
61676277,HBL-W10,2.14603,0.27918
61676397,MNG-W01,3.90468,0.19966
61676789,MNG-W14,0.0,0.0
61676823,BLR-W21,0.85668,0.0332
61676869,BLR-W39,5.87659,4.98628
61676872,HBL-W10,3.22448,0.22554
61676907,MNG-W07,0.0,0.0
61677159,BGM-W14,2.41568,6.92808
61677225,MNG-W02,0.0,0.0
61677500,TMK-W04,0.0,0.0
61677556,MNG-W02,0.0,0.0
61677723,MNG-W07,1.18023,0.16034
61677856,MNG-W14,6.2478,0.3072
61677934,SMG-W08,0.0,0.0
61678163,BLR-W23,0.0,0.0
61678272,SMG-W08,1.94506,0.3465
61678680,BLR-W33,1.05633,0.10148
61678688,SMG-W04,0.0,0.0
61678714,BLR-W24,0.0,0.0
61678733,BLR-W34,0.0,0.0
61678903,MNG-W14,2.13057,0.41718
61679021,SMG-W05,0.0,0.0
61679022,MYS-W02,0.0,0.0
61679043,BGM-W08,0.0,0.0
61679260,MNG-W14,0.0,0.0
61679392,HBL-W11,4.81993,0.47128
61679489,MYS-W01,2.77223,0.02138
61679602,BGM-W04,0.0,0.0
61680047,BGM-W02,0.0,0.0
61680218,MNG-W14,0.0,0.0
61680245,HBL-W12,0.0,0.0
61680332,TMK-W05,2.89958,2.31465
61680354,BLR-W31,0.5058,0.00823
61680464,BLR-W11,1.8548,0.05804
61680787,SMG-W03,0.66949,0.06188
61680899,MNG-W06,0.0,0.0
61681128,MYS-W12,0.89658,0.0435
61681277,TMK-W02,1.99644,0.12938
61681390,TMK-W02,0.66044,0.29153
61681411,MYS-W11,0.0,0.0
61681502,BLR-W30,0.0,0.0
61681515,BGM-W04,0.0,0.0
61681688,MNG-W12,0.0,0.0
61681911,BLR-W24,0.0,0.0
61681972,HBL-W12,2.02423,0.10852
61682019,TMK-W05,0.58162,0.06435
61682034,TMK-W06,0.56681,0.00377
61682076,HBL-W11,2.22954,0.24908
61682134,BLR-W01,1.56676,0.01909
61682196,BGM-W02,1.53819,0.04132
61682325,SMG-W10,1.07884,0.03648
61682392,BGM-W14,0.0,0.0
61682559,MNG-W01,0.0,0.0
61682626,MNG-W14,1.67647,0.25743
61682850,MNG-W01,0.0,0.0
61682862,HBL-W09,0.0,0.0
61682880,SMG-W09,1.41843,0.14349
61683005,BGM-W02,1.15733,0.16515
61683006,MYS-W15,3.21876,0.24407
61683113,HBL-W12,3.23959,2.15372
61683168,SMG-W08,0.91396,0.01791
61683184,MYS-W04,1.53659,0.02137
61683445,MYS-W10,1.13219,0.173
61683514,BLR-W34,0.0,0.0
61683519,BGM-W09,1.13443,0.05066
61683554,MYS-W04,1.09164,0.16459
61683596,SMG-W03,1.79364,0.02966
61683712,HBL-W15,2.77841,0.25902
61683860,HBL-W06,1.93111,0.36407
61684014,MYS-W02,0.0,0.0
61684251,MYS-W15,0.0,0.0
61684259,MNG-W02,0.0,0.0
61684555,MYS-W03,1.78259,1.72441
61684618,SMG-W08,0.0,0.0
61684735,BLR-W28,5.40419,0.02277
61684863,MNG-W01,6.43359,0.16021
61684930,MNG-W14,0.0,0.0
61685003,SMG-W02,3.86209,0.20817
61685241,MYS-W16,0.68228,0.05614
61685312,MNG-W03,1.39802,0.02912
61685324,BGM-W14,2.70406,0.57838
61685407,HBL-W11,0.0,0.0
61685477,BGM-W14,5.18178,0.8937
61685513,BLR-W17,1.13096,0.08048
61685596,HBL-W02,1.82685,0.3285
61685713,BLR-W04,1.22729,0.12322
61685876,BGM-W14,2.46129,7.54531
61686397,BGM-W06,0.44869,0.01343
61686414,HBL-W12,3.30856,0.28329
61686711,BGM-W14,5.96071,1.53407
61686768,MNG-W16,0.0,0.0
61687109,MYS-W16,0.0,0.0
61687152,BLR-W06,0.0,0.0
61687299,BLR-W35,2.63299,0.12764
61687385,MNG-W07,6.64966,0.74368
61687410,BGM-W14,0.0,0.0
61687534,MNG-W14,0.96785,0.05993
61687601,TMK-W04,2.26262,0.14956
61687902,MNG-W12,2.06065,0.00822
61687979,HBL-W04,0.92498,0.01792
61688034,MNG-W12,0.0,0.0
61688697,MNG-W14,0.0,0.0
61688760,MYS-W05,1.79054,0.01931
61688787,BLR-W28,2.93622,0.29496
61689090,BLR-W39,0.0,0.0
61689843,SMG-W12,1.17522,0.04679
61689884,SMG-W02,1.40152,0.76097
61689921,HBL-W15,0.0,0.0
61689961,BLR-W24,3.42976,1.01866
61690041,TMK-W04,1.03248,0.01422
61690152,MNG-W01,6.20121,0.1538
61690199,BLR-W31,3.74848,0.79348
61690220,BLR-W20,1.65892,0.04873
61690269,MYS-W05,0.0,0.0
61690334,MYS-W01,0.66337,0.01136
61690540,MNG-W08,0.37849,0.01523
61690589,MYS-W02,0.0,0.0
61690612,BLR-W01,2.96793,0.0086
61690634,SMG-W03,0.0,0.0
61690667,BLR-W23,0.0,0.0
61690846,HBL-W09,1.40254,0.32984
61691079,MYS-W02,0.0,0.0
61691158,MNG-W14,0.0,0.0
61691197,MNG-W01,4.32122,0.38741
61691250,MNG-W01,0.0,0.0
61691464,BLR-W40,1.58667,0.13386
61692148,BGM-W07,1.44564,0.11906
61692226,MNG-W06,1.94831,0.03676
61692250,BLR-W35,0.0,0.0
61692645,MYS-W05,0.0,0.0
61692860,TMK-W05,0.65643,0.3502
61693202,BGM-W14,0.0,0.0
61693327,MNG-W12,2.54674,0.04713
61693375,BLR-W22,1.45454,0.90219
61693559,HBL-W10,0.0,0.0
61693840,SMG-W03,0.0,0.0
61693842,MNG-W01,2.76579,0.0227
61693996,HBL-W09,4.2445,0.05839
61694151,BLR-W06,1.41503,0.05073
61694482,MNG-W09,1.03954,0.68819
61694689,MNG-W02,0.0,0.0
61694690,BLR-W18,2.83762,0.01486
61694721,TMK-W04,0.97132,0.13172
61694864,MNG-W14,2.41649,0.33588
61694873,SMG-W06,0.1546,0.0156
61694974,BGM-W07,0.0,0.0
61695142,MNG-W10,0.0,0.0
61695407,TMK-W04,1.1638,0.11163
61695529,MNG-W14,0.0,0.0
61695733,MYS-W18,0.0,0.0
61695786,HBL-W14,2.42373,0.26852
61695950,BLR-W30,0.45355,0.02082
61696007,MYS-W18,0.0,0.0
61696039,BLR-W13,5.12478,14.31392
61696297,BLR-W33,0.0,0.0
61696345,BLR-W25,0.0,0.0
61696406,BLR-W13,8.38039,0.49615
61696579,HBL-W12,1.29314,0.01619
61696599,SMG-W05,1.05498,0.03629
61696636,BLR-W22,2.43311,0.13007
61696754,MYS-W02,0.0,0.0
61696991,BGM-W07,0.0,0.0
61697011,BGM-W05,3.5016,0.31647
61697114,MNG-W12,0.40846,0.00999
61697327,SMG-W12,3.833,0.52323
61697508,MNG-W16,0.0,0.0
61697632,HBL-W12,1.23867,0.00649
61697773,TMK-W08,1.29095,0.25866
61697813,MYS-W02,0.0,0.0
61698116,SMG-W08,0.0,0.0
61698214,MNG-W03,1.01594,0.02444
61698247,BGM-W05,0.86292,0.15426
61698318,HBL-W15,0.52863,0.0389
61698329,SMG-W03,0.0,0.0
61698453,MNG-W01,0.0,0.0
61698519,BGM-W14,3.12606,1.26528
61698650,MYS-W12,2.64746,0.36186
61698719,BGM-W01,2.06915,1.48302
61698773,MNG-W09,0.0,0.0
61698795,MNG-W14,0.0,0.0
61698904,MNG-W01,4.23519,0.22638
61698961,SMG-W09,0.53761,0.04394
61698962,HBL-W09,6.06803,0.87908
61699294,SMG-W05,0.0,0.0
61699464,MYS-W11,0.0,0.0
61699494,BLR-W22,1.27724,0.00913
61699533,BLR-W11,0.25195,0.02167
61699552,MNG-W01,0.0,0.0
61699573,HBL-W06,0.82244,0.23481
61699585,HBL-W11,0.0,0.0
61699732,HBL-W13,2.15474,0.4976
61700087,MNG-W06,2.62972,0.03315
61700276,SMG-W08,1.2118,0.031
61700294,MNG-W01,0.0,0.0
61700317,TMK-W01,0.0,0.0
61700835,BLR-W30,1.47256,0.01021
61700974,HBL-W11,1.29612,0.05294
61701230,SMG-W06,0.0,0.0
61701419,MNG-W16,3.4524,0.2727
61701572,TMK-W04,1.48522,0.28686
61701770,MNG-W14,2.66121,0.70204
61701816,BLR-W18,0.39339,0.0044
61701948,BLR-W13,0.0,0.0
61702230,BLR-W25,1.0571,0.01999
61702242,SMG-W02,2.01363,0.12699
61702600,BLR-W28,1.28943,0.27079
61702612,MYS-W05,1.13749,0.029
61702827,HBL-W04,1.69104,0.31627
61703126,TMK-W09,4.63531,0.12541
61703241,MYS-W09,1.64194,0.0912
61703328,MYS-W02,2.48919,0.29599
61703472,HBL-W11,0.0,0.0
61703490,SMG-W03,1.09449,1.24263
61703516,MYS-W03,4.76587,1.6993
61703681,BLR-W02,3.62583,0.21847
61703884,TMK-W05,10.1114,1.70385
61703903,TMK-W12,0.0,0.0
61703952,HBL-W12,4.01004,0.16469
61704099,MNG-W01,2.51922,0.59434
61704127,MNG-W07,0.0,0.0
61704379,BLR-W27,3.33633,0.13352
61704425,TMK-W05,0.85753,0.69312
61704466,HBL-W09,2.40423,1.2656
61704482,BLR-W33,0.0,0.0
61704534,MNG-W06,1.01473,0.07592
61704684,MNG-W07,0.0,0.0
61704783,MNG-W04,1.07399,0.01936
61704837,BLR-W17,1.08752,0.02502
61705579,BLR-W10,0.92366,0.09215
61705805,MNG-W14,2.93168,0.03707
61705846,MYS-W07,0.62143,0.00623
61706103,MYS-W03,1.67448,1.51693
61706117,BGM-W14,2.34418,2.46922
61706166,HBL-W15,2.67537,0.39475
61706180,MNG-W06,5.66246,0.76098
61706408,HBL-W11,1.79704,0.01222
61706615,BGM-W10,2.05192,0.08818
61706730,HBL-W09,0.0,0.0
61706837,MNG-W06,3.31992,0.24855
61706974,BGM-W10,1.05392,0.07421
61707500,MYS-W02,5.14643,0.10082
61707534,BLR-W21,0.0,0.0
61707745,MNG-W14,0.87288,0.05067
61708213,MYS-W12,3.37366,0.01445
61708423,BLR-W35,0.0,0.0
61708529,SMG-W08,2.98181,0.10575
61708728,MYS-W15,0.0,0.0
61708891,HBL-W09,0.0,0.0
61708945,MNG-W07,0.0,0.0
61708968,HBL-W12,0.0,0.0
61709105,MNG-W12,2.95852,0.21287
61709108,BGM-W14,0.0,0.0
61709541,BGM-W12,0.0,0.0
61709657,BLR-W06,0.85134,0.01136
61709675,SMG-W03,3.0905,0.13972
61709685,HBL-W09,0.0,0.0
61709815,MNG-W12,4.29055,0.01672
61709869,MYS-W04,1.81046,0.04826
61709969,BLR-W12,2.34945,0.11364
61710150,BLR-W32,0.60635,0.10407
61710467,BGM-W06,1.17051,0.06498
61710474,MNG-W01,0.0,0.0
61710678,MNG-W12,0.0,0.0
61710827,MNG-W01,0.0,0.0
61710953,SMG-W06,0.5158,0.00977
61711261,HBL-W12,0.0,0.0
61711273,MNG-W12,2.84901,0.36159
61711281,MYS-W04,1.73041,0.91816
61711301,TMK-W05,0.96012,0.0997
61711366,MNG-W04,1.08417,0.00254
61711387,SMG-W08,2.22064,0.14805
61711390,MNG-W03,2.04398,0.04564
61711683,SMG-W05,1.31047,0.40871
61711711,HBL-W15,2.95619,1.00206
61712479,HBL-W09,4.2192,2.24433
61712590,HBL-W15,0.0,0.0
61712889,MNG-W12,2.20933,0.02256
61712984,SMG-W03,0.64096,0.10566
61713278,MNG-W07,5.83732,1.37776
61713429,HBL-W11,2.10867,0.18366
61713651,MNG-W02,1.47871,0.41106
61713898,BLR-W39,2.22322,0.0697
61714130,HBL-W08,1.48847,0.06952
61714193,TMK-W04,3.12327,0.10454
61714293,MNG-W03,2.74918,0.04852
61714370,TMK-W12,2.42601,1.51549
61714597,MYS-W02,0.0,0.0
61714623,BLR-W35,0.0,0.0
61714786,TMK-W09,0.0,0.0
61714810,HBL-W12,6.27211,0.62695
61714822,BGM-W10,0.63927,0.27868
61714840,SMG-W12,2.61953,0.10552
61715122,SMG-W12,1.57498,0.03818
61715155,SMG-W03,2.52464,0.00937
61715358,HBL-W09,0.0,0.0
61715371,MNG-W09,0.0,0.0
61715625,SMG-W08,0.0,0.0
61715643,BLR-W05,0.0,0.0
61715676,MNG-W14,0.0,0.0
61715701,SMG-W12,1.49742,0.10205
61715772,MYS-W02,0.0,0.0
61716137,MYS-W10,0.0,0.0
61716267,BGM-W05,0.0,0.0
61716342,MNG-W12,5.10142,0.31167
61716524,BLR-W38,1.25767,0.03255
61716639,MNG-W06,0.48021,0.02731
61716737,TMK-W05,0.0,0.0
61716874,SMG-W02,0.0,0.0
61716878,TMK-W09,2.12644,0.20096
61717075,MYS-W02,2.8502,5.37452
61717121,BLR-W06,1.98417,0.12938
61717231,MNG-W07,4.22454,1.16469
61717262,TMK-W04,1.73393,0.01248
61717365,MNG-W09,0.0,0.0
61717416,MNG-W01,3.52722,0.04456
61717447,MYS-W02,7.53918,0.02286
61717527,MNG-W14,2.71846,0.24256
61717730,TMK-W02,0.96431,0.08178
61717910,BGM-W07,0.0,0.0
61718079,BGM-W14,0.68252,1.82028
61718096,TMK-W04,1.91951,0.17894
61718121,MNG-W14,4.66234,1.38793
61718216,MNG-W01,2.68921,1.04588
61718344,BLR-W35,1.06131,0.171
61718424,MNG-W04,0.47987,0.01204
61718428,MNG-W08,0.0,0.0
61718516,TMK-W04,2.0076,0.22377
61718877,BGM-W02,0.0,0.0
61718986,MNG-W01,0.91968,0.02179
61719358,TMK-W02,0.9154,0.06764
61719420,BGM-W08,3.81242,0.51918
61719607,BGM-W04,2.35298,1.23863
61719621,BLR-W23,0.0,0.0
61719688,BGM-W11,0.0,0.0
61719914,MNG-W07,0.70621,0.08642
61720246,HBL-W12,0.0,0.0
61720323,MYS-W06,0.0,0.0
61720365,TMK-W04,1.36169,0.23345
61720557,BLR-W28,0.0,0.0
61720632,BGM-W01,0.0,0.0
61720784,HBL-W09,1.00142,0.00029
61720859,BGM-W14,0.0,0.0
61720917,TMK-W04,0.0,0.0
61721203,MNG-W03,2.1912,0.04554
61721238,TMK-W12,1.71669,0.9795
61721360,MNG-W13,2.76971,0.15114
61721434,BGM-W12,1.53692,0.13763
61721490,MYS-W18,3.42565,0.16087
61721598,MNG-W14,0.0,0.0
61721610,MNG-W03,0.0,0.0
61721641,MYS-W10,0.0,0.0
61721678,MYS-W07,1.78018,0.36435
61721732,SMG-W09,2.81992,0.68161
61721844,TMK-W04,0.41632,0.21673
61721960,BLR-W33,2.14902,0.19817
61722069,BLR-W25,0.89062,0.09289
61722140,HBL-W12,0.40626,0.05548
61722194,MYS-W01,0.60728,0.0425
61722370,MNG-W01,2.583,0.1477
61722507,MNG-W09,5.1952,0.07469
61722648,BLR-W12,3.64329,0.25292
61722689,MYS-W09,1.20961,0.11449
61722791,SMG-W09,0.0,0.0
61722956,MNG-W14,0.70649,0.03095
61723054,TMK-W04,2.57557,0.02364
61723226,TMK-W02,0.0,0.0
61723335,MNG-W03,0.0,0.0
61723433,SMG-W12,0.0,0.0
61724073,SMG-W12,1.1584,0.06698
61724078,BLR-W01,0.0,0.0
61724181,HBL-W12,1.86305,0.21134
61724315,MNG-W07,4.3106,0.85423
61724639,BLR-W32,0.0,0.0
61724712,BGM-W14,0.0,0.0
61724824,MNG-W01,0.0,0.0
61724883,BGM-W01,4.32913,1.22262
61724954,TMK-W05,0.0,0.0
61725235,TMK-W07,0.0,0.0
61725293,BLR-W39,0.83473,0.01947
61725368,BLR-W18,0.0,0.0
61725530,BLR-W06,2.35116,0.06063
61725603,BLR-W07,0.0,0.0
61725850,SMG-W03,3.81265,2.22161
61726313,BGM-W15,0.0,0.0
61726364,MNG-W09,0.71695,0.99349
61726637,TMK-W04,2.6467,0.11157
61726816,MYS-W05,0.0,0.0
61727007,MYS-W10,0.0,0.0
61727025,MNG-W02,0.54452,0.13164
61727033,SMG-W08,0.0,0.0
61727046,TMK-W05,1.08982,0.53405
61727057,HBL-W09,1.22093,1.57599
61727063,MYS-W10,0.0,0.0
61727069,MYS-W10,2.92268,0.1761
61727078,BLR-W12,0.90533,0.01606
61727239,HBL-W15,1.16231,0.07892
61727300,MNG-W07,0.0,0.0
61727360,BLR-W20,1.95257,0.07132
61727457,SMG-W03,0.0,0.0
61727833,MYS-W15,0.0,0.0
61727843,TMK-W01,0.0,0.0
61728140,BLR-W23,4.43006,0.76473
61728473,SMG-W12,1.32799,0.33204
61728516,TMK-W12,0.0,0.0
61728621,BLR-W38,0.0,0.0
61728637,BLR-W37,0.0,0.0
61728638,BLR-W20,2.10436,0.04206
61728794,HBL-W11,1.59244,0.25934
61729039,TMK-W05,0.0,0.0
61729330,SMG-W05,0.0,0.0
61729511,SMG-W03,1.82365,0.33189
61729843,MNG-W09,2.53729,0.04376
61730155,MYS-W02,5.67721,0.68941
61730168,MNG-W07,0.0,0.0
61730591,MYS-W10,0.0,0.0
61730801,BGM-W02,0.0,0.0
61731203,HBL-W11,0.44261,0.01457
61731429,HBL-W09,2.38275,0.5826
61731500,MNG-W06,1.67074,0.1114
61731717,HBL-W11,1.04723,0.38134
61731880,BGM-W08,5.18095,0.63026
61732172,BLR-W32,1.07338,0.03676
61732173,MYS-W15,0.19173,0.00253
61732242,SMG-W09,0.87734,0.08416
61732247,MNG-W16,2.0171,0.31416
61732268,MNG-W07,0.0,0.0
61732289,MNG-W14,0.0,0.0
61732294,HBL-W09,2.14289,0.19439
61732532,MYS-W04,0.0,0.0
61732821,MNG-W09,0.0,0.0
61732922,MNG-W08,0.80998,0.0529
61732986,HBL-W11,0.0,0.0
61733050,MNG-W01,0.0,0.0
61733295,BLR-W12,1.81636,0.08704
61733320,TMK-W05,3.02496,0.24342
61733495,BLR-W25,0.30841,0.00021
61734175,BLR-W28,1.65474,0.15141
61734346,BLR-W13,6.52544,10.47527
61734565,BGM-W14,0.0,0.0
61734698,MNG-W12,2.2884,0.00282
61734740,BGM-W04,7.97734,7.88322
61734894,BGM-W12,4.935,0.14067
61735317,BGM-W12,1.31319,0.06296
61735353,MNG-W01,2.9771,0.09565
61735378,HBL-W14,0.0,0.0
61735852,HBL-W09,0.0,0.0
61736186,BLR-W24,0.73405,0.21188
61736223,SMG-W03,0.0,0.0
61736261,BGM-W05,0.7367,1.82249
61736297,BLR-W23,0.0,0.0
61736401,BLR-W30,0.0,0.0
61736425,MNG-W04,0.80561,0.03923
61736529,MNG-W14,0.0,0.0
61736756,MYS-W05,0.0,0.0
61736791,BGM-W06,0.0,0.0
61737051,BLR-W25,0.92218,0.00822
61737319,HBL-W11,0.0,0.0
61737396,MNG-W02,1.89559,0.15532
61737438,BLR-W22,0.0,0.0
61737544,HBL-W01,1.49055,0.34489
61737684,MYS-W16,0.0,0.0
61738310,HBL-W15,0.0,0.0
61738376,MNG-W06,0.0,0.0
61738583,BLR-W08,0.0,0.0
61738631,BGM-W12,0.0,0.0
61738640,BLR-W34,0.72103,0.00055
61738681,HBL-W15,0.0,0.0
61738727,MYS-W05,0.47203,0.00231
61738820,MNG-W06,0.0,0.0
61739225,SMG-W09,0.0,0.0
61739344,MNG-W02,0.0,0.0
61739372,BLR-W12,0.0,0.0
61739928,MYS-W02,0.0,0.0
61740081,HBL-W15,0.0,0.0
61740114,MYS-W09,6.36826,1.03011
61740116,SMG-W11,2.46224,0.21562
61740399,MNG-W07,1.45986,0.31665
61740406,SMG-W03,5.13944,0.1111
61740473,TMK-W04,0.28119,0.00509
61740634,TMK-W02,0.0,0.0
61740655,SMG-W07,0.40796,0.16266
61740744,HBL-W09,0.76294,0.05202
61741014,BGM-W14,1.51917,0.7622
61741026,MYS-W09,0.0,0.0
61741198,BGM-W14,0.0,0.0
61741322,BLR-W35,0.72175,0.16436
61741378,MYS-W17,2.3501,0.00213
61741538,SMG-W02,2.96288,0.12701
61741642,TMK-W02,2.68108,2.85934
61741720,MYS-W11,0.0,0.0
61741794,BLR-W23,5.58515,0.10842
61742088,BGM-W07,0.0,0.0
61742347,SMG-W12,0.7243,0.01979
61742394,BLR-W28,0.0,0.0
61742401,BLR-W38,0.73521,0.02217
61742471,TMK-W04,3.92733,0.18783
61742585,SMG-W03,1.08655,0.02106
61742732,MNG-W01,0.74483,0.17462
61742936,MNG-W01,0.0,0.0
61743193,MNG-W08,0.61303,0.10159
61743207,MYS-W10,0.10187,0.00852
61743510,BLR-W26,0.0,0.0
61743626,BGM-W14,1.67534,0.97874
61743805,MNG-W14,1.77089,0.03602
61743846,MNG-W14,3.29489,0.5178
61743859,SMG-W02,0.0,0.0
61743895,BGM-W05,0.0,0.0
61743967,MNG-W14,0.51089,0.22065
61744165,BLR-W22,0.0,0.0
61744761,SMG-W06,2.7717,0.76848
61744796,BGM-W14,0.0,0.0
61744898,SMG-W02,0.0,0.0
61744915,TMK-W05,0.0,0.0
61745069,BLR-W23,1.47373,0.25059
61745098,SMG-W08,2.07459,0.21957
61745139,BLR-W37,0.56109,0.12822
61745300,MNG-W16,1.20754,0.10431
61745326,MYS-W02,0.0,0.0
61745344,TMK-W01,0.0,0.0
61745385,MNG-W12,0.94915,0.07082
61745465,SMG-W05,1.70843,0.04506
61745499,MYS-W09,0.0,0.0
61745642,HBL-W09,1.68106,0.61697
61745691,BLR-W30,3.65474,2.48942
61745776,HBL-W12,0.0,0.0
61745805,SMG-W05,0.0,0.0
61746109,SMG-W08,0.26824,0.0256
61746177,BLR-W18,0.0,0.0
61746647,MNG-W07,1.08936,0.20319
61747076,MNG-W07,0.0,0.0
61747101,BLR-W35,0.62028,0.02056
61747149,MNG-W16,1.38392,0.00764
61747169,TMK-W05,3.14195,0.66052
61747194,SMG-W08,0.0,0.0
61747468,HBL-W09,6.74406,1.85618
61747519,BLR-W36,1.35003,0.01784
61747575,MNG-W03,3.02813,0.12119
61747649,MNG-W02,2.80178,2.79389
61747799,HBL-W12,0.0,0.0
61747868,HBL-W01,0.0,0.0
61747872,MNG-W14,0.0,0.0
61748018,TMK-W10,0.91087,0.00455
61748038,MNG-W09,0.0,0.0
61748255,SMG-W05,2.00851,0.97338
61748691,BGM-W12,0.0,0.0
61748948,MNG-W14,0.0,0.0
61749239,MNG-W09,1.43122,0.00778
61749347,SMG-W01,0.0,0.0
61749365,MNG-W01,6.20481,0.37812
61749392,BLR-W12,0.26707,0.00579
61749533,HBL-W15,0.0,0.0
61749573,HBL-W05,0.61744,0.00207
61749659,HBL-W15,0.90978,0.03778
61750232,BLR-W09,0.0,0.0
61750279,HBL-W12,2.5362,0.13648
61750761,BGM-W12,6.03848,0.38826
61750832,BGM-W05,3.73059,0.40383
61750907,MYS-W03,2.10251,0.08797
61751081,SMG-W02,0.2736,0.0159
61751191,MNG-W06,0.70472,0.03646
61751200,HBL-W14,1.54835,0.59579
61751231,MNG-W14,3.93761,0.20144
61751371,MNG-W01,0.36482,0.03515
61751396,BLR-W18,1.00318,0.01634
61751607,MNG-W09,3.21778,0.03221
61751695,SMG-W03,2.64645,0.3827
61752026,BLR-W28,0.0,0.0
61752105,BLR-W12,1.04704,0.03242
61752185,BGM-W07,0.0,0.0
61752210,HBL-W06,1.1949,0.62149
61752639,SMG-W03,1.29943,3.13883
61752721,SMG-W08,0.0,0.0
61752722,BLR-W35,0.0,0.0
61752735,MYS-W14,4.37564,1.23677
61753004,MNG-W01,2.80416,0.26347
61753309,MNG-W06,0.63333,0.0457
61753320,MNG-W14,3.29421,0.52357
61753661,BLR-W34,0.0,0.0
61753787,TMK-W04,0.0,0.0
61754045,BLR-W21,0.62591,0.0059
61754081,BLR-W21,0.93485,0.04353
61754244,BLR-W06,4.36376,0.037
61754704,MNG-W14,0.0,0.0
61754958,BLR-W07,0.0,0.0
61755024,BLR-W35,0.96751,0.20344
61755165,SMG-W03,1.89017,0.14441
61755242,BGM-W12,0.0,0.0
61755289,BLR-W15,3.99837,0.23018
61755372,TMK-W04,1.0503,0.0137
61755413,BGM-W04,0.0,0.0
61755739,MYS-W05,0.0,0.0
61755769,MNG-W01,0.0,0.0
61755827,MNG-W01,1.03177,0.18972
61755833,BLR-W21,0.83796,0.02725
61755946,MYS-W10,0.0,0.0
61756040,MYS-W14,0.4512,0.01524
61756082,BLR-W33,0.0,0.0
61756437,BLR-W07,0.0,0.0
61756502,BLR-W07,2.93619,0.17811
61756530,MNG-W02,1.95592,0.1039
61756747,HBL-W12,0.0,0.0
61756759,HBL-W11,3.72861,0.04326
61757224,BLR-W36,3.23029,0.04774
61757232,TMK-W06,0.60669,0.01954
61757285,TMK-W02,0.0,0.0
61757299,HBL-W15,1.7393,0.01286
61757443,SMG-W05,6.00021,0.26222
61757542,SMG-W02,2.58815,0.81634
61757558,MNG-W01,2.1952,0.06725
61757735,MYS-W05,0.0,0.0
61757863,BGM-W06,1.16405,0.00674
61758199,HBL-W08,0.0,0.0
61758216,HBL-W11,0.0,0.0
61758437,HBL-W15,1.95264,0.60672
61758720,MYS-W02,6.07559,0.34517
61758830,BLR-W21,0.87922,0.06573
61758908,HBL-W12,1.26251,0.44327
61758922,BLR-W40,0.79534,0.15342
61758969,SMG-W08,2.14291,0.173
61759027,MNG-W06,0.0,0.0
61759028,MNG-W12,4.65046,0.11363
61759053,HBL-W12,1.17155,0.03164
61759261,BGM-W06,1.8638,0.03406
61759355,MNG-W05,2.11243,0.0291
61759423,HBL-W09,0.96945,0.00615
61759508,TMK-W04,0.812,0.03335
61759657,BLR-W36,0.0,0.0
61760492,BLR-W33,0.0,0.0
61760589,MNG-W01,1.78702,0.17988
61760697,MNG-W16,7.71411,0.20692
61760778,MNG-W07,3.26672,0.48543
61761083,MNG-W07,1.54969,0.44401
61761157,BGM-W10,0.0,0.0
61761215,SMG-W10,0.96493,0.05012
61761279,HBL-W11,0.0,0.0
61761440,BLR-W28,0.0,0.0
61761522,MNG-W03,0.42243,0.02285
61761540,SMG-W08,2.08899,0.00829
61761772,HBL-W09,3.81807,0.21124
61761815,HBL-W11,4.1348,2.08353
61761996,BLR-W23,2.21459,0.1095
61762055,MYS-W02,0.0,0.0
61762069,HBL-W03,1.00493,0.09515
61762150,SMG-W08,0.57758,0.0063
61762393,MNG-W07,3.78756,0.90406
61762573,BGM-W14,1.37899,0.09615
61762735,HBL-W01,0.0,0.0
61763056,BLR-W06,2.19609,0.06863
61763084,BLR-W28,0.80148,0.01146
61763188,MNG-W14,0.0,0.0
61763265,BLR-W33,5.21378,0.92895
61763273,SMG-W06,0.77196,0.18822
61763455,BLR-W37,0.70202,0.0098
61763553,BGM-W08,0.24669,0.00708
61763764,HBL-W12,1.89889,0.24788
61763842,MNG-W03,0.0,0.0
61764196,BGM-W10,0.0,0.0
61764205,HBL-W12,0.0,0.0
61764499,SMG-W05,0.0,0.0
61764709,BLR-W35,1.74023,0.09294
61764967,BLR-W02,1.99289,0.2718
61765162,BGM-W14,2.98147,3.33683
61765201,SMG-W09,0.0,0.0
61765488,BLR-W28,0.97586,0.3868
61765639,HBL-W09,0.0,0.0
61765887,SMG-W03,0.0,0.0
61765894,MNG-W12,0.0,0.0
61765899,MNG-W02,2.0192,0.07083
61766286,BLR-W02,0.4762,0.33339
61767592,TMK-W10,2.113,0.24392
61768010,TMK-W01,0.0,0.0
61768191,MNG-W05,0.0,0.0
61768227,MNG-W14,3.89447,0.20454
61768254,HBL-W09,7.15187,0.12798
61768489,SMG-W03,0.0,0.0
61768622,BLR-W04,0.68118,0.14632
61768691,BLR-W13,0.0,0.0
61768947,BGM-W15,1.469,0.13436
61769305,BLR-W39,0.0,0.0
61769373,MYS-W09,0.83563,0.02477
61769480,MNG-W02,1.61285,0.03649
61769494,SMG-W05,2.60518,0.44381
61769538,BGM-W01,0.0,0.0
61769821,MYS-W03,1.12489,2.34088
61769980,TMK-W10,0.78112,0.25218
61770034,MYS-W12,2.32647,0.38253
61770185,MNG-W14,0.0,0.0
61770403,BGM-W14,0.0,0.0
61770744,MNG-W14,4.05967,0.68021
61771038,MNG-W08,0.2276,0.04952
61771047,HBL-W14,1.24211,0.79847
61771055,MYS-W17,2.26711,0.10505
61771124,SMG-W11,3.44162,0.7326
61771229,BGM-W14,4.10127,0.25438
61771244,SMG-W06,1.88952,1.84013
61771340,BLR-W12,3.19117,0.1157
61771499,BLR-W07,1.8935,0.55267
61771543,MYS-W17,0.0,0.0
61771669,BGM-W04,6.21401,0.72763
61771856,SMG-W03,2.59396,0.03488
61771913,MNG-W06,2.32005,0.00654
61771965,BLR-W32,0.0,0.0
61772190,MNG-W08,0.0,0.0
61772268,TMK-W04,0.0,0.0
61772311,MNG-W07,1.88621,0.9186
61772663,HBL-W15,0.89174,0.22736
61772756,TMK-W05,1.04436,1.03063
61772782,BLR-W15,0.36491,0.01301
61772799,BGM-W08,0.0,0.0
61772807,HBL-W01,1.05302,0.27069
61773065,MNG-W06,0.0,0.0
61773080,MYS-W17,1.69195,0.07178
61773081,TMK-W08,0.83373,0.05388
61773284,MNG-W01,0.0,0.0
61773461,BGM-W14,0.0,0.0
61773470,BLR-W22,0.71986,0.07315
61773500,SMG-W09,0.99955,1.27532
61773532,MNG-W07,1.2902,0.06033
61773615,MNG-W01,5.63744,0.03997
61773642,MYS-W02,4.41724,0.05104
61773647,BLR-W35,0.89252,0.0379
61773836,MNG-W16,2.19342,0.31416
61774106,TMK-W04,0.65694,0.01126
61774461,MNG-W01,3.31789,0.13478
61774602,TMK-W06,1.70249,0.79965
61774688,TMK-W02,0.0,0.0
61775027,HBL-W12,4.42026,0.93438
61775051,BLR-W04,0.79383,0.03003
61775102,MNG-W06,1.46099,0.01591
61775625,MNG-W03,0.0,0.0
61775654,MNG-W02,0.0,0.0
61776401,MYS-W17,2.80134,0.28629
61776537,MNG-W09,0.0,0.0
61776589,MNG-W03,0.0,0.0
61777001,TMK-W09,2.75298,0.60452
61777789,SMG-W12,0.0,0.0
61777853,HBL-W02,0.0,0.0
61778008,TMK-W12,0.0,0.0
61778257,SMG-W09,0.32326,0.02474
61778266,HBL-W10,2.24046,0.10404
61778316,BLR-W11,1.31876,0.05915
61778438,MYS-W07,1.43442,0.34753
61778486,MNG-W08,0.0,0.0
61778488,BLR-W35,5.51529,0.47757
61778582,BGM-W10,0.96145,0.02818
61778858,MNG-W03,0.66596,0.00962
61779036,MNG-W03,0.0,0.0
61779210,TMK-W04,0.0,0.0
61779328,BLR-W02,0.51117,0.05099
61779557,MNG-W14,0.0,0.0
61779855,MNG-W14,2.62013,0.26689
61779904,BLR-W02,1.64411,0.17249
61779931,BLR-W01,1.53524,0.02193
61779955,MNG-W02,3.80468,0.09809
61780087,SMG-W05,0.0,0.0
61780203,MNG-W07,1.70778,0.07036
61780454,MNG-W07,2.5425,0.71705
61780465,BGM-W10,2.19727,0.11986
61780526,MYS-W09,1.7472,0.08384
61780713,TMK-W05,2.07177,0.07534
61780775,MNG-W12,1.75401,0.12007
61780794,TMK-W08,0.0,0.0
61780833,TMK-W02,0.0,0.0
61780865,BLR-W23,3.55015,1.45297
61781084,SMG-W05,1.53368,0.7766
61781133,MNG-W08,1.13879,0.14381
61781437,BLR-W15,2.95839,0.43425
61781600,HBL-W02,1.65784,0.22179
61781643,MNG-W14,0.0,0.0
61781702,SMG-W06,0.42323,0.08099
61781814,MNG-W09,0.0,0.0
61781846,SMG-W03,3.83087,0.1125
61782096,BLR-W14,0.40872,0.49447
61782349,MNG-W16,4.60619,1.37647
61782426,HBL-W09,5.90066,1.90111
61782516,BLR-W04,0.0,0.0
61782744,SMG-W05,4.41286,1.12181
61782795,HBL-W11,0.0,0.0
61782824,BGM-W14,0.0,0.0
61782905,SMG-W06,1.51742,0.03157
61783013,SMG-W12,0.0,0.0
61783175,BGM-W15,1.20725,0.30156
61783220,MNG-W07,3.76542,0.20721
61783339,BLR-W20,2.34673,0.00435
61783429,BLR-W12,0.0,0.0
61783534,HBL-W01,1.45656,0.76854
61783541,BGM-W14,4.08526,0.41917
61783681,BLR-W20,1.38017,0.03108
61783712,MYS-W10,0.0,0.0
61783884,TMK-W02,3.94951,0.80499
61783988,BLR-W34,2.64168,0.28523
61784053,BGM-W06,0.0,0.0
61784185,MNG-W10,4.00745,0.00747
61784257,MNG-W07,0.0,0.0
61784508,SMG-W03,1.58936,0.01492
61784677,BLR-W31,1.81561,0.06192
61785034,HBL-W12,0.0,0.0
61785096,MYS-W07,1.30424,0.01967
61785250,HBL-W12,1.83945,0.02745
61785269,BGM-W12,0.77733,0.00399
61785307,TMK-W10,0.0,0.0
61785413,BLR-W24,0.0,0.0
61785464,SMG-W03,0.88435,0.22463
61785519,BLR-W08,0.46342,0.10016
61785640,BLR-W04,0.0,0.0
61785817,HBL-W09,0.0,0.0
61785840,MNG-W07,3.68312,0.85335
61786275,HBL-W11,2.85499,0.06598
61786328,MNG-W13,2.22712,0.03872
61786724,HBL-W11,1.90284,0.21699
61786878,HBL-W12,0.0,0.0
61786900,BLR-W12,1.40702,0.01446
61787390,BLR-W23,0.84863,0.22259
61787558,MNG-W01,3.88439,0.43005
61787700,MNG-W01,0.0,0.0
61787734,MNG-W01,0.6588,0.09388
61787883,SMG-W05,0.44241,0.10423
61787904,BLR-W06,0.0,0.0
61788055,BGM-W07,1.58772,0.2351
61788224,BLR-W25,1.36896,0.02517
61788572,MYS-W09,0.7046,0.10459
61788848,SMG-W04,0.0,0.0
61789056,MNG-W09,0.0,0.0
61789071,SMG-W02,2.37707,1.59199
61789203,BGM-W04,1.31432,0.2073
61789477,BLR-W25,0.0,0.0
61789725,TMK-W06,1.69967,0.10602
61789808,SMG-W03,0.0,0.0
61790151,SMG-W03,0.0,0.0
61790223,MNG-W05,0.0,0.0
61790332,BGM-W14,2.16987,2.69251
61790455,BLR-W19,0.63223,0.04089
61790456,HBL-W11,0.0,0.0
61790677,BGM-W14,0.0,0.0
61790755,BLR-W20,0.0,0.0
61790827,HBL-W15,2.28276,0.07018
61790870,SMG-W03,2.19231,0.49852
61791197,SMG-W12,3.02651,0.22545
61791282,SMG-W08,0.0,0.0
61791326,MNG-W03,0.45249,0.00219
61791393,BGM-W14,0.0,0.0
61791445,HBL-W12,3.20273,0.69067
61791826,HBL-W09,0.0,0.0
61791965,MYS-W18,1.17101,0.08272
61792152,TMK-W05,3.22264,0.51913
61792242,MNG-W14,3.3271,2.17256
61792629,TMK-W02,1.96379,0.11615
61792822,SMG-W05,0.0,0.0
61792975,BGM-W14,5.25582,0.02814
61793310,MYS-W10,0.0,0.0
61793320,MNG-W01,2.42271,2.22434
61793403,MNG-W07,0.98748,0.31141
61794368,BLR-W28,0.63357,0.01183
61794375,HBL-W09,1.72882,1.09688
61794658,MNG-W01,3.41219,0.18842
61794674,HBL-W09,2.59702,0.03598
61794698,BLR-W22,0.0,0.0
61794833,BLR-W40,0.0,0.0
61794896,MYS-W09,0.0,0.0
61795039,BLR-W34,2.16213,1.13122
61795382,BGM-W02,2.41537,0.06327
61795430,HBL-W09,1.17183,0.20039
61795705,MNG-W14,0.0,0.0
61796318,MNG-W09,8.28929,0.61838
61796448,MNG-W06,0.0,0.0
61796716,MNG-W08,0.0,0.0
61796827,BLR-W05,2.60245,0.04796
61796897,MNG-W14,0.0,0.0
61796997,BLR-W23,0.79777,0.09277
61797233,HBL-W14,1.70353,0.53245
61797276,MNG-W08,0.08059,0.00305
61797424,BLR-W30,2.9718,0.01644
61797518,HBL-W12,1.29237,0.12081
61797673,MNG-W02,2.66582,0.20781
61797715,MNG-W04,0.7276,0.05777
61797797,MYS-W16,1.5883,0.12392
61798389,MYS-W17,1.30267,0.02459
61798437,TMK-W10,0.0,0.0
61798462,SMG-W11,2.1673,1.24066
61798618,MYS-W12,1.11451,0.01512
61798631,MNG-W14,0.0,0.0
61798715,TMK-W09,3.80558,0.22256
61799285,MNG-W01,0.0,0.0
61799325,MYS-W03,1.15083,0.16798
61799597,MNG-W09,3.88822,0.43992
61799602,HBL-W12,3.08274,0.26013
61799764,MNG-W05,2.37112,0.25491
61799915,BLR-W04,1.44531,0.06163
61799992,BLR-W39,9.60387,0.3834
61800024,TMK-W10,2.59448,0.22293
61800122,MNG-W01,1.87996,0.11342
61800188,HBL-W08,1.54127,0.12003
61800594,SMG-W03,3.34067,0.05985
61800802,BLR-W35,2.15999,2.5001
61800838,MYS-W04,0.0,0.0
61800968,MNG-W04,1.53542,0.0191
61801003,BGM-W10,0.0,0.0
61801074,MNG-W01,4.24628,0.02012
61801445,MNG-W07,0.0,0.0
61801450,SMG-W05,0.66765,0.00491
61801671,BGM-W10,0.0,0.0
61801775,MYS-W13,2.59263,0.03783
61801823,MYS-W12,0.0,0.0
61801918,BLR-W35,0.0,0.0
61802125,MNG-W09,0.0,0.0
61802521,SMG-W09,0.0,0.0
61802624,MNG-W06,0.0,0.0
61802725,MYS-W17,0.0,0.0
61803226,SMG-W09,0.0,0.0
61803272,HBL-W12,1.73003,1.04537
61803458,SMG-W04,0.0,0.0
61803772,MNG-W06,0.775,0.06365
61804173,BGM-W04,0.0,0.0
61804178,BLR-W34,0.8502,0.01209
61804212,MNG-W01,0.92601,0.00448
61804252,BLR-W34,2.22386,0.02133
61804420,MNG-W14,1.35751,0.45837
61804860,BLR-W12,0.0,0.0
61804976,BLR-W35,2.04454,0.14169
61805220,MYS-W10,0.0,0.0
61805320,MNG-W14,4.33734,0.34678
61805404,MNG-W06,0.78516,0.00947
61805496,HBL-W05,2.18192,0.02726
61805544,BGM-W14,1.65243,0.58146
61805951,SMG-W06,0.37605,0.26147
61806039,MNG-W14,1.80532,0.04403
61806160,SMG-W03,7.25145,0.66859
61806174,HBL-W15,2.09487,0.28963
61806935,BLR-W29,0.86746,0.01153
61806946,BLR-W22,0.0,0.0
61807166,MNG-W01,3.35747,0.36608
61807187,MYS-W16,0.0,0.0
61807542,HBL-W04,0.0,0.0
61807594,HBL-W11,0.49907,0.07948
61807599,BLR-W13,8.59905,2.21229
61807622,HBL-W03,0.91176,0.06981
61807952,MNG-W03,0.50294,0.07036
61808061,BGM-W04,4.57309,1.12667
61808126,MNG-W13,0.1938,0.01164
61808148,BLR-W23,0.0,0.0
61808190,MNG-W06,0.0,0.0
61808215,BLR-W30,2.45871,0.28144
61808298,MNG-W03,0.0,0.0
61808439,HBL-W11,0.0,0.0
61808616,BLR-W29,0.0,0.0
61808625,MNG-W14,1.60806,0.01703
61808634,SMG-W05,0.0,0.0
61808969,MNG-W03,0.93036,0.0462
61809043,MYS-W14,1.43833,0.41017
61809050,MNG-W07,1.96114,0.62287
61809178,BLR-W22,1.08933,0.00678
61809498,SMG-W11,0.0,0.0
61809507,HBL-W09,4.76079,0.33056
61809558,MNG-W07,3.34224,4.3366
61809716,TMK-W12,0.0,0.0
61810103,MNG-W01,3.43276,0.02238
61810552,BGM-W14,0.0,0.0
61810644,BGM-W13,0.99978,0.04609
61811229,TMK-W04,1.13589,0.03778
61811464,MYS-W18,1.17632,0.01511
61811490,MNG-W03,0.30358,0.00394
61811613,BLR-W34,1.73486,0.0988
61811680,BLR-W13,2.12467,0.40568
61811885,BLR-W13,0.0,0.0
61812037,HBL-W12,0.0,0.0
61812077,HBL-W09,5.38225,11.62617
61812185,TMK-W10,0.0,0.0
61812493,BLR-W11,1.7091,0.35443
61813218,MNG-W02,0.85379,0.13043
61813978,MNG-W04,0.0,0.0
61814153,MYS-W18,0.4471,0.03416
61814225,SMG-W03,0.0,0.0
61814386,MNG-W01,0.32385,0.02085
61814413,BLR-W25,2.98404,0.14454
61814418,SMG-W03,4.29124,0.38085
61814596,BLR-W21,0.68158,0.02695
61814868,MYS-W02,0.0,0.0
61814886,HBL-W09,4.59199,0.28157
61814989,MNG-W09,0.0,0.0
61815071,TMK-W04,0.88858,0.05612
61815192,BLR-W01,0.0,0.0
61815445,SMG-W12,0.0,0.0
61815579,TMK-W12,0.0,0.0
61815606,BGM-W15,0.0,0.0
61815696,SMG-W01,0.0,0.0
61815826,BGM-W14,0.0,0.0
61815856,BGM-W09,0.0,0.0
61816090,BLR-W09,0.0,0.0
61816174,BGM-W04,9.28174,0.33729
61816314,HBL-W09,6.43357,1.12353
61816416,BLR-W20,0.63206,0.05726
61816460,MNG-W13,1.83704,0.05208
61816798,BLR-W06,0.0,0.0
61816870,BLR-W04,2.31234,0.09663
61816918,SMG-W12,0.0,0.0
61816995,BGM-W11,1.38644,0.11001
61817090,MNG-W12,1.65155,0.01117
61817617,MNG-W07,1.67874,1.12137
61817727,SMG-W06,2.39851,1.6786
61817747,MNG-W07,3.66468,0.7575
61817785,TMK-W08,1.29723,0.15456
61817884,TMK-W02,2.95194,4.73121
61818161,MYS-W17,2.04508,0.1371
61818229,MYS-W03,0.0,0.0
61818312,HBL-W08,0.43899,0.01052
61818828,MNG-W07,3.29736,0.08955
61819087,MNG-W01,3.10125,2.05371
61819312,BGM-W12,0.0,0.0
61819350,MNG-W03,2.88257,0.28488
61819419,HBL-W11,0.0,0.0
61819497,MNG-W08,1.10474,0.02831
61819632,BLR-W32,2.51845,1.87354
61819930,BGM-W14,0.0,0.0
61819938,SMG-W08,0.0,0.0
61819991,SMG-W05,0.58438,0.17284
61820098,HBL-W15,0.96008,0.18807
61820245,MNG-W09,3.90224,0.31902
61820270,BGM-W11,1.98983,0.8317
61820297,MYS-W17,0.40234,0.02203
61820463,MYS-W16,0.93654,0.10007
61820542,TMK-W09,0.9015,0.14837
61820681,HBL-W05,0.58833,0.08645
61820713,BLR-W06,3.23711,0.11136
61820745,BLR-W16,1.40405,0.03172
61820905,MNG-W09,5.44741,2.24361
61821026,MNG-W04,0.38549,0.00072
61821117,MNG-W08,0.26101,0.01146
61821204,SMG-W05,0.49148,0.07601
61821219,MNG-W03,0.0,0.0
61821345,BGM-W10,4.43047,1.90533
61821466,MNG-W14,0.0,0.0
61821532,BLR-W13,10.50543,1.77177
61821549,MNG-W08,0.0,0.0
61821578,MNG-W01,0.32323,0.00742
61821585,BLR-W30,0.90881,0.01289
61821874,HBL-W16,0.0,0.0
61821928,MYS-W18,2.19862,0.04843
61821948,BLR-W04,1.42624,0.57678
61822160,BGM-W14,0.0,0.0
61822474,MYS-W03,0.18801,0.01741
61822542,SMG-W12,1.61265,0.02238
61822635,HBL-W12,3.23335,0.43931
61822918,MYS-W03,5.23934,0.20823
61822933,MNG-W16,3.07555,0.30534
61822993,MYS-W07,2.312,0.01792
61823016,BLR-W06,1.16885,0.01373
61823390,MYS-W01,1.09409,0.35396
61823428,TMK-W04,0.98695,0.05485
61823456,BLR-W13,0.0,0.0
61823670,MNG-W14,6.91024,0.96832
61823930,MNG-W01,2.38642,0.07651
61824950,MNG-W13,0.31759,0.00344
61825652,BLR-W12,0.0,0.0
61825751,HBL-W12,1.06383,0.22182
61825860,BLR-W03,0.52437,0.11849
61826219,SMG-W05,2.71068,0.8777
61826408,BGM-W07,0.0,0.0
61826445,HBL-W10,2.28809,0.33413
61826647,BGM-W02,2.35315,0.11329
61826936,MNG-W02,3.56856,0.61298
61827338,BGM-W03,3.04711,0.18344
61827404,HBL-W15,5.50714,0.21894
61827537,BLR-W33,2.63144,0.3224
61827676,BLR-W32,1.72899,0.08093
61827953,BGM-W12,0.0,0.0
61828096,SMG-W08,1.47493,0.24336
61828178,SMG-W11,1.7045,0.89756
61828192,MYS-W03,0.0,0.0
61828547,MYS-W10,1.62877,0.42419
61828605,MNG-W06,1.59072,0.03813
61829567,BLR-W12,0.0,0.0
61829646,MNG-W02,0.0,0.0
61829655,SMG-W05,0.0,0.0
61829681,BLR-W32,1.56037,0.04846
61829692,TMK-W09,0.0,0.0
61829851,TMK-W02,0.0,0.0
61829911,MNG-W02,4.15056,0.53571
61829971,BLR-W32,3.48225,0.10654
61830070,BLR-W02,2.22931,0.9215
61830194,MNG-W16,5.00008,0.32771
61830588,BGM-W14,0.0,0.0
61830667,HBL-W09,0.0,0.0
61831174,HBL-W08,9.13394,1.5612
61831185,SMG-W03,0.0,0.0
61831250,BGM-W07,0.0,0.0
61831577,BLR-W12,0.25996,0.02848
61831694,BLR-W33,1.5892,0.90465
61831821,BLR-W02,0.0,0.0
61832127,BLR-W32,0.0,0.0
61832144,MNG-W01,2.88719,0.68958
61832177,TMK-W12,0.88127,0.22919
61832375,MNG-W14,0.0,0.0
61832577,BLR-W40,2.45635,0.24331
61832638,SMG-W03,2.41683,0.32815
61832899,BLR-W22,0.30073,0.00662
61832944,MNG-W01,12.03182,0.12456
61832984,MNG-W07,0.61155,0.11188
61833696,MNG-W01,2.31917,0.05295
61833736,TMK-W05,4.96037,1.40501
61833750,MYS-W05,4.26636,0.04034
61833859,BLR-W20,1.0152,0.35744
61833993,MYS-W02,0.77219,0.18668
61834305,SMG-W01,1.1226,0.08326
61834737,SMG-W08,0.73739,0.00585
61834803,BLR-W39,3.02867,0.15318
61835349,MYS-W18,0.0,0.0
61835441,BGM-W04,1.52998,0.16758
61835586,BGM-W01,2.35533,0.27722
61835673,MNG-W01,1.89072,0.06405
61835806,MNG-W09,0.0,0.0
61836279,TMK-W02,0.0,0.0
61836428,TMK-W05,1.27455,0.20019
61836780,TMK-W09,3.6403,0.19149
61836834,MNG-W07,2.61869,0.76314
61836935,BLR-W13,0.0,0.0
61836986,MNG-W16,5.69277,1.21437
61837388,MNG-W13,0.02426,0.00033
61837521,BGM-W09,0.23394,0.0103
61837662,BLR-W31,3.77978,1.29843
61837820,BGM-W10,0.61837,0.03833
61837902,BLR-W13,12.76169,0.05103
61838021,TMK-W08,0.22212,0.12563
61838403,BGM-W09,0.0,0.0
61838732,TMK-W10,0.77816,0.03204
61839031,MNG-W13,3.09818,0.07846
61839084,MNG-W01,6.91695,0.58567
61839244,MNG-W08,0.0,0.0
61839456,TMK-W03,0.0,0.0
61839686,MNG-W07,0.0,0.0
61839831,HBL-W11,1.3894,0.16814
61840169,MNG-W04,0.0,0.0
61840530,MYS-W03,1.5383,1.24001
61840543,SMG-W11,1.70479,1.61048
61840660,MNG-W03,3.67697,0.25802
61840703,BLR-W28,0.0,0.0
61840749,MNG-W12,0.0,0.0
61840954,BLR-W13,1.18916,0.14566
61841003,BLR-W37,0.0,0.0
61841041,TMK-W04,0.0,0.0
61841299,BGM-W02,0.0,0.0
61841605,MNG-W14,0.0,0.0
61841613,MYS-W02,2.58308,0.0049
61841676,SMG-W03,1.75595,0.0457
61841751,MNG-W12,2.13765,0.10941
61841791,BLR-W13,2.80213,0.15975
61841911,BLR-W18,0.0,0.0
61842052,BLR-W21,0.0,0.0
61842123,BLR-W11,1.02485,0.01702
61842286,SMG-W05,0.98069,0.14458
61842745,BGM-W03,0.77595,0.0304
61843045,BLR-W18,0.0,0.0
61843149,MYS-W10,0.0,0.0
61843499,MNG-W14,3.14137,0.29673
61843706,MYS-W05,1.60702,0.00431
61843984,HBL-W10,4.55466,0.14097
61844039,BGM-W03,0.0,0.0
61844152,HBL-W05,1.03186,0.16907
61844389,BLR-W02,0.0,0.0
61844514,TMK-W07,1.8737,1.10774
61844766,MNG-W06,0.6495,0.02176
61844867,BLR-W18,3.26814,0.11464
61844984,BLR-W12,2.002,0.15698
61845374,MNG-W06,0.0,0.0
61845688,BGM-W05,1.43405,0.43744
61845833,BLR-W33,0.0,0.0
61846410,MNG-W02,1.88066,0.10764
61846681,TMK-W08,0.0,0.0
61846760,HBL-W10,0.0,0.0
61846882,SMG-W12,2.57009,0.2942
61846921,HBL-W11,0.0,0.0
61847116,TMK-W04,0.0,0.0
61847250,BLR-W02,2.27523,0.37851
61847259,BGM-W04,0.0,0.0
61847296,BGM-W12,6.31715,1.30556
61847342,BLR-W39,2.66766,0.32154
61847392,BGM-W01,2.6858,0.25208
61847404,BLR-W09,0.21792,0.00106
61847662,MNG-W14,2.65054,0.13942
61847744,SMG-W08,0.0,0.0
61847903,BLR-W22,2.06853,0.07325
61847934,BGM-W03,0.0,0.0
61847951,SMG-W08,1.21122,0.04264
61847976,BLR-W21,0.0,0.0
61848054,MNG-W07,0.69847,0.02421
61848071,MNG-W14,0.0,0.0
61848190,MNG-W09,2.29522,0.80777
61848447,HBL-W09,0.77735,0.10583
61848585,MNG-W14,0.0,0.0
61848616,BGM-W02,0.0,0.0
61848958,SMG-W03,2.65155,0.19211
61848989,BGM-W10,2.02951,0.03513
61849031,MNG-W02,1.59669,0.05631
61849565,MYS-W05,3.73976,0.10695
61849732,HBL-W11,2.0708,0.40337
61849800,MNG-W14,0.0,0.0
61850096,TMK-W05,2.05317,0.06989
61850123,MNG-W07,0.0,0.0
61850131,BLR-W22,2.16386,0.42512
61850227,BLR-W16,2.85405,0.46038
61850310,BGM-W14,0.66804,0.05932
61850388,MNG-W03,0.81417,0.0427
61850527,MNG-W16,2.65248,1.18578
61850606,HBL-W09,10.46602,0.00578
61851010,MNG-W01,0.0,0.0
61851094,SMG-W12,0.0,0.0
61851747,MYS-W10,1.0575,0.06594
61851785,MNG-W01,0.0,0.0
61852266,HBL-W11,2.37324,0.32595
61852307,HBL-W11,0.86473,0.05149
61852380,BGM-W07,1.40766,0.348
61852403,BLR-W13,0.0,0.0
61852745,MNG-W04,1.55591,0.07425
61852869,BGM-W09,0.75963,0.07452
61852889,MNG-W07,1.34241,0.58362
61853053,TMK-W06,1.41292,0.08611
61853360,MYS-W18,2.1413,0.04416
61853373,MNG-W14,2.35187,0.71
61853417,SMG-W07,0.0,0.0
61853429,BLR-W13,0.66232,0.05131
61853650,BGM-W08,2.09782,0.06245
61853717,SMG-W08,0.0,0.0
61853826,MYS-W04,4.62738,0.03447
61853842,BLR-W23,1.77198,0.1457
61853882,TMK-W05,0.99492,0.40048
61854073,BLR-W23,3.73243,1.07432
61854092,TMK-W03,0.41361,0.0399
61854197,HBL-W12,8.3973,0.12809
61854259,SMG-W03,2.48749,0.06242
61854372,BGM-W10,0.60418,0.03653
61854424,BGM-W07,0.0,0.0
61854798,HBL-W12,0.0,0.0
61854917,HBL-W12,1.8355,0.0462
61854934,SMG-W06,0.0,0.0
61854944,BLR-W13,0.0,0.0
61855027,MNG-W06,3.11885,0.19938
61855035,BLR-W21,0.0,0.0
61855159,MNG-W12,0.53524,0.2003
61855326,BLR-W23,4.69012,3.7435
61855360,BLR-W37,1.5098,0.00429
61855406,MYS-W10,0.0,0.0
61855638,BLR-W39,2.79309,0.19307
61855760,SMG-W08,0.0,0.0
61855829,BGM-W14,1.64282,0.39804
61855902,MNG-W14,1.76806,0.05237
61856279,SMG-W08,0.0,0.0
61856496,HBL-W12,1.26942,0.06443
61856571,MNG-W06,1.89322,0.03677
61856732,BGM-W15,1.12582,0.10884
61857137,MYS-W05,1.6104,0.02394
61857364,BGM-W03,0.0,0.0
61857424,BGM-W14,0.0,0.0
61857733,MNG-W07,6.84863,4.2997
61857877,BLR-W08,6.36634,1.38103
61857894,SMG-W01,0.3567,0.02584
61858052,MNG-W09,0.0,0.0
61858056,BLR-W02,0.75011,0.49804
61858415,MNG-W14,0.35633,0.06173
61858633,MNG-W01,0.0,0.0
61858645,HBL-W09,0.0,0.0
61858680,BLR-W13,3.35445,2.12777
61858969,SMG-W03,0.0,0.0
61859534,MNG-W02,0.0,0.0
61859767,BGM-W04,0.0,0.0
61859889,BLR-W37,0.0,0.0
61859902,HBL-W15,0.36834,0.05101
61859926,MNG-W03,0.0,0.0
61859934,BLR-W32,2.40464,0.0167
61860361,SMG-W09,0.44752,0.01687
61860471,TMK-W09,2.079,0.02651
61860518,MNG-W08,0.0,0.0
61860566,HBL-W09,0.0,0.0
61860613,MYS-W09,0.0,0.0
61860791,SMG-W08,0.0,0.0
61860807,BGM-W07,0.81941,0.09749
61861419,BLR-W23,0.0,0.0
61861483,MYS-W09,0.0,0.0
61861501,MNG-W03,1.72073,0.01969
61861547,MYS-W17,0.87192,0.06202
61861741,MNG-W04,0.85514,0.12261
61861899,MYS-W02,3.78624,0.00962
61862045,MNG-W06,0.75355,0.02698
61862074,MNG-W14,1.06234,0.02762
61862508,TMK-W04,0.43705,0.01742
61862525,MYS-W04,0.0,0.0
61862530,MNG-W06,0.72888,0.01133
61862799,TMK-W05,6.62236,0.16327
61862930,MYS-W03,1.2776,0.01103
61862946,BGM-W14,4.23673,2.88964
61863043,HBL-W09,0.0,0.0
61863235,MNG-W03,1.19429,0.08245
61863350,MNG-W13,2.03879,0.03724
61863950,TMK-W11,0.0,0.0
61864116,BLR-W23,2.66365,0.13616
61864119,BGM-W04,0.0,0.0
61864146,BLR-W13,0.0,0.0
61864471,BLR-W28,2.28758,0.02395
61864646,MNG-W04,2.3192,0.14822
61864681,BLR-W23,0.0,0.0
61865046,BLR-W38,1.48998,0.04669
61865162,SMG-W12,1.02403,0.27215
61865258,SMG-W03,0.0,0.0
61865322,BGM-W14,2.26287,1.05298
61865361,MYS-W02,7.9493,1.13526
61865461,MYS-W14,1.87504,0.38683
61865635,MYS-W12,0.0,0.0
61865815,SMG-W08,0.0,0.0
61866202,TMK-W12,0.80812,1.28387
61866353,BGM-W03,0.0,0.0
61866364,MNG-W01,0.0,0.0
61866371,BLR-W32,2.35207,0.24519
61866755,BLR-W13,3.82719,0.4136
61866791,MYS-W05,1.95242,0.02335
61866918,SMG-W06,0.0,0.0
61867143,BGM-W01,0.0,0.0
61867149,MNG-W09,0.87543,0.10275
61867256,MNG-W07,4.72565,0.31286
61867396,BLR-W34,1.28967,0.17862
61867436,MNG-W07,4.7533,0.83426
61867586,BLR-W32,0.84754,0.08996
61867690,MYS-W15,0.0,0.0
61867696,HBL-W12,1.74989,0.01543
61867829,MYS-W05,0.82932,0.07499
61867855,MNG-W02,1.01669,0.10219
61867887,MYS-W03,3.31248,0.3387
61868361,MNG-W07,2.1156,0.16755
61868635,MYS-W03,6.04489,1.52012
61868753,MNG-W02,0.0,0.0
61868969,TMK-W04,0.87818,0.008
61869106,HBL-W12,3.36066,2.02363
61869191,HBL-W11,0.79521,0.16772
61869256,TMK-W05,1.86485,0.6789
61869631,TMK-W10,0.0,0.0
61869988,MNG-W10,0.0,0.0
61870151,HBL-W11,0.0,0.0
61870229,MYS-W09,0.7129,0.05441
61870273,MNG-W04,0.68628,0.02209
61870313,MYS-W17,0.80536,0.0013
61870352,MYS-W17,0.90485,0.03232
61870384,BGM-W08,1.23199,0.0155
61870418,TMK-W12,9.55856,5.97068
61870571,SMG-W11,2.75964,0.40311
61870668,BGM-W14,0.81726,0.20299
61870791,BLR-W23,1.6622,0.61725
61870905,MYS-W16,2.69152,0.08157
61870942,BLR-W35,0.0,0.0
61871317,BGM-W14,0.0,0.0
61871326,HBL-W09,0.0,0.0
61871556,BLR-W04,3.75221,0.2405
61871573,HBL-W04,1.66953,0.14489
61871716,SMG-W08,0.0,0.0
61872050,MNG-W05,4.16343,1.59935
61872070,HBL-W01,0.43876,0.03777
61872448,MNG-W01,0.0,0.0
61873040,TMK-W12,4.20304,0.90903
61873071,MYS-W05,1.20575,0.02331
61873241,SMG-W03,0.0,0.0
61873327,MNG-W01,0.0,0.0
61873450,MNG-W01,0.0,0.0
61873673,SMG-W03,5.94334,0.30541
61873751,TMK-W04,0.7072,0.00475
61873828,BLR-W39,3.88151,0.22404
61873839,BLR-W01,0.0,0.0
61874023,BLR-W25,1.21133,0.00875
61874083,MYS-W05,0.89892,0.037
61874151,MNG-W14,2.0893,0.2676
61874175,MYS-W09,3.66434,0.4131
61874235,MYS-W11,0.92256,0.05618
61874362,TMK-W08,0.0,0.0
61874457,HBL-W12,0.0,0.0
61874675,BGM-W10,1.93671,0.00627
61874768,TMK-W08,1.72159,0.08018
61874850,BLR-W12,0.0,0.0
61874862,HBL-W03,0.5694,0.01486
61875167,MYS-W15,0.0,0.0
61875231,SMG-W03,1.27364,0.1128
61875263,HBL-W15,1.1796,0.07375
61875282,SMG-W05,0.0,0.0
61875296,MNG-W12,0.0,0.0
61875396,SMG-W03,0.0,0.0
61875467,SMG-W03,0.0,0.0
61875518,MNG-W16,0.0,0.0
61875623,MYS-W02,0.0,0.0
61875707,MNG-W16,0.0,0.0
61875780,BLR-W13,0.0,0.0
61876092,SMG-W05,0.95786,0.00425
61876169,BLR-W08,2.00916,0.1019
61876187,MNG-W16,0.0,0.0
61876244,MNG-W03,0.0,0.0
61876730,MNG-W14,1.09215,0.03648
61876918,TMK-W04,2.50881,0.19776
61877103,TMK-W05,0.0,0.0
61877557,BLR-W34,0.0,0.0
61877574,BGM-W14,2.55293,0.04673
61877649,BGM-W04,5.8482,0.22591
61877751,MNG-W02,3.42165,0.26998
61878013,TMK-W06,0.0,0.0
61878123,BGM-W15,1.47629,0.02806
61878137,BLR-W03,0.0,0.0
61878525,BLR-W07,1.71717,0.27505
61878624,MYS-W18,0.0,0.0
61878807,MNG-W01,0.32549,0.02144
61878936,BLR-W20,0.99537,0.01172
61878948,HBL-W12,6.86068,0.43287
61878953,MYS-W03,0.0,0.0
61879001,MNG-W16,1.68265,0.10759
61879269,SMG-W03,0.0,0.0
61879295,BLR-W24,2.3778,0.15283
61879315,MYS-W10,0.40715,0.01023
61879580,BLR-W40,0.0,0.0
61879621,SMG-W10,0.13722,0.00991
61879823,MYS-W13,0.65983,0.09127
61879881,BLR-W08,1.18018,0.13142
61880177,BGM-W14,5.21816,3.83107
61880232,MNG-W04,1.59629,0.09482
61880277,MNG-W07,2.81695,1.13495
61880309,TMK-W04,0.89164,0.12005
61880346,BGM-W01,1.28849,0.1186
61880409,MNG-W16,0.0,0.0
61880419,SMG-W11,0.0,0.0
61880616,MYS-W09,0.0,0.0
61880708,MYS-W09,5.52332,0.27463
61880882,TMK-W08,2.42365,0.07167
61881049,SMG-W11,0.0,0.0
61881209,SMG-W02,0.86814,0.03932
61881255,MNG-W12,0.80585,0.0232
61881625,MYS-W03,2.18152,0.30966
61881834,MNG-W08,0.0,0.0
61881845,MNG-W01,0.0,0.0
61882091,MYS-W05,0.43551,0.00859
61882497,MNG-W07,7.13036,1.46732
61882867,BLR-W02,1.03974,0.12366
61883333,MNG-W12,0.0,0.0
61883371,MNG-W01,0.97083,0.0836
61883908,MYS-W17,0.39738,0.00399
61883956,MNG-W14,1.53005,0.31049
61884251,SMG-W03,7.67531,1.00685
61884355,HBL-W12,0.0,0.0
61884500,BLR-W29,1.60681,0.05172
61884540,MNG-W16,0.0,0.0
61884646,SMG-W09,0.0,0.0
61884715,MNG-W07,1.03647,0.24782
61884736,BLR-W18,1.37456,0.03516
61884804,MNG-W04,2.82916,0.19739
61884847,BLR-W04,1.02807,0.02265
61885005,BLR-W30,4.78072,0.07683
61885110,BLR-W33,6.59259,1.69391
61885199,SMG-W07,2.06016,0.18934
61885202,BGM-W08,1.7609,0.10021
61885456,MNG-W14,1.76014,0.24617
61885541,BLR-W34,0.92257,0.00703
61885810,BGM-W10,0.0,0.0
61885821,HBL-W12,3.79162,0.77057
61885891,MNG-W06,0.0,0.0
61886070,HBL-W09,1.70543,0.48098
61886357,MNG-W01,0.0,0.0
61886425,MNG-W03,1.44859,0.11314
61886503,HBL-W12,4.51938,0.46149
61886555,HBL-W09,12.35239,1.35193
61886558,MNG-W01,0.0,0.0
61886640,BLR-W20,2.76677,0.11367
61886666,HBL-W09,0.92027,0.0431
61886732,MNG-W04,1.24859,0.06173
61886811,BLR-W22,2.32357,0.13182
61886818,MNG-W07,4.64124,1.08213
61886823,BLR-W30,0.0,0.0
61887017,BLR-W16,0.54185,0.02945
61887102,SMG-W03,0.47217,0.02372
61887120,MNG-W07,2.1719,0.42703
61887125,BGM-W11,0.0,0.0
61887174,BGM-W14,1.28545,0.22447
61887326,MNG-W01,4.97548,0.13972
61887361,BLR-W29,0.0,0.0
61887463,MYS-W18,5.3534,0.24937
61887506,MYS-W10,0.0,0.0
61887552,MYS-W07,1.74145,0.05681
61887650,MNG-W05,1.01849,0.19336
61887713,SMG-W05,0.38344,0.04258
61887789,MYS-W09,5.01416,0.19831
61888130,MNG-W14,1.44617,0.1049
61888243,BGM-W14,2.40266,0.06358
61888362,HBL-W11,0.0,0.0
61888507,MNG-W09,3.35005,0.5395
61888588,HBL-W12,3.23869,0.03276
61888707,BLR-W34,1.33099,0.02857
61888996,MYS-W03,4.61155,0.984
61889183,BGM-W14,1.213,0.40665
61889704,BLR-W39,0.0,0.0
61889934,BLR-W32,0.0,0.0
61890202,MNG-W14,3.35044,0.32968
61890322,BLR-W13,14.56823,1.94978
61890323,MNG-W09,0.0,0.0
61890422,MNG-W01,4.8055,0.11163
61890432,SMG-W08,0.25285,0.01652
61890495,HBL-W08,0.28502,0.04556
61890647,BLR-W22,0.0,0.0
61890675,MNG-W06,0.52645,0.01534
61890770,MYS-W16,2.89651,0.18191
61890824,MNG-W01,0.0,0.0
61891175,SMG-W03,1.38873,0.05879
61891193,SMG-W03,0.0,0.0
61891317,BLR-W34,0.0,0.0
61891467,HBL-W09,0.0,0.0
61891606,TMK-W02,0.15663,0.00808
61891878,BLR-W26,0.0,0.0
61891979,BLR-W38,0.324,0.00476
61892002,TMK-W05,2.17845,0.02701
61892067,MNG-W07,7.6593,1.75795
61892123,HBL-W11,3.70139,0.0078
61892173,SMG-W05,0.0,0.0
61892417,MYS-W05,1.59877,0.04675
61892428,SMG-W08,1.01262,0.00452
61892458,TMK-W05,0.0,0.0
61892466,MNG-W07,1.0762,0.37667
61892696,HBL-W05,1.90344,0.02873
61892707,HBL-W09,0.0,0.0
61893050,HBL-W04,0.82303,0.045
61893485,HBL-W16,0.23772,0.00316
61893513,MYS-W09,3.50222,0.1373
61893811,HBL-W11,1.4529,0.14547
61894244,MNG-W14,0.25571,0.02102
61894254,MYS-W02,3.03464,0.269
61894539,MNG-W01,0.0,0.0
61894658,HBL-W11,0.0,0.0
61894725,BLR-W03,0.0,0.0
61894751,MNG-W03,2.86543,0.02734
61894764,BLR-W02,0.0,0.0
61894825,SMG-W05,0.32805,0.01803
61894851,BGM-W10,2.02378,0.03068
61895203,MYS-W10,0.0,0.0
61895692,MNG-W08,2.73095,0.04165
61895836,SMG-W05,0.0,0.0
61895856,MNG-W09,0.56749,0.02905
61896095,TMK-W06,2.44228,0.09642
61896500,MYS-W17,0.19754,0.00229
61896567,TMK-W07,4.40769,0.08952
61896819,MNG-W04,0.0,0.0
61896906,TMK-W04,0.51812,0.0228
61896958,SMG-W02,0.0,0.0
61896978,MNG-W16,0.0,0.0
61897010,MNG-W03,2.5891,0.01997
61897038,MNG-W13,0.37223,0.00261
61897071,MNG-W07,4.60249,0.07357
61897276,BLR-W37,0.4549,0.00108
61897290,BGM-W14,2.07496,0.06855
61897513,BGM-W02,0.0,0.0
61897852,BGM-W12,2.15776,0.03344
61897857,HBL-W09,0.0,0.0
61898133,MNG-W14,3.5148,0.00398
61898391,TMK-W04,0.0,0.0
61898446,MYS-W02,0.0,0.0
61898477,BLR-W18,0.47375,0.00142
61898647,BGM-W14,0.0,0.0
61898982,BGM-W07,2.0513,0.00141
61899385,BGM-W12,0.0,0.0
61899557,TMK-W04,3.51226,0.00041
