unique_key,created_date,closed_date,descriptor,status,borough,latitude,longitude
61000134,2025-01-01T00:30:00.000,2025-01-07T17:16:00.000,Street Light Dayburning,Closed,Hubballi,15.35549,75.154024
61000237,2025-01-01T00:55:00.000,2025-01-03T10:59:00.000,Lamppost Damaged,Closed,Shivamogga,13.913385,75.562294
61000309,2025-01-01T08:09:00.000,2025-01-17T10:09:00.000,Street Light Out,Closed,Mangaluru,12.882923,74.867288
61000601,2025-01-01T09:03:00.000,2025-01-03T15:49:23.000,Street Light Dayburning,Closed,Hubballi,15.349312,75.150994
61000707,2025-01-01T09:46:00.000,2025-01-05T11:05:54.000,Lamppost Damaged,Closed,Mysuru,12.293656,76.668719
61001320,2025-01-01T11:07:00.000,2025-02-12T15:24:00.000,Street Light Out,Closed,Hubballi,15.352635,75.155078
61001416,2025-01-01T11:29:00.000,2025-01-02T12:54:00.000,Street Light Out,Closed,Mangaluru,12.873328,74.851447
61001510,2025-01-01T14:55:00.000,2025-01-04T16:10:00.000,Street Light Out,Closed,Mangaluru,12.884555,74.86947
61001579,2025-01-01T18:29:00.000,2025-01-06T08:23:00.000,Street Light Out,Closed,Mysuru,12.308341,76.658846
61001763,2025-01-01T18:57:00.000,2025-01-13T09:10:05.000,Street Light Out,Closed,Bengaluru,13.028428,77.62019
61001880,2025-01-01T19:02:00.000,2025-01-11T17:20:00.000,Street Light Out,Closed,Tumakuru,13.350537,77.09841
61001888,2025-01-01T19:59:00.000,2025-01-04T09:29:35.000,Street Light Out,Closed,Hubballi,15.350845,75.133296
61002209,2025-01-01T20:33:00.000,2025-01-18T17:24:00.000,Street Light Out,Closed,Belagavi,15.845456,74.55053
61002435,2025-01-01T21:28:00.000,2025-01-09T18:10:53.000,Street Light Out,Closed,Hubballi,15.350946,75.139208
61002464,2025-01-01T22:06:00.000,2025-01-11T18:02:00.000,Street Light Cycling,Closed,Belagavi,15.843797,74.55905
61002533,2025-01-01T22:58:00.000,2025-01-05T15:41:00.000,Street Light Out,Closed,Mysuru,12.312697,76.680694
61002572,2025-01-01T23:00:00.000,2025-01-05T12:52:00.000,Street Light Out,Closed,Mangaluru,12.899667,74.861496
61002587,2025-01-01T23:59:00.000,2025-01-04T10:21:00.000,Street Light Out,Closed,Mangaluru,12.880857,74.845806
61002859,2025-01-02T00:12:00.000,2025-01-02T13:03:07.000,Street Light Out,Closed,Hubballi,15.359624,75.12343
61002892,2025-01-02T01:06:00.000,2025-01-10T14:21:53.000,Street Light Cycling,Closed,Tumakuru,13.367026,77.086714
61002909,2025-01-02T04:51:00.000,2025-01-10T08:23:58.000,Street Light Out,Closed,Mangaluru,12.89422,74.840591
61002911,2025-01-02T06:05:00.000,2025-01-04T08:23:00.000,Street Light Out,Closed,Mangaluru,12.87308,74.851067
61003372,2025-01-02T08:06:00.000,2025-01-09T13:57:00.000,Street Light Dayburning,Closed,Tumakuru,13.329995,77.065732
61003485,2025-01-02T08:40:00.000,2025-01-08T18:32:00.000,Street Light Out,Closed,Bengaluru,13.028693,77.640986
61003507,2025-01-02T09:10:00.000,2025-01-18T11:56:00.000,Lamppost Damaged,Closed,Bengaluru,12.99334,77.614441
61003513,2025-01-02T12:15:00.000,2025-01-04T10:17:00.000,Street Light Out,Closed,Mysuru,12.258855,76.661103
61003547,2025-01-02T14:24:00.000,2025-01-11T11:17:00.000,Street Light Out,Closed,Tumakuru,13.33126,77.118358
61003591,2025-01-02T17:42:00.000,2025-01-05T11:09:00.000,Street Light Out,Closed,Mangaluru,12.877058,74.84313
61003625,2025-01-02T18:50:00.000,2025-01-11T09:13:15.000,Street Light Out,Closed,Belagavi,15.847892,74.558077
61003839,2025-01-02T19:15:00.000,2025-01-08T08:25:00.000,Street Light Out,Closed,Bengaluru,12.982278,77.585006
61003908,2025-01-02T19:48:00.000,2025-01-04T11:47:00.000,Street Light Cycling,Closed,Tumakuru,13.356823,77.089458
61004464,2025-01-02T21:13:00.000,2025-01-05T14:35:13.000,Street Light Dayburning,Closed,Shivamogga,13.930439,75.559953
61004536,2025-01-02T22:53:00.000,2025-01-12T16:44:00.000,Street Light Out,Closed,Belagavi,15.859502,74.480673
61004568,2025-01-02T22:54:00.000,2025-01-04T08:38:57.000,Street Light Dayburning,Closed,Bengaluru,12.988378,77.576236
61004595,2025-01-02T22:55:00.000,2025-01-06T15:57:00.000,Street Light Out,Closed,Bengaluru,12.956431,77.571629
61004654,2025-01-02T22:57:00.000,2025-01-13T11:17:00.000,Street Light Dayburning,Closed,Mangaluru,12.881435,74.838923
61004875,2025-01-02T23:10:00.000,2025-02-24T08:51:53.000,Street Light Dayburning,Closed,Belagavi,15.847127,74.554598
61004945,2025-01-02T23:26:00.000,2025-01-06T15:05:06.000,Street Light Out,Closed,Mangaluru,12.872852,74.851921
61004955,2025-01-03T00:14:00.000,2025-01-12T08:30:00.000,Street Light Out,Closed,Mangaluru,12.893706,74.861023
61004978,2025-01-03T06:41:00.000,2025-01-17T11:57:16.000,Street Light Out,Closed,Bengaluru,12.976839,77.535607
61005207,2025-01-03T08:04:00.000,2025-01-21T08:16:00.000,Street Light Out,Closed,Mysuru,12.256667,76.654512
61005247,2025-01-03T08:04:00.000,2025-01-15T17:02:00.000,Street Light Out,Closed,Bengaluru,12.996249,77.538252
61005253,2025-01-03T08:15:00.000,2025-01-10T12:03:32.000,Street Light Out,Closed,Tumakuru,13.316752,77.118274
61005323,2025-01-03T08:41:00.000,2025-01-12T11:58:00.000,Street Light Out,Closed,Shivamogga,13.919417,75.559354
61005465,2025-01-03T09:01:00.000,2025-01-06T18:29:00.000,Street Light Out,Closed,Belagavi,15.861169,74.486135
61005618,2025-01-03T10:24:00.000,2025-01-04T11:47:00.000,Street Light Out,Closed,Tumakuru,13.344563,77.11026
61005646,2025-01-03T11:00:00.000,2025-01-26T11:42:13.000,Street Light Out,Closed,Tumakuru,13.324299,77.099423
61005660,2025-01-03T12:35:00.000,2025-01-05T17:30:36.000,Street Light Out,Closed,Belagavi,15.849329,74.550706
61005743,2025-01-03T13:16:00.000,2025-01-15T08:29:14.000,Street Light Out,Closed,Hubballi,15.35838,75.105545
61005812,2025-01-03T15:18:00.000,2025-01-08T13:20:00.000,Street Light Out,Closed,Bengaluru,13.024915,77.608819
61005951,2025-01-03T15:37:00.000,2025-01-11T08:16:00.000,Street Light Out,Closed,Hubballi,15.347909,75.127803
61006184,2025-01-03T16:51:00.000,2025-01-08T10:18:14.000,Street Light Out,Closed,Bengaluru,12.92041,77.492843
61006214,2025-01-03T19:10:00.000,2025-02-05T15:25:00.000,Street Light Out,Closed,Mangaluru,12.871281,74.854167
61006421,2025-01-03T19:42:00.000,2025-01-08T18:38:00.000,Street Light Dayburning,Closed,Shivamogga,13.926272,75.574926
61006542,2025-01-03T20:32:00.000,2025-01-05T12:33:00.000,Lamppost Damaged,Closed,Hubballi,15.360849,75.153009
61006631,2025-01-03T20:47:00.000,2025-01-14T10:39:00.000,Street Light Out,Closed,Bengaluru,12.975824,77.578024
61006638,2025-01-03T20:56:00.000,2025-01-05T08:13:41.000,Street Light Out,Closed,Hubballi,15.327536,75.108835
61006718,2025-01-03T21:15:00.000,2025-01-16T18:52:00.000,Street Light Dim,Closed,Mangaluru,12.884924,74.853769
61006929,2025-01-03T21:33:00.000,2025-01-06T16:21:00.000,Street Light Out,Closed,Bengaluru,12.984491,77.629963
61006944,2025-01-03T22:19:00.000,2025-01-19T11:19:00.000,Street Light Out,Closed,Shivamogga,13.918189,75.567857
61007007,2025-01-03T22:55:00.000,2025-01-08T11:57:00.000,Street Light Out,Closed,Hubballi,15.3467,75.15335
61007344,2025-01-03T23:08:00.000,2025-01-09T15:36:00.000,Street Light Out,Closed,Belagavi,15.847672,74.522669
61007571,2025-01-03T23:42:00.000,2025-01-09T12:40:00.000,Street Light Out,Closed,Mangaluru,12.899719,74.847688
61007639,2025-01-04T00:40:00.000,2025-02-15T14:48:00.000,Street Light Out,Closed,Belagavi,15.877592,74.520326
61007795,2025-01-04T09:58:00.000,2025-01-14T10:10:17.000,Street Light Out,Closed,Belagavi,15.850326,74.515196
61007873,2025-01-04T09:59:00.000,2025-01-06T08:48:43.000,Street Light Out,Closed,Shivamogga,13.921505,75.550628
61007945,2025-01-04T10:12:00.000,2025-01-29T13:35:00.000,Street Light Out,Closed,Shivamogga,13.896781,75.556025
61007993,2025-01-04T11:13:00.000,2025-01-08T15:19:17.000,Street Light Out,Closed,Shivamogga,13.957647,75.521507
61008013,2025-01-04T12:46:00.000,2025-01-12T17:30:00.000,Street Light Out,Closed,Mysuru,12.282102,76.692861
61008052,2025-01-04T13:22:00.000,2025-01-06T15:17:00.000,Street Light Out,Closed,Hubballi,15.356783,75.11396
61008067,2025-01-04T15:06:00.000,2025-01-18T08:35:00.000,Street Light Out,Closed,Bengaluru,12.98328,77.591338
61008209,2025-01-04T18:54:00.000,2025-02-05T12:13:00.000,Street Light Out,Closed,Shivamogga,13.931434,75.55622
61008371,2025-01-04T19:44:00.000,2025-01-13T11:33:00.000,Street Light Out,Closed,Belagavi,15.848586,74.55592
61008444,2025-01-04T20:10:00.000,2025-01-11T18:07:00.000,Street Light Out,Closed,Mysuru,12.261379,76.655223
61008449,2025-01-04T20:24:00.000,2025-01-07T08:19:29.000,Street Light Out,Closed,Bengaluru,12.978279,77.595879
61008617,2025-01-04T21:55:00.000,2025-01-18T14:54:00.000,Street Light Out,Closed,Belagavi,15.856447,74.504307
61008687,2025-01-04T21:57:00.000,2025-01-26T12:03:00.000,Street Light Out,Closed,Shivamogga,13.890018,75.540534
61008987,2025-01-04T22:00:00.000,2025-01-07T18:43:00.000,Street Light Out,Closed,Shivamogga,13.919481,75.593753
61009017,2025-01-04T22:14:00.000,2025-01-12T18:02:00.000,Street Light Out,Closed,Mangaluru,12.884685,74.83982
61009088,2025-01-04T22:50:00.000,2025-01-13T16:37:00.000,Street Light Out,Closed,Belagavi,15.852921,74.522608
61009225,2025-01-05T00:10:00.000,2025-01-06T12:00:53.000,Street Light Out,Closed,Tumakuru,13.352147,77.107166
61009289,2025-01-05T04:07:00.000,2025-01-07T08:01:00.000,Lamppost Damaged,Closed,Tumakuru,13.340337,77.107695
61009552,2025-01-05T06:47:00.000,2025-01-06T10:53:40.000,Street Light Out,Closed,Mangaluru,12.892283,74.855866
61009669,2025-01-05T09:13:00.000,2025-01-17T17:14:00.000,Street Light Out,Closed,Hubballi,15.362656,75.151483
61009757,2025-01-05T09:32:00.000,2025-01-11T18:35:00.000,Street Light Out,Closed,Belagavi,15.843596,74.554014
61009922,2025-01-05T10:43:00.000,2025-02-04T10:59:22.000,Street Light Out,Closed,Mangaluru,12.868027,74.851516
61010272,2025-01-05T11:04:00.000,2025-01-10T08:40:46.000,Street Light Out,Closed,Shivamogga,13.972399,75.561107
61010463,2025-01-05T16:55:00.000,2025-01-07T15:08:00.000,Street Light Out,Closed,Tumakuru,13.342005,77.10968
61010566,2025-01-05T17:22:00.000,2025-03-15T09:38:00.000,Street Light Out,Closed,Shivamogga,13.942062,75.610564
61010614,2025-01-05T17:40:00.000,2025-01-15T09:10:56.000,Street Light Out,Closed,Mysuru,12.259613,76.658152
61010992,2025-01-05T17:55:00.000,2025-01-07T09:25:55.000,Street Light Out,Closed,Belagavi,15.886566,74.500198
61011005,2025-01-05T18:12:00.000,2025-01-16T11:34:00.000,Street Light Out,Closed,Bengaluru,13.027298,77.564508
61011068,2025-01-05T18:18:00.000,2025-01-06T08:42:00.000,Street Light Out,Closed,Mangaluru,12.904827,74.849555
61011113,2025-01-05T18:25:00.000,2025-01-07T09:16:16.000,Lamppost Damaged,Closed,Mangaluru,12.919447,74.853242
61011457,2025-01-05T18:58:00.000,2025-01-11T09:39:00.000,Street Light Out,Closed,Mangaluru,12.889121,74.854236
61011464,2025-01-05T19:42:00.000,2025-02-15T13:25:27.000,Street Light Out,Closed,Shivamogga,13.937229,75.551991
61011518,2025-01-05T20:27:00.000,2025-01-11T12:09:00.000,Street Light Out,Closed,Mysuru,12.321149,76.654891
61011609,2025-01-05T20:51:00.000,2025-03-08T11:20:21.000,Street Light Out,Closed,Bengaluru,13.014653,77.518824
61011631,2025-01-05T21:07:00.000,2025-01-10T13:04:46.000,Street Light Out,Closed,Mangaluru,12.88022,74.841537
61011771,2025-01-05T22:07:00.000,2025-01-20T16:07:00.000,Street Light Cycling,Closed,Tumakuru,13.348288,77.097344
61012069,2025-01-06T03:22:00.000,2025-01-07T18:31:57.000,Lamppost Damaged,Closed,Bengaluru,12.974595,77.598719
61012223,2025-01-06T04:00:00.000,2025-01-24T09:46:00.000,Street Light Out,Closed,Shivamogga,13.889783,75.55628
61012325,2025-01-06T09:08:00.000,2025-03-01T14:23:00.000,Street Light Out,Closed,Belagavi,15.846782,74.556134
61013059,2025-01-06T10:51:00.000,2025-01-08T13:45:00.000,Street Light Out,Closed,Mysuru,12.353239,76.628462
61013089,2025-01-06T11:03:00.000,2025-01-09T16:41:11.000,Street Light Out,Closed,Mysuru,12.340012,76.646832
61013333,2025-01-06T13:59:00.000,2025-01-08T18:02:00.000,Street Light Out,Closed,Bengaluru,12.946832,77.598992
61013345,2025-01-06T15:40:00.000,2025-01-16T17:22:00.000,Street Light Out,Closed,Mysuru,12.314534,76.688586
61013396,2025-01-06T16:16:00.000,2025-01-08T10:19:00.000,Street Light Out,Closed,Hubballi,15.352358,75.115269
61013643,2025-01-06T16:38:00.000,2025-01-10T14:11:53.000,Street Light Out,Closed,Mangaluru,12.872255,74.854228
61013883,2025-01-06T19:21:00.000,2025-01-07T11:09:46.000,Street Light Dayburning,Closed,Mangaluru,12.882146,74.847706
61013938,2025-01-06T19:34:00.000,2025-01-17T14:21:00.000,Street Light Out,Closed,Mangaluru,12.87264,74.86859
61014132,2025-01-06T19:52:00.000,2025-01-09T17:34:00.000,Street Light Out,Closed,Hubballi,15.352464,75.102977
61014370,2025-01-06T20:08:00.000,2025-03-11T13:22:00.000,Street Light Out,Closed,Mangaluru,12.868136,74.854924
61014500,2025-01-06T20:32:00.000,2025-01-12T17:58:00.000,Lamppost Damaged,Closed,Belagavi,15.844061,74.496421
61014577,2025-01-06T20:54:00.000,2025-01-11T13:23:00.000,Street Light Out,Closed,Bengaluru,12.980104,77.587023
61014621,2025-01-06T21:45:00.000,2025-01-12T15:15:55.000,Street Light Out,Closed,Tumakuru,13.338043,77.077037
61014774,2025-01-06T22:22:00.000,2025-01-20T12:42:00.000,Street Light Out,Closed,Hubballi,15.346754,75.125003
61014781,2025-01-06T22:33:00.000,2025-01-09T12:39:00.000,Street Light Out,Closed,Bengaluru,13.016089,77.60126
61014837,2025-01-06T22:45:00.000,2025-01-08T08:51:25.000,Street Light Out,Closed,Mangaluru,12.883305,74.886922
61014838,2025-01-06T23:35:00.000,2025-01-23T13:25:08.000,Street Light Out,Closed,Shivamogga,13.926721,75.559098
61014842,2025-01-06T23:58:00.000,2025-01-13T15:45:00.000,Street Light Out,Closed,Bengaluru,13.087498,77.605734
61014860,2025-01-07T00:06:00.000,2025-01-08T13:00:18.000,Street Light Out,Closed,Hubballi,15.351043,75.147719
61014885,2025-01-07T07:55:00.000,2025-01-11T16:58:00.000,Street Light Out,Closed,Bengaluru,12.957151,77.580039
61015172,2025-01-07T08:29:00.000,2025-01-07T15:32:24.000,Street Light Out,Closed,Mangaluru,12.872871,74.843625
61015243,2025-01-07T09:39:00.000,2025-01-12T16:08:00.000,Street Light Out,Closed,Hubballi,15.35256,75.120325
61015428,2025-01-07T09:48:00.000,2025-01-12T11:04:00.000,Street Light Out,Closed,Bengaluru,13.020545,77.604402
61015442,2025-01-07T09:50:00.000,2025-01-14T10:58:00.000,Street Light Out,Closed,Mangaluru,12.89496,74.849198
61015493,2025-01-07T10:28:00.000,2025-01-17T13:12:00.000,Street Light Out,Closed,Mangaluru,12.866699,74.839362
61015571,2025-01-07T17:00:00.000,2025-01-15T13:39:29.000,Street Light Out,Closed,Mangaluru,12.880846,74.845792
61016158,2025-01-07T17:02:00.000,2025-02-03T17:37:00.000,Street Light Out,Closed,Mangaluru,12.891555,74.849487
61016196,2025-01-07T18:39:00.000,2025-01-13T09:09:00.000,Street Light Out,Closed,Mangaluru,12.872164,74.847964
61016215,2025-01-07T19:10:00.000,2025-01-12T14:19:39.000,Street Light Out,Closed,Bengaluru,12.990226,77.572042
61016296,2025-01-07T20:40:00.000,2025-01-13T14:04:32.000,Street Light Out,Closed,Mysuru,12.256135,76.663057
61016308,2025-01-07T21:24:00.000,2025-01-12T08:47:26.000,Street Light Dim,Closed,Tumakuru,13.338943,77.121326
61016459,2025-01-07T22:41:00.000,2025-01-12T17:41:38.000,Street Light Out,Closed,Hubballi,15.34218,75.10966
61016532,2025-01-07T22:43:00.000,2025-01-18T18:23:00.000,Street Light Out,Closed,Mangaluru,12.88008,74.841763
61016542,2025-01-07T23:31:00.000,2025-01-10T11:51:56.000,Street Light Out,Closed,Mangaluru,12.862778,74.847039
61016668,2025-01-07T23:37:00.000,2025-01-10T09:11:00.000,Street Light Out,Closed,Mysuru,12.291671,76.664123
61016669,2025-01-08T06:34:00.000,2025-01-13T08:14:26.000,Street Light Out,Closed,Mysuru,12.329425,76.637012
61016702,2025-01-08T07:57:00.000,2025-01-09T16:33:05.000,Street Light Out,Closed,Mysuru,12.348406,76.654285
61016762,2025-01-08T08:50:00.000,2025-01-10T16:36:40.000,Street Light Out,Closed,Belagavi,15.884629,74.500377
61016788,2025-01-08T09:19:00.000,2025-02-09T17:52:54.000,Street Light Out,Closed,Belagavi,15.881459,74.523682
61016870,2025-01-08T09:44:00.000,2025-01-12T13:20:00.000,Street Light Dim,Closed,Hubballi,15.354832,75.120788
61016952,2025-01-08T10:37:00.000,2025-01-24T12:27:24.000,Street Light Cycling,Closed,Shivamogga,13.950005,75.545141
61017083,2025-01-08T17:37:00.000,2025-01-29T18:10:00.000,Street Light Out,Closed,Bengaluru,12.861167,77.500203
61017134,2025-01-08T19:10:00.000,2025-01-13T13:14:23.000,Street Light Out,Closed,Mangaluru,12.896863,74.881703
61017352,2025-01-08T19:32:00.000,2025-02-24T10:40:35.000,Street Light Out,Closed,Mangaluru,12.920686,74.886258
61017380,2025-01-08T19:53:00.000,2025-01-09T16:45:09.000,Street Light Out,Closed,Mangaluru,12.898066,74.849812
61017581,2025-01-08T21:50:00.000,2025-01-11T09:25:46.000,Street Light Out,Closed,Mangaluru,12.892916,74.855666
61017780,2025-01-08T22:16:00.000,2025-01-14T17:35:00.000,Street Light Out,Closed,Mysuru,12.316151,76.663971
61017993,2025-01-08T22:38:00.000,2025-01-10T09:00:00.000,Street Light Out,Closed,Mysuru,12.303216,76.665372
61017996,2025-01-08T22:43:00.000,2025-01-10T10:34:43.000,Street Light Cycling,Closed,Mangaluru,12.923969,74.879112
61018284,2025-01-08T23:08:00.000,2025-01-11T11:49:44.000,Street Light Out,Closed,Bengaluru,12.980772,77.566116
61018378,2025-01-08T23:53:00.000,2025-01-19T09:31:57.000,Street Light Dim,Closed,Hubballi,15.357284,75.125751
61018888,2025-01-09T00:08:00.000,2025-01-10T08:57:01.000,Street Light Out,Closed,Bengaluru,12.972706,77.590395
61018912,2025-01-09T06:04:00.000,2025-01-13T11:45:00.000,Street Light Out,Closed,Mangaluru,12.871127,74.841412
61018977,2025-01-09T06:09:00.000,2025-01-19T11:04:49.000,Street Light Out,Closed,Shivamogga,13.879338,75.573177
61019532,2025-01-09T08:11:00.000,2025-01-17T18:47:16.000,Street Light Out,Closed,Shivamogga,13.917909,75.572031
61019585,2025-01-09T09:08:00.000,2025-01-15T12:26:12.000,Street Light Cycling,Closed,Mangaluru,12.904665,74.845494
61019604,2025-01-09T10:59:00.000,2025-01-13T11:13:00.000,Street Light Out,Closed,Belagavi,15.844154,74.510833
61019729,2025-01-09T10:59:00.000,2025-01-14T09:49:00.000,Street Light Cycling,Closed,Bengaluru,12.979631,77.575546
61019757,2025-01-09T11:59:00.000,2025-01-14T17:52:27.000,Street Light Out,Closed,Belagavi,15.848513,74.497186
61020062,2025-01-09T14:10:00.000,2025-01-14T14:27:00.000,Street Light Out,Closed,Mangaluru,12.894182,74.847341
61020353,2025-01-09T15:12:00.000,2025-01-14T10:43:00.000,Street Light Out,Closed,Mysuru,12.290615,76.664282
61020411,2025-01-09T19:17:00.000,2025-01-12T13:38:00.000,Street Light Out,Closed,Bengaluru,12.97888,77.622054
61020483,2025-01-09T21:54:00.000,2025-01-11T13:30:16.000,Street Light Out,Closed,Tumakuru,13.33843,77.106566
61020556,2025-01-09T23:06:00.000,2025-01-18T13:52:00.000,Street Light Out,Closed,Bengaluru,12.938415,77.655595
61021064,2025-01-09T23:13:00.000,2025-01-16T10:24:05.000,Street Light Dayburning,Closed,Mangaluru,12.88996,74.844824
61021085,2025-01-09T23:24:00.000,2025-01-24T09:43:31.000,Street Light Out,Closed,Bengaluru,12.97106,77.569631
61021314,2025-01-10T00:37:00.000,2025-01-18T08:46:46.000,Street Light Out,Closed,Tumakuru,13.335437,77.13342
61021419,2025-01-10T08:02:00.000,2025-01-19T11:40:49.000,Street Light Cycling,Closed,Belagavi,15.861164,74.493894
61021483,2025-01-10T08:45:00.000,2025-02-05T09:59:34.000,Street Light Dayburning,Closed,Tumakuru,13.331089,77.077219
61021629,2025-01-10T08:57:00.000,2025-01-11T17:57:00.000,Street Light Out,Closed,Bengaluru,13.001852,77.601112
61021849,2025-01-10T10:10:00.000,2025-01-15T18:32:12.000,Street Light Dim,Closed,Hubballi,15.326535,75.14813
61021923,2025-01-10T10:27:00.000,2025-01-23T16:36:45.000,Street Light Out,Closed,Hubballi,15.34224,75.126873
61022345,2025-01-10T10:43:00.000,2025-01-16T11:58:00.000,Street Light Out,Closed,Mangaluru,12.876293,74.875477
61022544,2025-01-10T10:43:00.000,2025-02-04T16:17:00.000,Street Light Out,Closed,Tumakuru,13.337607,77.108277
61022792,2025-01-10T11:17:00.000,2025-01-12T11:35:00.000,Street Light Out,Closed,Bengaluru,12.977607,77.592521
61022796,2025-01-10T11:51:00.000,2025-01-18T09:53:00.000,Street Light Out,Closed,Bengaluru,12.976213,77.585449
61022820,2025-01-10T12:25:00.000,2025-01-12T13:54:00.000,Street Light Out,Closed,Mangaluru,12.899769,74.847677
61022887,2025-01-10T14:31:00.000,2025-01-11T08:48:46.000,Lamppost Damaged,Closed,Hubballi,15.348203,75.137143
61023123,2025-01-10T14:53:00.000,2025-01-16T11:41:00.000,Street Light Out,Closed,Mangaluru,12.860469,74.882548
61023222,2025-01-10T19:48:00.000,2025-01-12T16:28:37.000,Street Light Out,Closed,Shivamogga,13.906958,75.559477
61023612,2025-01-10T20:25:00.000,2025-01-13T16:06:45.000,Street Light Out,Closed,Mangaluru,12.905546,74.844282
61023682,2025-01-10T20:39:00.000,2025-04-11T18:54:00.000,Street Light Out,Closed,Mangaluru,12.885956,74.847917
61023788,2025-01-10T21:37:00.000,2025-01-19T17:24:00.000,Street Light Out,Closed,Mangaluru,12.882224,74.859725
61023885,2025-01-10T21:54:00.000,2025-01-22T09:38:30.000,Street Light Out,Closed,Shivamogga,13.923188,75.56413
61024117,2025-01-10T22:12:00.000,2025-01-12T17:35:48.000,Street Light Out,Closed,Mysuru,12.29974,76.662245
61024176,2025-01-10T22:16:00.000,2025-01-30T14:00:40.000,Street Light Out,Closed,Tumakuru,13.337939,77.107573
61024234,2025-01-11T00:14:00.000,2025-01-29T09:12:08.000,Street Light Out,Closed,Shivamogga,13.893473,75.54846
61024262,2025-01-11T02:06:00.000,2025-02-12T14:55:00.000,Street Light Out,Closed,Bengaluru,13.073004,77.524973
61024305,2025-01-11T02:45:00.000,2025-01-19T16:26:00.000,Street Light Out,Closed,Mangaluru,12.890017,74.856625
61024422,2025-01-11T04:51:00.000,2025-01-15T12:36:25.000,Street Light Out,Closed,Mysuru,12.303413,76.660201
61024441,2025-01-11T07:24:00.000,2025-01-16T16:21:04.000,Street Light Out,Closed,Belagavi,15.839143,74.506039
61024540,2025-01-11T09:58:00.000,2025-01-19T12:12:25.000,Street Light Out,Closed,Mangaluru,12.907698,74.879222
61024609,2025-01-11T11:00:00.000,2025-01-17T16:28:46.000,Street Light Out,Closed,Belagavi,15.849303,74.551899
61024639,2025-01-11T11:33:00.000,2025-01-14T09:11:40.000,Street Light Out,Closed,Mangaluru,12.897701,74.856409
61024775,2025-01-11T15:13:00.000,2025-01-17T16:03:12.000,Street Light Out,Closed,Belagavi,15.8456,74.547353
61024826,2025-01-11T15:55:00.000,2025-01-22T14:32:00.000,Street Light Out,Closed,Mangaluru,12.885847,74.847498
61024970,2025-01-11T17:35:00.000,2025-01-13T15:24:11.000,Street Light Out,Closed,Hubballi,15.355644,75.154005
61025121,2025-01-11T18:31:00.000,2025-01-17T11:47:51.000,Street Light Out,Closed,Mysuru,12.246688,76.673162
61025169,2025-01-11T20:36:00.000,2025-01-17T17:32:15.000,Street Light Out,Closed,Bengaluru,12.981003,77.609954
61025292,2025-01-11T22:02:00.000,2025-01-13T10:28:00.000,Street Light Dim,Closed,Bengaluru,12.940192,77.65125
61025299,2025-01-11T22:04:00.000,2025-01-13T18:01:00.000,Street Light Out,Closed,Mysuru,12.312853,76.680672
61025451,2025-01-11T22:21:00.000,2025-01-15T11:51:12.000,Street Light Out,Closed,Mangaluru,12.91652,74.856048
61025492,2025-01-11T22:35:00.000,2025-01-18T11:25:00.000,Street Light Out,Closed,Hubballi,15.356474,75.156028
61025494,2025-01-11T22:51:00.000,2025-01-13T09:00:00.000,Street Light Out,Closed,Mysuru,12.318513,76.620809
61025566,2025-01-12T01:44:00.000,2025-01-17T12:36:30.000,Street Light Out,Closed,Hubballi,15.346982,75.136697
61025611,2025-01-12T06:32:00.000,2025-01-12T15:37:03.000,Street Light Out,Closed,Mysuru,12.289423,76.660737
61025817,2025-01-12T08:50:00.000,2025-02-02T11:59:00.000,Street Light Out,Closed,Tumakuru,13.332762,77.104801
61025881,2025-01-12T09:06:00.000,2025-01-20T13:05:40.000,Street Light Out,Closed,Bengaluru,12.856929,77.483394
61025886,2025-01-12T10:35:00.000,2025-02-10T09:32:11.000,Street Light Out,Closed,Shivamogga,13.921514,75.550614
61026101,2025-01-12T11:05:00.000,2025-01-17T18:33:00.000,Street Light Out,Closed,Bengaluru,13.019042,77.45227
61026271,2025-01-12T11:58:00.000,2025-01-17T17:02:53.000,Lamppost Damaged,Closed,Mangaluru,12.874463,74.849234
61026277,2025-01-12T14:34:00.000,2025-01-22T17:22:00.000,Street Light Out,Closed,Bengaluru,12.983949,77.591422
61026694,2025-01-12T16:30:00.000,2025-01-22T14:03:00.000,Street Light Out,Closed,Bengaluru,12.964759,77.57438
61026796,2025-01-12T17:25:00.000,2025-01-16T18:55:00.000,Street Light Dim,Closed,Tumakuru,13.327905,77.104148
61026810,2025-01-12T17:26:00.000,2025-01-17T17:59:00.000,Street Light Out,Closed,Mangaluru,12.884949,74.843725
61027160,2025-01-12T18:22:00.000,2025-02-06T13:43:43.000,Street Light Out,Closed,Hubballi,15.341163,75.17016
61027193,2025-01-12T19:13:00.000,2025-01-14T10:10:00.000,Street Light Out,Closed,Bengaluru,12.974138,77.523168
61027275,2025-01-12T19:26:00.000,2025-01-17T11:43:24.000,Street Light Dayburning,Closed,Shivamogga,13.916373,75.57346
61027320,2025-01-12T19:40:00.000,2025-01-14T13:08:17.000,Street Light Out,Closed,Shivamogga,13.898932,75.560327
61027663,2025-01-12T20:13:00.000,2025-01-15T14:25:11.000,Street Light Out,Closed,Bengaluru,13.009726,77.617251
61027681,2025-01-12T20:16:00.000,2025-01-14T09:48:28.000,Street Light Out,Closed,Mysuru,12.293649,76.668757
61027729,2025-01-12T22:09:00.000,2025-01-18T17:42:00.000,Street Light Out,Closed,Bengaluru,12.950342,77.663375
61027748,2025-01-12T22:10:00.000,2025-01-17T12:53:00.000,Street Light Out,Closed,Mangaluru,12.910963,74.891594
61027867,2025-01-12T23:41:00.000,2025-01-15T09:30:53.000,Lamppost Damaged,Closed,Tumakuru,13.337827,77.104188
61027961,2025-01-12T23:43:00.000,2025-01-20T12:38:14.000,Street Light Out,Closed,Hubballi,15.342971,75.167904
61028061,2025-01-13T00:04:00.000,2025-01-17T10:24:00.000,Street Light Out,Closed,Hubballi,15.350041,75.127207
61028289,2025-01-13T06:53:00.000,2025-01-16T11:53:00.000,Street Light Out,Closed,Bengaluru,12.965231,77.581463
61028377,2025-01-13T07:14:00.000,2025-01-18T11:12:00.000,Street Light Out,Closed,Mysuru,12.353469,76.654637
61028445,2025-01-13T11:03:00.000,2025-01-15T18:55:09.000,Street Light Out,Closed,Tumakuru,13.381424,77.10699
61028546,2025-01-13T13:27:00.000,2025-01-16T09:17:00.000,Street Light Cycling,Closed,Hubballi,15.344424,75.122001
61028664,2025-01-13T17:24:00.000,2025-01-26T08:49:00.000,Street Light Out,Closed,Mangaluru,12.916715,74.889597
61028714,2025-01-13T17:59:00.000,2025-01-17T09:50:00.000,Street Light Out,Closed,Bengaluru,12.98512,77.607948
61028732,2025-01-13T19:25:00.000,2025-02-07T15:08:00.000,Street Light Out,Closed,Bengaluru,13.047073,77.554849
61028911,2025-01-13T19:33:00.000,2025-01-19T09:19:00.000,Street Light Dayburning,Closed,Belagavi,15.871767,74.492126
61029019,2025-01-13T20:09:00.000,2025-01-24T11:06:01.000,Street Light Dayburning,Closed,Mysuru,12.30792,76.660961
61029026,2025-01-13T20:10:00.000,2025-01-15T15:00:00.000,Street Light Out,Closed,Belagavi,15.877408,74.498976
61029059,2025-01-13T20:17:00.000,2025-01-14T08:27:16.000,Street Light Out,Closed,Hubballi,15.362921,75.153397
61029282,2025-01-13T20:26:00.000,2025-01-22T12:44:00.000,Street Light Out,Closed,Mangaluru,12.887282,74.846661
61029322,2025-01-13T20:52:00.000,2025-01-17T09:32:00.000,Street Light Out,Closed,Hubballi,15.29343,75.140147
61029720,2025-01-13T21:11:00.000,2025-01-18T17:32:00.000,Lamppost Damaged,Closed,Belagavi,15.846662,74.547013
61029728,2025-01-13T22:10:00.000,2025-02-12T18:23:00.000,Street Light Cycling,Closed,Bengaluru,13.070081,77.544078
61029893,2025-01-13T23:05:00.000,2025-01-15T08:20:18.000,Street Light Out,Closed,Mysuru,12.310099,76.680164
61030097,2025-01-14T00:29:00.000,2025-01-23T18:44:16.000,Lamppost Damaged,Closed,Bengaluru,13.00869,77.679012
61030127,2025-01-14T02:50:00.000,2025-01-25T11:46:31.000,Street Light Out,Closed,Bengaluru,12.946623,77.601668
61030208,2025-01-14T08:13:00.000,2025-01-18T15:09:00.000,Street Light Out,Closed,Tumakuru,13.32123,77.107359
61030280,2025-01-14T08:21:00.000,2025-01-24T08:01:00.000,Street Light Out,Closed,Mangaluru,12.924607,74.869776
61030341,2025-01-14T09:52:00.000,2025-01-18T17:53:00.000,Street Light Out,Closed,Tumakuru,13.316697,77.111048
61030553,2025-01-14T10:31:00.000,2025-01-22T17:32:41.000,Street Light Out,Closed,Mangaluru,12.895139,74.839996
61030817,2025-01-14T12:22:00.000,2025-01-17T11:46:50.000,Street Light Out,Closed,Tumakuru,13.347273,77.106573
61030818,2025-01-14T13:40:00.000,2025-02-20T13:39:00.000,Street Light Dim,Closed,Bengaluru,12.95753,77.692966
61031000,2025-01-14T18:11:00.000,2025-02-02T13:02:00.000,Street Light Out,Closed,Mangaluru,12.899374,74.862276
61031046,2025-01-14T18:38:00.000,2025-01-22T17:47:00.000,Street Light Out,Closed,Shivamogga,13.921277,75.582464
61031100,2025-01-14T19:17:00.000,2025-01-16T13:08:48.000,Street Light Out,Closed,Mysuru,12.312879,76.640588
61031172,2025-01-14T19:22:00.000,2025-01-15T12:26:00.000,Street Light Out,Closed,Hubballi,15.363696,75.114762
61031374,2025-01-14T20:17:00.000,2025-01-21T10:51:00.000,Street Light Out,Closed,Mangaluru,12.881673,74.876229
61031485,2025-01-14T21:26:00.000,2025-01-30T17:22:00.000,Lamppost Damaged,Closed,Bengaluru,12.865138,77.62239
61031744,2025-01-14T22:22:00.000,2025-01-19T15:41:00.000,Street Light Out,Closed,Mysuru,12.271499,76.678578
61032106,2025-01-14T22:58:00.000,2025-01-18T12:51:06.000,Street Light Out,Closed,Belagavi,15.853018,74.522564
61032297,2025-01-15T03:49:00.000,2025-01-23T15:26:00.000,Street Light Out,Closed,Mysuru,12.307228,76.689158
61032378,2025-01-15T08:11:00.000,2025-01-20T12:47:00.000,Street Light Out,Closed,Mangaluru,12.877132,74.843143
61032594,2025-01-15T08:55:00.000,2025-01-16T11:09:26.000,Street Light Out,Closed,Mangaluru,12.872038,74.851642
61032631,2025-01-15T09:28:00.000,2025-01-18T09:23:00.000,Street Light Out,Closed,Tumakuru,13.341146,77.090973
61032692,2025-01-15T10:34:00.000,2025-01-16T12:30:00.000,Street Light Out,Closed,Belagavi,15.850279,74.517343
61032743,2025-01-15T12:08:00.000,2025-01-18T10:39:27.000,Street Light Out,Closed,Hubballi,15.413682,75.179464
61032760,2025-01-15T17:08:00.000,2025-01-17T13:02:44.000,Street Light Out,Closed,Mysuru,12.295766,76.662436
61032897,2025-01-15T17:43:00.000,2025-02-22T12:51:00.000,Street Light Out,Closed,Shivamogga,13.919304,75.559302
61033005,2025-01-15T18:11:00.000,2025-02-01T15:30:00.000,Street Light Out,Closed,Hubballi,15.327506,75.108826
61033059,2025-01-15T18:34:00.000,2025-02-04T14:00:05.000,Street Light Cycling,Closed,Bengaluru,12.913053,77.65007
61033103,2025-01-15T19:15:00.000,2025-01-20T08:48:00.000,Street Light Out,Closed,Mangaluru,12.895905,74.887663
61033144,2025-01-15T19:31:00.000,2025-01-18T13:10:00.000,Street Light Out,Closed,Hubballi,15.357193,75.13591
61033237,2025-01-15T20:02:00.000,2025-01-27T16:28:00.000,Street Light Out,Closed,Belagavi,15.846748,74.556702
61033549,2025-01-15T20:26:00.000,2025-01-18T09:48:59.000,Street Light Cycling,Closed,Bengaluru,12.965952,77.568267
61033624,2025-01-15T20:29:00.000,2025-01-22T17:26:00.000,Lamppost Damaged,Closed,Mysuru,12.330972,76.683056
61033773,2025-01-15T21:34:00.000,2025-01-20T12:03:36.000,Street Light Out,Closed,Tumakuru,13.360213,77.069239
61033876,2025-01-15T21:39:00.000,2025-01-26T13:57:15.000,Street Light Out,Closed,Shivamogga,13.924775,75.550829
61033906,2025-01-15T21:56:00.000,2025-01-18T18:36:18.000,Street Light Out,Closed,Shivamogga,13.932575,75.575438
61033932,2025-01-15T22:46:00.000,2025-01-17T17:02:01.000,Street Light Out,Closed,Bengaluru,12.990473,77.657257
61034255,2025-01-15T23:32:00.000,2025-01-22T11:59:00.000,Street Light Out,Closed,Hubballi,15.346085,75.132457
61034671,2025-01-15T23:35:00.000,2025-03-16T13:17:00.000,Street Light Out,Closed,Mangaluru,12.863486,74.868146
61034766,2025-01-16T00:11:00.000,2025-01-27T11:04:37.000,Street Light Cycling,Closed,Mangaluru,12.880266,74.841528
61034839,2025-01-16T05:56:00.000,2025-03-16T15:32:00.000,Street Light Out,Closed,Mangaluru,12.889104,74.852257
61035091,2025-01-16T06:11:00.000,2025-02-02T08:13:00.000,Street Light Out,Closed,Hubballi,15.362746,75.108252
61035269,2025-01-16T07:27:00.000,2025-01-19T09:31:17.000,Street Light Out,Closed,Mangaluru,12.875492,74.873025
61035420,2025-01-16T08:38:00.000,2025-01-18T14:47:00.000,Street Light Out,Closed,Bengaluru,13.06432,77.522166
61035647,2025-01-16T10:07:00.000,2025-01-25T16:43:00.000,Street Light Out,Closed,Hubballi,15.318647,75.099568
61035845,2025-01-16T10:57:00.000,2025-01-18T15:43:29.000,Street Light Out,Closed,Bengaluru,12.892142,77.61892
61035874,2025-01-16T12:01:00.000,2025-01-28T16:40:00.000,Street Light Out,Closed,Shivamogga,13.930222,75.596683
61035954,2025-01-16T12:13:00.000,2025-01-29T18:43:00.000,Street Light Out,Closed,Shivamogga,13.918589,75.552263
61035986,2025-01-16T16:10:00.000,2025-01-21T16:43:24.000,Street Light Dayburning,Closed,Bengaluru,12.982475,77.596329
61036016,2025-01-16T17:58:00.000,2025-01-20T18:01:41.000,Street Light Out,Closed,Mangaluru,12.876399,74.859423
61036171,2025-01-16T18:04:00.000,2025-02-02T18:03:13.000,Street Light Out,Closed,Mangaluru,12.925299,74.868526
61036287,2025-01-16T19:27:00.000,2025-01-19T18:44:38.000,Street Light Out,Closed,Shivamogga,13.925182,75.568399
61036321,2025-01-16T19:46:00.000,2025-01-22T08:04:00.000,Street Light Out,Closed,Bengaluru,12.988894,77.436675
61036359,2025-01-16T21:12:00.000,2025-01-18T11:24:00.000,Street Light Out,Closed,Mangaluru,12.893304,74.849361
61036424,2025-01-16T21:15:00.000,2025-01-22T18:27:43.000,Street Light Out,Closed,Mangaluru,12.891326,74.85265
61036746,2025-01-16T21:43:00.000,2025-01-25T09:25:03.000,Street Light Out,Closed,Mangaluru,12.87363,74.843873
61037012,2025-01-16T22:23:00.000,2025-01-29T16:35:11.000,Street Light Dayburning,Closed,Belagavi,15.849756,74.508637
61037153,2025-01-16T22:24:00.000,2025-02-14T09:21:00.000,Street Light Out,Closed,Shivamogga,13.892222,75.554934
61037490,2025-01-17T08:45:00.000,2025-03-07T18:11:00.000,Lamppost Damaged,Closed,Mangaluru,12.878841,74.845289
61037494,2025-01-17T08:56:00.000,2025-01-26T16:19:00.000,Street Light Out,Closed,Bengaluru,12.95598,77.576672
61037523,2025-01-17T10:30:00.000,2025-01-18T17:51:00.000,Street Light Cycling,Closed,Tumakuru,13.344562,77.096146
61037572,2025-01-17T11:29:00.000,2025-02-19T13:51:00.000,Street Light Out,Closed,Mangaluru,12.878151,74.872914
61037787,2025-01-17T11:53:00.000,2025-01-28T16:04:31.000,Street Light Out,Closed,Hubballi,15.363676,75.114796
61037890,2025-01-17T13:00:00.000,2025-01-21T11:38:00.000,Street Light Out,Closed,Tumakuru,13.347292,77.106576
61038043,2025-01-17T13:04:00.000,2025-01-23T14:51:00.000,Street Light Out,Closed,Bengaluru,12.965028,77.634311
61038108,2025-01-17T14:35:00.000,2025-01-29T18:21:00.000,Street Light Out,Closed,Bengaluru,13.082743,77.539579
61038339,2025-01-17T18:20:00.000,2025-01-19T14:51:15.000,Street Light Out,Closed,Hubballi,15.352124,75.11045
61038573,2025-01-17T19:24:00.000,2025-02-02T18:05:00.000,Street Light Out,Closed,Tumakuru,13.337681,77.087376
61038589,2025-01-17T19:32:00.000,2025-01-19T13:31:16.000,Street Light Out,Closed,Belagavi,15.886329,74.499833
61038721,2025-01-17T21:19:00.000,2025-01-25T08:06:23.000,Street Light Out,Closed,Hubballi,15.366568,75.164903
61038918,2025-01-17T21:39:00.000,2025-01-26T14:24:00.000,Street Light Out,Closed,Tumakuru,13.338331,77.122975
61038936,2025-01-17T22:51:00.000,2025-02-03T09:48:51.000,Street Light Out,Closed,Tumakuru,13.341306,77.101475
61038996,2025-01-17T23:02:00.000,2025-01-23T11:05:00.000,Street Light Out,Closed,Mysuru,12.349095,76.657574
61039105,2025-01-18T06:46:00.000,2025-01-19T16:45:00.000,Street Light Cycling,Closed,Bengaluru,12.98464,77.595492
61039119,2025-01-18T07:08:00.000,2025-01-20T16:20:00.000,Street Light Out,Closed,Shivamogga,13.917891,75.587675
61039127,2025-01-18T09:41:00.000,2025-01-25T11:26:00.000,Street Light Out,Closed,Bengaluru,12.969577,77.559868
61039514,2025-01-18T09:51:00.000,2025-01-27T13:40:22.000,Street Light Out,Closed,Belagavi,15.869874,74.507052
61039597,2025-01-18T09:56:00.000,2025-01-28T12:55:05.000,Street Light Out,Closed,Mangaluru,12.867582,74.840997
61039719,2025-01-18T10:15:00.000,2025-01-25T09:23:00.000,Street Light Cycling,Closed,Mangaluru,12.85259,74.873741
61039827,2025-01-18T10:29:00.000,2025-03-22T08:32:00.000,Street Light Out,Closed,Belagavi,15.839327,74.508649
61039841,2025-01-18T10:43:00.000,2025-01-19T17:40:35.000,Street Light Out,Closed,Bengaluru,12.996513,77.638349
61039935,2025-01-18T13:22:00.000,2025-02-18T09:25:24.000,Street Light Out,Closed,Mangaluru,12.872024,74.854147
61040009,2025-01-18T13:58:00.000,2025-01-26T14:50:00.000,Street Light Cycling,Closed,Bengaluru,12.95692,77.644044
61040272,2025-01-18T14:25:00.000,2025-01-20T12:15:57.000,Street Light Out,Closed,Mangaluru,12.894039,74.852031
61040453,2025-01-18T17:44:00.000,2025-01-22T17:25:00.000,Street Light Out,Closed,Shivamogga,13.901255,75.554308
61040569,2025-01-18T18:12:00.000,2025-01-23T17:58:00.000,Street Light Out,Closed,Hubballi,15.347892,75.127838
61040657,2025-01-18T18:42:00.000,2025-01-19T12:41:23.000,Street Light Out,Closed,Mangaluru,12.891403,74.84036
61040819,2025-01-18T18:46:00.000,2025-01-19T08:01:17.000,Street Light Out,Closed,Mysuru,12.262048,76.650928
61040859,2025-01-18T19:23:00.000,2025-02-09T13:14:00.000,Street Light Out,Closed,Mangaluru,12.885741,74.84478
61040913,2025-01-18T19:32:00.000,2025-01-27T14:37:45.000,Street Light Out,Closed,Shivamogga,13.906877,75.559476
61040959,2025-01-18T20:24:00.000,2025-01-21T10:23:00.000,Street Light Out,Closed,Mangaluru,12.894559,74.88524
61041045,2025-01-18T20:32:00.000,2025-01-22T13:13:00.000,Street Light Out,Closed,Mangaluru,12.87602,74.864302
61041327,2025-01-18T20:45:00.000,2025-02-03T12:25:00.000,Street Light Out,Closed,Mangaluru,12.898312,74.890139
61041695,2025-01-18T21:05:00.000,2025-01-23T16:36:00.000,Street Light Out,Closed,Mangaluru,12.897383,74.862742
61042101,2025-01-18T22:08:00.000,2025-01-20T15:50:00.000,Street Light Out,Closed,Bengaluru,12.961233,77.606584
61042374,2025-01-18T22:27:00.000,2025-02-07T09:14:00.000,Street Light Out,Closed,Mangaluru,12.902194,74.905966
61042382,2025-01-18T23:02:00.000,2025-01-28T18:02:16.000,Street Light Out,Closed,Shivamogga,13.92898,75.572572
61042456,2025-01-19T01:16:00.000,2025-01-25T10:26:23.000,Street Light Out,Closed,Tumakuru,13.353835,77.101489
61042780,2025-01-19T04:39:00.000,2025-01-22T13:56:00.000,Street Light Cycling,Closed,Mysuru,12.265419,76.662793
61042785,2025-01-19T06:27:00.000,2025-01-21T13:59:07.000,Street Light Out,Closed,Bengaluru,12.94101,77.664267
61042795,2025-01-19T07:23:00.000,2025-01-25T14:05:12.000,Street Light Cycling,Closed,Tumakuru,13.329984,77.093534
61042996,2025-01-19T09:33:00.000,2025-01-25T12:29:00.000,Street Light Out,Closed,Mysuru,12.285044,76.707469
61043057,2025-01-19T12:55:00.000,2025-01-22T10:07:18.000,Street Light Out,Closed,Bengaluru,13.021357,77.580468
61043219,2025-01-19T17:29:00.000,2025-01-21T13:22:00.000,Street Light Out,Closed,Shivamogga,13.931395,75.550669
61043233,2025-01-19T20:56:00.000,2025-01-23T15:51:00.000,Street Light Out,Closed,Bengaluru,12.858808,77.501335
61043244,2025-01-19T21:24:00.000,2025-03-19T13:55:00.000,Street Light Out,Closed,Mangaluru,12.886148,74.844781
61043355,2025-01-19T23:31:00.000,2025-01-28T13:45:01.000,Street Light Out,Closed,Hubballi,15.334541,75.173545
61043401,2025-01-20T04:09:00.000,2025-01-26T09:10:06.000,Street Light Out,Closed,Mangaluru,12.892944,74.849041
61043507,2025-01-20T08:00:00.000,2025-01-22T18:41:31.000,Street Light Out,Closed,Mangaluru,12.8861,74.839843
61043531,2025-01-20T09:02:00.000,2025-01-22T10:22:58.000,Street Light Cycling,Closed,Mangaluru,12.893652,74.853977
61043893,2025-01-20T12:35:00.000,2025-01-22T15:10:00.000,Street Light Out,Closed,Bengaluru,12.986899,77.581531
61044174,2025-01-20T13:25:00.000,2025-01-22T11:13:15.000,Street Light Out,Closed,Hubballi,15.345073,75.130665
61044260,2025-01-20T16:19:00.000,2025-01-22T10:00:00.000,Street Light Out,Closed,Mangaluru,12.886203,74.877129
61044349,2025-01-20T18:17:00.000,2025-01-29T18:14:30.000,Street Light Dayburning,Closed,Belagavi,15.837203,74.492179
61044379,2025-01-20T18:32:00.000,2025-03-15T18:26:00.000,Street Light Out,Closed,Mangaluru,12.86601,74.838277
61044498,2025-01-20T19:04:00.000,2025-01-21T16:35:57.000,Street Light Out,Closed,Bengaluru,12.965402,77.607798
61044503,2025-01-20T19:14:00.000,2025-01-25T15:41:00.000,Street Light Out,Closed,Mangaluru,12.910559,74.886619
61044557,2025-01-20T20:38:00.000,2025-01-22T10:31:27.000,Street Light Out,Closed,Mangaluru,12.872467,74.850198
61044644,2025-01-20T21:03:00.000,2025-03-31T14:54:31.000,Street Light Out,Closed,Mangaluru,12.924137,74.872615
61044728,2025-01-20T21:27:00.000,2025-01-25T08:42:00.000,Street Light Out,Closed,Belagavi,15.846873,74.553242
61045042,2025-01-20T21:43:00.000,2025-01-27T12:15:16.000,Street Light Out,Closed,Mangaluru,12.882175,74.847811
61045153,2025-01-20T21:55:00.000,2025-01-25T14:45:28.000,Street Light Out,Closed,Tumakuru,13.344943,77.110312
61045166,2025-01-20T22:02:00.000,2025-01-25T08:54:00.000,Street Light Out,Closed,Hubballi,15.351045,75.147696
61045199,2025-01-21T00:49:00.000,2025-01-22T12:30:43.000,Street Light Out,Closed,Bengaluru,12.989039,77.62557
61045773,2025-01-21T02:07:00.000,2025-01-22T15:45:00.000,Street Light Out,Closed,Bengaluru,12.958701,77.560137
61045971,2025-01-21T07:37:00.000,2025-01-26T18:43:21.000,Street Light Out,Closed,Tumakuru,13.322722,77.101121
61046199,2025-01-21T08:08:00.000,2025-01-27T15:58:31.000,Street Light Out,Closed,Bengaluru,12.878289,77.535359
61046470,2025-01-21T08:24:00.000,2025-01-27T17:36:43.000,Street Light Out,Closed,Shivamogga,13.900108,75.554583
61046474,2025-01-21T10:17:00.000,2025-01-27T17:03:00.000,Street Light Out,Closed,Mysuru,12.293994,76.670529
61046586,2025-01-21T12:25:00.000,2025-02-19T10:57:56.000,Street Light Out,Closed,Shivamogga,13.920812,75.566498
61046690,2025-01-21T13:29:00.000,2025-01-22T18:18:07.000,Street Light Dayburning,Closed,Bengaluru,12.982062,77.58577
61046872,2025-01-21T18:05:00.000,2025-01-25T14:23:00.000,Street Light Dayburning,Closed,Mangaluru,12.886294,74.881941
61047129,2025-01-21T18:07:00.000,2025-02-04T08:54:44.000,Street Light Out,Closed,Bengaluru,12.851041,77.489147
61047390,2025-01-21T18:09:00.000,2025-01-29T16:41:16.000,Street Light Out,Closed,Bengaluru,12.978796,77.622092
61047649,2025-01-21T18:15:00.000,2025-02-08T13:48:34.000,Street Light Cycling,Closed,Tumakuru,13.336925,77.092342
61047679,2025-01-21T18:44:00.000,2025-01-30T13:18:00.000,Street Light Out,Closed,Mangaluru,12.888865,74.855209
61048226,2025-01-21T19:59:00.000,2025-01-26T12:51:45.000,Street Light Out,Closed,Bengaluru,12.971243,77.619561
61048379,2025-01-21T20:09:00.000,2025-01-25T09:55:00.000,Street Light Out,Closed,Belagavi,15.82563,74.51744
61048394,2025-01-21T20:29:00.000,2025-01-25T14:05:55.000,Street Light Out,Closed,Mangaluru,12.878125,74.855881
61048423,2025-01-21T22:33:00.000,2025-01-26T10:56:00.000,Street Light Out,Closed,Mangaluru,12.914461,74.854763
61048504,2025-01-22T08:23:00.000,2025-02-01T08:40:00.000,Street Light Out,Closed,Bengaluru,12.930275,77.577516
61048543,2025-01-22T10:14:00.000,2025-01-23T12:23:00.000,Street Light Out,Closed,Mangaluru,12.897167,74.846079
61048637,2025-01-22T11:44:00.000,2025-02-05T15:51:00.000,Street Light Out,Closed,Tumakuru,13.342631,77.112311
61048790,2025-01-22T14:01:00.000,2025-02-01T18:30:00.000,Street Light Out,Closed,Mysuru,12.3063,76.686162
61048828,2025-01-22T15:35:00.000,2025-02-09T16:23:00.000,Street Light Out,Closed,Bengaluru,13.038259,77.555665
61048915,2025-01-22T18:00:00.000,2025-01-28T08:08:00.000,Street Light Cycling,Closed,Mangaluru,12.860505,74.88254
61049141,2025-01-22T18:09:00.000,2025-01-28T13:26:41.000,Street Light Out,Closed,Tumakuru,13.337851,77.104346
61049170,2025-01-22T18:11:00.000,2025-02-09T16:32:40.000,Street Light Out,Closed,Belagavi,15.850397,74.551899
61049316,2025-01-22T19:49:00.000,2025-01-26T08:48:00.000,Street Light Out,Closed,Shivamogga,13.940204,75.605136
61049428,2025-01-22T21:28:00.000,2025-01-26T16:50:59.000,Street Light Out,Closed,Hubballi,15.376885,75.113762
61049721,2025-01-22T21:33:00.000,2025-01-25T18:11:00.000,Street Light Out,Closed,Mysuru,12.33256,76.641544
61049874,2025-01-22T21:52:00.000,2025-02-14T17:21:00.000,Street Light Out,Closed,Belagavi,15.84302,74.554688
61049895,2025-01-22T22:06:00.000,2025-01-27T13:33:22.000,Street Light Out,Closed,Belagavi,15.846633,74.54704
61050030,2025-01-22T22:12:00.000,2025-01-29T13:25:00.000,Street Light Out,Closed,Belagavi,15.846917,74.554312
61050085,2025-01-22T22:49:00.000,2025-01-26T12:43:00.000,Street Light Out,Closed,Hubballi,15.349353,75.150985
61050100,2025-01-23T08:42:00.000,2025-01-25T17:00:58.000,Street Light Dayburning,Closed,Mysuru,12.304994,76.657259
61050782,2025-01-23T08:57:00.000,2025-01-29T17:04:00.000,Street Light Out,Closed,Belagavi,15.908365,74.488521
61050884,2025-01-23T09:50:00.000,2025-02-24T15:50:42.000,Street Light Out,Closed,Tumakuru,13.339016,77.121381
61050994,2025-01-23T10:33:00.000,2025-02-01T16:08:38.000,Street Light Out,Closed,Bengaluru,12.98494,77.590461
61051227,2025-01-23T10:34:00.000,2025-02-03T08:27:11.000,Street Light Out,Closed,Tumakuru,13.345114,77.125648
61051260,2025-01-23T16:55:00.000,2025-01-25T10:49:00.000,Street Light Out,Closed,Mangaluru,12.866768,74.851222
61051421,2025-01-23T18:48:00.000,2025-01-26T10:28:47.000,Street Light Out,Closed,Tumakuru,13.340225,77.091336
61051456,2025-01-23T20:34:00.000,2025-01-27T14:46:53.000,Street Light Out,Closed,Mangaluru,12.873295,74.851492
61051659,2025-01-23T20:39:00.000,2025-02-03T16:28:00.000,Street Light Out,Closed,Mysuru,12.352087,76.644802
61051676,2025-01-23T21:07:00.000,2025-02-01T11:51:50.000,Street Light Out,Closed,Bengaluru,12.980547,77.588468
61051761,2025-01-23T22:23:00.000,2025-02-09T08:52:41.000,Street Light Out,Closed,Hubballi,15.357844,75.134416
61051765,2025-01-23T22:44:00.000,2025-02-03T14:31:00.000,Street Light Out,Closed,Mangaluru,12.870998,74.862392
61052030,2025-01-23T22:47:00.000,2025-02-04T15:33:26.000,Street Light Out,Closed,Hubballi,15.359093,75.147784
61052303,2025-01-23T23:29:00.000,2025-01-28T14:39:09.000,Street Light Out,Closed,Bengaluru,13.006484,77.589244
61052370,2025-01-24T00:10:00.000,2025-01-25T12:33:55.000,Street Light Out,Closed,Bengaluru,12.968938,77.52469
61052408,2025-01-24T01:24:00.000,2025-01-25T08:39:00.000,Street Light Out,Closed,Hubballi,15.365306,75.142177
61052683,2025-01-24T01:43:00.000,2025-01-26T10:06:00.000,Street Light Out,Closed,Bengaluru,12.975123,77.578995
61053355,2025-01-24T02:00:00.000,2025-01-27T14:37:00.000,Street Light Out,Closed,Shivamogga,13.926245,75.558192
61053532,2025-01-24T06:50:00.000,2025-01-28T17:11:00.000,Street Light Out,Closed,Belagavi,15.861683,74.489802
61053536,2025-01-24T10:27:00.000,2025-01-30T16:27:00.000,Street Light Out,Closed,Mangaluru,12.900318,74.860674
61053926,2025-01-24T10:55:00.000,2025-01-27T08:36:00.000,Street Light Out,Closed,Mangaluru,12.905488,74.8517
61053931,2025-01-24T10:56:00.000,2025-01-25T18:07:00.000,Street Light Out,Closed,Bengaluru,12.946862,77.658156
61053960,2025-01-24T16:52:00.000,2025-02-05T09:42:00.000,Street Light Out,Closed,Bengaluru,12.952174,77.739794
61054005,2025-01-24T17:31:00.000,2025-01-29T09:06:00.000,Street Light Out,Closed,Mangaluru,12.904599,74.912517
61054040,2025-01-24T18:22:00.000,2025-01-25T18:46:00.000,Street Light Out,Closed,Mangaluru,12.87443,74.853745
61054151,2025-01-24T21:11:00.000,2025-01-29T15:26:00.000,Street Light Out,Closed,Mangaluru,12.891499,74.840334
61054308,2025-01-24T21:21:00.000,2025-02-28T14:05:17.000,Street Light Out,Closed,Bengaluru,13.058015,77.672365
61054357,2025-01-24T22:09:00.000,2025-01-27T09:40:00.000,Street Light Out,Closed,Hubballi,15.364506,75.12413
61054379,2025-01-25T08:19:00.000,2025-02-05T17:25:00.000,Street Light Out,Closed,Hubballi,15.344575,75.116018
61054539,2025-01-25T08:34:00.000,2025-02-03T09:54:46.000,Street Light Out,Closed,Belagavi,15.847798,74.554894
61054950,2025-01-25T09:39:00.000,2025-01-30T08:30:00.000,Street Light Out,Closed,Mangaluru,12.86859,74.848087
61054958,2025-01-25T09:55:00.000,2025-01-26T13:05:14.000,Street Light Out,Closed,Mangaluru,12.871345,74.852596
61054985,2025-01-25T10:17:00.000,2025-02-09T10:39:00.000,Street Light Out,Closed,Shivamogga,13.926741,75.55698
61055180,2025-01-25T10:19:00.000,2025-01-27T17:24:00.000,Street Light Out,Closed,Shivamogga,13.905056,75.538789
61055389,2025-01-25T10:45:00.000,2025-01-26T17:36:00.000,Street Light Dayburning,Closed,Bengaluru,12.972134,77.583831
61055755,2025-01-25T15:01:00.000,2025-01-28T14:10:00.000,Street Light Out,Closed,Hubballi,15.386335,75.134333
61055888,2025-01-25T17:20:00.000,2025-01-29T16:05:00.000,Street Light Out,Closed,Mysuru,12.30473,76.662831
61055944,2025-01-25T18:07:00.000,2025-01-31T14:13:00.000,Street Light Dayburning,Closed,Tumakuru,13.32942,77.105495
61056161,2025-01-25T18:40:00.000,2025-01-31T08:45:00.000,Street Light Out,Closed,Mangaluru,12.870995,74.853664
61056189,2025-01-25T19:04:00.000,2025-02-01T14:46:00.000,Street Light Out,Closed,Belagavi,15.899435,74.497919
61056300,2025-01-25T22:43:00.000,2025-02-03T11:48:16.000,Street Light Out,Closed,Shivamogga,13.931307,75.550675
61056305,2025-01-25T23:49:00.000,2025-01-27T15:44:00.000,Street Light Out,Closed,Belagavi,15.835933,74.477666
61056524,2025-01-26T00:53:00.000,2025-02-03T10:07:43.000,Street Light Out,Closed,Tumakuru,13.338245,77.106347
61056583,2025-01-26T02:26:00.000,2025-02-01T10:03:00.000,Street Light Cycling,Closed,Mangaluru,12.872913,74.851881
61056692,2025-01-26T05:42:00.000,2025-02-14T18:56:00.000,Street Light Out,Closed,Shivamogga,13.925951,75.557882
61056862,2025-01-26T06:37:00.000,2025-02-05T09:45:00.000,Street Light Out,Closed,Bengaluru,12.993317,77.632401
61056864,2025-01-26T07:52:00.000,2025-01-29T08:25:00.000,Street Light Out,Closed,Bengaluru,12.952899,77.595131
61056921,2025-01-26T07:55:00.000,2025-01-28T12:09:36.000,Street Light Out,Closed,Bengaluru,12.974682,77.59876
61057167,2025-01-26T08:38:00.000,2025-01-31T13:05:57.000,Street Light Out,Closed,Mangaluru,12.834969,74.84691
61057296,2025-01-26T09:57:00.000,2025-01-27T16:33:00.000,Street Light Cycling,Closed,Tumakuru,13.34983,77.118407
61057365,2025-01-26T12:20:00.000,2025-01-29T09:54:00.000,Street Light Out,Closed,Mangaluru,12.88803,74.843297
61057647,2025-01-26T14:23:00.000,2025-01-28T11:47:46.000,Street Light Out,Closed,Bengaluru,12.978413,77.601953
61057757,2025-01-26T15:01:00.000,2025-01-30T08:26:57.000,Street Light Out,Closed,Mysuru,12.27916,76.626107
61057895,2025-01-26T18:56:00.000,2025-01-27T17:54:18.000,Street Light Out,Closed,Mysuru,12.321085,76.65496
61058358,2025-01-26T19:52:00.000,2025-01-31T12:55:00.000,Street Light Out,Closed,Hubballi,15.335792,75.139416
61058442,2025-01-26T20:27:00.000,2025-01-28T08:31:00.000,Street Light Out,Closed,Mangaluru,12.886269,74.877153
61058686,2025-01-26T21:09:00.000,2025-01-30T10:38:31.000,Street Light Out,Closed,Mangaluru,12.887824,74.852523
61058831,2025-01-26T22:31:00.000,2025-01-28T09:23:21.000,Lamppost Damaged,Closed,Tumakuru,13.322557,77.101069
61058905,2025-01-27T00:14:00.000,2025-01-30T15:00:27.000,Street Light Out,Closed,Shivamogga,13.920237,75.565527
61058954,2025-01-27T00:16:00.000,2025-02-16T08:43:03.000,Street Light Out,Closed,Belagavi,15.842521,74.484787
61059202,2025-01-27T00:24:00.000,2025-02-02T15:14:09.000,Street Light Out,Closed,Bengaluru,12.974211,77.523054
61059268,2025-01-27T08:37:00.000,2025-02-10T10:02:00.000,Street Light Out,Closed,Shivamogga,13.895847,75.553494
61059339,2025-01-27T08:49:00.000,2025-02-11T09:03:40.000,Street Light Out,Closed,Mangaluru,12.916687,74.846793
61059421,2025-01-27T09:20:00.000,2025-01-30T16:14:19.000,Street Light Out,Closed,Bengaluru,12.974965,77.58709
61059578,2025-01-27T11:09:00.000,2025-02-02T18:19:03.000,Street Light Cycling,Closed,Mangaluru,12.872251,74.854199
61059607,2025-01-27T13:17:00.000,2025-01-30T14:37:00.000,Street Light Out,Closed,Mysuru,12.298108,76.644324
61059720,2025-01-27T17:30:00.000,2025-02-07T17:42:00.000,Street Light Out,Closed,Mysuru,12.25947,76.654965
61060162,2025-01-27T18:18:00.000,2025-02-01T15:18:27.000,Street Light Out,Closed,Mysuru,12.30321,76.665418
61060284,2025-01-27T19:49:00.000,2025-02-02T10:50:49.000,Street Light Out,Closed,Bengaluru,12.994123,77.62143
61060480,2025-01-27T20:00:00.000,2025-02-01T10:12:00.000,Street Light Out,Closed,Mysuru,12.345993,76.65584
61060532,2025-01-27T21:29:00.000,2025-01-28T14:42:50.000,Street Light Out,Closed,Mangaluru,12.885896,74.847533
61060746,2025-01-28T04:29:00.000,2025-02-04T16:41:36.000,Street Light Out,Closed,Shivamogga,13.92524,75.568402
61061011,2025-01-28T04:37:00.000,2025-02-02T17:07:00.000,Street Light Out,Closed,Mangaluru,12.89009,74.84326
61061027,2025-01-28T06:16:00.000,2025-03-30T13:26:03.000,Street Light Out,Closed,Hubballi,15.34364,75.158846
61061228,2025-01-28T08:15:00.000,2025-02-09T10:15:00.000,Street Light Out,Closed,Shivamogga,13.943902,75.549641
61061348,2025-01-28T08:38:00.000,2025-02-01T10:21:58.000,Street Light Out,Closed,Bengaluru,12.946577,77.608736
61061612,2025-01-28T09:02:00.000,2025-03-07T12:34:00.000,Street Light Cycling,Closed,Mangaluru,12.872638,74.850958
61061902,2025-01-28T09:19:00.000,2025-02-03T16:08:20.000,Street Light Out,Closed,Bengaluru,12.993438,77.609897
61062051,2025-01-28T09:46:00.000,2025-02-01T16:27:00.000,Street Light Out,Closed,Mysuru,12.305583,76.666754
61062082,2025-01-28T09:55:00.000,2025-02-02T12:10:27.000,Street Light Out,Closed,Bengaluru,12.957635,77.571499
61062512,2025-01-28T11:29:00.000,2025-02-05T17:26:39.000,Street Light Out,Closed,Mysuru,12.349223,76.657806
61062755,2025-01-28T13:31:00.000,2025-02-03T08:42:04.000,Street Light Out,Closed,Mysuru,12.316843,76.705667
61062757,2025-01-28T14:24:00.000,2025-02-02T10:58:00.000,Street Light Out,Closed,Bengaluru,13.000465,77.530369
61062927,2025-01-28T15:38:00.000,2025-01-30T18:45:02.000,Street Light Out,Closed,Shivamogga,13.899167,75.55271
61063129,2025-01-28T17:04:00.000,2025-02-01T15:03:00.000,Street Light Out,Closed,Bengaluru,12.985313,77.588379
61063138,2025-01-28T17:04:00.000,2025-02-02T15:22:01.000,Street Light Out,Closed,Mangaluru,12.89038,74.853796
61063145,2025-01-28T17:45:00.000,2025-02-05T13:21:10.000,Street Light Out,Closed,Hubballi,15.395156,75.14008
61063467,2025-01-28T18:09:00.000,2025-02-11T16:09:00.000,Street Light Out,Closed,Mangaluru,12.878705,74.846158
61063809,2025-01-28T19:13:00.000,2025-01-31T18:38:30.000,Street Light Out,Closed,Mangaluru,12.860406,74.891354
61063830,2025-01-28T20:05:00.000,2025-02-01T09:50:02.000,Street Light Out,Closed,Tumakuru,13.35067,77.092721
61063891,2025-01-28T20:19:00.000,2025-02-08T17:32:00.000,Street Light Out,Closed,Mangaluru,12.904993,74.87992
61064151,2025-01-28T20:26:00.000,2025-02-04T16:17:00.000,Street Light Out,Closed,Bengaluru,12.972727,77.590437
61064328,2025-01-28T20:46:00.000,2025-02-02T09:36:07.000,Lamppost Damaged,Closed,Mysuru,12.345601,76.655394
61064352,2025-01-28T21:16:00.000,2025-03-06T15:41:30.000,Street Light Out,Closed,Tumakuru,13.371592,77.095748
61064465,2025-01-28T21:45:00.000,2025-02-06T18:43:00.000,Street Light Out,Closed,Bengaluru,12.929307,77.581935
61064705,2025-01-28T22:34:00.000,2025-02-01T13:22:00.000,Street Light Out,Closed,Hubballi,15.349871,75.125965
61064732,2025-01-28T22:58:00.000,2025-02-01T11:07:41.000,Street Light Out,Closed,Mysuru,12.310278,76.672641
61064922,2025-01-28T23:09:00.000,2025-02-02T15:02:00.000,Street Light Out,Closed,Mysuru,12.313951,76.63702
61065314,2025-01-28T23:25:00.000,2025-02-05T17:44:39.000,Street Light Out,Closed,Shivamogga,13.900519,75.56732
61065394,2025-01-29T00:57:00.000,2025-02-02T10:06:32.000,Street Light Out,Closed,Mangaluru,12.873174,74.862294
61065494,2025-01-29T02:57:00.000,2025-01-30T16:58:00.000,Street Light Out,Closed,Hubballi,15.351123,75.169634
61065763,2025-01-29T05:31:00.000,2025-03-05T16:21:39.000,Street Light Out,Closed,Mangaluru,12.885703,74.848877
61065842,2025-01-29T08:12:00.000,2025-02-08T09:59:20.000,Street Light Out,Closed,Mysuru,12.275916,76.643064
61065949,2025-01-29T09:12:00.000,2025-02-04T08:11:00.000,Street Light Out,Closed,Shivamogga,13.916612,75.577385
61065972,2025-01-29T11:58:00.000,2025-02-06T11:13:18.000,Street Light Out,Closed,Mysuru,12.3023,76.674254
61066072,2025-01-29T17:32:00.000,2025-02-03T15:58:00.000,Street Light Cycling,Closed,Mysuru,12.351244,76.654773
61066550,2025-01-29T19:31:00.000,2025-02-01T16:13:00.000,Street Light Out,Closed,Bengaluru,12.989727,77.582936
61066699,2025-01-29T20:24:00.000,2025-02-03T09:47:00.000,Street Light Out,Closed,Tumakuru,13.341533,77.106555
61066741,2025-01-29T20:37:00.000,2025-02-07T15:03:54.000,Street Light Out,Closed,Tumakuru,13.354667,77.099326
61066781,2025-01-29T21:25:00.000,2025-01-31T15:31:00.000,Street Light Out,Closed,Belagavi,15.848103,74.521505
61066953,2025-01-29T21:48:00.000,2025-02-01T16:38:00.000,Street Light Out,Closed,Mysuru,12.308931,76.681071
61066965,2025-01-29T21:55:00.000,2025-02-05T17:27:00.000,Street Light Out,Closed,Hubballi,15.354771,75.131885
61067021,2025-01-29T22:08:00.000,2025-01-31T15:23:45.000,Street Light Out,Closed,Tumakuru,13.320494,77.091484
61067293,2025-01-29T22:48:00.000,2025-02-08T08:25:00.000,Street Light Out,Closed,Mangaluru,12.913007,74.870627
61067508,2025-01-29T22:54:00.000,2025-01-30T12:48:53.000,Street Light Out,Closed,Mysuru,12.30089,76.667063
61067579,2025-01-29T23:00:00.000,2025-02-15T15:00:00.000,Street Light Out,Closed,Bengaluru,12.93779,77.554247
61067740,2025-01-30T01:04:00.000,2025-02-08T10:51:00.000,Street Light Out,Closed,Hubballi,15.334404,75.173525
61067967,2025-01-30T08:05:00.000,2025-02-01T10:07:00.000,Lamppost Damaged,Closed,Shivamogga,13.915551,75.579144
61068340,2025-01-30T09:04:00.000,2025-02-06T14:41:00.000,Street Light Out,Closed,Shivamogga,13.933426,75.548253
61068670,2025-01-30T09:06:00.000,2025-02-06T11:35:00.000,Street Light Out,Closed,Bengaluru,13.013609,77.633962
61068797,2025-01-30T09:32:00.000,2025-02-02T11:22:48.000,Street Light Cycling,Closed,Hubballi,15.350124,75.140148
61068869,2025-01-30T09:56:00.000,2025-02-06T09:02:43.000,Street Light Out,Closed,Hubballi,15.365184,75.133713
61068946,2025-01-30T11:46:00.000,2025-01-31T15:00:00.000,Street Light Out,Closed,Bengaluru,13.000612,77.631763
61069300,2025-01-30T12:26:00.000,2025-02-09T10:27:00.000,Street Light Out,Closed,Bengaluru,12.946028,77.541812
61069741,2025-01-30T17:10:00.000,2025-02-16T14:22:00.000,Street Light Out,Closed,Hubballi,15.396041,75.141091
61069946,2025-01-30T17:52:00.000,2025-02-03T17:47:38.000,Street Light Out,Closed,Bengaluru,12.975238,77.592022
61070016,2025-01-30T17:53:00.000,2025-02-01T16:24:55.000,Street Light Dim,Closed,Mangaluru,12.890547,74.838499
61070111,2025-01-30T19:44:00.000,2025-03-29T12:47:00.000,Street Light Out,Closed,Hubballi,15.352791,75.136578
61070449,2025-01-30T20:28:00.000,2025-03-07T08:23:15.000,Street Light Out,Closed,Bengaluru,12.850788,77.492325
61070552,2025-01-30T21:34:00.000,2025-02-01T18:04:00.000,Street Light Out,Closed,Hubballi,15.420424,75.136213
61070604,2025-01-30T22:02:00.000,2025-02-01T09:41:00.000,Street Light Out,Closed,Mangaluru,12.907065,74.849803
61070638,2025-01-30T22:24:00.000,2025-02-26T12:59:20.000,Street Light Out,Closed,Shivamogga,13.906928,75.559451
61070662,2025-01-30T23:24:00.000,2025-02-02T10:21:00.000,Street Light Out,Closed,Shivamogga,13.904045,75.553107
61070689,2025-01-30T23:35:00.000,2025-02-02T09:58:00.000,Street Light Out,Closed,Hubballi,15.410628,75.173723
61070707,2025-01-31T01:40:00.000,2025-02-05T16:04:19.000,Street Light Out,Closed,Mangaluru,12.880006,74.868076
61070730,2025-01-31T08:25:00.000,2025-02-11T12:57:15.000,Street Light Out,Closed,Belagavi,15.850293,74.493171
61070750,2025-01-31T09:28:00.000,2025-02-20T11:29:00.000,Street Light Out,Closed,Mangaluru,12.887245,74.857624
61070776,2025-01-31T10:14:00.000,2025-02-07T08:03:55.000,Street Light Out,Closed,Belagavi,15.846734,74.502362
61071091,2025-01-31T10:19:00.000,2025-02-04T18:31:00.000,Street Light Out,Closed,Mangaluru,12.88516,74.859405
61071334,2025-01-31T10:32:00.000,2025-03-21T08:45:00.000,Street Light Out,Closed,Hubballi,15.350251,75.129981
61071586,2025-01-31T10:44:00.000,2025-02-08T10:08:13.000,Street Light Out,Closed,Mangaluru,12.889229,74.848618
61071710,2025-01-31T12:27:00.000,2025-02-06T08:34:00.000,Street Light Out,Closed,Mysuru,12.321657,76.648638
61071729,2025-01-31T14:39:00.000,2025-02-04T13:12:00.000,Street Light Out,Closed,Tumakuru,13.348259,77.097281
61072273,2025-01-31T17:28:00.000,2025-03-05T11:40:00.000,Street Light Out,Closed,Shivamogga,13.9232,75.564122
61072597,2025-01-31T18:26:00.000,2025-02-07T11:29:00.000,Street Light Out,Closed,Bengaluru,13.022454,77.611278
61072640,2025-01-31T19:11:00.000,2025-02-03T14:20:00.000,Street Light Out,Closed,Belagavi,15.871811,74.492105
61072784,2025-01-31T21:41:00.000,2025-02-09T10:26:00.000,Street Light Out,Closed,Tumakuru,13.345325,77.089241
61073210,2025-01-31T22:56:00.000,2025-02-04T12:02:16.000,Street Light Out,Closed,Hubballi,15.357333,75.126828
61073265,2025-02-01T00:05:00.000,2025-02-01T12:20:26.000,Street Light Out,Closed,Hubballi,15.366759,75.147994
61073340,2025-02-01T01:38:00.000,2025-02-22T08:55:47.000,Street Light Out,Closed,Bengaluru,13.021315,77.580494
61073448,2025-02-01T02:22:00.000,2025-02-11T12:16:00.000,Street Light Out,Closed,Belagavi,15.846956,74.555515
61073636,2025-02-01T06:26:00.000,2025-02-02T17:25:37.000,Street Light Out,Closed,Mangaluru,12.872892,74.843659
61073955,2025-02-01T06:42:00.000,2025-02-04T12:50:47.000,Lamppost Damaged,Closed,Hubballi,15.350948,75.084801
61074330,2025-02-01T07:23:00.000,2025-02-13T15:06:39.000,Street Light Out,Closed,Mysuru,12.259352,76.658248
61074407,2025-02-01T07:53:00.000,2025-02-13T09:06:28.000,Street Light Out,Closed,Mangaluru,12.916935,74.886736
61074458,2025-02-01T08:48:00.000,2025-02-06T11:47:00.000,Street Light Out,Closed,Tumakuru,13.334883,77.110584
61074484,2025-02-01T09:05:00.000,2025-02-03T18:04:00.000,Street Light Out,Closed,Hubballi,15.353606,75.126833
61074648,2025-02-01T09:26:00.000,2025-02-05T08:25:00.000,Street Light Out,Closed,Tumakuru,13.321901,77.142796
61074997,2025-02-01T09:50:00.000,2025-02-05T15:29:00.000,Street Light Out,Closed,Mangaluru,12.887826,74.850102
61075103,2025-02-01T12:55:00.000,2025-02-07T09:22:12.000,Street Light Out,Closed,Shivamogga,13.92664,75.559176
61075187,2025-02-01T16:01:00.000,2025-02-10T17:19:00.000,Street Light Cycling,Closed,Mysuru,12.315851,76.682979
61075492,2025-02-01T16:08:00.000,2025-02-03T08:18:00.000,Street Light Cycling,Closed,Mysuru,12.259111,76.655805
61075508,2025-02-01T17:45:00.000,2025-03-28T14:14:56.000,Street Light Out,Closed,Bengaluru,12.985542,77.542858
61075618,2025-02-01T18:00:00.000,2025-02-07T16:42:08.000,Street Light Out,Closed,Shivamogga,13.962457,75.520694
61075742,2025-02-01T18:03:00.000,2025-02-03T09:14:34.000,Street Light Out,Closed,Bengaluru,12.968581,77.620326
61075945,2025-02-01T19:52:00.000,2025-02-03T14:36:00.000,Street Light Out,Closed,Tumakuru,13.34152,77.10736
61075991,2025-02-01T20:46:00.000,2025-02-04T09:22:00.000,Street Light Out,Closed,Mangaluru,12.893337,74.865579
61076150,2025-02-01T20:54:00.000,2025-02-04T15:27:31.000,Street Light Out,Closed,Belagavi,15.834972,74.529938
61076196,2025-02-01T22:12:00.000,2025-02-04T11:44:00.000,Street Light Out,Closed,Hubballi,15.378076,75.171114
61076315,2025-02-01T23:16:00.000,2025-02-05T15:49:00.000,Street Light Out,Closed,Hubballi,15.355592,75.123502
61076364,2025-02-01T23:37:00.000,2025-02-05T18:04:14.000,Street Light Out,Closed,Bengaluru,13.015637,77.625344
61076375,2025-02-02T00:46:00.000,2025-02-04T13:42:00.000,Street Light Dayburning,Closed,Bengaluru,12.983858,77.591857
61076394,2025-02-02T01:05:00.000,2025-02-16T15:56:00.000,Street Light Out,Closed,Tumakuru,13.3502,77.10656
61076525,2025-02-02T01:39:00.000,2025-02-07T09:12:00.000,Street Light Out,Closed,Mysuru,12.304739,76.663688
61076619,2025-02-02T04:08:00.000,2025-02-05T18:49:00.000,Street Light Out,Closed,Tumakuru,13.347274,77.106571
61076777,2025-02-02T07:05:00.000,2025-02-08T15:52:00.000,Street Light Out,Closed,Bengaluru,12.855777,77.492059
61076812,2025-02-02T08:16:00.000,2025-02-03T13:34:10.000,Street Light Out,Closed,Mangaluru,12.918535,74.844052
61076841,2025-02-02T08:18:00.000,2025-02-04T09:34:00.000,Street Light Out,Closed,Bengaluru,12.996826,77.598148
61076849,2025-02-02T09:08:00.000,2025-02-11T13:18:48.000,Street Light Out,Closed,Mangaluru,12.926342,74.869873
61076870,2025-02-02T09:36:00.000,2025-02-05T13:45:00.000,Street Light Out,Closed,Bengaluru,12.980955,77.58037
61076881,2025-02-02T11:55:00.000,2025-02-11T10:17:00.000,Street Light Out,Closed,Belagavi,15.848342,74.509766
61076982,2025-02-02T13:02:00.000,2025-02-09T12:25:00.000,Street Light Out,Closed,Mangaluru,12.893959,74.85208
61077152,2025-02-02T13:05:00.000,2025-02-09T14:26:29.000,Street Light Out,Closed,Shivamogga,13.927985,75.553821
61077186,2025-02-02T15:27:00.000,2025-02-22T16:00:15.000,Street Light Out,Closed,Belagavi,15.857532,74.489512
61077191,2025-02-02T17:01:00.000,2025-02-05T16:48:00.000,Street Light Out,Closed,Mangaluru,12.854719,74.871746
61077296,2025-02-02T18:24:00.000,2025-02-13T11:11:00.000,Street Light Out,Closed,Bengaluru,13.034151,77.573614
61077337,2025-02-02T18:32:00.000,2025-02-06T14:26:42.000,Street Light Out,Closed,Mysuru,12.312862,76.675777
61077686,2025-02-02T18:52:00.000,2025-02-05T18:37:00.000,Street Light Out,Closed,Shivamogga,13.917925,75.561827
61077691,2025-02-02T20:44:00.000,2025-02-08T17:31:32.000,Street Light Cycling,Closed,Mangaluru,12.876008,74.874462
61077932,2025-02-02T21:35:00.000,2025-02-06T11:57:10.000,Street Light Out,Closed,Bengaluru,12.980544,77.588582
61078001,2025-02-02T21:38:00.000,2025-02-17T11:20:18.000,Street Light Out,Closed,Tumakuru,13.352876,77.10475
61078008,2025-02-02T23:23:00.000,2025-02-07T11:38:00.000,Street Light Out,Closed,Shivamogga,13.916076,75.560672
61078012,2025-02-03T01:16:00.000,2025-02-10T13:00:00.000,Street Light Out,Closed,Mangaluru,12.899486,74.862274
61078038,2025-02-03T05:00:00.000,2025-02-06T09:16:00.000,Street Light Out,Closed,Shivamogga,13.919262,75.596985
61078076,2025-02-03T05:58:00.000,2025-02-24T10:10:00.000,Street Light Out,Closed,Mangaluru,12.9166,74.855981
61078103,2025-02-03T15:11:00.000,2025-03-02T17:11:00.000,Street Light Out,Closed,Belagavi,15.871359,74.495255
61078110,2025-02-03T15:45:00.000,2025-02-06T11:55:20.000,Street Light Out,Closed,Shivamogga,13.917834,75.587664
61078339,2025-02-03T18:39:00.000,2025-02-05T18:09:05.000,Street Light Out,Closed,Mysuru,12.292345,76.667452
61078472,2025-02-03T20:47:00.000,2025-02-09T13:44:00.000,Street Light Out,Closed,Mangaluru,12.867582,74.840961
61078480,2025-02-03T21:08:00.000,2025-02-26T09:33:00.000,Street Light Out,Closed,Shivamogga,13.922716,75.549905
61078536,2025-02-03T21:34:00.000,2025-02-07T13:41:00.000,Street Light Dayburning,Closed,Mysuru,12.288707,76.643391
61078748,2025-02-03T23:11:00.000,2025-02-06T10:04:28.000,Street Light Out,Closed,Mysuru,12.304477,76.658032
61078908,2025-02-03T23:22:00.000,2025-02-06T15:09:00.000,Street Light Out,Closed,Belagavi,15.83239,74.481651
61078952,2025-02-04T00:29:00.000,2025-02-08T18:08:00.000,Street Light Cycling,Closed,Belagavi,15.849663,74.552152
61079049,2025-02-04T06:50:00.000,2025-02-05T09:24:32.000,Street Light Cycling,Closed,Bengaluru,12.945478,77.599139
61079124,2025-02-04T07:45:00.000,2025-02-06T08:09:00.000,Street Light Out,Closed,Belagavi,15.857907,74.507257
61079227,2025-02-04T08:49:00.000,2025-02-09T14:17:00.000,Street Light Out,Closed,Bengaluru,13.022657,77.456351
61079462,2025-02-04T08:55:00.000,2025-02-15T13:14:31.000,Street Light Out,Closed,Shivamogga,13.90658,75.554544
61080097,2025-02-04T09:05:00.000,2025-02-15T08:47:28.000,Street Light Out,Closed,Shivamogga,13.890112,75.540484
61080109,2025-02-04T10:35:00.000,2025-02-14T15:47:00.000,Street Light Out,Closed,Bengaluru,12.858903,77.50143
61080477,2025-02-04T11:13:00.000,2025-02-05T13:48:22.000,Street Light Out,Closed,Mangaluru,12.869827,74.852628
61080711,2025-02-04T12:15:00.000,2025-02-07T18:10:00.000,Lamppost Damaged,Closed,Mangaluru,12.905473,74.844229
61080827,2025-02-04T14:00:00.000,2025-03-01T13:59:00.000,Street Light Out,Closed,Tumakuru,13.374007,77.08339
61080976,2025-02-04T17:29:00.000,2025-02-11T09:42:00.000,Street Light Out,Closed,Hubballi,15.349346,75.150996
61080979,2025-02-04T17:33:00.000,2025-02-07T15:50:00.000,Street Light Out,Closed,Bengaluru,12.984735,77.595221
61081090,2025-02-04T17:37:00.000,2025-02-13T11:37:00.000,Street Light Out,Closed,Tumakuru,13.341229,77.10152
61081370,2025-02-04T18:32:00.000,2025-02-13T12:12:00.000,Street Light Out,Closed,Tumakuru,13.344946,77.110284
61081439,2025-02-04T18:36:00.000,2025-02-13T10:31:00.000,Street Light Out,Closed,Shivamogga,13.927352,75.572186
61081521,2025-02-04T19:40:00.000,2025-02-09T14:18:00.000,Street Light Out,Closed,Shivamogga,13.919483,75.593755
61081532,2025-02-04T20:07:00.000,2025-02-22T18:43:30.000,Street Light Out,Closed,Bengaluru,12.974443,77.586249
61081752,2025-02-04T20:20:00.000,2025-02-14T11:46:47.000,Street Light Out,Closed,Bengaluru,12.93732,77.526231
61082352,2025-02-04T20:32:00.000,2025-02-07T08:05:00.000,Street Light Out,Closed,Mangaluru,12.887439,74.840426
61082686,2025-02-04T20:47:00.000,2025-02-18T13:28:00.000,Street Light Out,Closed,Tumakuru,13.355753,77.064387
61082691,2025-02-04T21:17:00.000,2025-02-11T09:38:58.000,Street Light Out,Closed,Belagavi,15.857115,74.520076
61083003,2025-02-04T21:21:00.000,2025-02-10T10:28:00.000,Street Light Out,Closed,Shivamogga,13.932652,75.575375
61083177,2025-02-04T21:23:00.000,2025-02-07T14:47:00.000,Street Light Out,Closed,Mangaluru,12.854046,74.875969
61083260,2025-02-04T21:30:00.000,2025-02-06T17:17:40.000,Street Light Out,Closed,Bengaluru,12.968036,77.59493
61083315,2025-02-04T21:56:00.000,2025-02-06T15:19:00.000,Street Light Out,Closed,Mysuru,12.292538,76.671372
61083522,2025-02-04T22:10:00.000,2025-02-11T08:31:44.000,Street Light Out,Closed,Mangaluru,12.904063,74.859341
61083557,2025-02-04T23:29:00.000,2025-02-08T16:33:00.000,Street Light Out,Closed,Mangaluru,12.874841,74.863842
61083655,2025-02-05T05:20:00.000,2025-04-10T13:05:00.000,Street Light Out,Closed,Belagavi,15.873434,74.52361
61083656,2025-02-05T07:49:00.000,2025-02-26T12:11:00.000,Street Light Cycling,Closed,Mysuru,12.339171,76.68642
61083800,2025-02-05T08:04:00.000,2025-02-11T16:43:00.000,Street Light Dim,Closed,Shivamogga,13.906747,75.556042
61084408,2025-02-05T08:04:00.000,2025-02-10T16:33:00.000,Street Light Out,Closed,Shivamogga,13.921196,75.572346
61084619,2025-02-05T08:25:00.000,2025-02-08T10:36:00.000,Street Light Out,Closed,Bengaluru,13.0142,77.627457
61084840,2025-02-05T08:56:00.000,2025-02-13T11:31:00.000,Street Light Out,Closed,Mangaluru,12.862639,74.84577
61084937,2025-02-05T09:18:00.000,2025-02-07T17:58:00.000,Street Light Out,Closed,Mysuru,12.332513,76.641526
61084958,2025-02-05T09:25:00.000,2025-02-19T10:46:49.000,Street Light Out,Closed,Mangaluru,12.882751,74.859546
61085131,2025-02-05T09:25:00.000,2025-02-09T13:09:00.000,Street Light Out,Closed,Mangaluru,12.877144,74.871161
61085218,2025-02-05T10:13:00.000,2025-02-14T11:02:10.000,Street Light Dayburning,Closed,Tumakuru,13.318826,77.119107
61086216,2025-02-05T12:12:00.000,2025-03-08T10:53:40.000,Street Light Out,Closed,Hubballi,15.392063,75.098457
61086261,2025-02-05T12:30:00.000,2025-02-16T18:28:00.000,Street Light Out,Closed,Mangaluru,12.877455,74.854273
61086520,2025-02-05T16:34:00.000,2025-02-10T17:09:33.000,Street Light Out,Closed,Bengaluru,12.981749,77.605842
61086585,2025-02-05T17:01:00.000,2025-02-16T18:13:00.000,Street Light Out,Closed,Mangaluru,12.881597,74.87617
61086631,2025-02-05T17:11:00.000,2025-02-08T12:57:00.000,Street Light Out,Closed,Hubballi,15.345074,75.130671
61086680,2025-02-05T18:30:00.000,2025-02-07T11:57:35.000,Lamppost Damaged,Closed,Belagavi,15.84997,74.557892
61087462,2025-02-05T18:32:00.000,2025-02-21T18:48:30.000,Street Light Out,Closed,Belagavi,15.851466,74.487855
61087622,2025-02-05T18:49:00.000,2025-02-13T14:05:00.000,Street Light Out,Closed,Hubballi,15.334373,75.134084
61087690,2025-02-05T18:55:00.000,2025-02-07T15:12:00.000,Street Light Out,Closed,Mangaluru,12.872925,74.851836
61087785,2025-02-05T19:01:00.000,2025-03-05T11:29:32.000,Street Light Out,Closed,Shivamogga,13.911713,75.548026
61087919,2025-02-05T19:48:00.000,2025-02-08T17:08:10.000,Street Light Dayburning,Closed,Shivamogga,13.900164,75.554443
61088090,2025-02-05T20:44:00.000,2025-02-17T14:12:22.000,Street Light Out,Closed,Tumakuru,13.337882,77.109164
61088290,2025-02-05T21:25:00.000,2025-02-06T10:22:00.000,Street Light Out,Closed,Mangaluru,12.869858,74.852598
61088371,2025-02-05T21:54:00.000,2025-02-12T15:14:00.000,Street Light Out,Closed,Belagavi,15.846692,74.503649
61088633,2025-02-05T22:09:00.000,2025-02-22T10:53:17.000,Street Light Dayburning,Closed,Bengaluru,13.063922,77.545993
61088669,2025-02-05T22:38:00.000,2025-02-07T15:24:34.000,Street Light Out,Closed,Shivamogga,13.912045,75.601084
61088772,2025-02-05T22:42:00.000,2025-02-15T15:12:42.000,Street Light Out,Closed,Bengaluru,13.015806,77.446821
61088783,2025-02-05T23:07:00.000,2025-02-06T16:37:32.000,Street Light Out,Closed,Tumakuru,13.340348,77.107364
61089077,2025-02-05T23:09:00.000,2025-02-12T09:52:34.000,Street Light Out,Closed,Mangaluru,12.893518,74.854049
61089163,2025-02-06T06:10:00.000,2025-02-16T15:21:00.000,Street Light Out,Closed,Mangaluru,12.881264,74.867549
61089240,2025-02-06T08:16:00.000,2025-02-24T08:39:00.000,Street Light Out,Closed,Belagavi,15.844674,74.555438
61089374,2025-02-06T10:34:00.000,2025-02-24T09:58:00.000,Street Light Out,Closed,Mangaluru,12.884223,74.845845
61089559,2025-02-06T11:58:00.000,2025-02-17T09:19:00.000,Street Light Cycling,Closed,Shivamogga,13.90974,75.578746
61089595,2025-02-06T12:35:00.000,2025-02-11T08:58:00.000,Street Light Out,Closed,Bengaluru,12.956266,77.600424
61089603,2025-02-06T14:56:00.000,2025-02-09T09:35:00.000,Street Light Out,Closed,Shivamogga,13.895882,75.558027
61089676,2025-02-06T17:18:00.000,2025-02-10T08:11:00.000,Street Light Out,Closed,Mangaluru,12.888,74.884212
61089695,2025-02-06T18:06:00.000,2025-02-15T15:54:37.000,Street Light Out,Closed,Mangaluru,12.898941,74.840268
61089782,2025-02-06T18:36:00.000,2025-02-10T10:12:00.000,Street Light Dayburning,Closed,Tumakuru,13.305774,77.090929
61089809,2025-02-06T18:41:00.000,2025-02-26T10:48:00.000,Street Light Out,Closed,Bengaluru,12.997626,77.647723
61089831,2025-02-06T19:08:00.000,2025-04-06T15:42:56.000,Street Light Out,Closed,Belagavi,15.849272,74.476892
61089882,2025-02-06T20:25:00.000,2025-02-10T13:07:00.000,Street Light Dayburning,Closed,Bengaluru,12.971311,77.619509
61090237,2025-02-06T21:12:00.000,2025-02-11T17:22:00.000,Lamppost Damaged,Closed,Belagavi,15.847652,74.480807
61090275,2025-02-06T21:24:00.000,2025-02-16T10:25:00.000,Street Light Out,Closed,Hubballi,15.348391,75.093732
61090307,2025-02-06T21:36:00.000,2025-02-10T15:35:00.000,Street Light Out,Closed,Mangaluru,12.880027,74.868086
61090380,2025-02-06T21:44:00.000,2025-02-10T11:31:00.000,Street Light Out,Closed,Mangaluru,12.910399,74.862926
61090487,2025-02-06T21:50:00.000,2025-02-17T10:11:00.000,Street Light Out,Closed,Belagavi,15.849051,74.551216
61090493,2025-02-06T21:53:00.000,2025-02-09T10:13:59.000,Street Light Out,Closed,Belagavi,15.847198,74.514652
61090746,2025-02-06T21:56:00.000,2025-02-10T16:42:00.000,Street Light Out,Closed,Hubballi,15.346435,75.099816
61090794,2025-02-06T22:50:00.000,2025-02-09T08:52:00.000,Street Light Out,Closed,Mangaluru,12.873309,74.851498
61090845,2025-02-06T23:56:00.000,2025-02-12T15:25:30.000,Street Light Out,Closed,Mangaluru,12.894793,74.853507
61091069,2025-02-07T07:22:00.000,2025-02-12T18:29:17.000,Street Light Out,Closed,Hubballi,15.351888,75.143605
61091083,2025-02-07T07:42:00.000,2025-02-11T09:08:00.000,Street Light Out,Closed,Tumakuru,13.330025,77.111573
61091121,2025-02-07T08:12:00.000,2025-02-16T16:38:00.000,Street Light Out,Closed,Bengaluru,12.86727,77.616406
61091176,2025-02-07T08:29:00.000,2025-02-12T12:58:31.000,Street Light Out,Closed,Bengaluru,12.980142,77.586911
61091181,2025-02-07T19:53:00.000,2025-02-13T08:20:44.000,Street Light Out,Closed,Bengaluru,12.982157,77.584992
61091297,2025-02-07T23:17:00.000,2025-02-09T16:18:00.000,Street Light Out,Closed,Bengaluru,12.980233,77.567252
61091390,2025-02-08T06:21:00.000,2025-02-10T17:39:00.000,Street Light Out,Closed,Hubballi,15.357875,75.165453
61091491,2025-02-08T06:47:00.000,2025-02-16T09:46:00.000,Street Light Out,Closed,Mangaluru,12.847843,74.867317
61091721,2025-02-08T07:52:00.000,2025-02-12T14:15:03.000,Street Light Out,Closed,Hubballi,15.35174,75.160242
61091842,2025-02-08T08:17:00.000,2025-02-12T17:04:00.000,Street Light Out,Closed,Bengaluru,13.010493,77.606802
61092074,2025-02-08T08:46:00.000,2025-02-12T16:01:54.000,Street Light Out,Closed,Mysuru,12.332452,76.64403
61092137,2025-02-08T11:24:00.000,2025-03-02T15:20:59.000,Street Light Out,Closed,Mangaluru,12.910895,74.893188
61092336,2025-02-08T15:06:00.000,2025-02-12T11:23:00.000,Street Light Out,Closed,Mysuru,12.305261,76.66465
61092433,2025-02-08T16:10:00.000,2025-02-10T08:55:00.000,Street Light Out,Closed,Mysuru,12.314118,76.663772
61092656,2025-02-08T18:09:00.000,2025-02-15T17:34:43.000,Street Light Out,Closed,Mysuru,12.295455,76.664273
61093161,2025-02-08T18:48:00.000,2025-04-30T12:25:00.000,Street Light Out,Closed,Shivamogga,13.902843,75.556801
61093292,2025-02-08T20:27:00.000,2025-02-15T08:48:11.000,Street Light Out,Closed,Belagavi,15.85002,74.551602
61093398,2025-02-08T21:40:00.000,2025-02-20T08:27:46.000,Street Light Out,Closed,Mangaluru,12.852589,74.873742
61093492,2025-02-08T22:28:00.000,2025-02-13T10:36:00.000,Street Light Out,Closed,Hubballi,15.347903,75.127856
61093590,2025-02-08T22:51:00.000,2025-02-11T16:47:33.000,Street Light Out,Closed,Bengaluru,13.033871,77.604523
61093827,2025-02-08T23:21:00.000,2025-02-14T14:18:00.000,Street Light Out,Closed,Mangaluru,12.875277,74.870994
61094045,2025-02-08T23:37:00.000,2025-03-13T10:21:00.000,Lamppost Damaged,Closed,Bengaluru,12.906519,77.648442
61094051,2025-02-09T02:44:00.000,2025-03-05T11:14:48.000,Street Light Out,Closed,Belagavi,15.84207,74.549433
61094123,2025-02-09T05:21:00.000,2025-03-14T10:29:25.000,Street Light Out,Closed,Mangaluru,12.890025,74.850181
61094712,2025-02-09T05:41:00.000,2025-02-10T11:46:00.000,Street Light Out,Closed,Mangaluru,12.866483,74.852872
61094737,2025-02-09T07:28:00.000,2025-02-10T16:37:00.000,Street Light Out,Closed,Bengaluru,12.985701,77.60652
61094844,2025-02-09T07:42:00.000,2025-02-16T17:39:00.000,Street Light Out,Closed,Mangaluru,12.904077,74.87784
61094851,2025-02-09T08:00:00.000,2025-02-13T08:58:00.000,Street Light Out,Closed,Mangaluru,12.869654,74.841417
61094873,2025-02-09T09:58:00.000,2025-02-12T16:50:57.000,Street Light Dayburning,Closed,Hubballi,15.36616,75.148911
61095053,2025-02-09T10:39:00.000,2025-02-21T13:31:52.000,Street Light Dayburning,Closed,Tumakuru,13.340922,77.110273
61095161,2025-02-09T11:05:00.000,2025-02-11T15:09:30.000,Street Light Out,Closed,Bengaluru,12.918812,77.529099
61095187,2025-02-09T11:55:00.000,2025-02-11T09:03:00.000,Street Light Out,Closed,Tumakuru,13.343977,77.11127
61095220,2025-02-09T14:08:00.000,2025-02-11T10:46:00.000,Street Light Out,Closed,Mangaluru,12.898718,74.875509
61095309,2025-02-09T14:17:00.000,2025-02-13T10:13:54.000,Lamppost Damaged,Closed,Tumakuru,13.327367,77.070659
61095443,2025-02-09T17:00:00.000,2025-02-20T17:28:00.000,Street Light Out,Closed,Mangaluru,12.870629,74.893571
61095526,2025-02-09T19:45:00.000,2025-04-04T14:03:00.000,Street Light Out,Closed,Bengaluru,12.95303,77.582692
61095822,2025-02-09T20:22:00.000,2025-02-13T12:57:00.000,Street Light Dayburning,Closed,Hubballi,15.350806,75.133352
61095841,2025-02-09T21:39:00.000,2025-02-13T14:17:00.000,Street Light Out,Closed,Mangaluru,12.88207,74.858345
61095844,2025-02-09T22:01:00.000,2025-02-13T09:57:00.000,Street Light Out,Closed,Belagavi,15.853101,74.498515
61095882,2025-02-09T22:52:00.000,2025-02-25T15:21:34.000,Street Light Out,Closed,Mysuru,12.346065,76.655908
61095946,2025-02-09T22:52:00.000,2025-02-13T11:51:05.000,Street Light Out,Closed,Shivamogga,13.898932,75.560329
61096017,2025-02-10T00:11:00.000,2025-02-21T16:20:00.000,Street Light Out,Closed,Belagavi,15.866012,74.497128
61096139,2025-02-10T10:23:00.000,2025-02-11T11:47:00.000,Street Light Out,Closed,Bengaluru,12.982133,77.599769
61096168,2025-02-10T10:27:00.000,2025-02-12T11:49:00.000,Street Light Out,Closed,Mangaluru,12.884305,74.838642
61096301,2025-02-10T10:30:00.000,2025-02-20T14:55:21.000,Street Light Out,Closed,Belagavi,15.892788,74.545117
61096346,2025-02-10T12:18:00.000,2025-02-12T14:42:36.000,Street Light Out,Closed,Shivamogga,13.916533,75.564232
61096572,2025-02-10T17:00:00.000,2025-02-20T09:07:47.000,Street Light Out,Closed,Belagavi,15.882264,74.50158
61096883,2025-02-10T17:47:00.000,2025-02-14T15:31:00.000,Street Light Out,Closed,Mangaluru,12.902069,74.905947
61096917,2025-02-10T18:10:00.000,2025-02-15T14:20:00.000,Street Light Cycling,Closed,Belagavi,15.86184,74.483479
61096960,2025-02-10T20:31:00.000,2025-02-24T08:06:02.000,Lamppost Damaged,Closed,Belagavi,15.846029,74.551312
61097139,2025-02-10T21:24:00.000,2025-02-13T14:03:00.000,Street Light Out,Closed,Belagavi,15.85055,74.4908
61097235,2025-02-11T09:00:00.000,2025-02-17T18:43:00.000,Street Light Cycling,Closed,Belagavi,15.846807,74.556639
61097249,2025-02-11T09:38:00.000,2025-02-21T09:20:50.000,Street Light Out,Closed,Mangaluru,12.867381,74.889117
61097298,2025-02-11T10:31:00.000,2025-02-27T14:57:41.000,Street Light Out,Closed,Shivamogga,13.921173,75.572314
61097400,2025-02-11T15:38:00.000,2025-02-12T18:35:08.000,Street Light Out,Closed,Mysuru,12.310688,76.681692
61097745,2025-02-11T18:59:00.000,2025-02-18T11:21:02.000,Street Light Out,Closed,Belagavi,15.850369,74.551879
61097781,2025-02-11T19:45:00.000,2025-02-16T08:34:49.000,Street Light Out,Closed,Shivamogga,13.915317,75.562185
61097800,2025-02-11T21:50:00.000,2025-02-16T08:50:19.000,Street Light Out,Closed,Hubballi,15.324665,75.150725
61098250,2025-02-12T03:10:00.000,2025-02-19T14:26:00.000,Street Light Out,Closed,Belagavi,15.843726,74.554224
61098253,2025-02-12T10:02:00.000,2025-02-19T08:42:00.000,Street Light Out,Closed,Bengaluru,12.973615,77.576839
61098458,2025-02-12T11:51:00.000,2025-02-13T15:29:00.000,Street Light Out,Closed,Mysuru,12.304879,76.658534
61098532,2025-02-12T17:05:00.000,2025-02-17T16:51:00.000,Street Light Out,Closed,Tumakuru,13.323149,77.104765
61098645,2025-02-12T17:44:00.000,2025-02-14T18:17:44.000,Street Light Out,Closed,Mangaluru,12.875977,74.874457
61098711,2025-02-12T18:03:00.000,2025-02-15T17:11:00.000,Street Light Out,Closed,Bengaluru,12.93246,77.543291
61098733,2025-02-12T18:07:00.000,2025-02-19T13:13:00.000,Street Light Out,Closed,Mangaluru,12.885994,74.849611
61098775,2025-02-12T19:21:00.000,2025-02-20T12:38:00.000,Street Light Out,Closed,Belagavi,15.851107,74.555944
61098882,2025-02-12T20:21:00.000,2025-02-14T13:38:00.000,Street Light Out,Closed,Mysuru,12.302892,76.667741
61098904,2025-02-12T20:35:00.000,2025-02-23T15:17:00.000,Street Light Out,Closed,Belagavi,15.847848,74.558102
61098962,2025-02-12T21:01:00.000,2025-02-13T14:25:00.000,Street Light Out,Closed,Bengaluru,12.966265,77.593643
61099000,2025-02-12T21:35:00.000,2025-02-15T12:55:00.000,Street Light Out,Closed,Tumakuru,13.334916,77.109152
61099069,2025-02-12T22:00:00.000,2025-02-20T09:56:53.000,Street Light Out,Closed,Mangaluru,12.891485,74.840374
61099245,2025-02-12T22:08:00.000,2025-02-22T14:40:00.000,Street Light Out,Closed,Bengaluru,13.03234,77.56189
61099441,2025-02-12T23:07:00.000,2025-02-28T15:43:24.000,Street Light Out,Closed,Bengaluru,13.092246,77.649886
61099697,2025-02-13T00:13:00.000,2025-02-17T18:02:00.000,Street Light Out,Closed,Mysuru,12.303697,76.664772
61099729,2025-02-13T00:34:00.000,2025-03-23T11:34:00.000,Street Light Out,Closed,Hubballi,15.352503,75.115385
61099787,2025-02-13T10:11:00.000,2025-02-15T09:57:48.000,Street Light Out,Closed,Bengaluru,12.852537,77.492951
61099796,2025-02-13T10:17:00.000,2025-02-18T17:56:00.000,Street Light Out,Closed,Shivamogga,13.92206,75.563595
61099820,2025-02-13T11:30:00.000,2025-02-16T08:50:00.000,Street Light Out,Closed,Shivamogga,13.922474,75.568584
61099861,2025-02-13T11:39:00.000,2025-02-14T12:23:14.000,Street Light Out,Closed,Bengaluru,12.968015,77.614205
61099869,2025-02-13T11:49:00.000,2025-02-16T18:18:55.000,Street Light Out,Closed,Mangaluru,12.914407,74.85474
61099915,2025-02-13T13:23:00.000,2025-02-19T12:06:00.000,Street Light Cycling,Closed,Belagavi,15.849945,74.557962
61100039,2025-02-13T15:05:00.000,2025-03-04T09:34:27.000,Street Light Out,Closed,Hubballi,15.366747,75.148088
61100176,2025-02-13T16:10:00.000,2025-02-18T16:53:00.000,Street Light Cycling,Closed,Hubballi,15.341292,75.170164
61100229,2025-02-13T16:21:00.000,2025-02-25T18:27:59.000,Street Light Out,Closed,Bengaluru,13.016597,77.610481
61100249,2025-02-13T17:06:00.000,2025-02-16T11:13:46.000,Street Light Out,Closed,Bengaluru,12.957567,77.595718
61100274,2025-02-13T17:50:00.000,2025-02-18T09:11:00.000,Street Light Out,Closed,Bengaluru,12.941661,77.535161
61100483,2025-02-13T18:01:00.000,2025-02-22T10:34:43.000,Street Light Out,Closed,Mangaluru,12.874466,74.85015
61100541,2025-02-13T18:10:00.000,2025-02-28T15:14:00.000,Street Light Out,Closed,Shivamogga,13.927564,75.556684
61100651,2025-02-13T19:16:00.000,2025-02-15T15:23:00.000,Street Light Out,Closed,Bengaluru,12.973445,77.570879
61100790,2025-02-13T19:38:00.000,2025-04-21T11:08:00.000,Street Light Out,Closed,Mangaluru,12.873967,74.852508
61100980,2025-02-13T19:43:00.000,2025-02-15T16:40:00.000,Street Light Out,Closed,Bengaluru,13.00048,77.530357
61101053,2025-02-13T19:52:00.000,2025-02-22T16:20:30.000,Street Light Out,Closed,Bengaluru,12.982111,77.585704
61101071,2025-02-13T20:56:00.000,2025-02-22T08:27:47.000,Street Light Out,Closed,Mangaluru,12.910709,74.852246
61101148,2025-02-13T21:37:00.000,2025-02-24T12:35:00.000,Street Light Out,Closed,Hubballi,15.361429,75.153386
61101631,2025-02-13T22:18:00.000,2025-02-21T14:29:21.000,Street Light Out,Closed,Mangaluru,12.874876,74.88429
61101785,2025-02-14T00:10:00.000,2025-03-07T13:14:44.000,Street Light Out,Closed,Mysuru,12.301496,76.666009
61102023,2025-02-14T00:41:00.000,2025-02-21T09:47:00.000,Street Light Out,Closed,Shivamogga,13.913419,75.562905
61102193,2025-02-14T01:16:00.000,2025-02-14T10:25:30.000,Street Light Out,Closed,Shivamogga,13.924384,75.555344
61102268,2025-02-14T05:55:00.000,2025-03-11T14:47:00.000,Street Light Out,Closed,Mangaluru,12.882098,74.847713
61102361,2025-02-14T09:25:00.000,2025-02-19T08:36:23.000,Street Light Out,Closed,Hubballi,15.354547,75.159666
61102434,2025-02-14T09:49:00.000,2025-02-19T14:01:00.000,Street Light Out,Closed,Mangaluru,12.877458,74.847846
61102523,2025-02-14T16:06:00.000,2025-02-22T11:25:00.000,Street Light Out,Closed,Mangaluru,12.872044,74.847329
61102606,2025-02-14T17:15:00.000,2025-02-17T17:53:00.000,Street Light Out,Closed,Bengaluru,12.976997,77.617886
61102640,2025-02-14T17:37:00.000,2025-02-15T09:48:00.000,Street Light Out,Closed,Mangaluru,12.899653,74.877608
61102681,2025-02-14T17:38:00.000,2025-04-20T18:45:00.000,Street Light Out,Closed,Shivamogga,13.922292,75.568631
61102746,2025-02-14T18:43:00.000,2025-02-21T11:07:00.000,Street Light Out,Closed,Shivamogga,13.92595,75.570268
61102907,2025-02-14T19:36:00.000,2025-02-20T13:14:00.000,Street Light Out,Closed,Bengaluru,13.075646,77.652578
61102962,2025-02-14T19:48:00.000,2025-02-16T18:56:36.000,Street Light Out,Closed,Bengaluru,12.975412,77.590444
61103046,2025-02-14T21:25:00.000,2025-02-17T10:22:09.000,Street Light Out,Closed,Mysuru,12.351717,76.659837
61103112,2025-02-14T22:33:00.000,2025-02-19T09:20:11.000,Street Light Out,Closed,Hubballi,15.363675,75.11482
61103151,2025-02-14T22:43:00.000,2025-02-17T11:41:00.000,Street Light Out,Closed,Mangaluru,12.872905,74.843657
61103890,2025-02-14T22:45:00.000,2025-03-13T16:58:20.000,Street Light Out,Closed,Belagavi,15.877429,74.498968
61104162,2025-02-14T23:06:00.000,2025-02-16T12:02:00.000,Street Light Out,Closed,Hubballi,15.354861,75.131858
61104600,2025-02-15T00:09:00.000,2025-02-19T18:42:48.000,Street Light Out,Closed,Hubballi,15.359011,75.147835
61104622,2025-02-15T01:57:00.000,2025-02-18T18:30:00.000,Street Light Cycling,Closed,Bengaluru,12.975244,77.591957
61104723,2025-02-15T05:45:00.000,2025-03-15T11:56:23.000,Street Light Out,Closed,Belagavi,15.85717,74.518211
61104746,2025-02-15T06:36:00.000,2025-02-16T10:24:00.000,Street Light Out,Closed,Mysuru,12.305042,76.68388
61104947,2025-02-15T08:13:00.000,2025-02-18T13:45:00.000,Street Light Out,Closed,Bengaluru,12.975927,77.570383
61104982,2025-02-15T08:59:00.000,2025-02-19T09:09:23.000,Street Light Out,Closed,Tumakuru,13.341594,77.10648
61104996,2025-02-15T09:26:00.000,2025-02-17T16:55:58.000,Street Light Out,Closed,Mysuru,12.312137,76.665473
61105248,2025-02-15T11:53:00.000,2025-03-02T08:15:00.000,Street Light Out,Closed,Shivamogga,13.896955,75.563869
61105302,2025-02-15T11:54:00.000,2025-02-23T09:56:00.000,Street Light Cycling,Closed,Belagavi,15.836137,74.510972
61105605,2025-02-15T13:53:00.000,2025-02-23T09:49:43.000,Street Light Out,Closed,Shivamogga,13.908769,75.576162
61105660,2025-02-15T14:58:00.000,2025-02-23T09:56:00.000,Lamppost Damaged,Closed,Shivamogga,13.914136,75.579507
61105760,2025-02-15T15:17:00.000,2025-02-20T12:59:00.000,Street Light Out,Closed,Mysuru,12.301469,76.683851
61105852,2025-02-15T15:32:00.000,2025-04-05T17:02:45.000,Street Light Out,Closed,Mysuru,12.314166,76.663754
61106039,2025-02-15T16:25:00.000,2025-02-16T15:01:00.000,Street Light Out,Closed,Mysuru,12.311481,76.665576
61106281,2025-02-15T18:07:00.000,2025-02-24T16:57:00.000,Street Light Out,Closed,Mysuru,12.255855,76.65927
61106362,2025-02-15T18:13:00.000,2025-02-22T11:44:00.000,Street Light Dayburning,Closed,Belagavi,15.85158,74.48072
61106714,2025-02-15T18:23:00.000,2025-02-19T18:25:11.000,Street Light Out,Closed,Tumakuru,13.338478,77.107158
61107035,2025-02-15T18:37:00.000,2025-02-19T08:17:00.000,Street Light Out,Closed,Mangaluru,12.899573,74.861629
61107052,2025-02-15T18:58:00.000,2025-03-06T18:31:57.000,Street Light Out,Closed,Mangaluru,12.910512,74.886584
61107067,2025-02-15T19:11:00.000,2025-02-26T14:08:00.000,Street Light Out,Closed,Belagavi,15.844245,74.483027
61107405,2025-02-15T19:14:00.000,2025-03-18T11:52:00.000,Street Light Out,Closed,Mangaluru,12.872197,74.847919
61107593,2025-02-15T19:30:00.000,2025-02-16T13:48:24.000,Street Light Out,Closed,Mangaluru,12.900769,74.922322
61108034,2025-02-15T20:35:00.000,2025-02-16T14:50:26.000,Street Light Out,Closed,Mysuru,12.3127,76.66855
61108129,2025-02-15T21:09:00.000,2025-02-21T10:23:06.000,Street Light Out,Closed,Mysuru,12.314121,76.618619
61108152,2025-02-15T23:16:00.000,2025-02-19T09:10:15.000,Street Light Out,Closed,Mangaluru,12.907067,74.849751
61108535,2025-02-15T23:19:00.000,2025-02-21T12:48:00.000,Street Light Out,Closed,Belagavi,15.8629,74.492332
61108729,2025-02-16T01:13:00.000,2025-02-17T09:26:00.000,Street Light Out,Closed,Mangaluru,12.865412,74.851739
61108992,2025-02-16T05:58:00.000,2025-02-19T14:40:00.000,Street Light Cycling,Closed,Mangaluru,12.877149,74.843117
61109010,2025-02-16T06:30:00.000,2025-02-22T12:20:48.000,Street Light Out,Closed,Mysuru,12.293265,76.651222
61109120,2025-02-16T07:35:00.000,2025-02-21T18:49:14.000,Street Light Out,Closed,Shivamogga,13.925211,75.568417
61109279,2025-02-16T08:54:00.000,2025-03-29T14:26:00.000,Street Light Out,Closed,Hubballi,15.353224,75.127312
61109453,2025-02-16T10:24:00.000,2025-02-26T15:49:49.000,Street Light Out,Closed,Mangaluru,12.881065,74.843281
61109768,2025-02-16T10:55:00.000,2025-02-21T13:11:00.000,Street Light Out,Closed,Mysuru,12.348538,76.653162
61109924,2025-02-16T11:35:00.000,2025-04-06T13:09:00.000,Street Light Out,Closed,Tumakuru,13.316778,77.111077
61109976,2025-02-16T14:09:00.000,2025-02-18T15:00:00.000,Lamppost Damaged,Closed,Shivamogga,13.957603,75.572943
61110318,2025-02-16T15:02:00.000,2025-02-17T17:36:00.000,Street Light Out,Closed,Hubballi,15.376921,75.113765
61110580,2025-02-16T15:12:00.000,2025-02-19T14:28:44.000,Street Light Out,Closed,Shivamogga,13.926054,75.538676
61110600,2025-02-16T16:07:00.000,2025-02-22T09:33:01.000,Street Light Out,Closed,Bengaluru,12.988086,77.571772
61110656,2025-02-16T17:24:00.000,2025-02-28T17:07:00.000,Street Light Out,Closed,Shivamogga,13.935421,75.543321
61110663,2025-02-16T18:37:00.000,2025-02-21T09:43:02.000,Street Light Out,Closed,Hubballi,15.334439,75.173632
61110701,2025-02-16T18:57:00.000,2025-02-20T09:21:15.000,Street Light Out,Closed,Hubballi,15.357245,75.125624
61110864,2025-02-16T19:02:00.000,2025-02-19T17:49:00.000,Street Light Dim,Closed,Shivamogga,13.920976,75.555201
61111179,2025-02-16T19:29:00.000,2025-02-18T15:15:30.000,Street Light Out,Closed,Belagavi,15.817931,74.54042
61111228,2025-02-16T20:32:00.000,2025-02-19T16:22:24.000,Street Light Out,Closed,Mysuru,12.319779,76.686023
61111254,2025-02-16T21:03:00.000,2025-02-18T12:09:05.000,Street Light Out,Closed,Mysuru,12.338204,76.647248
61111620,2025-02-16T21:13:00.000,2025-02-18T14:41:14.000,Street Light Out,Closed,Hubballi,15.362698,75.138524
61111927,2025-02-16T22:01:00.000,2025-02-18T16:34:57.000,Street Light Out,Closed,Mangaluru,12.904108,74.877862
61112282,2025-02-16T22:25:00.000,2025-02-21T13:05:00.000,Street Light Out,Closed,Mangaluru,12.872353,74.850256
61112477,2025-02-16T23:21:00.000,2025-02-24T11:03:00.000,Street Light Out,Closed,Mangaluru,12.867307,74.866252
61112480,2025-02-17T00:09:00.000,2025-02-26T18:38:00.000,Street Light Out,Closed,Tumakuru,13.345901,77.078891
61112638,2025-02-17T01:00:00.000,2025-02-23T08:04:00.000,Street Light Out,Closed,Hubballi,15.389981,75.140207
61112812,2025-02-17T06:23:00.000,2025-03-01T13:49:00.000,Street Light Dayburning,Closed,Belagavi,15.846925,74.554376
61113104,2025-02-17T07:02:00.000,2025-02-19T16:35:00.000,Street Light Out,Closed,Tumakuru,13.341827,77.100558
61113309,2025-02-17T08:37:00.000,2025-02-22T14:16:03.000,Street Light Out,Closed,Mysuru,12.347076,76.66051
61113344,2025-02-17T09:04:00.000,2025-02-18T10:35:00.000,Street Light Out,Closed,Mangaluru,12.882005,74.858647
61113419,2025-02-17T10:28:00.000,2025-02-18T12:29:01.000,Street Light Out,Closed,Tumakuru,13.369278,77.096343
61113509,2025-02-17T11:27:00.000,2025-02-21T11:28:00.000,Street Light Out,Closed,Hubballi,15.357088,75.114315
61113582,2025-02-17T13:21:00.000,2025-02-19T16:43:21.000,Street Light Out,Closed,Belagavi,15.853115,74.506156
61113619,2025-02-17T15:01:00.000,2025-02-24T10:08:04.000,Street Light Out,Closed,Shivamogga,13.919701,75.566188
61113918,2025-02-17T16:22:00.000,2025-02-20T13:35:00.000,Street Light Out,Closed,Bengaluru,12.986819,77.581473
61113941,2025-02-17T19:30:00.000,2025-03-01T12:06:11.000,Street Light Out,Closed,Shivamogga,13.932566,75.575411
61114038,2025-02-17T20:03:00.000,2025-02-25T14:27:00.000,Street Light Out,Closed,Hubballi,15.359656,75.123387
61114066,2025-02-17T20:55:00.000,2025-02-28T17:18:00.000,Street Light Dayburning,Closed,Belagavi,15.858467,74.499837
61114228,2025-02-17T21:38:00.000,2025-02-19T17:00:00.000,Street Light Out,Closed,Mangaluru,12.898242,74.83815
61114476,2025-02-17T22:29:00.000,2025-02-20T09:59:47.000,Street Light Out,Closed,Tumakuru,13.331139,77.095283
61114485,2025-02-17T23:34:00.000,2025-02-21T10:07:27.000,Street Light Dayburning,Closed,Mangaluru,12.867953,74.85147
61114486,2025-02-17T23:38:00.000,2025-04-19T15:03:52.000,Street Light Out,Closed,Bengaluru,13.082001,77.547019
61114506,2025-02-18T00:22:00.000,2025-02-22T12:41:51.000,Street Light Out,Closed,Mysuru,12.315502,76.660029
61114572,2025-02-18T01:08:00.000,2025-02-23T17:25:00.000,Street Light Dayburning,Closed,Mangaluru,12.885474,74.849223
61114603,2025-02-18T02:33:00.000,2025-02-22T16:07:50.000,Street Light Out,Closed,Shivamogga,13.900136,75.554502
61114676,2025-02-18T04:21:00.000,2025-02-28T18:44:00.000,Street Light Out,Closed,Hubballi,15.374974,75.126431
61114776,2025-02-18T06:46:00.000,2025-02-19T09:56:58.000,Street Light Out,Closed,Shivamogga,13.914664,75.556209
61114849,2025-02-18T07:45:00.000,2025-02-22T09:23:21.000,Street Light Out,Closed,Mangaluru,12.910399,74.862955
61114860,2025-02-18T09:16:00.000,2025-02-25T11:33:15.000,Street Light Out,Closed,Mangaluru,12.893604,74.854031
61114995,2025-02-18T09:43:00.000,2025-02-21T17:32:04.000,Street Light Out,Closed,Mangaluru,12.893906,74.848601
61115023,2025-02-18T11:19:00.000,2025-02-21T17:57:46.000,Street Light Out,Closed,Bengaluru,13.019818,77.56253
61115040,2025-02-18T16:28:00.000,2025-02-20T18:30:00.000,Street Light Out,Closed,Mangaluru,12.886093,74.839836
61115353,2025-02-18T19:29:00.000,2025-03-06T18:15:00.000,Street Light Out,Closed,Bengaluru,13.081298,77.687684
61115428,2025-02-18T20:03:00.000,2025-02-23T17:53:00.000,Street Light Out,Closed,Hubballi,15.365479,75.154441
61115554,2025-02-18T21:12:00.000,2025-02-21T17:13:00.000,Street Light Out,Closed,Bengaluru,12.97719,77.622922
61115582,2025-02-18T21:22:00.000,2025-02-25T14:29:20.000,Street Light Out,Closed,Belagavi,15.849587,74.552136
61115858,2025-02-18T21:58:00.000,2025-02-24T13:13:00.000,Street Light Out,Closed,Bengaluru,12.947147,77.60537
61115883,2025-02-18T23:40:00.000,2025-02-24T10:35:00.000,Street Light Out,Closed,Bengaluru,13.10631,77.66357
61116135,2025-02-18T23:47:00.000,2025-02-21T10:07:00.000,Street Light Out,Closed,Mysuru,12.307038,76.677877
61116412,2025-02-19T01:15:00.000,2025-02-26T08:47:00.000,Street Light Out,Closed,Hubballi,15.420538,75.136192
61117004,2025-02-19T07:41:00.000,2025-02-22T17:45:00.000,Street Light Out,Closed,Bengaluru,13.006118,77.613253
61117022,2025-02-19T08:24:00.000,2025-03-04T16:45:00.000,Street Light Out,Closed,Mysuru,12.307652,76.671601
61117029,2025-02-19T09:10:00.000,2025-02-20T14:10:00.000,Street Light Out,Closed,Belagavi,15.847915,74.509212
61117048,2025-02-19T09:42:00.000,2025-02-25T17:27:00.000,Street Light Out,Closed,Mysuru,12.295455,76.664278
61117627,2025-02-19T09:53:00.000,2025-02-21T17:06:00.000,Lamppost Damaged,Closed,Mangaluru,12.882103,74.85829
61117866,2025-02-19T10:32:00.000,2025-02-28T14:58:00.000,Street Light Out,Closed,Belagavi,15.843511,74.554104
61117894,2025-02-19T12:41:00.000,2025-02-26T15:22:00.000,Street Light Dim,Closed,Bengaluru,12.99309,77.634614
61117975,2025-02-19T16:03:00.000,2025-02-25T15:09:00.000,Street Light Out,Closed,Tumakuru,13.344603,77.096174
61118020,2025-02-19T18:27:00.000,2025-02-28T16:01:00.000,Street Light Out,Closed,Shivamogga,13.911885,75.566225
61118087,2025-02-19T18:30:00.000,2025-02-21T18:51:36.000,Street Light Out,Closed,Mysuru,12.298077,76.644335
61118117,2025-02-19T18:31:00.000,2025-04-05T10:53:42.000,Street Light Out,Closed,Bengaluru,12.968022,77.614203
61118213,2025-02-19T21:20:00.000,2025-02-23T10:26:04.000,Street Light Out,Closed,Mangaluru,12.899387,74.849185
61118343,2025-02-19T21:29:00.000,2025-02-21T18:10:00.000,Street Light Cycling,Closed,Tumakuru,13.338835,77.106435
61118459,2025-02-20T04:47:00.000,2025-02-24T08:19:26.000,Street Light Out,Closed,Mysuru,12.23865,76.643285
61118578,2025-02-20T08:24:00.000,2025-03-04T18:55:00.000,Street Light Out,Closed,Shivamogga,13.925924,75.557891
61119001,2025-02-20T09:02:00.000,2025-02-24T11:25:00.000,Street Light Out,Closed,Bengaluru,12.959073,77.586919
61119144,2025-02-20T09:18:00.000,2025-03-15T18:07:00.000,Street Light Out,Closed,Belagavi,15.814784,74.567029
61119151,2025-02-20T13:49:00.000,2025-02-28T11:14:00.000,Street Light Out,Closed,Mysuru,12.261708,76.64579
61119455,2025-02-20T15:33:00.000,2025-02-23T11:09:55.000,Street Light Dim,Closed,Mysuru,12.325057,76.654761
61119600,2025-02-20T17:39:00.000,2025-02-27T12:00:17.000,Street Light Out,Closed,Mangaluru,12.866786,74.851314
61119637,2025-02-20T17:46:00.000,2025-02-23T16:05:42.000,Street Light Out,Closed,Mangaluru,12.918526,74.844067
61119838,2025-02-20T18:27:00.000,2025-02-22T09:20:00.000,Street Light Out,Closed,Tumakuru,13.327638,77.101671
61120260,2025-02-20T18:48:00.000,2025-03-13T18:30:56.000,Street Light Out,Closed,Tumakuru,13.338399,77.106529
61120291,2025-02-20T20:21:00.000,2025-02-24T11:08:00.000,Street Light Out,Closed,Tumakuru,13.342268,77.108838
61120321,2025-02-20T20:34:00.000,2025-02-23T08:13:51.000,Street Light Out,Closed,Mangaluru,12.901165,74.851555
61120422,2025-02-20T20:39:00.000,2025-02-24T09:11:27.000,Street Light Out,Closed,Mangaluru,12.879982,74.868055
61120425,2025-02-20T20:44:00.000,2025-02-22T16:38:00.000,Street Light Out,Closed,Bengaluru,13.027241,77.573926
61120498,2025-02-20T21:37:00.000,2025-02-26T10:06:00.000,Street Light Out,Closed,Hubballi,15.346273,75.142514
61120530,2025-02-20T21:57:00.000,2025-02-22T10:17:00.000,Street Light Out,Closed,Bengaluru,12.962685,77.580476
61120659,2025-02-20T22:00:00.000,2025-02-26T13:04:01.000,Street Light Out,Closed,Hubballi,15.351731,75.090188
61120778,2025-02-20T22:22:00.000,2025-02-27T13:09:03.000,Street Light Out,Closed,Bengaluru,12.99484,77.555941
61120882,2025-02-20T23:40:00.000,2025-02-28T16:49:19.000,Street Light Out,Closed,Tumakuru,13.350636,77.123321
61120908,2025-02-21T06:48:00.000,2025-02-26T14:02:18.000,Street Light Out,Closed,Bengaluru,13.023959,77.620506
61120991,2025-02-21T08:21:00.000,2025-02-23T15:19:43.000,Street Light Out,Closed,Bengaluru,12.982879,77.595076
61121050,2025-02-21T09:02:00.000,2025-03-06T15:15:09.000,Street Light Out,Closed,Mysuru,12.302748,76.622983
61121296,2025-02-21T09:12:00.000,2025-02-23T08:29:00.000,Street Light Out,Closed,Mangaluru,12.892919,74.849182
61121660,2025-02-21T10:01:00.000,2025-02-22T11:59:00.000,Street Light Out,Closed,Mysuru,12.3294,76.636922
61121682,2025-02-21T10:02:00.000,2025-03-25T15:58:00.000,Street Light Out,Closed,Mangaluru,12.884727,74.850252
61122068,2025-02-21T10:20:00.000,2025-03-02T13:38:00.000,Lamppost Damaged,Closed,Belagavi,15.848563,74.555898
61122305,2025-02-21T11:46:00.000,2025-02-23T12:34:00.000,Street Light Out,Closed,Shivamogga,13.924857,75.570475
61122409,2025-02-21T17:47:00.000,2025-02-22T13:07:40.000,Street Light Out,Closed,Bengaluru,13.02994,77.562756
61122528,2025-02-21T19:01:00.000,2025-02-23T15:56:04.000,Street Light Out,Closed,Mangaluru,12.886244,74.877206
61122673,2025-02-21T19:15:00.000,2025-02-24T11:12:00.000,Lamppost Damaged,Closed,Mangaluru,12.889174,74.848658
61122849,2025-02-21T19:35:00.000,2025-02-24T11:09:00.000,Street Light Out,Closed,Tumakuru,13.341713,77.104797
61123061,2025-02-21T19:38:00.000,2025-02-26T12:25:00.000,Street Light Out,Closed,Bengaluru,12.968667,77.732406
61123399,2025-02-21T20:37:00.000,2025-02-24T09:51:07.000,Street Light Out,Closed,Bengaluru,12.974187,77.523148
61123420,2025-02-21T21:14:00.000,2025-02-26T10:43:00.000,Street Light Out,Closed,Mangaluru,12.873307,74.851462
61123501,2025-02-21T21:48:00.000,2025-02-26T12:32:00.000,Street Light Out,Closed,Mangaluru,12.907061,74.849676
61123580,2025-02-22T05:44:00.000,2025-04-13T12:44:34.000,Street Light Out,Closed,Mangaluru,12.905473,74.844276
61123598,2025-02-22T06:01:00.000,2025-03-03T09:54:47.000,Street Light Out,Closed,Belagavi,15.84289,74.499462
61123749,2025-02-22T07:12:00.000,2025-02-26T17:24:59.000,Street Light Out,Closed,Shivamogga,13.922438,75.568514
61123839,2025-02-22T09:26:00.000,2025-04-04T15:14:00.000,Street Light Out,Closed,Bengaluru,13.037424,77.566649
61124199,2025-02-22T10:00:00.000,2025-02-27T18:06:00.000,Street Light Cycling,Closed,Bengaluru,12.978444,77.601955
61124364,2025-02-22T10:09:00.000,2025-02-24T15:56:00.000,Street Light Out,Closed,Bengaluru,12.965523,77.574751
61124470,2025-02-22T12:00:00.000,2025-03-27T11:51:00.000,Street Light Out,Closed,Shivamogga,13.913344,75.562901
61124606,2025-02-22T19:42:00.000,2025-02-24T10:56:00.000,Street Light Out,Closed,Mangaluru,12.859669,74.871464
61124736,2025-02-22T20:08:00.000,2025-03-04T11:20:00.000,Street Light Dim,Closed,Hubballi,15.393649,75.137402
61124744,2025-02-23T04:15:00.000,2025-03-06T17:14:05.000,Street Light Out,Closed,Hubballi,15.352282,75.13002
61124874,2025-02-23T07:37:00.000,2025-03-05T17:50:00.000,Street Light Out,Closed,Mysuru,12.257834,76.659655
61124910,2025-02-23T08:15:00.000,2025-03-01T17:28:15.000,Street Light Out,Closed,Hubballi,15.330335,75.115181
61124940,2025-02-23T08:31:00.000,2025-02-28T14:34:00.000,Street Light Dayburning,Closed,Mangaluru,12.896491,74.867566
61125400,2025-02-23T08:37:00.000,2025-02-27T14:49:00.000,Street Light Out,Closed,Belagavi,15.857973,74.507246
61126065,2025-02-23T08:43:00.000,2025-03-10T17:37:52.000,Street Light Out,Closed,Bengaluru,12.975836,77.578037
61126066,2025-02-23T10:54:00.000,2025-03-03T13:55:00.000,Street Light Out,Closed,Mangaluru,12.874863,74.884296
61126596,2025-02-23T11:39:00.000,2025-02-26T10:57:00.000,Street Light Out,Closed,Belagavi,15.858997,74.517042
61126599,2025-02-23T11:57:00.000,2025-03-03T14:05:00.000,Street Light Out,Closed,Mangaluru,12.882089,74.858289
61126608,2025-02-23T12:00:00.000,2025-03-11T14:13:00.000,Street Light Out,Closed,Belagavi,15.841656,74.553754
61126697,2025-02-23T12:26:00.000,2025-04-04T13:57:00.000,Street Light Out,Closed,Hubballi,15.352682,75.11759
61126751,2025-02-23T17:15:00.000,2025-02-26T14:35:00.000,Street Light Out,Closed,Mangaluru,12.882801,74.859547
61126789,2025-02-23T17:26:00.000,2025-03-08T17:54:38.000,Street Light Out,Closed,Mysuru,12.281353,76.63853
61126956,2025-02-23T17:28:00.000,2025-02-26T11:47:00.000,Street Light Out,Closed,Mangaluru,12.913052,74.870601
61126963,2025-02-23T18:50:00.000,2025-04-19T15:56:16.000,Street Light Out,Closed,Belagavi,15.847798,74.558079
61127306,2025-02-23T19:28:00.000,2025-04-12T11:25:00.000,Street Light Out,Closed,Shivamogga,13.941229,75.57827
61127358,2025-02-23T20:17:00.000,2025-02-27T15:03:00.000,Street Light Out,Closed,Mangaluru,12.872906,74.843584
61127528,2025-02-23T20:20:00.000,2025-03-04T15:36:00.000,Street Light Out,Closed,Bengaluru,12.958902,77.576957
61127646,2025-02-23T20:28:00.000,2025-02-28T15:16:00.000,Street Light Out,Closed,Shivamogga,13.895873,75.558008
61127707,2025-02-23T20:53:00.000,2025-03-27T09:21:00.000,Street Light Out,Closed,Belagavi,15.849175,74.491743
61127772,2025-02-23T21:17:00.000,2025-02-26T15:29:00.000,Street Light Out,Closed,Mangaluru,12.893226,74.860888
61127816,2025-02-23T21:53:00.000,2025-03-02T09:04:26.000,Street Light Out,Closed,Tumakuru,13.337257,77.105783
61127843,2025-02-23T22:15:00.000,2025-03-14T14:39:00.000,Street Light Out,Closed,Tumakuru,13.338281,77.106434
61127844,2025-02-23T23:43:00.000,2025-02-27T17:51:26.000,Street Light Out,Closed,Mysuru,12.349563,76.658103
61128053,2025-02-24T04:37:00.000,2025-02-26T13:22:13.000,Street Light Out,Closed,Mysuru,12.348529,76.657264
61128085,2025-02-24T08:54:00.000,2025-03-02T16:05:00.000,Street Light Out,Closed,Bengaluru,13.06431,77.593089
61128357,2025-02-24T09:32:00.000,2025-03-03T16:24:00.000,Street Light Out,Closed,Belagavi,15.847756,74.554913
61128645,2025-02-24T10:08:00.000,2025-03-07T09:11:00.000,Street Light Out,Closed,Mangaluru,12.896876,74.881718
61128784,2025-02-24T11:25:00.000,2025-03-20T12:29:00.000,Street Light Out,Closed,Shivamogga,13.929111,75.55672
61128818,2025-02-24T13:06:00.000,2025-02-27T18:59:00.000,Street Light Out,Closed,Bengaluru,12.98092,77.617407
61128948,2025-02-24T13:22:00.000,2025-02-26T12:59:26.000,Street Light Out,Closed,Mangaluru,12.870521,74.848743
61128998,2025-02-24T16:05:00.000,2025-02-26T08:51:00.000,Street Light Cycling,Closed,Mysuru,12.291527,76.66411
61129049,2025-02-24T16:47:00.000,2025-02-25T12:32:22.000,Lamppost Damaged,Closed,Bengaluru,12.984722,77.639192
61129243,2025-02-24T17:14:00.000,2025-04-11T13:42:05.000,Street Light Out,Closed,Mangaluru,12.884314,74.838586
61129563,2025-02-24T19:17:00.000,2025-03-28T16:12:00.000,Street Light Dim,Closed,Belagavi,15.84814,74.521466
61129827,2025-02-24T19:19:00.000,2025-02-27T16:18:23.000,Street Light Out,Closed,Bengaluru,12.968904,77.577978
61129865,2025-02-24T19:57:00.000,2025-02-28T16:32:00.000,Street Light Out,Closed,Bengaluru,12.987977,77.571806
61129974,2025-02-24T20:21:00.000,2025-03-01T13:56:22.000,Street Light Out,Closed,Mangaluru,12.875984,74.874457
61129975,2025-02-24T20:47:00.000,2025-03-05T16:10:34.000,Street Light Out,Closed,Tumakuru,13.338947,77.121355
61130238,2025-02-24T21:10:00.000,2025-03-12T09:29:27.000,Street Light Out,Closed,Mysuru,12.26997,76.67995
61130408,2025-02-24T22:11:00.000,2025-03-05T15:57:30.000,Street Light Out,Closed,Shivamogga,13.911992,75.597503
61130561,2025-02-25T00:21:00.000,2025-03-02T12:06:00.000,Street Light Out,Closed,Bengaluru,12.972659,77.585447
61130700,2025-02-25T07:31:00.000,2025-02-28T09:23:00.000,Street Light Out,Closed,Tumakuru,13.331167,77.10927
61130836,2025-02-25T17:04:00.000,2025-03-04T18:19:00.000,Street Light Out,Closed,Bengaluru,12.980286,77.545806
61130879,2025-02-25T18:59:00.000,2025-03-04T12:48:06.000,Street Light Out,Closed,Tumakuru,13.391452,77.082493
61130905,2025-02-25T20:17:00.000,2025-02-28T16:21:00.000,Street Light Out,Closed,Bengaluru,12.989638,77.592486
61130945,2025-02-25T20:18:00.000,2025-03-04T12:15:00.000,Street Light Out,Closed,Bengaluru,12.999422,77.541567
61131082,2025-02-25T20:40:00.000,2025-02-27T18:31:38.000,Street Light Out,Closed,Mangaluru,12.898221,74.838227
61131258,2025-02-25T20:55:00.000,2025-03-06T16:21:00.000,Street Light Out,Closed,Mangaluru,12.880766,74.876876
61131498,2025-02-25T21:41:00.000,2025-02-27T16:35:20.000,Street Light Out,Closed,Bengaluru,12.945542,77.598987
61131727,2025-02-25T22:31:00.000,2025-03-01T13:02:00.000,Street Light Out,Closed,Hubballi,15.339801,75.107276
61131777,2025-02-25T22:35:00.000,2025-03-13T14:51:00.000,Street Light Out,Closed,Bengaluru,12.989081,77.573106
61131798,2025-02-25T22:58:00.000,2025-02-26T14:58:27.000,Street Light Dim,Closed,Mysuru,12.303177,76.665439
61131862,2025-02-25T23:57:00.000,2025-04-26T09:21:14.000,Street Light Cycling,Closed,Mangaluru,12.867504,74.844208
61131929,2025-02-26T02:01:00.000,2025-03-06T18:45:00.000,Street Light Out,Closed,Bengaluru,13.019784,77.62093
61131988,2025-02-26T02:10:00.000,2025-02-28T13:12:48.000,Street Light Out,Closed,Bengaluru,12.983425,77.591429
61132166,2025-02-26T05:09:00.000,2025-03-06T10:09:00.000,Street Light Out,Closed,Shivamogga,13.912413,75.61644
61132185,2025-02-26T07:03:00.000,2025-03-04T08:29:00.000,Street Light Out,Closed,Bengaluru,12.986122,77.558507
61132226,2025-02-26T07:12:00.000,2025-03-04T09:45:00.000,Street Light Out,Closed,Shivamogga,13.916611,75.558324
61132292,2025-02-26T07:27:00.000,2025-03-01T08:50:02.000,Street Light Out,Closed,Hubballi,15.334438,75.134131
61132325,2025-02-26T08:38:00.000,2025-03-14T12:42:00.000,Street Light Out,Closed,Bengaluru,12.958161,77.591159
61132525,2025-02-26T08:47:00.000,2025-02-28T11:07:45.000,Street Light Out,Closed,Mysuru,12.347864,76.661147
61132865,2025-02-26T09:21:00.000,2025-02-28T08:50:29.000,Street Light Out,Closed,Belagavi,15.834735,74.507284
61132915,2025-02-26T09:49:00.000,2025-02-28T18:27:00.000,Street Light Out,Closed,Mangaluru,12.877479,74.854238
61133069,2025-02-26T16:19:00.000,2025-02-28T16:25:23.000,Street Light Cycling,Closed,Hubballi,15.364184,75.165123
61133097,2025-02-26T19:11:00.000,2025-02-28T17:20:27.000,Street Light Out,Closed,Hubballi,15.346927,75.143377
61133293,2025-02-26T19:13:00.000,2025-03-03T11:24:18.000,Street Light Out,Closed,Mangaluru,12.879939,74.868102
61133524,2025-02-26T19:57:00.000,2025-03-08T11:23:00.000,Street Light Out,Closed,Mangaluru,12.885479,74.849247
61133641,2025-02-26T21:17:00.000,2025-03-14T11:17:00.000,Street Light Dayburning,Closed,Tumakuru,13.331702,77.101603
61133698,2025-02-26T21:48:00.000,2025-03-05T17:18:00.000,Street Light Dim,Closed,Mangaluru,12.884794,74.861176
61133773,2025-02-26T22:38:00.000,2025-03-20T12:02:00.000,Street Light Out,Closed,Hubballi,15.368499,75.138891
61133804,2025-02-27T01:29:00.000,2025-03-03T18:22:00.000,Street Light Out,Closed,Mysuru,12.277371,76.644422
61134038,2025-02-27T09:04:00.000,2025-04-05T15:53:54.000,Street Light Out,Closed,Mysuru,12.320251,76.695694
61134041,2025-02-27T09:36:00.000,2025-03-07T10:00:00.000,Street Light Out,Closed,Mangaluru,12.86977,74.852595
61134208,2025-02-27T10:33:00.000,2025-03-12T11:48:06.000,Street Light Out,Closed,Mangaluru,12.900638,74.847033
61134225,2025-02-27T11:02:00.000,2025-02-28T16:34:00.000,Street Light Out,Closed,Tumakuru,13.343976,77.111228
61134299,2025-02-27T12:55:00.000,2025-03-08T14:40:00.000,Street Light Dayburning,Closed,Bengaluru,12.981169,77.579255
61134351,2025-02-27T13:05:00.000,2025-03-02T17:53:00.000,Street Light Out,Closed,Belagavi,15.83723,74.492282
61134567,2025-02-27T17:30:00.000,2025-03-02T14:02:00.000,Street Light Out,Closed,Belagavi,15.857794,74.512268
61134688,2025-02-27T20:10:00.000,2025-03-03T11:59:47.000,Street Light Out,Closed,Hubballi,15.347913,75.109877
61134752,2025-02-28T00:01:00.000,2025-03-05T13:07:56.000,Street Light Out,Closed,Mangaluru,12.918574,74.844042
61134853,2025-02-28T07:05:00.000,2025-03-12T13:50:32.000,Street Light Out,Closed,Mysuru,12.274347,76.6507
61135295,2025-02-28T10:12:00.000,2025-03-02T11:33:00.000,Street Light Out,Closed,Mangaluru,12.886952,74.840477
61135717,2025-02-28T10:50:00.000,2025-03-10T09:14:28.000,Street Light Out,Closed,Hubballi,15.345093,75.130717
61135874,2025-02-28T12:42:00.000,2025-04-19T14:12:00.000,Street Light Out,Closed,Mangaluru,12.904682,74.872511
61136133,2025-02-28T16:21:00.000,2025-03-03T08:05:00.000,Street Light Out,Closed,Mangaluru,12.859623,74.884632
61136195,2025-02-28T17:24:00.000,2025-03-09T18:40:00.000,Street Light Out,Closed,Bengaluru,12.986469,77.575432
61136211,2025-02-28T20:34:00.000,2025-03-02T14:50:00.000,Street Light Out,Closed,Mysuru,12.339969,76.646911
61136258,2025-02-28T20:36:00.000,2025-03-05T17:41:00.000,Street Light Dim,Closed,Belagavi,15.848682,74.503315
61136390,2025-02-28T21:32:00.000,2025-03-03T17:57:35.000,Street Light Out,Closed,Hubballi,15.363709,75.114833
61136759,2025-02-28T22:00:00.000,2025-03-21T15:11:00.000,Street Light Out,Closed,Shivamogga,13.906198,75.565669
61136765,2025-02-28T22:24:00.000,2025-03-02T15:29:51.000,Street Light Out,Closed,Mangaluru,12.899135,74.884719
61137005,2025-02-28T22:32:00.000,2025-03-05T10:24:19.000,Street Light Out,Closed,Mangaluru,12.884882,74.843698
61137049,2025-02-28T23:02:00.000,2025-03-10T18:07:09.000,Street Light Out,Closed,Mangaluru,12.88017,74.860996
61137078,2025-03-01T04:16:00.000,2025-03-08T15:33:00.000,Street Light Out,Closed,Shivamogga,13.906133,75.561676
61137170,2025-03-01T04:23:00.000,2025-03-02T16:31:49.000,Street Light Cycling,Closed,Mangaluru,12.891475,74.840336
61137204,2025-03-01T06:13:00.000,2025-03-04T15:59:00.000,Street Light Dayburning,Closed,Hubballi,15.365233,75.126862
61137247,2025-03-01T08:46:00.000,2025-03-08T12:44:12.000,Street Light Out,Closed,Bengaluru,13.092134,77.524647
61137248,2025-03-01T09:13:00.000,2025-03-03T17:09:52.000,Street Light Dayburning,Closed,Mangaluru,12.893533,74.861633
61137326,2025-03-01T09:16:00.000,2025-03-04T09:22:00.000,Street Light Out,Closed,Mysuru,12.296563,76.665006
61137546,2025-03-01T10:00:00.000,2025-03-07T15:27:00.000,Street Light Out,Closed,Bengaluru,12.966502,77.597426
61137627,2025-03-01T12:03:00.000,2025-03-25T16:40:36.000,Street Light Out,Closed,Tumakuru,13.341818,77.100539
61137694,2025-03-01T12:45:00.000,2025-03-03T13:01:06.000,Street Light Out,Closed,Mangaluru,12.902229,74.886418
61137802,2025-03-01T12:55:00.000,2025-03-04T18:52:16.000,Street Light Out,Closed,Bengaluru,12.988048,77.636334
61137944,2025-03-01T13:17:00.000,2025-03-05T12:03:00.000,Street Light Out,Closed,Mangaluru,12.916255,74.853767
61138122,2025-03-01T13:35:00.000,2025-03-02T09:46:50.000,Street Light Out,Closed,Belagavi,15.861175,74.493858
61138207,2025-03-01T18:12:00.000,2025-03-14T17:59:00.000,Street Light Out,Closed,Bengaluru,13.066318,77.541193
61138304,2025-03-01T19:01:00.000,2025-03-03T10:32:00.000,Street Light Out,Closed,Bengaluru,12.990489,77.657355
61138326,2025-03-01T19:12:00.000,2025-03-06T18:32:00.000,Street Light Out,Closed,Mangaluru,12.886995,74.918043
61138558,2025-03-01T20:53:00.000,2025-03-02T09:25:10.000,Street Light Out,Closed,Belagavi,15.858287,74.480523
61138744,2025-03-01T21:11:00.000,2025-03-04T13:23:00.000,Street Light Out,Closed,Bengaluru,13.001882,77.601171
61138906,2025-03-01T21:18:00.000,2025-03-03T11:44:00.000,Street Light Out,Closed,Mangaluru,12.872038,74.854113
61138991,2025-03-02T00:04:00.000,2025-03-03T11:00:52.000,Street Light Out,Closed,Mangaluru,12.919361,74.853201
61139162,2025-03-02T00:19:00.000,2025-04-09T13:15:00.000,Street Light Out,Closed,Mangaluru,12.887307,74.85249
61139280,2025-03-02T00:22:00.000,2025-03-05T18:06:00.000,Street Light Out,Closed,Mangaluru,12.927416,74.846921
61139295,2025-03-02T01:38:00.000,2025-03-16T14:16:00.000,Street Light Out,Closed,Shivamogga,13.919973,75.542864
61139337,2025-03-02T03:12:00.000,2025-03-04T13:33:00.000,Street Light Out,Closed,Mysuru,12.299037,76.663008
61139402,2025-03-02T06:08:00.000,2025-03-11T11:43:00.000,Street Light Out,Closed,Bengaluru,12.979089,77.59062
61139466,2025-03-02T06:27:00.000,2025-03-12T17:32:54.000,Street Light Out,Closed,Bengaluru,13.01717,77.561769
61139541,2025-03-02T07:33:00.000,2025-03-05T12:49:19.000,Street Light Out,Closed,Bengaluru,12.968077,77.604246
61139726,2025-03-02T10:08:00.000,2025-03-07T13:41:00.000,Street Light Out,Closed,Mangaluru,12.880044,74.841684
61139736,2025-03-02T19:06:00.000,2025-03-05T16:28:06.000,Street Light Out,Closed,Bengaluru,12.941046,77.664294
61139862,2025-03-02T19:47:00.000,2025-03-05T10:34:00.000,Street Light Out,Closed,Shivamogga,13.911436,75.576095
61139887,2025-03-02T21:00:00.000,2025-03-07T18:05:40.000,Street Light Out,Closed,Shivamogga,13.916578,75.564327
61139890,2025-03-02T21:52:00.000,2025-03-06T10:16:00.000,Street Light Out,Closed,Shivamogga,13.954037,75.55385
61139962,2025-03-02T21:56:00.000,2025-03-08T14:05:00.000,Street Light Out,Closed,Mangaluru,12.900773,74.922211
61139978,2025-03-02T22:11:00.000,2025-03-08T18:19:30.000,Street Light Out,Closed,Hubballi,15.320153,75.168535
61140022,2025-03-02T23:12:00.000,2025-03-06T10:11:00.000,Lamppost Damaged,Closed,Mysuru,12.310789,76.669947
61140056,2025-03-03T00:30:00.000,2025-03-06T16:55:00.000,Street Light Out,Closed,Hubballi,15.349175,75.131235
61140468,2025-03-03T01:44:00.000,2025-03-22T16:41:11.000,Street Light Out,Closed,Mangaluru,12.860287,74.877792
61140746,2025-03-03T05:00:00.000,2025-03-16T15:09:46.000,Street Light Out,Closed,Belagavi,15.824754,74.477957
61140908,2025-03-03T07:00:00.000,2025-04-12T10:47:00.000,Street Light Out,Closed,Mysuru,12.294574,76.666403
61140936,2025-03-03T09:52:00.000,2025-03-07T08:05:21.000,Street Light Out,Closed,Mysuru,12.303495,76.663321
61140994,2025-03-03T09:58:00.000,2025-03-05T08:26:00.000,Street Light Out,Closed,Mangaluru,12.892909,74.855716
61141216,2025-03-03T10:14:00.000,2025-03-19T10:54:00.000,Street Light Out,Closed,Belagavi,15.835972,74.477611
61141284,2025-03-03T10:32:00.000,2025-03-10T09:01:57.000,Street Light Out,Closed,Hubballi,15.364772,75.155197
61141359,2025-03-03T10:55:00.000,2025-04-03T14:01:13.000,Street Light Out,Closed,Shivamogga,13.911925,75.56623
61141433,2025-03-03T18:25:00.000,2025-03-05T14:55:00.000,Street Light Out,Closed,Mangaluru,12.885807,74.844794
61141487,2025-03-03T18:47:00.000,2025-03-06T09:08:00.000,Street Light Dayburning,Closed,Mangaluru,12.894631,74.885252
61141493,2025-03-03T19:52:00.000,2025-04-17T08:39:00.000,Street Light Out,Closed,Hubballi,15.358387,75.126986
61141958,2025-03-03T20:18:00.000,2025-03-04T14:00:00.000,Street Light Cycling,Closed,Mysuru,12.30471,76.6628
61141981,2025-03-03T21:22:00.000,2025-03-05T16:59:06.000,Street Light Dim,Closed,Hubballi,15.362663,75.130784
61142200,2025-03-03T21:42:00.000,2025-03-21T09:27:00.000,Street Light Out,Closed,Shivamogga,13.920967,75.555155
61142226,2025-03-03T22:10:00.000,2025-03-06T12:34:28.000,Street Light Dim,Closed,Mysuru,12.298573,76.637735
61142228,2025-03-03T22:27:00.000,2025-03-12T18:19:55.000,Street Light Out,Closed,Bengaluru,12.967009,77.614467
61142321,2025-03-03T22:59:00.000,2025-03-08T18:20:00.000,Street Light Out,Closed,Belagavi,15.844936,74.515793
61142399,2025-03-03T23:27:00.000,2025-03-09T09:42:00.000,Street Light Out,Closed,Bengaluru,12.922667,77.525649
61142619,2025-03-03T23:30:00.000,2025-03-07T13:18:00.000,Street Light Out,Closed,Shivamogga,13.914336,75.567636
61142631,2025-03-04T02:00:00.000,2025-03-08T17:03:00.000,Street Light Out,Closed,Tumakuru,13.349066,77.099977
61142715,2025-03-04T03:48:00.000,2025-03-08T13:01:00.000,Street Light Out,Closed,Mangaluru,12.920685,74.886127
61143040,2025-03-04T07:45:00.000,2025-03-12T16:05:00.000,Street Light Out,Closed,Bengaluru,12.948968,77.66392
61143066,2025-03-04T08:50:00.000,2025-03-09T10:03:40.000,Street Light Out,Closed,Bengaluru,13.080826,77.541209
61143136,2025-03-04T11:56:00.000,2025-03-08T16:04:00.000,Street Light Out,Closed,Tumakuru,13.369247,77.0963
61143167,2025-03-04T17:02:00.000,2025-05-09T08:44:00.000,Street Light Out,Closed,Shivamogga,13.921549,75.550616
61143500,2025-03-04T19:53:00.000,2025-03-07T13:56:43.000,Street Light Out,Closed,Mysuru,12.340275,76.652092
61143568,2025-03-04T20:48:00.000,2025-03-11T18:55:00.000,Street Light Out,Closed,Bengaluru,12.974598,77.598721
61143637,2025-03-04T20:53:00.000,2025-03-07T13:47:54.000,Street Light Out,Closed,Tumakuru,13.350696,77.092719
61143673,2025-03-04T23:54:00.000,2025-03-07T15:12:22.000,Street Light Out,Closed,Bengaluru,13.017166,77.606403
61143788,2025-03-04T23:56:00.000,2025-03-07T08:16:08.000,Street Light Cycling,Closed,Hubballi,15.388128,75.133559
61143872,2025-03-05T01:44:00.000,2025-03-06T11:37:00.000,Street Light Out,Closed,Shivamogga,13.920842,75.566539
61144023,2025-03-05T04:06:00.000,2025-03-07T15:30:08.000,Street Light Out,Closed,Mangaluru,12.899744,74.847716
61144077,2025-03-05T08:42:00.000,2025-03-10T18:36:48.000,Street Light Out,Closed,Mangaluru,12.85969,74.884692
61144577,2025-03-05T10:05:00.000,2025-03-10T16:44:42.000,Street Light Dim,Closed,Shivamogga,13.917967,75.587789
61144682,2025-03-05T10:46:00.000,2025-06-03T10:46:00.000,Street Light Out,Closed,Belagavi,15.848478,74.497181
61144905,2025-03-05T11:21:00.000,2025-03-10T08:54:00.000,Street Light Out,Closed,Tumakuru,13.348715,77.103853
61144921,2025-03-05T19:09:00.000,2025-03-07T15:53:00.000,Street Light Out,Closed,Bengaluru,12.965927,77.585628
61145006,2025-03-05T19:10:00.000,2025-03-07T17:52:50.000,Street Light Out,Closed,Mangaluru,12.866738,74.851341
61145013,2025-03-05T19:16:00.000,2025-03-08T18:57:00.000,Street Light Out,Closed,Bengaluru,12.956696,77.598263
61145165,2025-03-05T19:49:00.000,2025-03-08T10:45:00.000,Street Light Out,Closed,Hubballi,15.347561,75.116999
61145178,2025-03-05T22:29:00.000,2025-03-16T17:03:13.000,Street Light Out,Closed,Bengaluru,12.947718,77.48034
61145443,2025-03-05T22:35:00.000,2025-03-11T13:21:00.000,Street Light Out,Closed,Tumakuru,13.338023,77.107496
61145609,2025-03-05T23:26:00.000,2025-03-09T12:20:00.000,Street Light Out,Closed,Hubballi,15.343449,75.107721
61145955,2025-03-06T03:11:00.000,2025-03-29T14:41:00.000,Street Light Out,Closed,Bengaluru,13.013972,77.446579
61145973,2025-03-06T06:58:00.000,2025-03-11T12:26:00.000,Street Light Out,Closed,Hubballi,15.356503,75.094362
61146586,2025-03-06T08:17:00.000,2025-03-10T09:33:05.000,Street Light Dayburning,Closed,Shivamogga,13.91608,75.571851
61146618,2025-03-06T08:47:00.000,2025-03-08T12:57:12.000,Street Light Dayburning,Closed,Mangaluru,12.890065,74.843243
61146694,2025-03-06T10:07:00.000,2025-03-14T18:35:00.000,Street Light Dayburning,Closed,Mangaluru,12.880927,74.84336
61146803,2025-03-06T10:23:00.000,2025-03-07T16:18:52.000,Street Light Out,Closed,Bengaluru,13.019859,77.562505
61146996,2025-03-06T11:42:00.000,2025-03-14T17:04:17.000,Street Light Out,Closed,Mangaluru,12.898157,74.838153
61147134,2025-03-06T11:50:00.000,2025-03-09T10:20:00.000,Street Light Out,Closed,Belagavi,15.857223,74.489831
61147445,2025-03-06T11:53:00.000,2025-03-08T13:52:36.000,Street Light Out,Closed,Mangaluru,12.85578,74.885361
61147734,2025-03-06T11:54:00.000,2025-04-30T14:02:00.000,Street Light Out,Closed,Hubballi,15.375547,75.156534
61148316,2025-03-06T14:30:00.000,2025-03-15T14:48:37.000,Street Light Out,Closed,Bengaluru,13.029911,77.455801
61148572,2025-03-06T17:24:00.000,2025-03-07T10:53:30.000,Street Light Out,Closed,Hubballi,15.340845,75.137392
61148737,2025-03-06T19:20:00.000,2025-05-13T12:18:00.000,Street Light Cycling,Closed,Shivamogga,13.914486,75.551614
61148864,2025-03-06T19:42:00.000,2025-03-08T12:10:00.000,Street Light Dim,Closed,Belagavi,15.857957,74.507261
61148905,2025-03-06T19:48:00.000,2025-03-12T09:54:00.000,Street Light Out,Closed,Mangaluru,12.873281,74.85146
61148923,2025-03-06T21:04:00.000,2025-03-18T14:18:00.000,Street Light Out,Closed,Belagavi,15.884573,74.505267
61148978,2025-03-06T21:47:00.000,2025-03-10T08:46:00.000,Street Light Out,Closed,Hubballi,15.380334,75.154407
61149018,2025-03-07T00:16:00.000,2025-03-17T18:48:00.000,Lamppost Damaged,Closed,Mysuru,12.333867,76.642799
61149060,2025-03-07T01:32:00.000,2025-03-11T14:44:00.000,Street Light Out,Closed,Bengaluru,12.930278,77.577525
61149250,2025-03-07T03:45:00.000,2025-03-12T09:39:32.000,Street Light Out,Closed,Belagavi,15.858281,74.480604
61149320,2025-03-07T05:12:00.000,2025-04-18T13:33:13.000,Street Light Out,Closed,Shivamogga,13.923477,75.559986
61149335,2025-03-07T05:44:00.000,2025-03-14T17:29:04.000,Street Light Out,Closed,Bengaluru,12.979651,77.575517
61149374,2025-03-07T06:58:00.000,2025-03-17T10:25:00.000,Street Light Out,Closed,Mangaluru,12.893237,74.860829
61149442,2025-03-07T07:12:00.000,2025-03-11T18:59:00.000,Street Light Out,Closed,Shivamogga,13.974955,75.576618
61149526,2025-03-07T09:17:00.000,2025-03-10T17:24:00.000,Street Light Out,Closed,Mangaluru,12.867066,74.852421
61149551,2025-03-07T09:18:00.000,2025-03-12T08:22:00.000,Street Light Out,Closed,Shivamogga,13.911576,75.548178
61149556,2025-03-07T09:31:00.000,2025-03-11T09:04:22.000,Street Light Cycling,Closed,Belagavi,15.840049,74.520183
61149801,2025-03-07T09:37:00.000,2025-03-12T10:35:00.000,Street Light Out,Closed,Mangaluru,12.897298,74.862772
61149875,2025-03-07T10:18:00.000,2025-03-18T12:36:00.000,Street Light Out,Closed,Belagavi,15.821749,74.55023
61149922,2025-03-07T10:50:00.000,2025-03-11T11:46:56.000,Street Light Out,Closed,Mangaluru,12.894302,74.840568
61150184,2025-03-07T11:01:00.000,2025-03-19T14:43:55.000,Street Light Out,Closed,Shivamogga,13.942985,75.560748
61150572,2025-03-07T14:05:00.000,2025-05-05T16:27:12.000,Street Light Out,Closed,Mangaluru,12.88393,74.846479
61150622,2025-03-07T14:57:00.000,2025-03-15T10:23:53.000,Street Light Out,Closed,Bengaluru,13.006797,77.579229
61151184,2025-03-07T17:27:00.000,2025-03-12T17:33:00.000,Street Light Out,Closed,Bengaluru,12.989558,77.592514
61151238,2025-03-07T18:48:00.000,2025-03-14T14:49:00.000,Street Light Out,Closed,Mangaluru,12.847886,74.867314
61151492,2025-03-07T19:25:00.000,2025-03-10T18:43:00.000,Street Light Dayburning,Closed,Bengaluru,12.98137,77.583403
61151574,2025-03-07T20:27:00.000,2025-04-28T12:58:53.000,Street Light Out,Closed,Mysuru,12.294371,76.660126
61151779,2025-03-07T20:57:00.000,2025-03-13T18:33:00.000,Street Light Out,Closed,Bengaluru,12.864812,77.479008
61151851,2025-03-07T21:58:00.000,2025-03-30T08:13:58.000,Street Light Out,Closed,Tumakuru,13.34013,77.091301
61151887,2025-03-07T22:31:00.000,2025-03-14T17:25:00.000,Street Light Out,Closed,Bengaluru,13.001195,77.616394
61152104,2025-03-07T22:37:00.000,2025-03-08T09:03:36.000,Street Light Out,Closed,Mangaluru,12.899468,74.862283
61152386,2025-03-07T22:43:00.000,2025-03-15T15:36:00.000,Street Light Out,Closed,Mangaluru,12.87139,74.852629
61152409,2025-03-07T23:06:00.000,2025-03-21T13:35:00.000,Street Light Out,Closed,Mangaluru,12.875183,74.862326
61152435,2025-03-07T23:54:00.000,2025-03-09T15:24:37.000,Street Light Out,Closed,Bengaluru,12.948938,77.542561
61152716,2025-03-08T00:19:00.000,2025-03-10T17:24:32.000,Street Light Cycling,Closed,Shivamogga,13.930649,75.556079
61152860,2025-03-08T02:17:00.000,2025-03-11T09:47:16.000,Street Light Out,Closed,Mysuru,12.271242,76.663185
61152993,2025-03-08T07:41:00.000,2025-03-13T18:06:00.000,Street Light Out,Closed,Bengaluru,12.938421,77.650909
61153003,2025-03-08T07:44:00.000,2025-03-11T14:22:06.000,Street Light Out,Closed,Mangaluru,12.895367,74.845944
61153006,2025-03-08T08:21:00.000,2025-03-09T14:59:00.000,Street Light Out,Closed,Mangaluru,12.889695,74.854569
61153021,2025-03-08T08:40:00.000,2025-03-13T14:35:00.000,Street Light Out,Closed,Shivamogga,13.926721,75.556966
61153033,2025-03-08T09:03:00.000,2025-04-24T17:06:43.000,Street Light Dayburning,Closed,Hubballi,15.351007,75.147656
61153054,2025-03-08T14:36:00.000,2025-03-12T08:31:00.000,Street Light Out,Closed,Mysuru,12.275101,76.659704
61153061,2025-03-08T17:33:00.000,2025-04-11T12:31:24.000,Street Light Out,Closed,Shivamogga,13.93493,75.556666
61153581,2025-03-08T18:26:00.000,2025-03-16T12:49:00.000,Street Light Out,Closed,Hubballi,15.360305,75.144651
61153704,2025-03-08T19:52:00.000,2025-03-15T14:01:00.000,Street Light Out,Closed,Mysuru,12.336098,76.638595
61154079,2025-03-08T19:56:00.000,2025-03-20T09:53:00.000,Street Light Cycling,Closed,Mangaluru,12.874911,74.863894
61154110,2025-03-08T20:41:00.000,2025-03-11T09:54:29.000,Street Light Out,Closed,Belagavi,15.834877,74.518919
61154348,2025-03-08T21:37:00.000,2025-03-12T17:05:00.000,Street Light Out,Closed,Mysuru,12.328467,76.634456
61154352,2025-03-08T22:42:00.000,2025-03-11T15:33:00.000,Street Light Out,Closed,Mysuru,12.329593,76.648786
61154530,2025-03-09T00:11:00.000,2025-03-15T17:00:00.000,Street Light Out,Closed,Mysuru,12.304344,76.663367
61154625,2025-03-09T08:08:00.000,2025-03-10T10:12:00.000,Street Light Out,Closed,Mangaluru,12.869173,74.838561
61154730,2025-03-09T08:30:00.000,2025-03-12T10:35:00.000,Street Light Out,Closed,Bengaluru,12.99309,77.634528
61154739,2025-03-09T10:17:00.000,2025-03-12T13:26:00.000,Street Light Out,Closed,Hubballi,15.356415,75.15602
61154772,2025-03-09T15:48:00.000,2025-03-14T14:20:00.000,Street Light Out,Closed,Mysuru,12.318886,76.636701
61154878,2025-03-09T17:19:00.000,2025-03-13T16:17:00.000,Street Light Out,Closed,Mangaluru,12.870585,74.848773
61154912,2025-03-09T18:20:00.000,2025-03-18T08:25:07.000,Street Light Out,Closed,Mangaluru,12.893338,74.841162
61155127,2025-03-09T18:51:00.000,2025-03-19T08:35:18.000,Street Light Out,Closed,Mangaluru,12.872858,74.851857
61155150,2025-03-09T19:20:00.000,2025-03-11T10:41:00.000,Street Light Out,Closed,Bengaluru,12.975634,77.627231
61155335,2025-03-09T19:20:00.000,2025-03-13T08:45:59.000,Street Light Out,Closed,Mangaluru,12.828597,74.855021
61155336,2025-03-09T20:03:00.000,2025-03-23T14:21:00.000,Street Light Out,Closed,Belagavi,15.845347,74.549586
61155380,2025-03-09T20:21:00.000,2025-04-21T09:35:00.000,Street Light Out,Closed,Hubballi,15.354023,75.117281
61155433,2025-03-09T21:09:00.000,2025-03-13T10:58:57.000,Street Light Out,Closed,Bengaluru,12.981916,77.622868
61155447,2025-03-09T21:48:00.000,2025-03-11T10:46:51.000,Street Light Out,Closed,Bengaluru,12.982229,77.58496
61155460,2025-03-09T21:58:00.000,2025-03-12T15:28:55.000,Street Light Out,Closed,Mangaluru,12.885799,74.847451
61155530,2025-03-09T22:16:00.000,2025-03-27T08:06:00.000,Street Light Out,Closed,Belagavi,15.846823,74.553077
61155923,2025-03-09T22:27:00.000,2025-03-14T09:56:00.000,Street Light Cycling,Closed,Mangaluru,12.873379,74.892601
61155943,2025-03-10T01:58:00.000,2025-03-14T15:55:00.000,Street Light Out,Closed,Tumakuru,13.340348,77.10767
61155958,2025-03-10T07:30:00.000,2025-03-29T15:50:17.000,Street Light Cycling,Closed,Mangaluru,12.876328,74.859316
61156023,2025-03-10T07:37:00.000,2025-03-12T09:38:00.000,Street Light Dim,Closed,Mangaluru,12.90433,74.852129
61156198,2025-03-10T08:19:00.000,2025-03-22T13:57:00.000,Street Light Cycling,Closed,Tumakuru,13.369248,77.096261
61156339,2025-03-10T08:54:00.000,2025-03-18T13:36:30.000,Street Light Dayburning,Closed,Mysuru,12.343531,76.658971
61156455,2025-03-10T09:01:00.000,2025-03-13T10:11:48.000,Street Light Out,Closed,Shivamogga,13.961467,75.570049
61156694,2025-03-10T09:13:00.000,2025-03-11T08:40:32.000,Street Light Out,Closed,Mysuru,12.326009,76.601376
61156707,2025-03-10T09:27:00.000,2025-03-19T13:05:00.000,Street Light Out,Closed,Mangaluru,12.875374,74.852829
61156778,2025-03-10T14:53:00.000,2025-03-21T11:07:05.000,Street Light Out,Closed,Shivamogga,13.909822,75.541443
61156869,2025-03-10T17:03:00.000,2025-03-16T17:13:55.000,Street Light Cycling,Closed,Bengaluru,12.922455,77.61316
61156876,2025-03-10T17:31:00.000,2025-03-14T10:03:00.000,Street Light Out,Closed,Mangaluru,12.872875,74.843615
61157037,2025-03-10T19:31:00.000,2025-03-22T15:33:27.000,Street Light Out,Closed,Mangaluru,12.868016,74.875228
61157070,2025-03-10T19:52:00.000,2025-03-14T14:38:00.000,Street Light Out,Closed,Hubballi,15.342808,75.121378
61157107,2025-03-10T21:23:00.000,2025-03-13T08:09:01.000,Street Light Out,Closed,Bengaluru,13.047467,77.514107
61157157,2025-03-10T21:52:00.000,2025-03-15T18:35:19.000,Street Light Out,Closed,Bengaluru,12.99448,77.587792
61157257,2025-03-10T21:56:00.000,2025-03-16T12:25:00.000,Street Light Out,Closed,Mangaluru,12.89441,74.8538
61157262,2025-03-10T21:58:00.000,2025-03-16T16:22:00.000,Street Light Out,Closed,Mangaluru,12.880263,74.860888
61157265,2025-03-10T22:16:00.000,2025-03-26T18:05:00.000,Street Light Out,Closed,Mysuru,12.256644,76.654584
61157501,2025-03-10T23:27:00.000,2025-03-13T12:33:15.000,Street Light Out,Closed,Mangaluru,12.871678,74.855764
61157558,2025-03-10T23:32:00.000,2025-03-12T11:39:19.000,Street Light Out,Closed,Bengaluru,12.988927,77.594954
61157705,2025-03-11T00:14:00.000,2025-03-25T12:30:38.000,Street Light Out,Closed,Mysuru,12.306749,76.654894
61157858,2025-03-11T07:00:00.000,2025-03-15T12:26:40.000,Street Light Out,Closed,Belagavi,15.853307,74.484473
61157888,2025-03-11T09:56:00.000,2025-04-19T09:51:00.000,Street Light Out,Closed,Mangaluru,12.916223,74.867301
61157979,2025-03-11T11:37:00.000,2025-04-08T10:04:00.000,Street Light Out,Closed,Mangaluru,12.925297,74.868547
61158115,2025-03-11T13:38:00.000,2025-03-18T17:43:58.000,Street Light Out,Closed,Mangaluru,12.877469,74.847757
61158398,2025-03-11T15:17:00.000,2025-03-15T11:55:12.000,Street Light Out,Closed,Tumakuru,13.342944,77.113094
61158429,2025-03-11T15:26:00.000,2025-03-18T10:15:03.000,Street Light Out,Closed,Mangaluru,12.923234,74.872579
61158764,2025-03-11T16:25:00.000,2025-03-14T15:47:58.000,Street Light Out,Closed,Belagavi,15.880509,74.495648
61158830,2025-03-11T17:48:00.000,2025-03-16T10:33:00.000,Street Light Out,Closed,Hubballi,15.35183,75.143622
61159183,2025-03-11T18:02:00.000,2025-03-17T16:38:18.000,Street Light Out,Closed,Mysuru,12.316883,76.705648
61159221,2025-03-11T18:35:00.000,2025-03-21T09:15:50.000,Street Light Out,Closed,Mangaluru,12.900273,74.883201
61159458,2025-03-11T18:53:00.000,2025-03-24T15:04:00.000,Street Light Out,Closed,Bengaluru,12.953895,77.653449
61159655,2025-03-11T19:04:00.000,2025-03-13T13:51:00.000,Street Light Out,Closed,Mangaluru,12.865189,74.855134
61159756,2025-03-11T19:17:00.000,2025-03-13T18:26:36.000,Street Light Out,Closed,Mysuru,12.349261,76.657756
61159793,2025-03-11T19:30:00.000,2025-03-14T13:34:00.000,Street Light Out,Closed,Hubballi,15.353559,75.148694
61159806,2025-03-11T20:52:00.000,2025-03-17T14:40:30.000,Street Light Out,Closed,Tumakuru,13.354705,77.099345
61159899,2025-03-11T22:32:00.000,2025-03-18T15:24:00.000,Street Light Out,Closed,Shivamogga,13.902514,75.54938
61160440,2025-03-11T22:58:00.000,2025-03-26T17:40:25.000,Street Light Out,Closed,Hubballi,15.369534,75.142255
61160570,2025-03-12T02:20:00.000,2025-03-30T17:06:00.000,Street Light Out,Closed,Bengaluru,12.879277,77.507597
61161318,2025-03-12T07:13:00.000,2025-03-15T14:26:12.000,Street Light Out,Closed,Bengaluru,13.003364,77.453264
61161590,2025-03-12T08:02:00.000,2025-03-26T15:32:00.000,Street Light Out,Closed,Hubballi,15.337256,75.158883
61161818,2025-03-12T09:28:00.000,2025-03-19T14:16:00.000,Street Light Out,Closed,Mangaluru,12.853829,74.846576
61161856,2025-03-12T09:34:00.000,2025-03-19T09:18:00.000,Street Light Out,Closed,Belagavi,15.849046,74.55134
61162138,2025-03-12T09:59:00.000,2025-03-14T17:58:00.000,Street Light Out,Closed,Hubballi,15.351355,75.168968
61162193,2025-03-12T11:26:00.000,2025-03-19T09:39:00.000,Street Light Out,Closed,Mysuru,12.308782,76.664146
61162280,2025-03-12T11:29:00.000,2025-03-21T15:25:08.000,Street Light Out,Closed,Belagavi,15.865838,74.531652
61162688,2025-03-12T12:00:00.000,2025-03-14T11:23:00.000,Street Light Out,Closed,Mysuru,12.305566,76.601699
61162773,2025-03-12T14:42:00.000,2025-03-16T16:28:14.000,Street Light Out,Closed,Hubballi,15.346874,75.13944
61162795,2025-03-12T18:40:00.000,2025-03-29T11:52:00.000,Street Light Out,Closed,Bengaluru,13.016391,77.683202
61163044,2025-03-12T19:38:00.000,2025-03-16T14:40:25.000,Street Light Out,Closed,Belagavi,15.892942,74.545261
61163185,2025-03-12T20:20:00.000,2025-03-22T15:30:03.000,Street Light Out,Closed,Bengaluru,12.999544,77.556968
61163402,2025-03-12T22:40:00.000,2025-03-16T17:24:48.000,Street Light Out,Closed,Mangaluru,12.902171,74.905904
61163526,2025-03-12T23:18:00.000,2025-03-17T18:50:33.000,Street Light Out,Closed,Mysuru,12.332361,76.649379
61163607,2025-03-13T00:32:00.000,2025-03-14T09:39:54.000,Street Light Out,Closed,Bengaluru,12.982475,77.540137
61163628,2025-03-13T02:54:00.000,2025-03-14T12:08:18.000,Street Light Out,Closed,Tumakuru,13.350632,77.123289
61163672,2025-03-13T04:05:00.000,2025-03-15T17:58:48.000,Street Light Out,Closed,Mangaluru,12.872137,74.846736
61163819,2025-03-13T08:21:00.000,2025-03-29T08:16:00.000,Street Light Out,Closed,Bengaluru,12.855947,77.489401
61163989,2025-03-13T09:52:00.000,2025-03-14T17:21:02.000,Street Light Out,Closed,Mangaluru,12.90113,74.851519
61164078,2025-03-13T13:17:00.000,2025-03-24T18:58:30.000,Street Light Out,Closed,Bengaluru,13.07726,77.638112
61164459,2025-03-13T13:35:00.000,2025-03-18T11:37:59.000,Street Light Out,Closed,Mysuru,12.314706,76.704589
61164486,2025-03-13T14:45:00.000,2025-03-15T16:58:50.000,Street Light Out,Closed,Tumakuru,13.347259,77.106596
61164636,2025-03-13T19:42:00.000,2025-03-24T10:04:51.000,Street Light Out,Closed,Belagavi,15.871779,74.492171
61164774,2025-03-13T20:05:00.000,2025-04-28T11:14:00.000,Street Light Out,Closed,Mangaluru,12.876108,74.841371
61164893,2025-03-13T20:15:00.000,2025-03-25T08:49:32.000,Street Light Out,Closed,Shivamogga,13.920799,75.558095
61165037,2025-03-13T20:16:00.000,2025-03-21T08:46:00.000,Street Light Cycling,Closed,Hubballi,15.354969,75.14066
61165160,2025-03-13T20:27:00.000,2025-03-24T15:48:00.000,Street Light Out,Closed,Mangaluru,12.889267,74.850967
61165406,2025-03-13T20:33:00.000,2025-03-22T18:34:30.000,Street Light Out,Closed,Belagavi,15.848352,74.52436
61165432,2025-03-13T20:55:00.000,2025-03-20T15:19:17.000,Street Light Out,Closed,Mysuru,12.30998,76.672101
61165496,2025-03-13T21:02:00.000,2025-03-24T17:45:22.000,Street Light Out,Closed,Shivamogga,13.92766,75.555743
61166118,2025-03-13T21:19:00.000,2025-03-28T14:32:00.000,Street Light Out,Closed,Mangaluru,12.898754,74.875422
61166367,2025-03-13T21:24:00.000,2025-03-22T08:57:00.000,Street Light Cycling,Closed,Belagavi,15.869846,74.507011
61166393,2025-03-13T22:42:00.000,2025-03-15T16:00:04.000,Street Light Out,Closed,Shivamogga,13.923134,75.564125
61166482,2025-03-13T22:47:00.000,2025-03-18T09:19:00.000,Street Light Out,Closed,Shivamogga,13.91201,75.601096
61167209,2025-03-13T23:19:00.000,2025-03-16T12:32:00.000,Street Light Out,Closed,Mangaluru,12.91443,74.854757
61167255,2025-03-14T00:24:00.000,2025-03-21T09:06:00.000,Street Light Out,Closed,Belagavi,15.84681,74.556179
61167426,2025-03-14T03:52:00.000,2025-03-28T16:44:00.000,Street Light Out,Closed,Belagavi,15.850311,74.551886
61167482,2025-03-14T07:56:00.000,2025-03-18T12:47:37.000,Street Light Out,Closed,Shivamogga,13.917931,75.587751
61167498,2025-03-14T08:19:00.000,2025-03-17T13:26:00.000,Street Light Out,Closed,Hubballi,15.342251,75.126952
61167502,2025-03-14T08:30:00.000,2025-03-17T08:58:03.000,Street Light Out,Closed,Mangaluru,12.874412,74.851164
61167527,2025-03-14T16:16:00.000,2025-03-15T15:12:00.000,Street Light Out,Closed,Tumakuru,13.348915,77.093338
61167818,2025-03-14T16:56:00.000,2025-03-18T15:39:00.000,Street Light Out,Closed,Bengaluru,12.975064,77.578961
61167940,2025-03-14T17:39:00.000,2025-04-08T08:30:03.000,Street Light Out,Closed,Mangaluru,12.894363,74.870599
61168061,2025-03-14T17:42:00.000,2025-03-16T16:40:24.000,Street Light Out,Closed,Tumakuru,13.34404,77.109032
61168518,2025-03-14T19:19:00.000,2025-03-20T11:19:00.000,Street Light Out,Closed,Bengaluru,12.93382,77.531473
61168541,2025-03-14T19:20:00.000,2025-03-20T09:24:00.000,Street Light Out,Closed,Shivamogga,13.974346,75.552831
61168735,2025-03-14T20:30:00.000,2025-03-16T13:22:46.000,Street Light Out,Closed,Tumakuru,13.353743,77.105662
61169019,2025-03-14T21:53:00.000,2025-03-18T10:38:27.000,Street Light Out,Closed,Hubballi,15.351361,75.168987
61169032,2025-03-14T22:06:00.000,2025-03-17T12:20:05.000,Street Light Out,Closed,Mangaluru,12.90033,74.860729
61169147,2025-03-14T22:11:00.000,2025-03-15T12:54:09.000,Street Light Out,Closed,Mangaluru,12.905542,74.851757
61169177,2025-03-14T22:12:00.000,2025-03-17T08:00:00.000,Street Light Out,Closed,Bengaluru,13.059988,77.593889
61169258,2025-03-14T22:51:00.000,2025-03-20T08:34:19.000,Street Light Out,Closed,Shivamogga,13.918218,75.567809
61169259,2025-03-14T23:24:00.000,2025-03-23T10:55:00.000,Street Light Out,Closed,Belagavi,15.843738,74.559069
61169289,2025-03-15T00:50:00.000,2025-03-21T09:35:28.000,Street Light Out,Closed,Bengaluru,13.029236,77.611143
61169317,2025-03-15T07:00:00.000,2025-03-23T13:58:00.000,Street Light Out,Closed,Tumakuru,13.38142,77.106995
61169403,2025-03-15T08:30:00.000,2025-03-17T18:08:00.000,Street Light Cycling,Closed,Mysuru,12.27739,76.658905
61169617,2025-03-15T08:42:00.000,2025-03-17T17:58:23.000,Street Light Out,Closed,Mysuru,12.262011,76.65472
61169768,2025-03-15T13:16:00.000,2025-03-18T18:13:22.000,Street Light Out,Closed,Mangaluru,12.909139,74.852249
61169889,2025-03-15T17:21:00.000,2025-03-18T15:05:41.000,Street Light Out,Closed,Mysuru,12.303766,76.670928
61170147,2025-03-15T19:41:00.000,2025-03-29T13:49:00.000,Street Light Out,Closed,Mangaluru,12.920726,74.886193
61170178,2025-03-15T20:04:00.000,2025-03-20T16:18:55.000,Street Light Out,Closed,Hubballi,15.345112,75.130693
61170237,2025-03-15T21:06:00.000,2025-03-21T16:22:08.000,Street Light Dim,Closed,Shivamogga,13.918319,75.560358
61170422,2025-03-15T23:02:00.000,2025-03-18T14:11:14.000,Street Light Out,Closed,Tumakuru,13.362258,77.126314
61170491,2025-03-16T00:35:00.000,2025-03-18T16:58:00.000,Street Light Dayburning,Closed,Tumakuru,13.348757,77.103917
61170636,2025-03-16T01:15:00.000,2025-03-24T13:11:00.000,Street Light Out,Closed,Mangaluru,12.898176,74.838157
61170645,2025-03-16T01:30:00.000,2025-03-20T10:16:00.000,Street Light Out,Closed,Bengaluru,12.955547,77.575402
61170649,2025-03-16T08:59:00.000,2025-03-24T12:43:31.000,Street Light Cycling,Closed,Bengaluru,13.068684,77.554347
61170653,2025-03-16T09:02:00.000,2025-03-17T18:11:25.000,Street Light Out,Closed,Bengaluru,12.984051,77.581748
61170673,2025-03-16T09:09:00.000,2025-03-19T18:28:00.000,Street Light Out,Closed,Mangaluru,12.892981,74.855236
61170686,2025-03-16T11:17:00.000,2025-03-21T08:43:00.000,Street Light Out,Closed,Bengaluru,12.966462,77.597552
61170838,2025-03-16T11:59:00.000,2025-03-29T16:37:00.000,Street Light Out,Closed,Bengaluru,12.946057,77.655094
61170847,2025-03-16T14:42:00.000,2025-03-19T12:32:00.000,Street Light Dim,Closed,Hubballi,15.36516,75.133639
61170929,2025-03-16T15:07:00.000,2025-03-20T10:52:00.000,Lamppost Damaged,Closed,Belagavi,15.851295,74.513427
61171041,2025-03-16T15:42:00.000,2025-03-17T16:48:00.000,Street Light Out,Closed,Hubballi,15.339762,75.141749
61171335,2025-03-16T18:29:00.000,2025-04-06T15:41:00.000,Street Light Out,Closed,Bengaluru,12.856851,77.496161
61171576,2025-03-16T18:56:00.000,2025-03-18T12:51:49.000,Street Light Out,Closed,Mangaluru,12.899619,74.861469
61171753,2025-03-16T19:18:00.000,2025-04-26T08:44:20.000,Street Light Out,Closed,Belagavi,15.817872,74.540471
61172492,2025-03-16T20:36:00.000,2025-03-20T13:59:00.000,Street Light Out,Closed,Mangaluru,12.913041,74.870618
61172621,2025-03-16T20:45:00.000,2025-03-20T17:06:00.000,Street Light Out,Closed,Shivamogga,13.900518,75.567315
61172722,2025-03-16T21:17:00.000,2025-03-29T10:51:00.000,Street Light Out,Closed,Mangaluru,12.888814,74.855169
61172822,2025-03-16T22:43:00.000,2025-03-18T15:52:00.000,Street Light Out,Closed,Mangaluru,12.86387,74.863206
61172892,2025-03-16T22:47:00.000,2025-03-23T14:42:00.000,Street Light Dim,Closed,Bengaluru,12.999581,77.623658
61172929,2025-03-16T22:55:00.000,2025-03-27T09:38:00.000,Street Light Out,Closed,Bengaluru,12.956744,77.595625
61173198,2025-03-16T23:15:00.000,2025-03-29T09:06:00.000,Street Light Out,Closed,Shivamogga,13.924056,75.57092
61173221,2025-03-16T23:16:00.000,2025-04-26T08:05:00.000,Street Light Out,Closed,Shivamogga,13.93262,75.575411
61173556,2025-03-17T00:53:00.000,2025-03-18T18:46:00.000,Street Light Out,Closed,Belagavi,15.83111,74.499765
61173583,2025-03-17T07:52:00.000,2025-03-27T14:08:22.000,Street Light Dayburning,Closed,Shivamogga,13.925953,75.557894
61173617,2025-03-17T09:28:00.000,2025-03-21T12:43:00.000,Street Light Out,Closed,Shivamogga,13.933401,75.548188
61173643,2025-03-17T09:58:00.000,2025-03-22T12:18:00.000,Street Light Out,Closed,Shivamogga,13.91626,75.573461
61173687,2025-03-17T10:08:00.000,2025-04-02T15:05:00.000,Street Light Out,Closed,Shivamogga,13.956172,75.562495
61173695,2025-03-17T10:27:00.000,2025-03-18T12:16:00.000,Street Light Out,Closed,Bengaluru,13.016525,77.640747
61173789,2025-03-17T10:28:00.000,2025-03-26T16:57:00.000,Street Light Out,Closed,Hubballi,15.343194,75.149508
61173855,2025-03-17T11:18:00.000,2025-03-23T09:03:00.000,Street Light Out,Closed,Bengaluru,12.942198,77.658322
61173912,2025-03-17T11:25:00.000,2025-04-21T08:57:00.000,Street Light Out,Closed,Mysuru,12.316064,76.664027
61174174,2025-03-17T11:33:00.000,2025-03-23T17:00:09.000,Street Light Out,Closed,Bengaluru,12.982143,77.585741
61174234,2025-03-17T15:19:00.000,2025-03-21T14:17:03.000,Street Light Out,Closed,Hubballi,15.354828,75.120772
61174258,2025-03-17T15:39:00.000,2025-04-12T15:32:00.000,Street Light Out,Closed,Bengaluru,13.044236,77.517168
61174474,2025-03-17T17:06:00.000,2025-03-21T16:18:27.000,Street Light Out,Closed,Belagavi,15.834725,74.507295
61174502,2025-03-17T17:45:00.000,2025-03-25T15:09:00.000,Street Light Out,Closed,Shivamogga,13.91956,75.59374
61174584,2025-03-17T19:22:00.000,2025-03-19T09:48:00.000,Street Light Out,Closed,Mangaluru,12.897741,74.856488
61174769,2025-03-17T20:36:00.000,2025-03-20T14:14:00.000,Street Light Out,Closed,Hubballi,15.351433,75.141976
61174905,2025-03-17T22:31:00.000,2025-03-20T10:43:53.000,Street Light Out,Closed,Belagavi,15.850578,74.552139
61174965,2025-03-17T23:39:00.000,2025-03-23T12:37:00.000,Street Light Out,Closed,Tumakuru,13.390122,77.127393
61175097,2025-03-18T02:52:00.000,2025-03-21T16:04:00.000,Street Light Out,Closed,Bengaluru,13.082741,77.539572
61175249,2025-03-18T05:30:00.000,2025-03-22T09:44:21.000,Street Light Out,Closed,Mangaluru,12.87219,74.85418
61175736,2025-03-18T06:50:00.000,2025-03-23T17:16:00.000,Street Light Out,Closed,Tumakuru,13.353718,77.105631
61175865,2025-03-18T08:47:00.000,2025-03-27T16:02:07.000,Street Light Cycling,Closed,Shivamogga,13.921414,75.58947
61175894,2025-03-18T09:05:00.000,2025-03-19T13:10:19.000,Street Light Out,Closed,Bengaluru,12.982259,77.588099
61175975,2025-03-18T09:09:00.000,2025-03-19T17:03:00.000,Street Light Out,Closed,Bengaluru,12.97219,77.583887
61176070,2025-03-18T10:32:00.000,2025-03-31T08:51:00.000,Street Light Out,Closed,Shivamogga,13.89537,75.558809
61176078,2025-03-18T10:34:00.000,2025-03-23T08:28:00.000,Street Light Out,Closed,Hubballi,15.346618,75.127765
61176126,2025-03-18T12:05:00.000,2025-03-27T12:17:00.000,Street Light Out,Closed,Belagavi,15.851313,74.493708
61176225,2025-03-18T12:42:00.000,2025-03-22T15:37:32.000,Street Light Out,Closed,Bengaluru,12.941625,77.535135
61176264,2025-03-18T16:25:00.000,2025-03-24T13:21:03.000,Street Light Out,Closed,Tumakuru,13.323078,77.104799
61176556,2025-03-18T18:38:00.000,2025-03-22T15:41:00.000,Street Light Dayburning,Closed,Bengaluru,12.967934,77.629224
61176672,2025-03-18T19:20:00.000,2025-04-11T11:24:00.000,Street Light Out,Closed,Bengaluru,13.000461,77.530422
61176709,2025-03-18T19:25:00.000,2025-03-21T13:18:00.000,Street Light Out,Closed,Bengaluru,13.000373,77.593401
61176896,2025-03-18T19:28:00.000,2025-04-02T13:48:00.000,Street Light Out,Closed,Bengaluru,12.946003,77.655926
61176951,2025-03-18T19:52:00.000,2025-03-20T11:36:00.000,Street Light Out,Closed,Mangaluru,12.899596,74.861459
61177057,2025-03-18T20:28:00.000,2025-03-27T14:53:50.000,Street Light Out,Closed,Mangaluru,12.927434,74.846914
61177487,2025-03-18T20:37:00.000,2025-03-23T14:49:00.000,Street Light Out,Closed,Hubballi,15.334454,75.160023
61177593,2025-03-18T20:55:00.000,2025-04-08T18:48:57.000,Street Light Out,Closed,Mangaluru,12.891207,74.849149
61177620,2025-03-18T22:31:00.000,2025-03-23T18:29:24.000,Street Light Out,Closed,Belagavi,15.883296,74.504552
61177784,2025-03-18T22:34:00.000,2025-03-23T17:49:00.000,Street Light Out,Closed,Mangaluru,12.870657,74.893605
61177984,2025-03-19T03:02:00.000,2025-04-03T14:00:21.000,Street Light Out,Closed,Belagavi,15.888888,74.507068
61178029,2025-03-19T05:05:00.000,2025-04-04T09:11:00.000,Street Light Out,Closed,Belagavi,15.841274,74.551568
61178215,2025-03-19T07:59:00.000,2025-03-25T13:21:00.000,Street Light Out,Closed,Hubballi,15.365294,75.15645
61178804,2025-03-19T08:04:00.000,2025-03-25T16:24:36.000,Street Light Cycling,Closed,Mysuru,12.26598,76.654793
61178825,2025-03-19T08:47:00.000,2025-03-21T10:51:11.000,Street Light Cycling,Closed,Hubballi,15.358118,75.130325
61178832,2025-03-19T09:22:00.000,2025-03-31T14:27:00.000,Street Light Out,Closed,Hubballi,15.334433,75.134159
61179281,2025-03-19T09:27:00.000,2025-03-23T11:36:00.000,Street Light Cycling,Closed,Shivamogga,13.908671,75.576074
61179700,2025-03-19T09:49:00.000,2025-04-02T15:42:00.000,Street Light Out,Closed,Belagavi,15.846226,74.54677
61179735,2025-03-19T10:05:00.000,2025-03-21T11:30:00.000,Lamppost Damaged,Closed,Mangaluru,12.903553,74.879728
61179775,2025-03-19T10:53:00.000,2025-04-11T18:20:00.000,Street Light Out,Closed,Belagavi,15.886322,74.499903
61179913,2025-03-19T11:13:00.000,2025-03-22T08:15:00.000,Street Light Out,Closed,Shivamogga,13.909765,75.578667
61179964,2025-03-19T11:48:00.000,2025-03-24T14:16:08.000,Street Light Out,Closed,Belagavi,15.871391,74.495305
61180086,2025-03-19T14:14:00.000,2025-03-21T13:45:00.000,Street Light Out,Closed,Hubballi,15.355716,75.1414
61180204,2025-03-19T14:59:00.000,2025-03-25T16:33:00.000,Street Light Dayburning,Closed,Mangaluru,12.866751,74.851244
61180262,2025-03-19T17:18:00.000,2025-03-31T11:04:02.000,Street Light Out,Closed,Bengaluru,13.065906,77.527629
61180426,2025-03-19T19:10:00.000,2025-05-21T11:40:00.000,Street Light Out,Closed,Shivamogga,13.90834,75.555294
61180729,2025-03-19T19:11:00.000,2025-03-27T18:30:00.000,Street Light Out,Closed,Shivamogga,13.932484,75.560306
61180996,2025-03-19T19:31:00.000,2025-03-29T15:17:00.000,Street Light Out,Closed,Shivamogga,13.923909,75.558411
61181148,2025-03-19T19:42:00.000,2025-03-23T17:29:00.000,Street Light Out,Closed,Mangaluru,12.91656,74.856034
61181385,2025-03-19T20:40:00.000,2025-04-12T16:27:00.000,Street Light Out,Closed,Mangaluru,12.894043,74.851899
61181527,2025-03-19T21:14:00.000,2025-03-21T18:45:04.000,Street Light Out,Closed,Mangaluru,12.865419,74.851739
61181568,2025-03-19T22:22:00.000,2025-03-24T12:58:29.000,Street Light Out,Closed,Shivamogga,13.893397,75.54851
61181585,2025-03-19T22:53:00.000,2025-03-21T11:09:50.000,Street Light Out,Closed,Mangaluru,12.85092,74.848215
61181644,2025-03-20T00:35:00.000,2025-03-28T14:33:00.000,Street Light Out,Closed,Hubballi,15.347886,75.10986
61181660,2025-03-20T03:27:00.000,2025-03-23T17:30:58.000,Street Light Out,Closed,Belagavi,15.846765,74.553258
61181701,2025-03-20T08:43:00.000,2025-03-25T14:50:46.000,Street Light Out,Closed,Shivamogga,13.926217,75.574813
61181763,2025-03-20T10:57:00.000,2025-03-26T10:21:00.000,Street Light Out,Closed,Bengaluru,12.98105,77.637278
61182219,2025-03-20T18:04:00.000,2025-03-21T15:57:23.000,Street Light Out,Closed,Mangaluru,12.881102,74.863476
61182497,2025-03-20T19:18:00.000,2025-03-25T11:20:00.000,Street Light Out,Closed,Hubballi,15.34346,75.107717
61182658,2025-03-20T19:21:00.000,2025-03-23T14:58:00.000,Street Light Out,Closed,Bengaluru,13.014247,77.627462
61182745,2025-03-20T19:30:00.000,2025-03-25T18:14:00.000,Street Light Out,Closed,Bengaluru,12.916551,77.648886
61183035,2025-03-20T19:45:00.000,2025-03-27T12:16:00.000,Street Light Out,Closed,Shivamogga,13.925623,75.55559
61183200,2025-03-20T21:23:00.000,2025-03-24T14:21:26.000,Street Light Out,Closed,Mysuru,12.297114,76.665505
61183225,2025-03-20T21:54:00.000,2025-03-30T12:09:00.000,Street Light Out,Closed,Hubballi,15.393502,75.13484
61183354,2025-03-20T23:18:00.000,2025-04-04T10:18:00.000,Street Light Out,Closed,Mangaluru,12.863579,74.86803
61183388,2025-03-21T01:07:00.000,2025-03-25T11:31:00.000,Street Light Out,Closed,Belagavi,15.846764,74.556678
61183468,2025-03-21T06:36:00.000,2025-03-25T09:12:00.000,Street Light Out,Closed,Mysuru,12.2991,76.639037
61183592,2025-03-21T06:40:00.000,2025-03-26T11:38:00.000,Street Light Out,Closed,Shivamogga,13.965153,75.551923
61183647,2025-03-21T07:09:00.000,2025-03-25T15:43:00.000,Street Light Out,Closed,Mangaluru,12.919379,74.853144
61183714,2025-03-21T08:51:00.000,2025-03-24T10:25:10.000,Street Light Out,Closed,Shivamogga,13.927344,75.572165
61183879,2025-03-21T09:20:00.000,2025-03-23T13:11:55.000,Street Light Dim,Closed,Bengaluru,13.017184,77.606463
61183951,2025-03-21T10:31:00.000,2025-03-23T08:04:00.000,Street Light Out,Closed,Shivamogga,13.922612,75.565621
61184213,2025-03-21T11:28:00.000,2025-04-08T14:01:00.000,Street Light Out,Closed,Tumakuru,13.362274,77.126297
61184241,2025-03-21T12:08:00.000,2025-03-29T11:45:00.000,Street Light Cycling,Closed,Belagavi,15.847612,74.480776
61184548,2025-03-21T12:54:00.000,2025-03-27T17:09:00.000,Street Light Out,Closed,Mysuru,12.269989,76.65738
61184719,2025-03-21T16:33:00.000,2025-05-12T13:12:00.000,Street Light Cycling,Closed,Bengaluru,12.976971,77.576185
61184758,2025-03-21T17:13:00.000,2025-03-30T17:42:37.000,Street Light Out,Closed,Bengaluru,13.009705,77.620282
61185232,2025-03-21T19:17:00.000,2025-03-30T12:35:00.000,Street Light Out,Closed,Mysuru,12.299576,76.656773
61185271,2025-03-21T19:28:00.000,2025-03-31T08:48:00.000,Street Light Cycling,Closed,Bengaluru,12.950516,77.575669
61185282,2025-03-21T19:45:00.000,2025-03-26T15:01:18.000,Street Light Out,Closed,Mangaluru,12.867648,74.840954
61185431,2025-03-21T20:19:00.000,2025-03-26T14:31:39.000,Street Light Out,Closed,Bengaluru,13.003667,77.56761
61185475,2025-03-21T20:32:00.000,2025-04-25T13:22:00.000,Street Light Out,Closed,Shivamogga,13.909976,75.565233
61185483,2025-03-21T20:36:00.000,2025-03-24T12:38:41.000,Street Light Cycling,Closed,Belagavi,15.796089,74.489073
61185719,2025-03-21T20:47:00.000,2025-03-26T08:27:00.000,Street Light Out,Closed,Tumakuru,13.337706,77.087445
61185746,2025-03-21T21:02:00.000,2025-03-30T12:53:13.000,Street Light Out,Closed,Hubballi,15.386189,75.125635
61185807,2025-03-21T21:24:00.000,2025-03-28T11:28:06.000,Street Light Dim,Closed,Hubballi,15.36614,75.148857
61185836,2025-03-21T22:25:00.000,2025-03-23T18:43:01.000,Street Light Out,Closed,Mysuru,12.349289,76.657735
61185862,2025-03-22T03:03:00.000,2025-03-23T10:25:51.000,Street Light Out,Closed,Mysuru,12.312256,76.691389
61185945,2025-03-22T05:12:00.000,2025-04-05T10:40:00.000,Street Light Dim,Closed,Mangaluru,12.873312,74.851461
61186127,2025-03-22T07:03:00.000,2025-04-06T18:35:00.000,Street Light Out,Closed,Bengaluru,12.861754,77.498797
61186154,2025-03-22T08:31:00.000,2025-04-03T18:17:00.000,Street Light Dim,Closed,Shivamogga,13.930307,75.596719
61186248,2025-03-22T08:35:00.000,2025-03-28T10:18:23.000,Street Light Out,Closed,Bengaluru,12.984233,77.552153
61186325,2025-03-22T08:38:00.000,2025-03-30T10:48:16.000,Street Light Out,Closed,Tumakuru,13.352176,77.107332
61186390,2025-03-22T10:04:00.000,2025-03-25T16:39:00.000,Street Light Out,Closed,Hubballi,15.363484,75.121699
61186825,2025-03-22T10:19:00.000,2025-03-28T10:53:00.000,Street Light Out,Closed,Mysuru,12.275446,76.655951
61186953,2025-03-22T10:51:00.000,2025-03-24T17:57:25.000,Street Light Out,Closed,Bengaluru,12.974674,77.598713
61187013,2025-03-22T10:51:00.000,2025-03-26T13:34:00.000,Street Light Out,Closed,Bengaluru,12.976134,77.549445
61187140,2025-03-22T10:52:00.000,2025-03-29T09:00:00.000,Street Light Out,Closed,Bengaluru,12.9813,77.481691
61187229,2025-03-22T15:31:00.000,2025-03-29T08:48:00.000,Street Light Out,Closed,Mangaluru,12.873295,74.846343
61187879,2025-03-22T18:04:00.000,2025-05-04T14:13:00.000,Street Light Out,Closed,Shivamogga,13.919429,75.559321
61187928,2025-03-22T19:26:00.000,2025-03-31T13:36:37.000,Street Light Out,Closed,Mangaluru,12.904949,74.853208
61188101,2025-03-22T19:56:00.000,2025-04-16T12:53:00.000,Street Light Out,Closed,Belagavi,15.847014,74.550476
61188137,2025-03-22T20:26:00.000,2025-03-25T08:16:00.000,Street Light Out,Closed,Mangaluru,12.894135,74.840557
61188195,2025-03-22T21:11:00.000,2025-03-31T08:29:12.000,Street Light Out,Closed,Belagavi,15.859798,74.515912
61188212,2025-03-22T21:56:00.000,2025-03-26T18:58:00.000,Street Light Out,Closed,Mangaluru,12.875335,74.852815
61188218,2025-03-22T22:16:00.000,2025-03-24T09:20:30.000,Street Light Out,Closed,Mysuru,12.29623,76.674396
61188279,2025-03-22T22:57:00.000,2025-03-25T10:57:00.000,Street Light Out,Closed,Bengaluru,12.965892,77.584481
61188352,2025-03-23T00:16:00.000,2025-03-31T16:55:00.000,Street Light Out,Closed,Tumakuru,13.345964,77.090832
61188506,2025-03-23T06:22:00.000,2025-04-05T10:32:00.000,Street Light Out,Closed,Shivamogga,13.943951,75.549607
61188538,2025-03-23T08:07:00.000,2025-03-27T10:39:00.000,Lamppost Damaged,Closed,Mangaluru,12.898251,74.890146
61188564,2025-03-23T10:08:00.000,2025-04-28T11:21:00.000,Street Light Out,Closed,Hubballi,15.332181,75.119765
61188747,2025-03-23T10:17:00.000,2025-03-30T13:05:00.000,Street Light Out,Closed,Shivamogga,13.879343,75.573204
61188765,2025-03-23T11:04:00.000,2025-04-18T16:52:41.000,Street Light Out,Closed,Belagavi,15.846904,74.555437
61188781,2025-03-23T11:22:00.000,2025-03-25T12:11:21.000,Street Light Cycling,Closed,Belagavi,15.839108,74.505995
61188800,2025-03-23T11:57:00.000,2025-05-14T10:21:00.000,Street Light Out,Closed,Shivamogga,13.926735,75.557002
61188923,2025-03-23T12:06:00.000,2025-03-28T11:55:00.000,Street Light Out,Closed,Mangaluru,12.912401,74.853022
61188950,2025-03-23T18:16:00.000,2025-04-02T08:47:00.000,Street Light Out,Closed,Bengaluru,12.993046,77.634547
61188984,2025-03-23T18:30:00.000,2025-03-28T17:39:00.000,Street Light Out,Closed,Mangaluru,12.884033,74.848859
61189129,2025-03-23T20:18:00.000,2025-04-18T15:44:00.000,Street Light Out,Closed,Mysuru,12.306866,76.671988
61189648,2025-03-23T20:22:00.000,2025-04-01T14:35:51.000,Street Light Out,Closed,Bengaluru,12.976712,77.579911
61189781,2025-03-23T20:59:00.000,2025-04-02T17:51:00.000,Street Light Cycling,Closed,Bengaluru,12.951775,77.601073
61189802,2025-03-23T21:14:00.000,2025-03-27T16:45:44.000,Street Light Cycling,Closed,Mangaluru,12.877201,74.843154
61190110,2025-03-23T22:08:00.000,2025-04-06T14:10:33.000,Street Light Dayburning,Closed,Shivamogga,13.930657,75.556128
61190219,2025-03-23T22:11:00.000,2025-03-26T18:38:44.000,Street Light Out,Closed,Bengaluru,12.982815,77.595103
61190310,2025-03-23T23:01:00.000,2025-03-26T08:59:00.000,Street Light Out,Closed,Mysuru,12.303511,76.663247
61190592,2025-03-23T23:39:00.000,2025-03-26T09:06:00.000,Street Light Out,Closed,Mysuru,12.350082,76.651741
61190606,2025-03-23T23:47:00.000,2025-04-13T17:59:10.000,Street Light Out,Closed,Shivamogga,13.905477,75.560382
61190780,2025-03-24T01:12:00.000,2025-03-28T13:36:00.000,Street Light Out,Closed,Bengaluru,12.974733,77.612182
61191466,2025-03-24T06:19:00.000,2025-03-29T10:27:00.000,Street Light Out,Closed,Hubballi,15.356532,75.094333
61191543,2025-03-24T09:17:00.000,2025-03-27T16:39:00.000,Street Light Out,Closed,Mangaluru,12.8925,74.841043
61191655,2025-03-24T10:01:00.000,2025-03-31T13:07:49.000,Street Light Out,Closed,Mangaluru,12.872157,74.847978
61191719,2025-03-24T11:31:00.000,2025-03-26T17:24:34.000,Street Light Out,Closed,Mysuru,12.257766,76.659588
61191837,2025-03-24T14:23:00.000,2025-04-01T09:47:00.000,Street Light Out,Closed,Shivamogga,13.91832,75.560352
61192012,2025-03-24T19:09:00.000,2025-04-02T12:16:00.000,Street Light Dayburning,Closed,Hubballi,15.346704,75.153403
61192050,2025-03-24T19:21:00.000,2025-05-22T15:32:00.000,Lamppost Damaged,Closed,Shivamogga,13.930117,75.558587
61192091,2025-03-24T19:29:00.000,2025-04-02T18:43:00.000,Street Light Out,Closed,Bengaluru,12.946416,77.59708
61192165,2025-03-24T20:02:00.000,2025-03-27T18:46:40.000,Street Light Out,Closed,Bengaluru,12.962736,77.580495
61192301,2025-03-24T20:14:00.000,2025-03-27T14:19:47.000,Street Light Dayburning,Closed,Belagavi,15.882158,74.500057
61192360,2025-03-24T20:51:00.000,2025-03-26T18:12:41.000,Street Light Out,Closed,Shivamogga,13.917866,75.574032
61192427,2025-03-24T21:14:00.000,2025-03-26T08:08:00.000,Street Light Out,Closed,Hubballi,15.356602,75.147175
61192460,2025-03-24T21:54:00.000,2025-03-28T14:06:00.000,Street Light Out,Closed,Belagavi,15.857656,74.489452
61192887,2025-03-24T22:10:00.000,2025-03-31T14:40:07.000,Street Light Out,Closed,Shivamogga,13.942286,75.546174
61192916,2025-03-24T22:17:00.000,2025-03-31T16:44:35.000,Street Light Out,Closed,Mangaluru,12.87062,74.848682
61193019,2025-03-24T22:21:00.000,2025-03-28T08:45:00.000,Street Light Out,Closed,Bengaluru,12.995323,77.561633
61193064,2025-03-24T23:53:00.000,2025-03-26T11:49:00.000,Street Light Out,Closed,Mangaluru,12.893989,74.853132
61193270,2025-03-24T23:54:00.000,2025-03-27T09:12:57.000,Street Light Out,Closed,Bengaluru,13.022543,77.4986
61193284,2025-03-25T00:45:00.000,2025-03-27T14:15:44.000,Street Light Dayburning,Closed,Hubballi,15.354987,75.140672
61193447,2025-03-25T03:13:00.000,2025-04-08T13:41:39.000,Street Light Dayburning,Closed,Bengaluru,12.974921,77.595381
61193613,2025-03-25T07:01:00.000,2025-03-31T11:34:30.000,Street Light Dayburning,Closed,Mysuru,12.303412,76.663969
61193698,2025-03-25T08:22:00.000,2025-04-01T08:35:48.000,Street Light Out,Closed,Belagavi,15.84765,74.549846
61193758,2025-03-25T09:07:00.000,2025-03-26T13:07:25.000,Street Light Out,Closed,Bengaluru,12.985928,77.588529
61193914,2025-03-25T09:34:00.000,2025-03-27T16:29:20.000,Street Light Out,Closed,Mangaluru,12.869781,74.858786
61193992,2025-03-25T09:40:00.000,2025-04-04T08:09:55.000,Street Light Out,Closed,Tumakuru,13.331404,77.096233
61194141,2025-03-25T10:19:00.000,2025-03-27T17:35:00.000,Street Light Out,Closed,Shivamogga,13.917786,75.551004
61194174,2025-03-25T11:36:00.000,2025-03-31T14:42:00.000,Street Light Out,Closed,Mangaluru,12.897159,74.846103
61194369,2025-03-25T13:46:00.000,2025-03-26T18:35:18.000,Street Light Out,Closed,Bengaluru,12.969263,77.587532
61194403,2025-03-25T15:53:00.000,2025-03-30T14:19:00.000,Street Light Out,Closed,Hubballi,15.34373,75.114205
61194563,2025-03-25T15:56:00.000,2025-03-27T17:46:00.000,Street Light Out,Closed,Tumakuru,13.353923,77.096834
61194569,2025-03-25T16:31:00.000,2025-03-31T14:22:00.000,Street Light Out,Closed,Mangaluru,12.881153,74.853416
61194614,2025-03-25T17:32:00.000,2025-03-28T14:41:00.000,Street Light Out,Closed,Mangaluru,12.861149,74.880197
61194653,2025-03-25T18:15:00.000,2025-03-26T14:11:59.000,Street Light Out,Closed,Mangaluru,12.874451,74.851135
61194793,2025-03-25T19:09:00.000,2025-04-02T16:53:05.000,Street Light Out,Closed,Tumakuru,13.347274,77.10659
61194972,2025-03-25T19:17:00.000,2025-04-08T08:06:00.000,Street Light Out,Closed,Bengaluru,12.85651,77.50116
61195036,2025-03-25T19:33:00.000,2025-03-27T17:49:00.000,Street Light Out,Closed,Shivamogga,13.90019,75.554463
61195161,2025-03-25T20:41:00.000,2025-04-03T11:17:27.000,Street Light Out,Closed,Shivamogga,13.925237,75.568478
61195214,2025-03-25T20:42:00.000,2025-03-29T17:32:00.000,Street Light Cycling,Closed,Tumakuru,13.319502,77.122093
61195244,2025-03-25T20:48:00.000,2025-03-29T08:37:00.000,Street Light Out,Closed,Shivamogga,13.922996,75.555006
61195253,2025-03-25T21:25:00.000,2025-03-29T09:45:22.000,Street Light Dim,Closed,Tumakuru,13.342634,77.112323
61195254,2025-03-25T22:41:00.000,2025-03-29T11:27:00.000,Street Light Out,Closed,Hubballi,15.352014,75.121636
61195298,2025-03-25T23:24:00.000,2025-03-27T09:47:00.000,Street Light Out,Closed,Bengaluru,12.977874,77.5981
61195324,2025-03-26T00:12:00.000,2025-03-28T16:12:00.000,Street Light Out,Closed,Bengaluru,12.946834,77.589219
61195364,2025-03-26T01:27:00.000,2025-03-30T16:13:07.000,Street Light Out,Closed,Hubballi,15.321337,75.13761
61195590,2025-03-26T01:33:00.000,2025-03-28T08:58:21.000,Street Light Out,Closed,Tumakuru,13.329432,77.105407
61195654,2025-03-26T07:22:00.000,2025-03-30T15:02:00.000,Street Light Out,Closed,Hubballi,15.349232,75.140826
61195678,2025-03-26T08:10:00.000,2025-04-02T12:06:00.000,Street Light Out,Closed,Mysuru,12.280811,76.67659
61195758,2025-03-26T08:47:00.000,2025-03-28T17:32:00.000,Street Light Dayburning,Closed,Tumakuru,13.341547,77.107351
61195775,2025-03-26T08:58:00.000,2025-03-28T15:56:57.000,Street Light Out,Closed,Tumakuru,13.337665,77.087506
61195949,2025-03-26T10:00:00.000,2025-04-28T12:43:35.000,Street Light Out,Closed,Belagavi,15.879362,74.522342
61195988,2025-03-26T10:04:00.000,2025-04-06T15:17:25.000,Street Light Out,Closed,Belagavi,15.849754,74.550269
61196020,2025-03-26T12:29:00.000,2025-03-28T16:22:00.000,Street Light Out,Closed,Mangaluru,12.889849,74.847371
61196054,2025-03-26T17:29:00.000,2025-03-29T18:49:00.000,Street Light Cycling,Closed,Mysuru,12.275949,76.643038
61196143,2025-03-26T17:38:00.000,2025-03-31T16:16:00.000,Street Light Out,Closed,Hubballi,15.360312,75.144538
61196276,2025-03-26T18:01:00.000,2025-03-27T15:26:08.000,Street Light Out,Closed,Mysuru,12.296888,76.665341
61196328,2025-03-26T19:05:00.000,2025-04-11T09:57:50.000,Street Light Cycling,Closed,Mangaluru,12.885551,74.850932
61196364,2025-03-26T19:10:00.000,2025-04-17T13:17:48.000,Street Light Out,Closed,Hubballi,15.359805,75.117703
61196942,2025-03-26T19:13:00.000,2025-04-04T17:51:00.000,Street Light Out,Closed,Hubballi,15.319585,75.086269
61197112,2025-03-26T19:49:00.000,2025-03-30T13:50:00.000,Street Light Out,Closed,Mangaluru,12.906986,74.849726
61197118,2025-03-26T20:20:00.000,2025-04-03T10:41:45.000,Street Light Out,Closed,Shivamogga,13.917921,75.572124
61197276,2025-03-26T20:31:00.000,2025-03-30T15:47:15.000,Street Light Dayburning,Closed,Mysuru,12.310368,76.692767
61197297,2025-03-26T20:45:00.000,2025-03-28T09:23:03.000,Street Light Dayburning,Closed,Tumakuru,13.329388,77.07857
61197431,2025-03-26T21:41:00.000,2025-03-29T13:36:00.000,Street Light Out,Closed,Mysuru,12.297391,76.664792
61197609,2025-03-26T22:00:00.000,2025-04-02T14:38:22.000,Street Light Out,Closed,Bengaluru,12.9165,77.648887
61197620,2025-03-26T23:12:00.000,2025-03-28T11:01:01.000,Street Light Out,Closed,Mangaluru,12.91658,74.856009
61197674,2025-03-27T00:00:00.000,2025-04-04T11:11:14.000,Street Light Out,Closed,Mysuru,12.348526,76.653156
61197681,2025-03-27T02:07:00.000,2025-03-29T10:04:00.000,Street Light Out,Closed,Belagavi,15.840729,74.479081
61197856,2025-03-27T06:23:00.000,2025-03-30T09:21:00.000,Street Light Out,Closed,Mangaluru,12.891622,74.854878
61198257,2025-03-27T06:56:00.000,2025-04-08T11:04:45.000,Street Light Out,Closed,Hubballi,15.338505,75.142506
61198520,2025-03-27T07:15:00.000,2025-04-02T10:11:00.000,Street Light Out,Closed,Belagavi,15.85315,74.518974
61198560,2025-03-27T07:52:00.000,2025-04-16T12:38:13.000,Street Light Out,Closed,Bengaluru,12.854413,77.499823
61198568,2025-03-27T08:36:00.000,2025-04-07T11:43:19.000,Street Light Out,Closed,Shivamogga,13.888182,75.563843
61198647,2025-03-27T08:38:00.000,2025-03-30T09:23:50.000,Street Light Out,Closed,Shivamogga,13.925923,75.570191
61198835,2025-03-27T10:15:00.000,2025-04-29T14:12:10.000,Street Light Dayburning,Closed,Bengaluru,12.978986,77.578391
61198963,2025-03-27T10:57:00.000,2025-04-05T14:55:00.000,Street Light Out,Closed,Hubballi,15.365313,75.156387
61198967,2025-03-27T11:35:00.000,2025-03-30T10:11:31.000,Street Light Out,Closed,Mysuru,12.293468,76.651789
61199210,2025-03-27T11:40:00.000,2025-04-01T16:13:11.000,Street Light Out,Closed,Bengaluru,12.940211,77.651266
61199426,2025-03-27T18:34:00.000,2025-04-01T11:22:00.000,Street Light Out,Closed,Shivamogga,13.920315,75.541151
61199452,2025-03-27T19:02:00.000,2025-04-04T12:06:00.000,Street Light Cycling,Closed,Hubballi,15.343135,75.107543
61199478,2025-03-27T19:42:00.000,2025-04-01T09:04:00.000,Street Light Out,Closed,Mysuru,12.309507,76.689146
61199665,2025-03-27T21:37:00.000,2025-04-02T08:46:00.000,Street Light Out,Closed,Mangaluru,12.872202,74.854219
61199735,2025-03-27T22:16:00.000,2025-03-31T09:21:00.000,Street Light Out,Closed,Bengaluru,12.946967,77.64901
61199748,2025-03-27T22:36:00.000,2025-04-03T09:57:00.000,Street Light Out,Closed,Mangaluru,12.847639,74.876772
61199828,2025-03-28T07:19:00.000,2025-04-08T14:27:00.000,Street Light Out,Closed,Hubballi,15.360557,75.114044
61199965,2025-03-28T09:12:00.000,2025-04-01T16:12:04.000,Street Light Out,Closed,Shivamogga,13.88856,75.548583
61199990,2025-03-28T09:58:00.000,2025-04-14T08:26:00.000,Street Light Out,Closed,Hubballi,15.342244,75.126867
61200102,2025-03-28T10:11:00.000,2025-04-07T15:00:48.000,Street Light Out,Closed,Tumakuru,13.334755,77.090439
61200110,2025-03-28T10:54:00.000,2025-03-30T14:24:41.000,Street Light Out,Closed,Belagavi,15.835877,74.477559
61200180,2025-03-28T14:44:00.000,2025-03-31T10:10:00.000,Street Light Out,Closed,Mangaluru,12.900574,74.84694
61200595,2025-03-28T15:09:00.000,2025-04-09T11:07:00.000,Street Light Cycling,Closed,Shivamogga,13.921935,75.561204
61200631,2025-03-28T16:48:00.000,2025-04-18T15:53:55.000,Street Light Out,Closed,Tumakuru,13.3187,77.107672
61200684,2025-03-28T19:31:00.000,2025-04-16T17:18:00.000,Street Light Out,Closed,Mysuru,12.344026,76.654893
61201288,2025-03-28T20:20:00.000,2025-04-03T16:00:00.000,Street Light Out,Closed,Mysuru,12.349506,76.658105
61201321,2025-03-28T21:46:00.000,2025-03-31T10:38:16.000,Street Light Out,Closed,Belagavi,15.877534,74.498968
61201477,2025-03-28T22:11:00.000,2025-04-08T13:03:06.000,Street Light Out,Closed,Tumakuru,13.336945,77.092363
61201482,2025-03-28T22:34:00.000,2025-04-04T17:01:47.000,Street Light Out,Closed,Tumakuru,13.337687,77.08744
61201560,2025-03-29T00:10:00.000,2025-03-30T13:58:12.000,Street Light Out,Closed,Bengaluru,12.983814,77.59186
61201589,2025-03-29T07:18:00.000,2025-04-03T08:52:00.000,Street Light Out,Closed,Belagavi,15.882276,74.501447
61201734,2025-03-29T07:52:00.000,2025-04-03T15:28:08.000,Street Light Out,Closed,Mysuru,12.30199,76.588933
61202022,2025-03-29T09:20:00.000,2025-04-02T16:08:00.000,Street Light Out,Closed,Bengaluru,12.988073,77.571717
61202131,2025-03-29T10:46:00.000,2025-04-01T18:16:22.000,Street Light Dayburning,Closed,Mangaluru,12.900335,74.843875
61202211,2025-03-29T16:00:00.000,2025-03-31T15:50:00.000,Street Light Dayburning,Closed,Belagavi,15.841682,74.553675
61202222,2025-03-29T19:04:00.000,2025-04-15T15:15:00.000,Street Light Dayburning,Closed,Belagavi,15.8487,74.551584
61202549,2025-03-29T19:19:00.000,2025-04-28T11:48:00.000,Street Light Out,Closed,Belagavi,15.804683,74.499815
61202580,2025-03-29T19:35:00.000,2025-04-04T18:57:00.000,Street Light Out,Closed,Mangaluru,12.891473,74.84041
61202821,2025-03-29T19:39:00.000,2025-04-01T12:28:00.000,Street Light Out,Closed,Mangaluru,12.880853,74.845805
61203053,2025-03-29T19:45:00.000,2025-03-30T12:28:54.000,Street Light Out,Closed,Mangaluru,12.927469,74.846971
61203273,2025-03-29T19:46:00.000,2025-03-31T11:25:29.000,Street Light Cycling,Closed,Bengaluru,13.008439,77.616938
61203820,2025-03-29T20:41:00.000,2025-04-03T11:15:44.000,Street Light Out,Closed,Tumakuru,13.360439,77.092617
61204299,2025-03-29T21:02:00.000,2025-04-10T14:27:04.000,Street Light Out,Closed,Mysuru,12.335991,76.638577
61204313,2025-03-29T22:57:00.000,2025-03-31T16:59:00.000,Street Light Out,Closed,Bengaluru,12.973034,77.572262
61204589,2025-03-29T23:05:00.000,2025-04-02T15:48:00.000,Street Light Cycling,Closed,Mangaluru,12.919377,74.853172
61204808,2025-03-29T23:13:00.000,2025-04-10T12:56:13.000,Street Light Out,Closed,Bengaluru,13.07295,77.524953
61204937,2025-03-30T00:13:00.000,2025-04-08T13:08:58.000,Street Light Out,Closed,Tumakuru,13.344009,77.111745
61204993,2025-03-30T00:23:00.000,2025-04-02T08:28:25.000,Street Light Out,Closed,Mysuru,12.269804,76.698746
61205052,2025-03-30T02:24:00.000,2025-04-02T08:08:04.000,Street Light Out,Closed,Mysuru,12.301232,76.651464
61205272,2025-03-30T04:23:00.000,2025-04-01T16:35:57.000,Street Light Out,Closed,Belagavi,15.893498,74.463881
61205525,2025-03-30T04:31:00.000,2025-04-03T10:08:51.000,Street Light Out,Closed,Belagavi,15.823962,74.51175
61205657,2025-03-30T05:16:00.000,2025-05-09T13:50:00.000,Street Light Out,Closed,Mangaluru,12.897773,74.856457
61205660,2025-03-30T05:33:00.000,2025-04-07T14:47:00.000,Street Light Out,Closed,Belagavi,15.845037,74.557287
61205723,2025-03-30T06:50:00.000,2025-04-01T18:19:00.000,Street Light Out,Closed,Bengaluru,12.898541,77.581564
61205810,2025-03-30T08:19:00.000,2025-05-30T16:45:00.000,Street Light Out,Closed,Tumakuru,13.354665,77.099358
61205906,2025-03-30T09:28:00.000,2025-04-06T17:09:00.000,Street Light Out,Closed,Bengaluru,13.056742,77.593693
61205926,2025-03-30T09:48:00.000,2025-05-05T12:33:00.000,Street Light Out,Closed,Mangaluru,12.860363,74.891259
61206219,2025-03-30T10:57:00.000,2025-06-08T18:00:00.000,Street Light Out,Closed,Shivamogga,13.92596,75.557818
61206374,2025-03-30T16:38:00.000,2025-04-22T10:51:00.000,Street Light Out,Closed,Belagavi,15.8782,74.515469
61206537,2025-03-30T23:49:00.000,2025-04-06T10:26:49.000,Street Light Out,Closed,Mysuru,12.306716,76.661296
61206552,2025-03-30T23:52:00.000,2025-04-02T15:44:58.000,Street Light Out,Closed,Shivamogga,13.922449,75.56858
61206577,2025-03-31T00:39:00.000,2025-04-07T16:51:00.000,Street Light Dayburning,Closed,Bengaluru,12.941667,77.522771
61207386,2025-03-31T03:45:00.000,2025-04-03T18:13:00.000,Street Light Out,Closed,Mangaluru,12.852584,74.873741
61207699,2025-03-31T09:11:00.000,2025-04-03T11:55:00.000,Street Light Out,Closed,Hubballi,15.357446,75.148504
61207795,2025-03-31T10:08:00.000,2025-04-02T16:06:00.000,Street Light Out,Closed,Bengaluru,13.070578,77.527296
61207863,2025-03-31T10:32:00.000,2025-04-01T14:43:28.000,Street Light Out,Closed,Bengaluru,12.989893,77.598175
61208043,2025-03-31T10:32:00.000,2025-04-02T08:52:00.000,Street Light Out,Closed,Mangaluru,12.871375,74.854105
61208346,2025-03-31T11:44:00.000,2025-04-20T13:37:00.000,Street Light Out,Closed,Mangaluru,12.920789,74.886184
61208543,2025-03-31T11:47:00.000,2025-04-11T12:43:00.000,Street Light Out,Closed,Shivamogga,13.889979,75.540505
61208730,2025-03-31T12:31:00.000,2025-04-04T13:43:21.000,Street Light Out,Closed,Mysuru,12.25914,76.655869
61208855,2025-03-31T13:21:00.000,2025-04-04T13:47:28.000,Street Light Out,Closed,Hubballi,15.349943,75.127134
61208896,2025-03-31T16:30:00.000,2025-04-02T08:32:00.000,Street Light Dim,Closed,Bengaluru,12.96546,77.574794
61208965,2025-03-31T18:43:00.000,2025-04-18T11:14:00.000,Street Light Out,Closed,Bengaluru,12.97796,77.585323
61209039,2025-03-31T20:04:00.000,2025-04-03T10:08:00.000,Street Light Out,Closed,Mangaluru,12.894774,74.859964
61209157,2025-03-31T20:53:00.000,2025-04-05T12:47:26.000,Street Light Out,Closed,Bengaluru,13.045714,77.623043
61209269,2025-03-31T21:07:00.000,2025-05-07T09:56:00.000,Street Light Cycling,Closed,Belagavi,15.846762,74.556581
61209583,2025-03-31T22:04:00.000,2025-04-06T11:38:00.000,Street Light Out,Closed,Mangaluru,12.905591,74.893223
61209687,2025-03-31T23:46:00.000,2025-04-17T10:28:33.000,Street Light Cycling,Closed,Bengaluru,13.024436,77.514566
61209827,2025-04-01T06:29:00.000,2025-04-05T17:11:00.000,Street Light Cycling,Closed,Mysuru,12.330246,76.697719
61209836,2025-04-01T06:50:00.000,2025-04-07T11:12:00.000,Street Light Out,Closed,Mangaluru,12.89539,74.845954
61210022,2025-04-01T06:56:00.000,2025-04-05T12:29:32.000,Street Light Cycling,Closed,Tumakuru,13.343024,77.103009
61210082,2025-04-01T08:20:00.000,2025-04-06T08:54:00.000,Street Light Out,Closed,Bengaluru,12.996734,77.6382
61210093,2025-04-01T10:48:00.000,2025-04-04T10:42:42.000,Street Light Out,Closed,Mysuru,12.308149,76.681759
61210377,2025-04-01T11:20:00.000,2025-04-02T10:32:00.000,Street Light Out,Closed,Mangaluru,12.870539,74.848696
61210440,2025-04-01T12:38:00.000,2025-04-08T14:28:00.000,Street Light Out,Closed,Shivamogga,13.916592,75.546585
61210564,2025-04-01T17:29:00.000,2025-04-09T14:54:10.000,Street Light Out,Closed,Mangaluru,12.887073,74.84067
61210677,2025-04-01T18:12:00.000,2025-04-04T09:36:00.000,Street Light Out,Closed,Hubballi,15.352278,75.129926
61210803,2025-04-01T18:13:00.000,2025-05-01T11:37:14.000,Street Light Out,Closed,Mangaluru,12.881159,74.887009
61211212,2025-04-01T19:01:00.000,2025-04-15T09:17:21.000,Street Light Out,Closed,Belagavi,15.857753,74.512247
61211501,2025-04-01T20:33:00.000,2025-04-06T16:06:00.000,Street Light Out,Closed,Hubballi,15.352719,75.103889
61211680,2025-04-01T21:22:00.000,2025-04-03T08:31:00.000,Street Light Out,Closed,Mysuru,12.302434,76.664984
61211805,2025-04-01T21:41:00.000,2025-05-01T08:20:00.000,Street Light Out,Closed,Hubballi,15.344427,75.122002
61211848,2025-04-01T22:25:00.000,2025-05-28T16:21:00.000,Street Light Out,Closed,Hubballi,15.363712,75.11476
61211991,2025-04-01T22:38:00.000,2025-04-04T13:44:00.000,Street Light Out,Closed,Belagavi,15.857777,74.517855
61212077,2025-04-01T23:54:00.000,2025-04-07T08:21:16.000,Street Light Out,Closed,Shivamogga,13.90516,75.538849
61212241,2025-04-02T00:13:00.000,2025-04-04T12:49:00.000,Street Light Out,Closed,Bengaluru,12.973387,77.593156
61212940,2025-04-02T01:52:00.000,2025-04-22T17:14:20.000,Street Light Out,Closed,Mangaluru,12.918631,74.844065
61212999,2025-04-02T01:57:00.000,2025-04-12T09:19:51.000,Street Light Out,Closed,Hubballi,15.387751,75.143362
61213182,2025-04-02T07:18:00.000,2025-04-06T11:32:00.000,Street Light Out,Closed,Mysuru,12.305164,76.663427
61213299,2025-04-02T07:43:00.000,2025-04-14T13:09:00.000,Street Light Out,Closed,Mangaluru,12.881134,74.85334
61213323,2025-04-02T08:44:00.000,2025-04-07T10:49:00.000,Street Light Out,Closed,Hubballi,15.360355,75.144565
61213349,2025-04-02T08:58:00.000,2025-04-16T11:40:00.000,Street Light Out,Closed,Belagavi,15.877471,74.498957
61213411,2025-04-02T09:48:00.000,2025-04-14T15:17:43.000,Street Light Out,Closed,Tumakuru,13.340094,77.097816
61213539,2025-04-02T11:42:00.000,2025-04-06T16:12:00.000,Street Light Out,Closed,Hubballi,15.351292,75.134304
61213959,2025-04-02T17:22:00.000,2025-04-05T10:46:39.000,Lamppost Damaged,Closed,Mangaluru,12.878847,74.859204
61214081,2025-04-02T17:50:00.000,2025-04-06T11:01:00.000,Street Light Out,Closed,Mangaluru,12.886213,74.844748
61214175,2025-04-02T18:27:00.000,2025-04-18T17:19:00.000,Street Light Out,Closed,Mangaluru,12.873361,74.85044
61214301,2025-04-02T19:17:00.000,2025-06-08T09:06:44.000,Street Light Out,Closed,Belagavi,15.848533,74.551491
61214330,2025-04-02T19:21:00.000,2025-04-07T12:14:42.000,Lamppost Damaged,Closed,Hubballi,15.348298,75.093836
61214723,2025-04-02T20:02:00.000,2025-04-04T10:38:14.000,Street Light Out,Closed,Mangaluru,12.894813,74.853521
61214932,2025-04-02T20:18:00.000,2025-04-19T08:55:00.000,Street Light Out,Closed,Mysuru,12.310165,76.668129
61214977,2025-04-02T20:27:00.000,2025-04-06T16:35:00.000,Street Light Out,Closed,Mysuru,12.30094,76.667141
61214990,2025-04-02T20:35:00.000,2025-04-15T08:51:00.000,Street Light Out,Closed,Belagavi,15.834958,74.529932
61214993,2025-04-02T20:49:00.000,2025-04-06T16:20:00.000,Street Light Cycling,Closed,Shivamogga,13.913421,75.562877
61214995,2025-04-02T21:02:00.000,2025-04-18T13:16:00.000,Street Light Out,Closed,Shivamogga,13.898694,75.541446
61215027,2025-04-02T21:10:00.000,2025-04-07T16:47:16.000,Street Light Out,Closed,Mangaluru,12.910731,74.852291
61215076,2025-04-02T21:33:00.000,2025-04-07T11:11:00.000,Street Light Out,Closed,Mangaluru,12.885708,74.848787
61215745,2025-04-02T21:36:00.000,2025-04-06T18:00:14.000,Street Light Out,Closed,Hubballi,15.357978,75.16536
61215771,2025-04-02T22:16:00.000,2025-04-10T09:07:00.000,Street Light Out,Closed,Mangaluru,12.89291,74.855667
61215787,2025-04-02T22:54:00.000,2025-04-09T08:11:11.000,Street Light Out,Closed,Bengaluru,12.974791,77.493521
61215885,2025-04-02T23:13:00.000,2025-04-06T15:25:00.000,Street Light Out,Closed,Bengaluru,12.985162,77.607905
61215907,2025-04-03T06:11:00.000,2025-05-14T13:32:00.000,Street Light Out,Closed,Mysuru,12.305295,76.664647
61216027,2025-04-03T09:19:00.000,2025-04-29T12:22:37.000,Street Light Out,Closed,Hubballi,15.340452,75.145769
61216267,2025-04-03T09:40:00.000,2025-04-05T08:51:00.000,Street Light Out,Closed,Mangaluru,12.880149,74.860897
61216311,2025-04-03T10:19:00.000,2025-04-07T14:26:21.000,Street Light Out,Closed,Shivamogga,13.919602,75.549084
61216365,2025-04-03T17:24:00.000,2025-04-14T11:28:07.000,Street Light Out,Closed,Tumakuru,13.353919,77.101522
61216386,2025-04-03T18:07:00.000,2025-04-06T11:53:28.000,Street Light Out,Closed,Shivamogga,13.8968,75.556043
61216423,2025-04-03T19:19:00.000,2025-04-05T13:02:00.000,Street Light Out,Closed,Mysuru,12.313601,76.638434
61216431,2025-04-03T19:35:00.000,2025-04-13T10:10:38.000,Street Light Out,Closed,Shivamogga,13.917834,75.587751
61216584,2025-04-03T19:46:00.000,2025-04-10T13:42:05.000,Street Light Out,Closed,Bengaluru,12.957604,77.595827
61216847,2025-04-03T20:46:00.000,2025-04-05T10:53:00.000,Street Light Out,Closed,Mysuru,12.294073,76.670468
61216921,2025-04-03T21:22:00.000,2025-04-10T14:42:00.000,Street Light Dim,Closed,Bengaluru,12.933539,77.649444
61216967,2025-04-03T21:57:00.000,2025-04-08T17:36:13.000,Street Light Out,Closed,Belagavi,15.847646,74.549765
61217064,2025-04-03T22:42:00.000,2025-04-29T08:29:25.000,Street Light Out,Closed,Tumakuru,13.351574,77.098744
61217405,2025-04-03T22:50:00.000,2025-04-16T10:01:00.000,Street Light Out,Closed,Bengaluru,12.993315,77.61439
61217466,2025-04-03T23:31:00.000,2025-04-17T15:35:49.000,Street Light Out,Closed,Mangaluru,12.895136,74.840035
61217503,2025-04-04T03:08:00.000,2025-04-26T11:10:26.000,Street Light Out,Closed,Tumakuru,13.348734,77.103927
61217700,2025-04-04T06:15:00.000,2025-04-06T17:38:57.000,Street Light Out,Closed,Tumakuru,13.369235,77.096337
61217870,2025-04-04T06:38:00.000,2025-04-09T15:30:43.000,Street Light Out,Closed,Shivamogga,13.901538,75.558496
61218172,2025-04-04T08:16:00.000,2025-04-07T09:55:00.000,Street Light Out,Closed,Mangaluru,12.889707,74.854549
61218353,2025-04-04T08:30:00.000,2025-04-07T16:15:46.000,Street Light Out,Closed,Bengaluru,12.97213,77.583836
61218474,2025-04-04T11:08:00.000,2025-04-10T08:20:15.000,Street Light Out,Closed,Bengaluru,12.949677,77.648629
61218483,2025-04-04T12:23:00.000,2025-04-13T11:58:00.000,Street Light Out,Closed,Bengaluru,13.032367,77.56195
61218508,2025-04-04T16:29:00.000,2025-04-11T16:22:00.000,Street Light Out,Closed,Belagavi,15.88311,74.501471
61218673,2025-04-04T18:19:00.000,2025-04-07T14:40:59.000,Street Light Out,Closed,Belagavi,15.818722,74.490421
61218726,2025-04-04T18:40:00.000,2025-04-11T17:07:00.000,Street Light Out,Closed,Shivamogga,13.932063,75.546429
61218728,2025-04-04T18:56:00.000,2025-04-19T12:54:13.000,Street Light Out,Closed,Mangaluru,12.853682,74.846663
61218935,2025-04-04T19:37:00.000,2025-04-07T18:10:00.000,Street Light Cycling,Closed,Mangaluru,12.854057,74.876063
61219213,2025-04-04T19:54:00.000,2025-04-08T08:24:00.000,Street Light Out,Closed,Tumakuru,13.337364,77.107362
61219291,2025-04-04T20:08:00.000,2025-04-09T12:26:04.000,Street Light Out,Closed,Hubballi,15.378086,75.148821
61219375,2025-04-04T20:21:00.000,2025-04-11T18:03:32.000,Street Light Out,Closed,Tumakuru,13.352328,77.102003
61219540,2025-04-04T20:22:00.000,2025-04-09T08:08:35.000,Street Light Dim,Closed,Mangaluru,12.892864,74.849162
61219645,2025-04-04T20:46:00.000,2025-04-09T08:14:00.000,Street Light Out,Closed,Mangaluru,12.870576,74.849343
61219764,2025-04-04T21:37:00.000,2025-04-22T14:42:00.000,Street Light Out,Closed,Shivamogga,13.919449,75.56029
61219774,2025-04-04T22:55:00.000,2025-04-05T17:24:40.000,Street Light Out,Closed,Mangaluru,12.852617,74.887247
61219806,2025-04-04T23:37:00.000,2025-04-06T16:28:14.000,Street Light Out,Closed,Bengaluru,12.948905,77.663897
61219902,2025-04-05T00:41:00.000,2025-04-10T14:40:00.000,Street Light Out,Closed,Mangaluru,12.914556,74.854767
61219980,2025-04-05T02:34:00.000,2025-04-07T09:03:56.000,Street Light Out,Closed,Shivamogga,13.906151,75.56568
61220404,2025-04-05T09:42:00.000,2025-04-06T16:44:43.000,Street Light Out,Closed,Bengaluru,12.935665,77.624874
61220572,2025-04-05T09:51:00.000,2025-04-09T13:59:32.000,Street Light Out,Closed,Mangaluru,12.872434,74.850195
61220687,2025-04-05T10:27:00.000,2025-04-09T11:41:00.000,Street Light Out,Closed,Bengaluru,12.975389,77.580736
61220715,2025-04-05T11:18:00.000,2025-04-12T09:00:34.000,Street Light Out,Closed,Hubballi,15.42045,75.13624
61220787,2025-04-05T16:37:00.000,2025-04-15T18:45:00.000,Street Light Out,Closed,Shivamogga,13.942237,75.546203
61220789,2025-04-05T17:05:00.000,2025-04-14T18:46:00.000,Street Light Out,Closed,Shivamogga,13.914324,75.567605
61221145,2025-04-05T19:19:00.000,2025-04-10T16:59:00.000,Street Light Dayburning,Closed,Mangaluru,12.859648,74.884648
61221320,2025-04-05T19:32:00.000,2025-04-18T14:46:39.000,Lamppost Damaged,Closed,Bengaluru,13.020735,77.5186
61221407,2025-04-05T20:21:00.000,2025-04-10T10:06:00.000,Street Light Out,Closed,Tumakuru,13.350089,77.105363
61221427,2025-04-05T21:24:00.000,2025-04-12T11:07:50.000,Street Light Dayburning,Closed,Mangaluru,12.872087,74.851623
61221588,2025-04-05T21:46:00.000,2025-04-07T08:09:16.000,Street Light Out,Closed,Tumakuru,13.331466,77.096221
61221679,2025-04-05T22:40:00.000,2025-04-08T16:17:00.000,Street Light Out,Closed,Mangaluru,12.90492,74.879923
61221749,2025-04-05T22:57:00.000,2025-04-07T12:56:00.000,Street Light Out,Closed,Hubballi,15.364216,75.165074
61221809,2025-04-05T23:14:00.000,2025-04-10T12:43:00.000,Street Light Out,Closed,Shivamogga,13.923689,75.576048
61222027,2025-04-05T23:42:00.000,2025-04-06T18:24:03.000,Street Light Out,Closed,Belagavi,15.852977,74.522613
61222066,2025-04-06T00:05:00.000,2025-04-11T08:05:18.000,Lamppost Damaged,Closed,Belagavi,15.845437,74.550471
61222116,2025-04-06T04:46:00.000,2025-04-11T08:27:00.000,Street Light Out,Closed,Mangaluru,12.877744,74.853894
61222623,2025-04-06T09:29:00.000,2025-04-13T10:41:58.000,Street Light Out,Closed,Mangaluru,12.927447,74.846892
61222837,2025-04-06T09:42:00.000,2025-04-09T18:02:00.000,Street Light Out,Closed,Bengaluru,12.970911,77.589469
61222960,2025-04-06T09:44:00.000,2025-04-08T10:32:00.000,Street Light Out,Closed,Shivamogga,13.95763,75.575409
61223034,2025-04-06T10:37:00.000,2025-04-28T13:21:00.000,Street Light Out,Closed,Shivamogga,13.888613,75.548526
61223171,2025-04-06T11:20:00.000,2025-04-09T17:59:00.000,Street Light Out,Closed,Bengaluru,12.982093,77.584898
61223382,2025-04-06T13:46:00.000,2025-04-10T08:31:50.000,Street Light Out,Closed,Bengaluru,12.996451,77.532605
61223398,2025-04-06T16:37:00.000,2025-04-08T15:12:00.000,Street Light Out,Closed,Bengaluru,12.95818,77.599183
61223444,2025-04-06T18:29:00.000,2025-04-13T13:31:00.000,Street Light Out,Closed,Mysuru,12.300943,76.663846
61223504,2025-04-06T19:32:00.000,2025-05-14T12:12:00.000,Street Light Out,Closed,Mysuru,12.315903,76.683003
61223723,2025-04-06T21:05:00.000,2025-04-08T15:01:39.000,Street Light Out,Closed,Mangaluru,12.87292,74.851815
61223754,2025-04-06T21:13:00.000,2025-04-10T16:34:00.000,Street Light Out,Closed,Belagavi,15.850272,74.517368
61224021,2025-04-06T22:37:00.000,2025-04-28T09:01:00.000,Street Light Out,Closed,Bengaluru,12.974686,77.576946
61224246,2025-04-06T23:01:00.000,2025-04-11T17:48:02.000,Street Light Out,Closed,Mangaluru,12.872251,74.854226
61224483,2025-04-07T00:33:00.000,2025-05-02T13:33:00.000,Street Light Out,Closed,Belagavi,15.83472,74.507295
61224521,2025-04-07T08:53:00.000,2025-04-10T13:34:12.000,Lamppost Damaged,Closed,Mangaluru,12.866085,74.838344
61224939,2025-04-07T09:57:00.000,2025-04-09T12:14:27.000,Street Light Out,Closed,Mangaluru,12.88297,74.846337
61225113,2025-04-07T11:56:00.000,2025-04-09T13:05:42.000,Street Light Out,Closed,Mangaluru,12.866779,74.851232
61225468,2025-04-07T12:25:00.000,2025-04-08T09:50:09.000,Street Light Out,Closed,Hubballi,15.360341,75.144639
61225572,2025-04-07T15:39:00.000,2025-04-10T18:52:23.000,Street Light Dayburning,Closed,Hubballi,15.352482,75.115235
61225575,2025-04-07T15:39:00.000,2025-04-22T09:18:00.000,Street Light Out,Closed,Shivamogga,13.912037,75.601226
61225661,2025-04-07T19:09:00.000,2025-04-09T13:51:00.000,Street Light Out,Closed,Bengaluru,12.973384,77.593147
61225852,2025-04-07T20:29:00.000,2025-04-08T17:20:13.000,Street Light Out,Closed,Bengaluru,12.968111,77.594991
61226036,2025-04-07T22:11:00.000,2025-04-12T17:00:00.000,Street Light Out,Closed,Mangaluru,12.899617,74.861473
61226160,2025-04-07T22:29:00.000,2025-04-12T14:31:35.000,Street Light Dayburning,Closed,Belagavi,15.807691,74.479528
61226280,2025-04-08T00:31:00.000,2025-04-22T12:57:38.000,Street Light Out,Closed,Bengaluru,12.852029,77.497158
61226401,2025-04-08T01:26:00.000,2025-04-10T16:48:00.000,Street Light Out,Closed,Mangaluru,12.872913,74.842643
61226451,2025-04-08T02:16:00.000,2025-04-10T14:27:10.000,Street Light Out,Closed,Mangaluru,12.890073,74.843236
61226493,2025-04-08T02:39:00.000,2025-04-14T11:24:07.000,Street Light Out,Closed,Bengaluru,13.000402,77.593423
61226651,2025-04-08T05:38:00.000,2025-04-13T15:27:00.000,Street Light Out,Closed,Bengaluru,12.865209,77.500956
61226663,2025-04-08T08:19:00.000,2025-04-12T14:28:00.000,Street Light Dim,Closed,Mangaluru,12.873396,74.892622
61226855,2025-04-08T11:30:00.000,2025-04-10T17:10:17.000,Street Light Out,Closed,Tumakuru,13.340997,77.11018
61226979,2025-04-08T11:41:00.000,2025-04-12T17:07:52.000,Street Light Out,Closed,Bengaluru,12.981383,77.583402
61227151,2025-04-08T11:53:00.000,2025-04-11T12:08:12.000,Street Light Out,Closed,Belagavi,15.847811,74.554922
61227346,2025-04-08T16:52:00.000,2025-04-15T17:12:35.000,Street Light Out,Closed,Bengaluru,13.029916,77.455856
61227512,2025-04-08T18:13:00.000,2025-04-13T17:44:28.000,Street Light Out,Closed,Hubballi,15.352993,75.131509
61227586,2025-04-08T18:48:00.000,2025-04-17T17:23:00.000,Street Light Out,Closed,Belagavi,15.858427,74.480668
61227644,2025-04-08T21:39:00.000,2025-04-21T14:15:00.000,Street Light Out,Closed,Hubballi,15.351436,75.141951
61228027,2025-04-08T21:41:00.000,2025-04-16T08:11:00.000,Street Light Out,Closed,Mangaluru,12.90551,74.85168
61228214,2025-04-08T22:32:00.000,2025-05-15T11:36:23.000,Street Light Out,Closed,Shivamogga,13.901203,75.552709
61228217,2025-04-08T23:42:00.000,2025-04-13T16:30:07.000,Street Light Out,Closed,Mangaluru,12.891646,74.849501
61228529,2025-04-09T00:52:00.000,2025-04-13T09:35:00.000,Street Light Out,Closed,Bengaluru,12.947062,77.605454
61228560,2025-04-09T05:19:00.000,2025-04-10T10:24:06.000,Street Light Out,Closed,Mangaluru,12.899712,74.847649
61228588,2025-04-09T05:32:00.000,2025-04-12T12:49:00.000,Street Light Out,Closed,Bengaluru,12.99208,77.561386
61228618,2025-04-09T05:59:00.000,2025-04-12T13:35:04.000,Street Light Out,Closed,Hubballi,15.366726,75.148015
61228629,2025-04-09T09:00:00.000,2025-04-22T13:53:40.000,Street Light Out,Closed,Bengaluru,13.019707,77.620995
61228648,2025-04-09T09:19:00.000,2025-05-01T17:33:01.000,Street Light Out,Closed,Hubballi,15.401567,75.135596
61228706,2025-04-09T10:21:00.000,2025-04-11T10:37:58.000,Street Light Out,Closed,Mysuru,12.321901,76.667812
61228714,2025-04-09T11:14:00.000,2025-04-10T16:18:43.000,Street Light Out,Closed,Bengaluru,12.988382,77.576268
61228731,2025-04-09T17:26:00.000,2025-04-11T13:21:33.000,Street Light Out,Closed,Mysuru,12.3025,76.665594
61228823,2025-04-09T18:18:00.000,2025-04-12T15:49:39.000,Street Light Out,Closed,Hubballi,15.401767,75.130671
61228908,2025-04-09T20:28:00.000,2025-04-16T10:46:12.000,Street Light Out,Closed,Hubballi,15.352767,75.103847
61229173,2025-04-09T20:44:00.000,2025-04-13T15:56:01.000,Street Light Out,Closed,Mysuru,12.295456,76.664188
61229395,2025-04-09T23:54:00.000,2025-04-13T08:38:00.000,Street Light Out,Closed,Mysuru,12.350156,76.627552
61229478,2025-04-10T03:49:00.000,2025-04-15T14:45:48.000,Street Light Out,Closed,Bengaluru,12.92181,77.640836
61229601,2025-04-10T06:43:00.000,2025-04-11T09:59:03.000,Street Light Cycling,Closed,Tumakuru,13.330016,77.093574
61229650,2025-04-10T07:51:00.000,2025-04-11T12:52:52.000,Street Light Out,Closed,Hubballi,15.360212,75.124471
61229746,2025-04-10T08:44:00.000,2025-04-14T09:12:00.000,Street Light Out,Closed,Mangaluru,12.891466,74.852716
61229767,2025-04-10T09:08:00.000,2025-04-30T18:08:01.000,Street Light Out,Closed,Mangaluru,12.890097,74.856594
61230069,2025-04-10T09:23:00.000,2025-04-20T10:54:22.000,Street Light Out,Closed,Bengaluru,12.935425,77.65512
61230126,2025-04-10T10:14:00.000,2025-04-11T13:56:32.000,Street Light Out,Closed,Mangaluru,12.916601,74.856056
61230221,2025-04-10T11:00:00.000,2025-04-20T09:17:00.000,Street Light Out,Closed,Bengaluru,12.979623,77.618042
61230403,2025-04-10T13:39:00.000,2025-04-13T18:42:00.000,Street Light Out,Closed,Belagavi,15.881462,74.501914
61230560,2025-04-10T14:39:00.000,2025-04-14T14:16:00.000,Street Light Out,Closed,Bengaluru,12.984763,77.595201
61230826,2025-04-10T19:26:00.000,2025-04-13T15:07:49.000,Street Light Out,Closed,Mangaluru,12.901153,74.851504
61230852,2025-04-10T19:34:00.000,2025-04-17T11:02:00.000,Street Light Out,Closed,Mangaluru,12.876179,74.875484
61230968,2025-04-10T19:53:00.000,2025-04-16T11:13:00.000,Street Light Out,Closed,Mangaluru,12.847656,74.8767
61230993,2025-04-10T21:52:00.000,2025-06-11T09:56:19.000,Street Light Out,Closed,Hubballi,15.34974,75.134054
61231068,2025-04-11T02:43:00.000,2025-04-14T10:11:02.000,Street Light Out,Closed,Mysuru,12.323069,76.709565
61231187,2025-04-11T02:45:00.000,2025-04-13T15:57:00.000,Street Light Out,Closed,Hubballi,15.355676,75.168334
61231655,2025-04-11T07:07:00.000,2025-04-14T12:39:00.000,Street Light Out,Closed,Mangaluru,12.880535,74.856872
61231798,2025-04-11T08:06:00.000,2025-04-12T13:35:02.000,Street Light Out,Closed,Mysuru,12.306593,76.635034
61231827,2025-04-11T08:32:00.000,2025-04-12T11:42:57.000,Street Light Out,Closed,Hubballi,15.364177,75.165021
61232050,2025-04-11T10:26:00.000,2025-04-12T13:38:23.000,Lamppost Damaged,Closed,Bengaluru,12.972906,77.579849
61232295,2025-04-11T10:48:00.000,2025-04-16T08:08:06.000,Street Light Cycling,Closed,Mysuru,12.308233,76.661167
61232307,2025-04-11T11:04:00.000,2025-04-13T11:10:13.000,Street Light Out,Closed,Tumakuru,13.341962,77.109842
61232504,2025-04-11T11:29:00.000,2025-04-19T17:24:00.000,Street Light Out,Closed,Belagavi,15.882076,74.500401
61233103,2025-04-11T12:29:00.000,2025-05-02T13:30:50.000,Street Light Out,Closed,Tumakuru,13.352898,77.104706
61233138,2025-04-11T12:39:00.000,2025-04-15T18:13:50.000,Street Light Out,Closed,Bengaluru,12.946662,77.597086
61233166,2025-04-11T12:59:00.000,2025-04-18T13:28:00.000,Street Light Out,Closed,Mangaluru,12.882156,74.847768
61233257,2025-04-11T14:32:00.000,2025-04-19T16:47:53.000,Street Light Out,Closed,Belagavi,15.845508,74.506552
61233310,2025-04-11T15:20:00.000,2025-04-14T15:12:00.000,Street Light Out,Closed,Mangaluru,12.876018,74.874491
61233750,2025-04-11T15:55:00.000,2025-04-23T08:20:00.000,Street Light Out,Closed,Mangaluru,12.885884,74.847489
61233783,2025-04-11T18:20:00.000,2025-04-18T10:59:00.000,Street Light Out,Closed,Tumakuru,13.340974,77.110248
61233920,2025-04-11T19:02:00.000,2025-04-15T11:56:00.000,Street Light Out,Closed,Shivamogga,13.92119,75.572349
61233984,2025-04-11T20:09:00.000,2025-04-17T14:00:00.000,Street Light Out,Closed,Mangaluru,12.877553,74.85426
61234032,2025-04-11T21:04:00.000,2025-04-19T18:25:00.000,Street Light Out,Closed,Mangaluru,12.87197,74.847328
61234163,2025-04-11T21:31:00.000,2025-04-13T13:14:00.000,Street Light Out,Closed,Mangaluru,12.824925,74.844902
61234499,2025-04-11T21:46:00.000,2025-04-14T15:25:25.000,Street Light Out,Closed,Mangaluru,12.871374,74.852544
61234678,2025-04-11T21:52:00.000,2025-04-18T09:12:00.000,Street Light Out,Closed,Mangaluru,12.885994,74.849671
61234725,2025-04-11T22:35:00.000,2025-04-12T08:20:55.000,Street Light Out,Closed,Shivamogga,13.909881,75.541468
61234855,2025-04-11T22:40:00.000,2025-04-15T13:14:04.000,Street Light Dim,Closed,Belagavi,15.861219,74.493879
61234908,2025-04-11T22:55:00.000,2025-04-17T16:25:44.000,Street Light Out,Closed,Hubballi,15.332004,75.157557
61235176,2025-04-12T02:07:00.000,2025-04-17T15:02:00.000,Street Light Out,Closed,Mangaluru,12.89392,74.848607
61235225,2025-04-12T02:57:00.000,2025-04-13T09:29:50.000,Street Light Out,Closed,Mysuru,12.29768,76.668215
61235234,2025-04-12T04:05:00.000,2025-04-18T10:13:19.000,Street Light Out,Closed,Bengaluru,13.014322,77.518178
61235253,2025-04-12T06:36:00.000,2025-04-14T09:17:25.000,Street Light Out,Closed,Shivamogga,13.931513,75.546977
61235345,2025-04-12T08:40:00.000,2025-05-27T14:34:00.000,Street Light Out,Closed,Shivamogga,13.918092,75.567868
61235415,2025-04-12T08:42:00.000,2025-04-14T10:40:00.000,Street Light Out,Closed,Mysuru,12.306028,76.654019
61235498,2025-04-12T09:20:00.000,2025-05-22T16:48:54.000,Street Light Dayburning,Closed,Hubballi,15.367628,75.158419
61235763,2025-04-12T15:52:00.000,2025-04-13T17:28:00.000,Street Light Out,Closed,Bengaluru,12.980066,77.58704
61235800,2025-04-12T16:08:00.000,2025-04-14T09:19:56.000,Street Light Out,Closed,Bengaluru,12.982724,77.565754
61235935,2025-04-12T17:20:00.000,2025-05-04T13:51:00.000,Street Light Out,Closed,Mangaluru,12.92202,74.873301
61236056,2025-04-12T18:53:00.000,2025-04-15T09:49:03.000,Street Light Out,Closed,Bengaluru,12.981385,77.616198
61236093,2025-04-12T19:11:00.000,2025-04-16T08:03:00.000,Street Light Out,Closed,Mangaluru,12.890373,74.853773
61236399,2025-04-12T19:36:00.000,2025-04-16T16:18:40.000,Street Light Out,Closed,Bengaluru,12.946139,77.520472
61236622,2025-04-12T20:38:00.000,2025-04-19T17:34:21.000,Street Light Out,Closed,Mangaluru,12.871505,74.846311
61236684,2025-04-12T20:58:00.000,2025-04-22T13:41:00.000,Street Light Out,Closed,Belagavi,15.851057,74.556013
61237005,2025-04-13T01:59:00.000,2025-04-15T13:17:42.000,Street Light Out,Closed,Bengaluru,12.947604,77.596003
61237088,2025-04-13T03:07:00.000,2025-04-15T18:02:17.000,Street Light Out,Closed,Mangaluru,12.890535,74.838467
61237406,2025-04-13T03:55:00.000,2025-04-15T17:45:09.000,Street Light Cycling,Closed,Shivamogga,13.926272,75.551572
61237482,2025-04-13T08:25:00.000,2025-04-15T13:41:00.000,Street Light Out,Closed,Mysuru,12.293793,76.672357
61237496,2025-04-13T09:17:00.000,2025-05-21T15:50:34.000,Street Light Out,Closed,Shivamogga,13.928547,75.575748
61237672,2025-04-13T09:59:00.000,2025-04-19T11:59:00.000,Street Light Out,Closed,Mangaluru,12.888674,74.85472
61237682,2025-04-13T10:07:00.000,2025-04-19T12:27:48.000,Street Light Out,Closed,Belagavi,15.850392,74.551804
61237739,2025-04-13T13:32:00.000,2025-04-15T14:21:00.000,Street Light Out,Closed,Hubballi,15.358745,75.168162
61237772,2025-04-13T18:56:00.000,2025-04-16T13:27:00.000,Street Light Out,Closed,Shivamogga,13.951982,75.564259
61237888,2025-04-13T19:17:00.000,2025-04-15T13:08:29.000,Street Light Out,Closed,Mangaluru,12.901151,74.8516
61238131,2025-04-13T20:07:00.000,2025-05-10T08:21:03.000,Street Light Out,Closed,Hubballi,15.347938,75.10987
61238674,2025-04-13T20:22:00.000,2025-04-29T14:19:31.000,Street Light Out,Closed,Hubballi,15.357834,75.134363
61238728,2025-04-13T20:28:00.000,2025-04-16T17:17:00.000,Street Light Out,Closed,Mangaluru,12.884198,74.838374
61238781,2025-04-13T20:30:00.000,2025-04-20T09:04:23.000,Street Light Out,Closed,Belagavi,15.844891,74.550551
61238784,2025-04-13T20:41:00.000,2025-04-25T09:58:00.000,Street Light Out,Closed,Belagavi,15.859382,74.480705
61238849,2025-04-13T21:07:00.000,2025-04-20T10:23:00.000,Street Light Out,Closed,Belagavi,15.842114,74.549526
61239033,2025-04-13T21:14:00.000,2025-04-21T08:40:00.000,Street Light Out,Closed,Shivamogga,13.92764,75.555746
61239036,2025-04-14T00:21:00.000,2025-04-16T11:05:00.000,Street Light Out,Closed,Mysuru,12.301462,76.683814
61239066,2025-04-14T01:14:00.000,2025-04-21T15:33:00.000,Street Light Out,Closed,Bengaluru,12.988937,77.625649
61239166,2025-04-14T02:44:00.000,2025-04-23T13:24:26.000,Street Light Out,Closed,Mangaluru,12.892915,74.84916
61239406,2025-04-14T09:34:00.000,2025-04-28T17:11:00.000,Street Light Dayburning,Closed,Mangaluru,12.880199,74.860892
61239582,2025-04-14T11:29:00.000,2025-04-18T17:42:11.000,Street Light Out,Closed,Hubballi,15.348936,75.142772
61239695,2025-04-14T12:49:00.000,2025-04-15T11:36:32.000,Street Light Out,Closed,Hubballi,15.349656,75.125993
61239696,2025-04-14T17:09:00.000,2025-04-19T09:44:00.000,Street Light Out,Closed,Bengaluru,12.965657,77.587646
61239763,2025-04-14T17:16:00.000,2025-04-15T18:25:08.000,Street Light Out,Closed,Mangaluru,12.885721,74.848906
61239860,2025-04-14T18:20:00.000,2025-04-23T09:50:39.000,Street Light Out,Closed,Mysuru,12.331025,76.682918
61239890,2025-04-14T19:16:00.000,2025-05-01T10:04:45.000,Street Light Out,Closed,Shivamogga,13.917429,75.562766
61239934,2025-04-14T19:26:00.000,2025-04-17T10:45:00.000,Street Light Out,Closed,Mangaluru,12.867565,74.840932
61239954,2025-04-14T23:25:00.000,2025-04-17T09:39:00.000,Street Light Out,Closed,Shivamogga,13.924422,75.555333
61240268,2025-04-15T00:14:00.000,2025-04-17T17:54:00.000,Street Light Out,Closed,Bengaluru,12.965078,77.575762
61240324,2025-04-15T00:53:00.000,2025-04-18T16:31:14.000,Street Light Out,Closed,Bengaluru,12.980457,77.575329
61240602,2025-04-15T04:40:00.000,2025-04-24T17:55:16.000,Street Light Cycling,Closed,Belagavi,15.849738,74.508645
61240603,2025-04-15T07:19:00.000,2025-05-20T15:29:00.000,Street Light Out,Closed,Bengaluru,12.993081,77.634556
61240623,2025-04-15T08:44:00.000,2025-04-16T16:37:41.000,Street Light Out,Closed,Bengaluru,13.020434,77.604399
61240705,2025-04-15T09:44:00.000,2025-04-22T11:58:00.000,Street Light Out,Closed,Belagavi,15.845051,74.557258
61240863,2025-04-15T10:20:00.000,2025-04-17T17:20:00.000,Street Light Out,Closed,Mysuru,12.302964,76.667023
61240963,2025-04-15T10:44:00.000,2025-04-23T09:43:50.000,Street Light Dayburning,Closed,Shivamogga,13.895292,75.558784
61241032,2025-04-15T10:58:00.000,2025-04-17T13:01:00.000,Street Light Out,Closed,Mangaluru,12.876395,74.859385
61241060,2025-04-15T11:03:00.000,2025-04-18T14:33:00.000,Street Light Out,Closed,Bengaluru,12.98493,77.590468
61241101,2025-04-15T11:27:00.000,2025-05-27T08:22:00.000,Street Light Out,Closed,Shivamogga,13.926702,75.55926
61241117,2025-04-15T11:52:00.000,2025-04-26T12:50:00.000,Street Light Out,Closed,Belagavi,15.823694,74.470799
61241260,2025-04-15T15:52:00.000,2025-04-24T13:13:00.000,Street Light Out,Closed,Shivamogga,13.913434,75.562248
61241570,2025-04-15T17:16:00.000,2025-04-20T18:37:00.000,Street Light Out,Closed,Mangaluru,12.878907,74.845232
61242007,2025-04-15T17:28:00.000,2025-04-17T09:57:00.000,Street Light Out,Closed,Tumakuru,13.341509,77.10934
61242084,2025-04-15T18:33:00.000,2025-04-17T17:40:10.000,Street Light Out,Closed,Mangaluru,12.919295,74.853232
61242088,2025-04-15T18:41:00.000,2025-04-28T15:42:46.000,Street Light Out,Closed,Bengaluru,12.957485,77.595789
61242243,2025-04-15T18:42:00.000,2025-04-29T14:24:00.000,Street Light Out,Closed,Bengaluru,12.975077,77.578964
61242838,2025-04-15T20:05:00.000,2025-04-22T12:08:00.000,Street Light Out,Closed,Shivamogga,13.916665,75.558298
61242912,2025-04-15T20:14:00.000,2025-04-18T09:05:00.000,Street Light Out,Closed,Hubballi,15.355548,75.154016
61243019,2025-04-15T21:37:00.000,2025-04-20T15:58:44.000,Street Light Out,Closed,Tumakuru,13.348385,77.104176
61243120,2025-04-15T22:10:00.000,2025-04-21T15:39:00.000,Street Light Out,Closed,Tumakuru,13.36142,77.097963
61243259,2025-04-15T23:01:00.000,2025-04-20T11:18:00.000,Street Light Out,Closed,Shivamogga,13.919285,75.563732
61243260,2025-04-15T23:44:00.000,2025-04-22T13:16:00.000,Street Light Out,Closed,Belagavi,15.836202,74.510947
61243320,2025-04-16T00:22:00.000,2025-04-24T13:51:42.000,Street Light Out,Closed,Mysuru,12.294548,76.666406
61243354,2025-04-16T07:26:00.000,2025-04-23T12:21:00.000,Street Light Out,Closed,Bengaluru,12.950422,77.575692
61243614,2025-04-16T07:40:00.000,2025-04-21T14:21:00.000,Street Light Out,Closed,Mangaluru,12.866722,74.851332
61243733,2025-04-16T08:39:00.000,2025-04-18T16:50:08.000,Street Light Out,Closed,Belagavi,15.862871,74.492346
61243795,2025-04-16T09:50:00.000,2025-04-18T15:42:00.000,Street Light Out,Closed,Bengaluru,13.017668,77.609451
61244094,2025-04-16T14:35:00.000,2025-04-25T18:41:19.000,Street Light Out,Closed,Bengaluru,12.941074,77.66426
61244103,2025-04-16T15:28:00.000,2025-04-28T17:04:00.000,Street Light Out,Closed,Shivamogga,13.889813,75.556256
61244108,2025-04-16T16:18:00.000,2025-04-30T18:57:44.000,Street Light Out,Closed,Mangaluru,12.899459,74.862311
61244144,2025-04-16T17:20:00.000,2025-04-24T08:56:40.000,Street Light Out,Closed,Belagavi,15.850253,74.515304
61244254,2025-04-16T18:37:00.000,2025-07-05T09:32:00.000,Street Light Out,Closed,Belagavi,15.826957,74.480323
61244262,2025-04-16T19:20:00.000,2025-04-19T13:05:19.000,Street Light Out,Closed,Mangaluru,12.91238,74.852971
61244731,2025-04-16T19:21:00.000,2025-04-22T10:29:00.000,Street Light Dayburning,Closed,Belagavi,15.814837,74.567037
61244830,2025-04-16T19:23:00.000,2025-04-21T10:55:01.000,Street Light Out,Closed,Mangaluru,12.891634,74.849447
61245156,2025-04-16T20:55:00.000,2025-04-29T15:48:00.000,Street Light Out,Closed,Bengaluru,12.954464,77.639362
61245184,2025-04-16T21:14:00.000,2025-04-19T08:36:00.000,Street Light Out,Closed,Mangaluru,12.872937,74.851809
61245361,2025-04-16T21:42:00.000,2025-05-02T15:46:00.000,Street Light Out,Closed,Mangaluru,12.869979,74.894851
61245487,2025-04-16T23:01:00.000,2025-04-17T09:40:00.000,Street Light Out,Closed,Hubballi,15.365259,75.156412
61245489,2025-04-17T06:19:00.000,2025-04-19T08:38:43.000,Street Light Out,Closed,Belagavi,15.865067,74.502476
61245933,2025-04-17T07:15:00.000,2025-04-28T18:30:00.000,Street Light Out,Closed,Tumakuru,13.330755,77.108442
61246079,2025-04-17T07:57:00.000,2025-05-04T15:11:09.000,Street Light Out,Closed,Mangaluru,12.885034,74.850106
61246171,2025-04-17T09:33:00.000,2025-05-10T12:48:16.000,Street Light Out,Closed,Bengaluru,13.074128,77.650508
61246298,2025-04-17T09:44:00.000,2025-04-28T17:03:56.000,Street Light Out,Closed,Mangaluru,12.897942,74.897054
61246402,2025-04-17T09:50:00.000,2025-05-09T10:29:23.000,Street Light Out,Closed,Bengaluru,13.016177,77.519517
61246408,2025-04-17T09:51:00.000,2025-04-22T14:34:00.000,Street Light Out,Closed,Bengaluru,13.016599,77.622357
61246521,2025-04-17T10:24:00.000,2025-04-22T15:47:46.000,Street Light Out,Closed,Mysuru,12.344603,76.654864
61246676,2025-04-17T12:50:00.000,2025-04-24T14:11:47.000,Street Light Out,Closed,Shivamogga,13.89334,75.548399
61246680,2025-04-17T17:46:00.000,2025-05-12T09:22:00.000,Street Light Out,Closed,Tumakuru,13.341855,77.100557
61246688,2025-04-17T18:50:00.000,2025-04-19T08:31:04.000,Street Light Dayburning,Closed,Mysuru,12.282064,76.692907
61246937,2025-04-17T20:03:00.000,2025-04-21T12:33:21.000,Street Light Out,Closed,Mangaluru,12.899545,74.861455
61246970,2025-04-17T20:22:00.000,2025-05-04T10:02:11.000,Street Light Cycling,Closed,Mangaluru,12.86542,74.851743
61247124,2025-04-17T20:58:00.000,2025-04-20T18:31:03.000,Street Light Out,Closed,Tumakuru,13.314229,77.122699
61247315,2025-04-17T21:39:00.000,2025-04-25T13:31:00.000,Street Light Cycling,Closed,Bengaluru,12.982168,77.591973
61247452,2025-04-17T22:02:00.000,2025-04-21T12:40:31.000,Street Light Out,Closed,Mysuru,12.295453,76.664279
61247479,2025-04-17T22:08:00.000,2025-04-22T08:07:00.000,Street Light Out,Closed,Mangaluru,12.876378,74.859378
61247680,2025-04-17T22:44:00.000,2025-05-02T18:15:08.000,Street Light Out,Closed,Bengaluru,13.099672,77.528451
61247725,2025-04-17T22:44:00.000,2025-04-19T15:44:00.000,Street Light Out,Closed,Bengaluru,12.961761,77.583792
61247734,2025-04-17T23:24:00.000,2025-04-20T17:26:00.000,Street Light Out,Closed,Belagavi,15.847732,74.507601
61247746,2025-04-18T00:40:00.000,2025-04-23T15:06:18.000,Street Light Cycling,Closed,Shivamogga,13.921221,75.572337
61247880,2025-04-18T01:16:00.000,2025-04-19T13:04:00.000,Street Light Out,Closed,Mangaluru,12.869963,74.850142
61247915,2025-04-18T05:57:00.000,2025-04-28T12:40:00.000,Street Light Out,Closed,Bengaluru,13.027068,77.517123
61247961,2025-04-18T07:42:00.000,2025-05-01T18:25:00.000,Street Light Out,Closed,Belagavi,15.858884,74.516925
61248001,2025-04-18T07:47:00.000,2025-04-22T11:15:00.000,Street Light Out,Closed,Belagavi,15.850338,74.554329
61248207,2025-04-18T07:53:00.000,2025-05-06T18:57:02.000,Street Light Out,Closed,Tumakuru,13.327399,77.070694
61248314,2025-04-18T09:24:00.000,2025-04-20T13:41:03.000,Street Light Out,Closed,Bengaluru,13.028818,77.616355
61248550,2025-04-18T10:03:00.000,2025-04-26T09:31:00.000,Street Light Out,Closed,Shivamogga,13.922785,75.571145
61248565,2025-04-18T10:45:00.000,2025-06-03T14:22:00.000,Street Light Out,Closed,Shivamogga,13.924756,75.550775
61248586,2025-04-18T12:34:00.000,2025-04-19T18:46:16.000,Street Light Dim,Closed,Shivamogga,13.95994,75.568501
61248740,2025-04-18T14:41:00.000,2025-04-21T09:26:00.000,Street Light Out,Closed,Belagavi,15.848649,74.510063
61248760,2025-04-18T16:43:00.000,2025-06-04T13:46:08.000,Street Light Out,Closed,Belagavi,15.849094,74.551354
61248945,2025-04-18T17:16:00.000,2025-04-25T13:08:53.000,Street Light Out,Closed,Hubballi,15.354049,75.14042
61248975,2025-04-18T18:53:00.000,2025-04-21T17:56:17.000,Street Light Dayburning,Closed,Mangaluru,12.896197,74.869977
61249123,2025-04-18T20:37:00.000,2025-05-10T11:54:00.000,Street Light Out,Closed,Tumakuru,13.342526,77.112265
61249176,2025-04-18T22:07:00.000,2025-04-25T09:53:00.000,Street Light Out,Closed,Bengaluru,12.967295,77.62032
61249190,2025-04-18T22:22:00.000,2025-05-15T15:54:00.000,Street Light Out,Closed,Bengaluru,12.982709,77.56575
61249346,2025-04-18T22:27:00.000,2025-04-23T11:59:41.000,Street Light Out,Closed,Mysuru,12.273765,76.656697
61249388,2025-04-18T22:39:00.000,2025-05-05T18:44:00.000,Street Light Out,Closed,Tumakuru,13.349864,77.11744
61249409,2025-04-19T01:00:00.000,2025-04-22T15:35:00.000,Street Light Out,Closed,Mangaluru,12.91099,74.891584
61249487,2025-04-19T03:36:00.000,2025-04-20T08:33:00.000,Street Light Out,Closed,Mysuru,12.255849,76.659266
61249501,2025-04-19T04:59:00.000,2025-05-17T12:02:00.000,Street Light Out,Closed,Mangaluru,12.926334,74.869911
61249902,2025-04-19T07:53:00.000,2025-05-08T16:27:00.000,Street Light Out,Closed,Mangaluru,12.884813,74.853654
61249942,2025-04-19T08:30:00.000,2025-04-23T10:38:00.000,Street Light Out,Closed,Bengaluru,13.01771,77.609519
61249992,2025-04-19T11:02:00.000,2025-04-21T16:21:49.000,Street Light Out,Closed,Hubballi,15.366151,75.148823
61250046,2025-04-19T11:15:00.000,2025-05-01T08:50:18.000,Lamppost Damaged,Closed,Shivamogga,13.900388,75.551154
61250070,2025-04-19T14:05:00.000,2025-05-15T12:15:00.000,Street Light Out,Closed,Mangaluru,12.87291,74.843563
61250240,2025-04-19T16:19:00.000,2025-04-21T14:35:00.000,Street Light Out,Closed,Mangaluru,12.869782,74.858783
61250275,2025-04-19T17:32:00.000,2025-04-26T09:43:25.000,Street Light Cycling,Closed,Mangaluru,12.859639,74.884661
61250286,2025-04-19T17:47:00.000,2025-04-22T13:31:50.000,Street Light Out,Closed,Hubballi,15.348311,75.128254
61250714,2025-04-19T18:03:00.000,2025-05-01T08:26:01.000,Street Light Out,Closed,Mangaluru,12.875362,74.870848
61250774,2025-04-19T18:09:00.000,2025-04-23T10:35:00.000,Street Light Out,Closed,Hubballi,15.363015,75.132588
61250778,2025-04-19T19:59:00.000,2025-04-23T11:28:00.000,Street Light Out,Closed,Mangaluru,12.889705,74.854567
61250787,2025-04-19T19:59:00.000,2025-04-26T09:33:00.000,Street Light Out,Closed,Hubballi,15.340863,75.111269
61250827,2025-04-19T20:26:00.000,2025-04-20T14:20:00.000,Street Light Out,Closed,Mangaluru,12.867977,74.851455
61250887,2025-04-19T21:12:00.000,2025-04-23T18:40:00.000,Street Light Cycling,Closed,Bengaluru,13.018678,77.605507
61250890,2025-04-19T21:24:00.000,2025-04-25T17:21:35.000,Street Light Out,Closed,Tumakuru,13.34148,77.106414
61251293,2025-04-19T21:26:00.000,2025-05-13T09:16:00.000,Street Light Out,Closed,Hubballi,15.384796,75.152261
61251316,2025-04-19T21:38:00.000,2025-04-23T10:19:00.000,Street Light Out,Closed,Mysuru,12.254451,76.658709
61251326,2025-04-19T21:38:00.000,2025-04-23T12:54:51.000,Street Light Out,Closed,Hubballi,15.333003,75.135844
61251393,2025-04-19T22:04:00.000,2025-04-30T16:06:00.000,Street Light Out,Closed,Mangaluru,12.871095,74.841407
61251431,2025-04-19T22:06:00.000,2025-04-21T13:13:29.000,Street Light Out,Closed,Hubballi,15.332153,75.138362
61251447,2025-04-20T02:05:00.000,2025-04-23T13:54:00.000,Street Light Out,Closed,Belagavi,15.87136,74.495264
61251666,2025-04-20T09:29:00.000,2025-04-28T14:27:00.000,Street Light Out,Closed,Bengaluru,13.008546,77.63487
61251731,2025-04-20T10:18:00.000,2025-04-27T17:56:37.000,Street Light Out,Closed,Hubballi,15.311439,75.137552
61251849,2025-04-20T10:36:00.000,2025-05-23T18:09:00.000,Street Light Out,Closed,Bengaluru,12.994927,77.699244
61251953,2025-04-20T11:10:00.000,2025-05-19T16:15:03.000,Street Light Out,Closed,Belagavi,15.856811,74.514371
61251975,2025-04-20T11:23:00.000,2025-04-28T10:47:06.000,Street Light Out,Closed,Hubballi,15.356159,75.107543
61252009,2025-04-20T12:54:00.000,2025-04-23T08:13:00.000,Street Light Out,Closed,Bengaluru,12.983788,77.589335
61252492,2025-04-20T13:07:00.000,2025-04-22T09:26:00.000,Street Light Cycling,Closed,Hubballi,15.353707,75.120889
61252568,2025-04-20T17:40:00.000,2025-04-21T10:01:39.000,Street Light Out,Closed,Bengaluru,12.973181,77.573751
61252667,2025-04-20T17:53:00.000,2025-04-22T09:04:00.000,Street Light Out,Closed,Shivamogga,13.929261,75.560569
61252705,2025-04-20T18:43:00.000,2025-04-25T10:10:00.000,Street Light Out,Closed,Mangaluru,12.89733,74.862827
61252864,2025-04-20T19:03:00.000,2025-04-21T10:15:30.000,Street Light Out,Closed,Shivamogga,13.92446,75.555302
61253146,2025-04-20T21:02:00.000,2025-05-23T17:32:00.000,Street Light Out,Closed,Hubballi,15.351429,75.131642
61253363,2025-04-20T21:49:00.000,2025-04-22T10:20:00.000,Street Light Out,Closed,Mangaluru,12.894394,74.853759
61253418,2025-04-20T23:04:00.000,2025-04-26T18:26:00.000,Street Light Out,Closed,Bengaluru,12.980084,77.610847
61253737,2025-04-21T00:34:00.000,2025-04-25T16:17:00.000,Street Light Cycling,Closed,Hubballi,15.350671,75.143134
61253796,2025-04-21T05:35:00.000,2025-05-03T18:19:00.000,Street Light Out,Closed,Mysuru,12.343495,76.647886
61254000,2025-04-21T08:35:00.000,2025-04-24T12:02:13.000,Street Light Out,Closed,Mangaluru,12.891419,74.85269
61254173,2025-04-21T09:22:00.000,2025-04-25T16:42:00.000,Lamppost Damaged,Closed,Mangaluru,12.852648,74.887289
61254279,2025-04-21T10:17:00.000,2025-04-24T08:05:00.000,Street Light Out,Closed,Hubballi,15.361658,75.145321
61254687,2025-04-21T17:10:00.000,2025-04-25T13:28:59.000,Street Light Out,Closed,Mangaluru,12.916584,74.856004
61254747,2025-04-21T17:28:00.000,2025-04-24T09:10:56.000,Street Light Dayburning,Closed,Mangaluru,12.873196,74.862291
61255254,2025-04-21T17:33:00.000,2025-05-11T12:53:00.000,Street Light Out,Closed,Hubballi,15.347872,75.127837
61255338,2025-04-21T18:48:00.000,2025-04-26T16:07:00.000,Street Light Out,Closed,Mysuru,12.265372,76.65541
61255522,2025-04-21T19:33:00.000,2025-04-23T16:52:26.000,Street Light Out,Closed,Mangaluru,12.866763,74.851269
61255609,2025-04-21T21:06:00.000,2025-06-14T16:02:00.000,Street Light Out,Closed,Hubballi,15.380306,75.15431
61255723,2025-04-21T23:46:00.000,2025-05-04T08:49:07.000,Street Light Out,Closed,Mangaluru,12.891452,74.840347
61255850,2025-04-22T00:05:00.000,2025-04-24T17:17:00.000,Street Light Out,Closed,Mysuru,12.306342,76.670022
61255957,2025-04-22T03:25:00.000,2025-04-30T18:56:00.000,Street Light Out,Closed,Mangaluru,12.890379,74.853801
61256024,2025-04-22T08:22:00.000,2025-05-03T08:24:00.000,Street Light Out,Closed,Mangaluru,12.921961,74.875371
61256066,2025-04-22T09:15:00.000,2025-04-26T15:10:13.000,Street Light Out,Closed,Mysuru,12.308268,76.661151
61256105,2025-04-22T09:45:00.000,2025-04-25T15:32:00.000,Street Light Out,Closed,Mangaluru,12.902131,74.87777
61256108,2025-04-22T11:05:00.000,2025-05-05T12:23:00.000,Street Light Out,Closed,Bengaluru,12.981162,77.579194
61256111,2025-04-22T11:25:00.000,2025-04-25T17:46:00.000,Street Light Out,Closed,Mangaluru,12.8686,74.857062
61256302,2025-04-22T15:21:00.000,2025-04-29T08:54:45.000,Street Light Out,Closed,Bengaluru,12.858874,77.501342
61256342,2025-04-22T16:47:00.000,2025-04-25T17:27:35.000,Street Light Out,Closed,Bengaluru,12.968241,77.604155
61256365,2025-04-22T17:33:00.000,2025-04-24T14:43:00.000,Street Light Out,Closed,Bengaluru,12.982548,77.596375
61256857,2025-04-22T18:17:00.000,2025-04-24T09:24:45.000,Street Light Out,Closed,Shivamogga,13.911996,75.601152
61256888,2025-04-22T18:37:00.000,2025-04-23T18:07:00.000,Street Light Out,Closed,Bengaluru,12.952523,77.639053
61256910,2025-04-22T20:15:00.000,2025-04-25T17:42:00.000,Street Light Cycling,Closed,Shivamogga,13.906907,75.559508
61257490,2025-04-22T20:38:00.000,2025-04-26T14:00:44.000,Street Light Out,Closed,Bengaluru,13.016623,77.610415
61257571,2025-04-22T20:39:00.000,2025-04-23T16:38:14.000,Street Light Out,Closed,Mangaluru,12.892975,74.855217
61257659,2025-04-22T21:14:00.000,2025-05-03T17:14:16.000,Street Light Out,Closed,Tumakuru,13.322836,77.112219
61257796,2025-04-22T21:42:00.000,2025-04-30T18:11:33.000,Street Light Out,Closed,Belagavi,15.886465,74.497419
61257927,2025-04-22T21:53:00.000,2025-04-30T13:40:00.000,Street Light Out,Closed,Shivamogga,13.919527,75.593734
61258129,2025-04-22T22:44:00.000,2025-04-28T13:46:12.000,Street Light Out,Closed,Belagavi,15.849312,74.550705
61258391,2025-04-23T03:11:00.000,2025-04-25T09:55:51.000,Street Light Out,Closed,Bengaluru,12.974266,77.537089
61258439,2025-04-23T07:51:00.000,2025-05-05T12:21:00.000,Street Light Out,Closed,Bengaluru,13.030234,77.549696
61258581,2025-04-23T08:33:00.000,2025-05-21T15:04:05.000,Street Light Out,Closed,Belagavi,15.815624,74.532158
61258623,2025-04-23T09:51:00.000,2025-05-19T10:04:00.000,Street Light Out,Closed,Mangaluru,12.886276,74.882019
61258660,2025-04-23T10:07:00.000,2025-04-24T09:34:03.000,Street Light Out,Closed,Hubballi,15.33846,75.14247
61258777,2025-04-23T10:21:00.000,2025-04-25T18:10:09.000,Street Light Out,Closed,Mangaluru,12.876381,74.859288
61258891,2025-04-23T12:02:00.000,2025-04-25T16:07:00.000,Street Light Out,Closed,Belagavi,15.844034,74.477223
61258941,2025-04-23T14:12:00.000,2025-05-03T14:34:00.000,Street Light Out,Closed,Bengaluru,13.017672,77.609478
61259331,2025-04-23T18:33:00.000,2025-05-10T18:17:00.000,Street Light Out,Closed,Hubballi,15.369933,75.147324
61259443,2025-04-23T18:33:00.000,2025-04-26T14:44:37.000,Street Light Out,Closed,Mysuru,12.279049,76.648541
61259450,2025-04-23T19:26:00.000,2025-04-27T17:16:00.000,Street Light Dayburning,Closed,Mangaluru,12.860245,74.877765
61259483,2025-04-23T19:55:00.000,2025-05-07T11:08:00.000,Street Light Out,Closed,Shivamogga,13.911456,75.576022
61259564,2025-04-23T21:11:00.000,2025-04-26T09:56:21.000,Street Light Out,Closed,Tumakuru,13.337514,77.100907
61259590,2025-04-23T21:18:00.000,2025-04-28T12:22:11.000,Street Light Out,Closed,Belagavi,15.849301,74.551789
61259740,2025-04-23T22:13:00.000,2025-04-28T09:42:00.000,Street Light Out,Closed,Mangaluru,12.893373,74.865543
61259921,2025-04-23T22:26:00.000,2025-04-28T10:29:00.000,Street Light Out,Closed,Mysuru,12.339969,76.646826
61260109,2025-04-23T23:36:00.000,2025-05-08T13:03:00.000,Street Light Out,Closed,Mangaluru,12.878867,74.845239
61260269,2025-04-24T00:21:00.000,2025-04-28T18:37:00.000,Street Light Out,Closed,Mangaluru,12.871094,74.862449
61260278,2025-04-24T00:39:00.000,2025-05-11T10:59:46.000,Street Light Out,Closed,Belagavi,15.858585,74.490952
61260421,2025-04-24T04:14:00.000,2025-05-01T12:23:02.000,Street Light Out,Closed,Shivamogga,13.900252,75.554429
61260424,2025-04-24T06:07:00.000,2025-05-03T17:25:57.000,Street Light Out,Closed,Bengaluru,12.874637,77.527249
61260441,2025-04-24T07:34:00.000,2025-05-08T09:47:51.000,Street Light Out,Closed,Mangaluru,12.882226,74.859745
61261061,2025-04-24T08:10:00.000,2025-04-27T16:14:57.000,Street Light Out,Closed,Mysuru,12.299539,76.656677
61261150,2025-04-24T08:28:00.000,2025-05-03T11:12:00.000,Street Light Out,Closed,Mangaluru,12.815589,74.849397
61261345,2025-04-24T10:42:00.000,2025-04-26T10:41:53.000,Street Light Out,Closed,Mysuru,12.302551,76.665528
61261661,2025-04-24T11:07:00.000,2025-04-27T14:00:00.000,Street Light Out,Closed,Bengaluru,12.983375,77.582162
61262037,2025-04-24T15:26:00.000,2025-04-26T08:13:08.000,Street Light Out,Closed,Mangaluru,12.867029,74.852373
61262053,2025-04-24T16:03:00.000,2025-04-30T13:43:00.000,Street Light Out,Closed,Bengaluru,12.965935,77.585649
61262112,2025-04-24T18:09:00.000,2025-04-30T18:39:00.000,Street Light Out,Closed,Shivamogga,13.920949,75.565746
61262129,2025-04-24T18:30:00.000,2025-04-27T15:05:30.000,Street Light Out,Closed,Mangaluru,12.886167,74.844789
61262247,2025-04-24T18:54:00.000,2025-04-27T13:38:00.000,Street Light Out,Closed,Mangaluru,12.849225,74.847065
61262250,2025-04-24T20:42:00.000,2025-04-29T17:24:31.000,Street Light Out,Closed,Mangaluru,12.87495,74.863876
61262318,2025-04-24T20:53:00.000,2025-06-10T18:48:00.000,Street Light Out,Closed,Bengaluru,12.863672,77.542536
61262439,2025-04-24T21:53:00.000,2025-05-03T16:34:00.000,Street Light Out,Closed,Tumakuru,13.330211,77.107958
61263083,2025-04-24T22:40:00.000,2025-04-30T10:06:00.000,Street Light Out,Closed,Shivamogga,13.917815,75.58779
61263403,2025-04-24T22:50:00.000,2025-05-20T18:03:41.000,Street Light Dayburning,Closed,Mangaluru,12.904178,74.859321
61263530,2025-04-24T23:03:00.000,2025-04-28T12:32:30.000,Street Light Out,Closed,Mysuru,12.3023,76.674253
61263773,2025-04-25T00:49:00.000,2025-04-26T09:28:18.000,Street Light Out,Closed,Mangaluru,12.918568,74.844054
61263988,2025-04-25T02:02:00.000,2025-05-02T12:00:00.000,Street Light Out,Closed,Belagavi,15.843731,74.554294
61264018,2025-04-25T02:28:00.000,2025-04-26T17:15:41.000,Street Light Cycling,Closed,Mangaluru,12.886146,74.84563
61264170,2025-04-25T05:31:00.000,2025-05-02T14:54:31.000,Street Light Out,Closed,Tumakuru,13.3057,77.091008
61264226,2025-04-25T08:07:00.000,2025-05-07T15:20:00.000,Street Light Out,Closed,Bengaluru,13.092141,77.524564
61264258,2025-04-25T09:57:00.000,2025-04-28T14:59:55.000,Street Light Out,Closed,Mysuru,12.265412,76.653013
61264276,2025-04-25T11:28:00.000,2025-05-05T10:27:08.000,Street Light Out,Closed,Mangaluru,12.855825,74.885238
61264664,2025-04-25T15:06:00.000,2025-05-01T08:00:26.000,Street Light Out,Closed,Bengaluru,12.997607,77.647699
61264779,2025-04-25T16:00:00.000,2025-05-01T15:00:49.000,Street Light Cycling,Closed,Bengaluru,12.901088,77.537921
61264864,2025-04-25T16:53:00.000,2025-05-13T15:43:43.000,Street Light Out,Closed,Belagavi,15.882273,74.501353
61264997,2025-04-25T17:03:00.000,2025-05-09T11:44:35.000,Street Light Out,Closed,Mysuru,12.260839,76.664944
61265026,2025-04-25T18:56:00.000,2025-05-12T10:51:40.000,Street Light Out,Closed,Belagavi,15.845057,74.557227
61265048,2025-04-25T19:11:00.000,2025-04-30T11:45:00.000,Street Light Out,Closed,Mangaluru,12.880115,74.841666
61265194,2025-04-25T19:31:00.000,2025-04-30T08:17:34.000,Street Light Out,Closed,Mangaluru,12.917627,74.846615
61265833,2025-04-25T20:24:00.000,2025-05-02T11:45:00.000,Street Light Out,Closed,Hubballi,15.387714,75.143314
61265931,2025-04-25T20:40:00.000,2025-04-28T16:55:00.000,Street Light Out,Closed,Mangaluru,12.875999,74.874474
61265978,2025-04-25T21:56:00.000,2025-05-01T12:17:44.000,Street Light Out,Closed,Belagavi,15.846853,74.553091
61266114,2025-04-25T22:29:00.000,2025-04-27T15:58:00.000,Street Light Out,Closed,Bengaluru,12.965948,77.584464
61266304,2025-04-26T06:38:00.000,2025-05-02T14:19:00.000,Street Light Out,Closed,Mangaluru,12.917145,74.882234
61266448,2025-04-26T08:50:00.000,2025-05-06T08:40:00.000,Street Light Out,Closed,Bengaluru,12.904396,77.634439
61266492,2025-04-26T08:56:00.000,2025-05-05T15:54:06.000,Street Light Out,Closed,Belagavi,15.837177,74.49233
61266505,2025-04-26T11:43:00.000,2025-04-30T17:10:27.000,Lamppost Damaged,Closed,Mangaluru,12.895886,74.88769
61266525,2025-04-26T12:37:00.000,2025-04-28T15:01:00.000,Street Light Out,Closed,Mangaluru,12.872471,74.850136
61266646,2025-04-26T13:48:00.000,2025-05-06T08:04:09.000,Street Light Dim,Closed,Bengaluru,13.000498,77.530382
61266768,2025-04-26T13:59:00.000,2025-05-10T17:01:00.000,Street Light Out,Closed,Hubballi,15.360196,75.136716
61266848,2025-04-26T16:08:00.000,2025-04-27T12:07:51.000,Street Light Out,Closed,Mangaluru,12.904989,74.849587
61267931,2025-04-26T16:15:00.000,2025-05-08T13:39:45.000,Street Light Out,Closed,Hubballi,15.367946,75.115949
61267970,2025-04-26T18:47:00.000,2025-05-24T16:13:25.000,Street Light Out,Closed,Bengaluru,12.853574,77.498704
61268024,2025-04-26T18:59:00.000,2025-04-28T08:59:54.000,Street Light Out,Closed,Tumakuru,13.317821,77.108032
61268298,2025-04-26T19:19:00.000,2025-04-30T10:36:00.000,Street Light Out,Closed,Mangaluru,12.874075,74.852532
61268519,2025-04-26T19:32:00.000,2025-05-23T10:17:00.000,Street Light Out,Closed,Mangaluru,12.871943,74.847252
61268543,2025-04-26T20:26:00.000,2025-04-29T08:52:00.000,Street Light Out,Closed,Mangaluru,12.880002,74.868063
61268726,2025-04-26T20:35:00.000,2025-04-29T15:08:04.000,Street Light Out,Closed,Belagavi,15.858124,74.467726
61268946,2025-04-26T22:45:00.000,2025-05-01T10:50:00.000,Street Light Out,Closed,Shivamogga,13.898741,75.548789
61269289,2025-04-26T22:57:00.000,2025-04-29T13:24:17.000,Street Light Out,Closed,Bengaluru,12.981313,77.548977
61269554,2025-04-26T23:48:00.000,2025-05-13T16:09:00.000,Street Light Out,Closed,Belagavi,15.869875,74.507043
61269759,2025-04-27T00:18:00.000,2025-04-30T11:55:00.000,Street Light Out,Closed,Mangaluru,12.891639,74.849425
61269794,2025-04-27T04:41:00.000,2025-05-09T12:17:16.000,Street Light Out,Closed,Bengaluru,13.022531,77.498582
61270047,2025-04-27T08:21:00.000,2025-05-04T15:23:00.000,Street Light Out,Closed,Shivamogga,13.888224,75.563889
61270123,2025-04-27T09:55:00.000,2025-05-03T17:49:00.000,Street Light Out,Closed,Mangaluru,12.898192,74.83809
61270305,2025-04-27T12:00:00.000,2025-05-08T15:35:00.000,Street Light Out,Closed,Tumakuru,13.332882,77.117572
61270373,2025-04-27T14:38:00.000,2025-05-05T14:22:00.000,Street Light Out,Closed,Mangaluru,12.828554,74.855017
61270472,2025-04-27T15:12:00.000,2025-04-29T11:43:00.000,Street Light Out,Closed,Mangaluru,12.892906,74.855641
61270527,2025-04-27T18:02:00.000,2025-05-01T13:56:11.000,Street Light Out,Closed,Mysuru,12.292653,76.671357
61270632,2025-04-27T19:11:00.000,2025-04-30T13:22:52.000,Street Light Out,Closed,Mangaluru,12.852613,74.873652
61270633,2025-04-27T19:35:00.000,2025-05-07T08:56:00.000,Street Light Out,Closed,Belagavi,15.849988,74.551603
61270707,2025-04-27T20:40:00.000,2025-05-03T08:20:00.000,Street Light Out,Closed,Shivamogga,13.92084,75.558183
61270822,2025-04-27T21:01:00.000,2025-05-04T13:30:37.000,Street Light Out,Closed,Hubballi,15.354848,75.120779
61270929,2025-04-27T21:30:00.000,2025-05-03T12:54:36.000,Street Light Out,Closed,Bengaluru,13.012314,77.536071
61270977,2025-04-27T21:52:00.000,2025-05-01T09:13:00.000,Street Light Dayburning,Closed,Belagavi,15.833662,74.507313
61271213,2025-04-27T22:02:00.000,2025-05-02T10:56:00.000,Street Light Out,Closed,Bengaluru,12.994546,77.587756
61271303,2025-04-28T00:59:00.000,2025-05-02T13:14:00.000,Street Light Out,Closed,Mangaluru,12.883382,74.886891
61271308,2025-04-28T01:49:00.000,2025-05-08T12:06:00.000,Street Light Out,Closed,Belagavi,15.879834,74.542811
61271320,2025-04-28T03:04:00.000,2025-04-30T09:31:27.000,Street Light Out,Closed,Hubballi,15.362187,75.127474
61271356,2025-04-28T05:30:00.000,2025-04-30T17:33:00.000,Street Light Out,Closed,Bengaluru,12.935755,77.568242
61271381,2025-04-28T07:12:00.000,2025-05-01T17:49:00.000,Street Light Out,Closed,Mysuru,12.302621,76.68694
61271903,2025-04-28T07:52:00.000,2025-05-24T17:13:00.000,Street Light Out,Closed,Hubballi,15.366109,75.148848
61272526,2025-04-28T10:16:00.000,2025-05-04T18:08:00.000,Street Light Out,Closed,Shivamogga,13.912514,75.616427
61272632,2025-04-28T10:20:00.000,2025-05-02T11:49:36.000,Lamppost Damaged,Closed,Belagavi,15.848298,74.509818
61272775,2025-04-28T10:27:00.000,2025-05-06T12:14:00.000,Street Light Out,Closed,Mangaluru,12.924049,74.872526
61272936,2025-04-28T16:20:00.000,2025-05-06T09:24:00.000,Street Light Out,Closed,Mangaluru,12.870558,74.893666
61273050,2025-04-28T17:36:00.000,2025-05-05T10:45:00.000,Street Light Out,Closed,Belagavi,15.848621,74.555938
61273189,2025-04-28T18:05:00.000,2025-05-24T17:58:31.000,Street Light Out,Closed,Belagavi,15.862594,74.488427
61273333,2025-04-28T18:10:00.000,2025-05-08T13:23:00.000,Street Light Out,Closed,Belagavi,15.84352,74.553083
61273450,2025-04-28T18:21:00.000,2025-04-30T14:32:38.000,Street Light Out,Closed,Hubballi,15.346313,75.142479
61273587,2025-04-28T18:33:00.000,2025-04-30T16:50:00.000,Street Light Out,Closed,Mangaluru,12.873574,74.843759
61273619,2025-04-28T20:55:00.000,2025-05-01T15:35:27.000,Street Light Out,Closed,Shivamogga,13.921966,75.561222
61273681,2025-04-28T21:57:00.000,2025-05-01T18:40:52.000,Street Light Dayburning,Closed,Bengaluru,12.892099,77.618933
61273684,2025-04-28T22:00:00.000,2025-05-04T17:23:08.000,Street Light Out,Closed,Hubballi,15.345081,75.131829
61273714,2025-04-28T22:29:00.000,2025-05-08T09:41:35.000,Street Light Out,Closed,Bengaluru,12.98423,77.552145
61273773,2025-04-28T23:31:00.000,2025-04-30T12:19:14.000,Street Light Out,Closed,Mangaluru,12.867924,74.851499
61273892,2025-04-28T23:46:00.000,2025-05-12T08:58:00.000,Street Light Out,Closed,Mangaluru,12.88748,74.841735
61273915,2025-04-28T23:57:00.000,2025-04-30T14:20:01.000,Street Light Out,Closed,Bengaluru,12.989313,77.621211
61274250,2025-04-29T06:12:00.000,2025-04-30T17:57:00.000,Street Light Out,Closed,Bengaluru,12.95245,77.60667
61274391,2025-04-29T08:46:00.000,2025-05-02T08:01:53.000,Street Light Out,Closed,Shivamogga,13.912572,75.552481
61274429,2025-04-29T18:10:00.000,2025-06-28T13:20:05.000,Street Light Out,Closed,Hubballi,15.346876,75.139704
61274473,2025-04-29T18:33:00.000,2025-05-03T13:07:00.000,Street Light Out,Closed,Tumakuru,13.345029,77.103664
61274556,2025-04-29T18:45:00.000,2025-05-07T16:21:00.000,Street Light Out,Closed,Mangaluru,12.869769,74.858768
61274683,2025-04-29T19:51:00.000,2025-05-03T12:13:00.000,Street Light Out,Closed,Bengaluru,12.980968,77.617404
61274690,2025-04-29T19:53:00.000,2025-05-05T15:02:18.000,Street Light Out,Closed,Shivamogga,13.941985,75.575634
61275156,2025-04-29T19:53:00.000,2025-05-03T08:03:00.000,Street Light Out,Closed,Hubballi,15.361929,75.140979
61275170,2025-04-29T20:14:00.000,2025-05-03T08:01:13.000,Street Light Out,Closed,Mangaluru,12.890551,74.838465
61275791,2025-04-29T20:36:00.000,2025-05-01T10:45:00.000,Street Light Out,Closed,Hubballi,15.365236,75.120884
61275849,2025-04-29T20:50:00.000,2025-04-30T10:18:00.000,Street Light Out,Closed,Tumakuru,13.322621,77.101077
61276124,2025-04-29T21:08:00.000,2025-05-05T18:29:00.000,Street Light Out,Closed,Shivamogga,13.923877,75.558421
61276556,2025-04-29T21:30:00.000,2025-05-04T13:49:00.000,Street Light Out,Closed,Mangaluru,12.893605,74.854047
61276632,2025-04-29T22:00:00.000,2025-05-06T16:32:00.000,Street Light Out,Closed,Mangaluru,12.902288,74.886464
61276831,2025-04-29T22:58:00.000,2025-05-18T15:29:41.000,Street Light Out,Closed,Mangaluru,12.847893,74.867387
61276912,2025-04-30T00:43:00.000,2025-05-02T18:30:00.000,Street Light Out,Closed,Mysuru,12.295456,76.664256
61277023,2025-04-30T00:45:00.000,2025-05-02T17:39:16.000,Street Light Out,Closed,Bengaluru,12.952541,77.639023
61277104,2025-04-30T07:07:00.000,2025-05-04T10:26:00.000,Street Light Out,Closed,Hubballi,15.361953,75.148575
61277134,2025-04-30T07:31:00.000,2025-05-02T16:04:00.000,Street Light Out,Closed,Hubballi,15.334453,75.134076
61277280,2025-04-30T10:55:00.000,2025-05-12T11:09:29.000,Street Light Out,Closed,Mangaluru,12.873337,74.850514
61277309,2025-04-30T11:57:00.000,2025-05-23T13:49:12.000,Street Light Out,Closed,Belagavi,15.863078,74.485317
61277323,2025-04-30T12:47:00.000,2025-05-03T09:39:00.000,Street Light Dayburning,Closed,Bengaluru,12.944258,77.529738
61277330,2025-04-30T18:05:00.000,2025-05-02T17:56:00.000,Street Light Out,Closed,Mangaluru,12.887109,74.840684
61277406,2025-04-30T19:19:00.000,2025-05-06T15:36:00.000,Street Light Out,Closed,Belagavi,15.818793,74.481287
61277508,2025-04-30T19:38:00.000,2025-05-06T18:46:00.000,Street Light Dim,Closed,Mangaluru,12.88619,74.844813
61277514,2025-04-30T20:13:00.000,2025-05-11T10:35:00.000,Street Light Dayburning,Closed,Hubballi,15.39507,75.143115
61277642,2025-04-30T20:13:00.000,2025-06-04T12:16:00.000,Street Light Out,Closed,Bengaluru,12.965618,77.575742
61277739,2025-04-30T21:09:00.000,2025-05-05T15:50:51.000,Street Light Out,Closed,Mangaluru,12.889702,74.854572
61277801,2025-04-30T21:45:00.000,2025-05-06T12:56:00.000,Street Light Out,Closed,Bengaluru,12.999561,77.623667
61277887,2025-04-30T21:53:00.000,2025-05-03T09:48:00.000,Street Light Out,Closed,Belagavi,15.842406,74.51693
61277946,2025-04-30T22:47:00.000,2025-05-03T16:53:00.000,Street Light Out,Closed,Mysuru,12.314059,76.618678
61277960,2025-05-01T01:05:00.000,2025-05-06T18:07:50.000,Street Light Out,Closed,Bengaluru,12.966485,77.597438
61278155,2025-05-01T01:40:00.000,2025-05-06T08:01:00.000,Lamppost Damaged,Closed,Belagavi,15.870779,74.491404
61278210,2025-05-01T08:16:00.000,2025-05-02T08:30:32.000,Street Light Out,Closed,Bengaluru,12.956713,77.595653
61278354,2025-05-01T08:27:00.000,2025-05-02T18:54:00.000,Street Light Out,Closed,Mysuru,12.294034,76.670613
61278862,2025-05-01T09:07:00.000,2025-05-07T17:54:00.000,Street Light Out,Closed,Bengaluru,13.05945,77.607603
61279208,2025-05-01T09:46:00.000,2025-05-06T15:46:00.000,Street Light Out,Closed,Belagavi,15.886346,74.499837
61279669,2025-05-01T13:04:00.000,2025-05-07T10:36:00.000,Street Light Out,Closed,Belagavi,15.841975,74.512753
61280243,2025-05-01T13:16:00.000,2025-05-05T14:00:00.000,Street Light Out,Closed,Mangaluru,12.894201,74.847368
61280311,2025-05-01T16:51:00.000,2025-05-06T16:27:00.000,Street Light Out,Closed,Bengaluru,12.917575,77.721151
61280648,2025-05-01T17:24:00.000,2025-05-05T18:56:00.000,Street Light Out,Closed,Mangaluru,12.901187,74.851499
61280661,2025-05-01T17:26:00.000,2025-05-02T08:16:32.000,Street Light Cycling,Closed,Tumakuru,13.311863,77.127603
61280868,2025-05-01T17:49:00.000,2025-05-03T17:43:24.000,Street Light Out,Closed,Mangaluru,12.927427,74.846951
61280886,2025-05-01T18:00:00.000,2025-05-05T12:42:12.000,Street Light Out,Closed,Tumakuru,13.338337,77.102586
61280908,2025-05-01T18:40:00.000,2025-05-09T18:54:00.000,Lamppost Damaged,Closed,Bengaluru,12.991022,77.615169
61280951,2025-05-01T18:59:00.000,2025-05-07T18:21:00.000,Street Light Out,Closed,Belagavi,15.843793,74.559102
61281063,2025-05-01T19:21:00.000,2025-05-05T11:28:17.000,Street Light Dayburning,Closed,Shivamogga,13.932616,75.575408
61281079,2025-05-01T21:05:00.000,2025-05-05T11:04:00.000,Street Light Cycling,Closed,Bengaluru,12.996821,77.633427
61281145,2025-05-01T21:05:00.000,2025-05-03T18:33:00.000,Street Light Out,Closed,Bengaluru,12.979921,77.567507
61281256,2025-05-01T21:21:00.000,2025-05-05T10:31:00.000,Street Light Out,Closed,Bengaluru,13.006446,77.589203
61281525,2025-05-01T21:36:00.000,2025-05-04T10:02:00.000,Street Light Cycling,Closed,Bengaluru,12.946449,77.597069
61281674,2025-05-01T22:43:00.000,2025-05-05T12:41:28.000,Street Light Out,Closed,Hubballi,15.327463,75.108778
61281992,2025-05-01T22:56:00.000,2025-05-02T12:03:00.000,Street Light Out,Closed,Mangaluru,12.905459,74.851749
61282025,2025-05-01T23:35:00.000,2025-05-12T12:14:00.000,Street Light Out,Closed,Belagavi,15.853044,74.519052
61282319,2025-05-02T00:17:00.000,2025-05-31T09:27:24.000,Street Light Out,Closed,Mangaluru,12.873182,74.862308
61282527,2025-05-02T07:34:00.000,2025-05-04T17:08:00.000,Street Light Out,Closed,Mysuru,12.345573,76.655447
61282734,2025-05-02T07:54:00.000,2025-05-06T09:55:21.000,Street Light Dayburning,Closed,Bengaluru,12.946882,77.58935
61282804,2025-05-02T09:43:00.000,2025-05-03T11:03:00.000,Street Light Cycling,Closed,Mangaluru,12.9186,74.844022
61283057,2025-05-02T10:31:00.000,2025-05-04T08:32:02.000,Street Light Out,Closed,Hubballi,15.38249,75.127792
61283142,2025-05-02T12:31:00.000,2025-05-09T17:47:00.000,Street Light Cycling,Closed,Belagavi,15.848612,74.510081
61283306,2025-05-02T13:15:00.000,2025-05-05T14:21:47.000,Street Light Out,Closed,Shivamogga,13.918539,75.551526
61283402,2025-05-02T15:51:00.000,2025-05-06T17:26:40.000,Street Light Out,Closed,Mangaluru,12.866695,74.851219
61283582,2025-05-02T18:06:00.000,2025-05-08T18:01:00.000,Street Light Out,Closed,Shivamogga,13.903501,75.570119
61283708,2025-05-02T18:48:00.000,2025-05-26T09:16:00.000,Street Light Out,Closed,Shivamogga,13.923132,75.564096
61283772,2025-05-02T19:01:00.000,2025-05-10T09:45:00.000,Street Light Dim,Closed,Shivamogga,13.879346,75.573196
61283891,2025-05-02T20:07:00.000,2025-05-05T10:33:00.000,Street Light Out,Closed,Shivamogga,13.916142,75.605405
61283940,2025-05-02T20:57:00.000,2025-05-18T08:24:55.000,Street Light Cycling,Closed,Mysuru,12.312925,76.675756
61283964,2025-05-02T21:32:00.000,2025-05-05T16:37:53.000,Street Light Out,Closed,Hubballi,15.357908,75.120825
61284004,2025-05-02T22:04:00.000,2025-05-24T18:27:00.000,Street Light Out,Closed,Tumakuru,13.352473,77.142179
61284113,2025-05-02T22:08:00.000,2025-05-05T09:25:00.000,Street Light Out,Closed,Bengaluru,12.992165,77.512673
61284142,2025-05-02T23:08:00.000,2025-05-12T09:46:16.000,Street Light Out,Closed,Mysuru,12.299117,76.662879
61284285,2025-05-02T23:19:00.000,2025-05-03T15:16:21.000,Street Light Out,Closed,Bengaluru,12.961777,77.583759
61284472,2025-05-02T23:56:00.000,2025-05-05T08:51:32.000,Street Light Dayburning,Closed,Shivamogga,13.911945,75.60121
61284500,2025-05-03T00:53:00.000,2025-05-13T13:19:00.000,Street Light Out,Closed,Mangaluru,12.887041,74.918064
61284653,2025-05-03T01:38:00.000,2025-05-06T08:56:00.000,Street Light Out,Closed,Mangaluru,12.87638,74.859376
61284770,2025-05-03T02:27:00.000,2025-05-09T12:04:00.000,Street Light Out,Closed,Bengaluru,12.968974,77.577889
61284785,2025-05-03T05:08:00.000,2025-05-14T12:09:39.000,Street Light Out,Closed,Mangaluru,12.877723,74.85387
61284792,2025-05-03T05:15:00.000,2025-05-12T09:02:00.000,Street Light Out,Closed,Mangaluru,12.916583,74.856007
61284817,2025-05-03T07:25:00.000,2025-05-05T09:05:32.000,Street Light Out,Closed,Mangaluru,12.882052,74.885847
61284885,2025-05-03T07:41:00.000,2025-05-06T11:08:00.000,Street Light Out,Closed,Hubballi,15.307797,75.147302
61285083,2025-05-03T08:43:00.000,2025-05-04T17:53:10.000,Street Light Out,Closed,Belagavi,15.850909,74.508691
61285152,2025-05-03T08:44:00.000,2025-05-06T15:48:49.000,Street Light Out,Closed,Mangaluru,12.885971,74.850382
61285187,2025-05-03T09:26:00.000,2025-05-11T08:47:14.000,Street Light Cycling,Closed,Mysuru,12.310717,76.681618
61285228,2025-05-03T10:34:00.000,2025-05-04T09:02:42.000,Street Light Out,Closed,Mysuru,12.306844,76.657686
61285316,2025-05-03T10:51:00.000,2025-05-06T16:10:00.000,Street Light Out,Closed,Mysuru,12.260886,76.655084
61285318,2025-05-03T14:54:00.000,2025-05-09T18:43:00.000,Street Light Out,Closed,Shivamogga,13.970155,75.543969
61285576,2025-05-03T18:01:00.000,2025-05-09T18:17:43.000,Street Light Out,Closed,Mangaluru,12.872169,74.847975
61285632,2025-05-03T18:01:00.000,2025-05-15T11:02:20.000,Street Light Out,Closed,Bengaluru,12.880207,77.690331
61286067,2025-05-03T18:59:00.000,2025-05-29T12:19:00.000,Street Light Out,Closed,Shivamogga,13.909805,75.541525
61286172,2025-05-03T20:45:00.000,2025-05-04T16:39:11.000,Street Light Out,Closed,Bengaluru,12.962549,77.581821
61286680,2025-05-03T21:14:00.000,2025-05-07T13:43:01.000,Lamppost Damaged,Closed,Belagavi,15.836617,74.504058
61286839,2025-05-03T21:19:00.000,2025-05-18T12:35:00.000,Street Light Cycling,Closed,Mangaluru,12.874376,74.851154
61287426,2025-05-03T23:14:00.000,2025-05-05T10:34:00.000,Street Light Out,Closed,Mangaluru,12.894065,74.852095
61287498,2025-05-03T23:16:00.000,2025-05-05T12:36:21.000,Street Light Out,Closed,Bengaluru,12.994131,77.533674
61287517,2025-05-04T00:27:00.000,2025-05-13T17:37:01.000,Street Light Out,Closed,Tumakuru,13.340609,77.103036
61287634,2025-05-04T00:33:00.000,2025-05-22T09:04:33.000,Street Light Out,Closed,Shivamogga,13.966126,75.553623
61287642,2025-05-04T01:05:00.000,2025-05-10T13:12:03.000,Street Light Out,Closed,Shivamogga,13.893588,75.560641
61287726,2025-05-04T06:58:00.000,2025-06-01T11:23:00.000,Street Light Out,Closed,Shivamogga,13.935501,75.543277
61287750,2025-05-04T10:24:00.000,2025-05-15T15:50:08.000,Street Light Out,Closed,Hubballi,15.331969,75.157553
61287886,2025-05-04T16:23:00.000,2025-05-10T10:10:00.000,Street Light Out,Closed,Mysuru,12.290659,76.664314
61288041,2025-05-04T16:39:00.000,2025-05-05T15:35:54.000,Street Light Out,Closed,Hubballi,15.334397,75.173587
61288074,2025-05-04T18:11:00.000,2025-05-20T17:58:00.000,Street Light Out,Closed,Shivamogga,13.944021,75.54957
61288318,2025-05-04T18:24:00.000,2025-05-09T18:51:14.000,Lamppost Damaged,Closed,Mysuru,12.303621,76.659446
61288323,2025-05-04T18:28:00.000,2025-06-06T18:23:35.000,Street Light Out,Closed,Hubballi,15.390344,75.146353
61288786,2025-05-04T18:36:00.000,2025-05-06T13:43:36.000,Street Light Dayburning,Closed,Bengaluru,12.947083,77.605392
61288999,2025-05-04T19:24:00.000,2025-05-13T14:21:44.000,Street Light Out,Closed,Shivamogga,13.924796,75.570419
61289140,2025-05-04T20:17:00.000,2025-05-29T11:49:00.000,Street Light Out,Closed,Bengaluru,13.048733,77.503029
61289147,2025-05-04T20:52:00.000,2025-05-14T12:47:09.000,Street Light Out,Closed,Bengaluru,13.078903,77.487416
61289524,2025-05-04T20:53:00.000,2025-05-08T17:43:00.000,Street Light Out,Closed,Shivamogga,13.930203,75.596736
61290191,2025-05-04T21:45:00.000,2025-05-11T08:12:43.000,Street Light Cycling,Closed,Bengaluru,13.035629,77.549869
61290375,2025-05-04T21:48:00.000,2025-05-09T14:44:00.000,Street Light Out,Closed,Hubballi,15.358174,75.130302
61290491,2025-05-04T21:56:00.000,2025-05-11T12:09:13.000,Street Light Cycling,Closed,Mangaluru,12.892883,74.855624
61290877,2025-05-04T23:02:00.000,2025-05-12T15:04:00.000,Street Light Out,Closed,Bengaluru,12.961581,77.657992
61290965,2025-05-04T23:06:00.000,2025-05-09T11:20:00.000,Street Light Out,Closed,Belagavi,15.844953,74.515774
61291192,2025-05-04T23:16:00.000,2025-06-03T10:39:00.000,Street Light Out,Closed,Mysuru,12.312423,76.669893
61291470,2025-05-05T04:07:00.000,2025-05-22T13:18:53.000,Street Light Out,Closed,Belagavi,15.859437,74.480652
61291623,2025-05-05T08:08:00.000,2025-05-09T13:03:25.000,Street Light Out,Closed,Hubballi,15.318621,75.099581
61291654,2025-05-05T11:56:00.000,2025-05-15T13:36:00.000,Street Light Out,Closed,Mysuru,12.312268,76.691407
61291962,2025-05-05T17:08:00.000,2025-05-06T13:11:15.000,Street Light Out,Closed,Mangaluru,12.90458,74.845432
61292278,2025-05-05T17:08:00.000,2025-05-08T09:45:00.000,Street Light Out,Closed,Hubballi,15.357958,75.120877
61292349,2025-05-05T19:09:00.000,2025-05-10T12:32:00.000,Street Light Cycling,Closed,Mangaluru,12.874097,74.852499
61292428,2025-05-05T19:19:00.000,2025-05-13T13:48:00.000,Street Light Out,Closed,Shivamogga,13.914613,75.564508
61292555,2025-05-05T19:46:00.000,2025-05-14T12:09:00.000,Street Light Out,Closed,Bengaluru,12.950916,77.605762
61292579,2025-05-05T20:26:00.000,2025-05-20T11:28:09.000,Street Light Out,Closed,Mangaluru,12.875357,74.852898
61292728,2025-05-05T23:06:00.000,2025-05-09T12:18:28.000,Street Light Out,Closed,Mangaluru,12.905369,74.854789
61292778,2025-05-05T23:19:00.000,2025-05-10T08:57:00.000,Street Light Out,Closed,Bengaluru,12.988465,77.583701
61292809,2025-05-05T23:56:00.000,2025-05-24T16:56:45.000,Street Light Out,Closed,Mangaluru,12.883891,74.846422
61293216,2025-05-06T00:59:00.000,2025-05-11T14:59:11.000,Street Light Cycling,Closed,Shivamogga,13.944391,75.577724
61293451,2025-05-06T04:09:00.000,2025-05-07T17:07:00.000,Street Light Out,Closed,Hubballi,15.346462,75.099785
61293525,2025-05-06T06:20:00.000,2025-05-31T10:32:00.000,Street Light Out,Closed,Belagavi,15.856473,74.519799
61293582,2025-05-06T06:58:00.000,2025-05-25T14:10:00.000,Street Light Out,Closed,Shivamogga,13.914281,75.567673
61293741,2025-05-06T07:10:00.000,2025-05-09T09:34:00.000,Lamppost Damaged,Closed,Mysuru,12.283833,76.692732
61293764,2025-05-06T07:41:00.000,2025-05-11T14:04:07.000,Street Light Out,Closed,Bengaluru,13.008028,77.447491
61293774,2025-05-06T08:42:00.000,2025-05-08T10:39:00.000,Street Light Out,Closed,Mangaluru,12.884607,74.844907
61294104,2025-05-06T09:00:00.000,2025-05-11T13:53:16.000,Street Light Out,Closed,Mangaluru,12.887904,74.847431
61294607,2025-05-06T09:15:00.000,2025-05-14T08:35:00.000,Street Light Out,Closed,Bengaluru,12.985408,77.595945
61294878,2025-05-06T09:25:00.000,2025-05-15T14:35:36.000,Street Light Out,Closed,Mysuru,12.317664,76.687451
61295007,2025-05-06T11:52:00.000,2025-05-12T11:09:00.000,Street Light Dim,Closed,Bengaluru,12.98159,77.589708
61295224,2025-05-06T12:21:00.000,2025-05-09T16:43:15.000,Street Light Out,Closed,Bengaluru,12.994525,77.612051
61295422,2025-05-06T17:51:00.000,2025-05-19T18:17:48.000,Street Light Out,Closed,Mangaluru,12.904876,74.853198
61295578,2025-05-06T17:59:00.000,2025-05-08T08:39:56.000,Street Light Cycling,Closed,Mangaluru,12.852663,74.887197
61295668,2025-05-06T19:02:00.000,2025-05-15T17:36:00.000,Street Light Out,Closed,Tumakuru,13.329252,77.080629
61295963,2025-05-06T19:10:00.000,2025-05-10T09:07:00.000,Street Light Out,Closed,Bengaluru,12.989634,77.592511
61296025,2025-05-06T19:17:00.000,2025-05-08T11:47:28.000,Street Light Cycling,Closed,Mangaluru,12.874207,74.844034
61296045,2025-05-06T19:36:00.000,2025-06-05T10:46:00.000,Street Light Out,Closed,Shivamogga,13.965042,75.551904
61296076,2025-05-06T20:49:00.000,2025-05-20T14:22:00.000,Street Light Out,Closed,Mangaluru,12.87814,74.872855
61296547,2025-05-06T22:21:00.000,2025-05-10T18:46:21.000,Street Light Out,Closed,Belagavi,15.846836,74.487348
61296618,2025-05-07T08:42:00.000,2025-05-10T09:49:06.000,Street Light Out,Closed,Mysuru,12.275837,76.651712
61296976,2025-05-07T08:50:00.000,2025-05-13T12:06:00.000,Street Light Out,Closed,Hubballi,15.34344,75.107748
61297434,2025-05-07T09:44:00.000,2025-05-10T17:40:16.000,Street Light Out,Closed,Bengaluru,12.852822,77.560758
61297442,2025-05-07T11:47:00.000,2025-05-19T11:45:11.000,Street Light Cycling,Closed,Shivamogga,13.929134,75.556753
61297710,2025-05-07T14:05:00.000,2025-05-17T12:31:36.000,Street Light Out,Closed,Bengaluru,12.959595,77.571318
61297739,2025-05-07T16:33:00.000,2025-05-12T17:53:00.000,Street Light Out,Closed,Shivamogga,13.901592,75.558461
61297986,2025-05-07T16:51:00.000,2025-05-09T11:10:24.000,Street Light Out,Closed,Mangaluru,12.894591,74.885243
61298084,2025-05-07T18:33:00.000,2025-05-14T16:29:00.000,Street Light Out,Closed,Belagavi,15.859821,74.473216
61298151,2025-05-07T18:47:00.000,2025-05-13T12:54:47.000,Street Light Out,Closed,Mangaluru,12.86603,74.83832
61298219,2025-05-07T19:01:00.000,2025-05-14T18:52:39.000,Street Light Out,Closed,Mangaluru,12.90354,74.879682
61298533,2025-05-07T19:40:00.000,2025-05-30T11:31:00.000,Street Light Out,Closed,Hubballi,15.361898,75.148532
61298772,2025-05-07T20:57:00.000,2025-05-16T09:05:00.000,Street Light Out,Closed,Belagavi,15.882225,74.501882
61298803,2025-05-07T22:51:00.000,2025-05-14T10:26:43.000,Street Light Out,Closed,Hubballi,15.350009,75.127209
61298989,2025-05-07T23:43:00.000,2025-07-07T11:25:36.000,Street Light Out,Closed,Shivamogga,13.898914,75.56036
61299562,2025-05-08T01:50:00.000,2025-05-10T16:43:00.000,Street Light Out,Closed,Belagavi,15.842849,74.499507
61299570,2025-05-08T02:14:00.000,2025-05-11T15:49:55.000,Street Light Dim,Closed,Hubballi,15.343165,75.149591
61299638,2025-05-08T06:18:00.000,2025-05-09T16:47:22.000,Street Light Out,Closed,Hubballi,15.356983,75.149981
61299855,2025-05-08T07:47:00.000,2025-05-10T15:57:21.000,Street Light Dayburning,Closed,Bengaluru,12.984975,77.590453
61299977,2025-05-08T08:39:00.000,2025-05-10T16:51:56.000,Street Light Out,Closed,Mangaluru,12.894952,74.849194
61300004,2025-05-08T09:46:00.000,2025-05-17T11:41:00.000,Street Light Out,Closed,Mangaluru,12.895382,74.845975
61300014,2025-05-08T10:06:00.000,2025-05-10T14:50:00.000,Street Light Dim,Closed,Mysuru,12.254422,76.658748
61300083,2025-05-08T10:40:00.000,2025-05-10T08:09:03.000,Street Light Out,Closed,Bengaluru,12.922473,77.613142
61300175,2025-05-08T16:03:00.000,2025-05-14T10:31:00.000,Street Light Out,Closed,Mangaluru,12.891621,74.849444
61300405,2025-05-08T18:13:00.000,2025-05-15T14:07:00.000,Street Light Out,Closed,Mangaluru,12.892385,74.892215
61300451,2025-05-08T19:26:00.000,2025-05-12T13:53:00.000,Street Light Dim,Closed,Bengaluru,12.945023,77.623846
61300506,2025-05-08T20:04:00.000,2025-05-24T16:59:56.000,Street Light Out,Closed,Bengaluru,12.982877,77.595072
61300540,2025-05-08T20:06:00.000,2025-05-19T16:14:14.000,Street Light Out,Closed,Bengaluru,13.027318,77.564472
61300607,2025-05-08T20:11:00.000,2025-05-11T10:13:32.000,Street Light Out,Closed,Bengaluru,12.977374,77.583509
61300676,2025-05-08T20:43:00.000,2025-05-09T16:31:00.000,Street Light Cycling,Closed,Mangaluru,12.86677,74.851203
61300699,2025-05-08T22:49:00.000,2025-05-12T14:16:51.000,Street Light Out,Closed,Mysuru,12.304305,76.663351
61300809,2025-05-08T23:23:00.000,2025-05-13T13:00:00.000,Street Light Out,Closed,Hubballi,15.359324,75.148511
61300862,2025-05-08T23:40:00.000,2025-05-16T12:12:00.000,Street Light Out,Closed,Shivamogga,13.890004,75.540475
61300987,2025-05-09T00:37:00.000,2025-05-20T09:37:00.000,Street Light Out,Closed,Hubballi,15.362621,75.151435
61301095,2025-05-09T02:22:00.000,2025-05-22T13:07:00.000,Street Light Out,Closed,Belagavi,15.849952,74.493084
61301158,2025-05-09T03:08:00.000,2025-07-31T17:18:45.000,Street Light Out,Closed,Bengaluru,13.014941,77.441042
61301337,2025-05-09T03:42:00.000,2025-05-12T08:23:00.000,Street Light Out,Closed,Hubballi,15.343176,75.137402
61301510,2025-05-09T05:00:00.000,2025-05-10T08:04:00.000,Street Light Out,Closed,Bengaluru,12.996037,77.633802
61301577,2025-05-09T06:12:00.000,2025-05-21T13:19:59.000,Street Light Out,Closed,Mangaluru,12.921908,74.875324
61301587,2025-05-09T08:32:00.000,2025-05-11T18:08:00.000,Street Light Out,Closed,Shivamogga,13.896772,75.556001
61301621,2025-05-09T15:50:00.000,2025-05-23T09:16:33.000,Street Light Out,Closed,Mysuru,12.305365,76.665532
61301889,2025-05-09T17:37:00.000,2025-05-23T11:06:00.000,Street Light Out,Closed,Bengaluru,12.985023,77.586761
61302134,2025-05-09T18:52:00.000,2025-05-12T09:39:57.000,Street Light Out,Closed,Belagavi,15.853288,74.484514
61302166,2025-05-09T19:50:00.000,2025-07-10T17:48:07.000,Street Light Out,Closed,Mangaluru,12.916159,74.867366
61302411,2025-05-09T20:04:00.000,2025-05-11T16:15:00.000,Street Light Out,Closed,Hubballi,15.344555,75.115907
61302601,2025-05-09T20:12:00.000,2025-05-19T15:25:00.000,Street Light Out,Closed,Shivamogga,13.925194,75.560614
61302649,2025-05-09T20:30:00.000,2025-05-19T10:14:00.000,Street Light Out,Closed,Mangaluru,12.872442,74.847332
61302717,2025-05-09T21:39:00.000,2025-05-17T09:10:00.000,Street Light Out,Closed,Tumakuru,13.364245,77.090423
61302768,2025-05-09T22:12:00.000,2025-05-18T16:31:00.000,Street Light Out,Closed,Shivamogga,13.945067,75.583804
61302794,2025-05-09T23:43:00.000,2025-05-11T09:23:00.000,Street Light Out,Closed,Hubballi,15.353425,75.162109
61302991,2025-05-10T01:24:00.000,2025-05-11T10:39:36.000,Street Light Out,Closed,Bengaluru,12.962695,77.580547
61302994,2025-05-10T07:34:00.000,2025-05-12T12:38:00.000,Street Light Out,Closed,Mangaluru,12.870472,74.848656
61303015,2025-05-10T08:06:00.000,2025-05-12T09:55:53.000,Street Light Out,Closed,Bengaluru,12.968033,77.614187
61303038,2025-05-10T08:56:00.000,2025-05-15T13:57:00.000,Street Light Out,Closed,Bengaluru,12.989006,77.62562
61303045,2025-05-10T10:20:00.000,2025-05-13T13:53:00.000,Street Light Out,Closed,Bengaluru,12.963836,77.5623
61303107,2025-05-10T10:52:00.000,2025-05-14T11:03:00.000,Street Light Out,Closed,Mysuru,12.313546,76.667791
61303127,2025-05-10T11:16:00.000,2025-05-15T08:34:00.000,Street Light Dayburning,Closed,Mangaluru,12.882953,74.867252
61303410,2025-05-10T11:59:00.000,2025-05-18T18:49:00.000,Street Light Out,Closed,Mysuru,12.323054,76.709502
61303485,2025-05-10T13:18:00.000,2025-05-12T09:39:14.000,Street Light Out,Closed,Mangaluru,12.874917,74.863915
61303559,2025-05-10T16:28:00.000,2025-05-21T11:13:00.000,Street Light Out,Closed,Hubballi,15.351809,75.143608
61303569,2025-05-10T16:48:00.000,2025-05-13T14:23:00.000,Street Light Out,Closed,Mangaluru,12.871335,74.854107
61303588,2025-05-10T17:12:00.000,2025-05-13T12:59:00.000,Street Light Out,Closed,Tumakuru,13.340135,77.097845
61303793,2025-05-10T17:49:00.000,2025-05-12T08:03:08.000,Street Light Out,Closed,Belagavi,15.845386,74.549632
61303807,2025-05-10T17:53:00.000,2025-05-14T17:00:16.000,Street Light Out,Closed,Mangaluru,12.876419,74.859435
61303828,2025-05-10T18:01:00.000,2025-05-25T13:07:00.000,Street Light Out,Closed,Mysuru,12.303477,76.660179
61303861,2025-05-10T18:30:00.000,2025-05-11T18:45:23.000,Street Light Out,Closed,Mangaluru,12.905503,74.851739
61303977,2025-05-10T18:35:00.000,2025-05-16T10:24:59.000,Street Light Cycling,Closed,Tumakuru,13.334532,77.1103
61303994,2025-05-10T18:59:00.000,2025-05-12T10:50:00.000,Street Light Out,Closed,Mangaluru,12.893352,74.865638
61304216,2025-05-10T20:03:00.000,2025-05-16T14:40:51.000,Street Light Cycling,Closed,Hubballi,15.354449,75.126301
61304218,2025-05-10T20:47:00.000,2025-05-20T08:45:00.000,Street Light Out,Closed,Mangaluru,12.868561,74.848133
61304251,2025-05-10T22:12:00.000,2025-06-11T08:50:00.000,Street Light Out,Closed,Bengaluru,12.981288,77.48173
61304405,2025-05-10T22:39:00.000,2025-05-15T10:23:00.000,Street Light Cycling,Closed,Mysuru,12.348861,76.655423
61304597,2025-05-10T23:16:00.000,2025-05-19T12:55:57.000,Street Light Out,Closed,Mangaluru,12.882756,74.859577
61304649,2025-05-11T08:34:00.000,2025-05-13T17:58:34.000,Street Light Out,Closed,Belagavi,15.857919,74.507236
61304981,2025-05-11T11:19:00.000,2025-06-28T18:46:00.000,Street Light Out,Closed,Belagavi,15.844377,74.515768
61305070,2025-05-11T17:07:00.000,2025-05-16T11:14:00.000,Street Light Cycling,Closed,Shivamogga,13.928998,75.572553
61305384,2025-05-11T18:50:00.000,2025-05-17T10:36:10.000,Street Light Out,Closed,Tumakuru,13.355457,77.073267
61305429,2025-05-11T19:15:00.000,2025-05-14T17:41:35.000,Street Light Cycling,Closed,Tumakuru,13.323019,77.113777
61305503,2025-05-11T19:25:00.000,2025-05-14T18:07:55.000,Street Light Out,Closed,Bengaluru,12.975272,77.609218
61305566,2025-05-11T19:51:00.000,2025-08-10T10:18:00.000,Street Light Out,Closed,Bengaluru,13.072921,77.524914
61305723,2025-05-11T20:00:00.000,2025-05-21T10:57:00.000,Street Light Out,Closed,Tumakuru,13.348774,77.103897
61305845,2025-05-11T20:44:00.000,2025-05-16T15:30:22.000,Street Light Out,Closed,Shivamogga,13.896944,75.563893
61305883,2025-05-11T20:54:00.000,2025-05-13T14:45:28.000,Street Light Out,Closed,Mysuru,12.305972,76.663028
61306089,2025-05-11T21:06:00.000,2025-05-12T17:13:10.000,Street Light Out,Closed,Mangaluru,12.894003,74.853115
61306117,2025-05-11T21:36:00.000,2025-05-14T13:42:00.000,Street Light Out,Closed,Belagavi,15.871746,74.492116
61306200,2025-05-11T21:38:00.000,2025-05-27T11:28:00.000,Street Light Out,Closed,Mangaluru,12.89253,74.840952
61306209,2025-05-11T21:51:00.000,2025-05-23T13:17:00.000,Street Light Out,Closed,Shivamogga,13.916403,75.56285
61306314,2025-05-11T21:58:00.000,2025-05-20T13:24:00.000,Street Light Out,Closed,Hubballi,15.354752,75.143551
61306404,2025-05-11T22:16:00.000,2025-05-18T11:20:09.000,Street Light Out,Closed,Bengaluru,12.999576,77.556975
61306424,2025-05-11T23:22:00.000,2025-05-13T10:33:00.000,Street Light Out,Closed,Bengaluru,12.935471,77.655057
61306599,2025-05-11T23:35:00.000,2025-05-13T15:54:41.000,Street Light Out,Closed,Belagavi,15.843546,74.553981
61306635,2025-05-11T23:54:00.000,2025-05-18T14:40:25.000,Street Light Out,Closed,Mangaluru,12.835998,74.86487
61306760,2025-05-12T00:27:00.000,2025-05-15T09:23:00.000,Street Light Out,Closed,Bengaluru,13.017152,77.561769
61306766,2025-05-12T01:12:00.000,2025-05-24T11:05:21.000,Street Light Out,Closed,Shivamogga,13.927371,75.572118
61306853,2025-05-12T01:56:00.000,2025-05-13T18:11:00.000,Street Light Out,Closed,Mangaluru,12.919413,74.853162
61306918,2025-05-12T06:46:00.000,2025-05-21T08:36:00.000,Street Light Out,Closed,Mangaluru,12.828557,74.855075
61307147,2025-05-12T07:04:00.000,2025-05-16T14:21:38.000,Street Light Out,Closed,Shivamogga,13.941306,75.57831
61307268,2025-05-12T09:13:00.000,2025-06-01T12:39:15.000,Street Light Out,Closed,Bengaluru,13.060006,77.593879
61307464,2025-05-12T10:01:00.000,2025-05-19T12:59:00.000,Street Light Out,Closed,Shivamogga,13.919223,75.549782
61308072,2025-05-12T12:08:00.000,2025-05-20T14:25:47.000,Street Light Out,Closed,Belagavi,15.843239,74.520649
61308320,2025-05-12T16:29:00.000,2025-05-21T13:32:45.000,Street Light Out,Closed,Bengaluru,13.008448,77.616957
61308345,2025-05-12T18:31:00.000,2025-05-15T17:38:49.000,Street Light Out,Closed,Mysuru,12.283783,76.692772
61308358,2025-05-12T19:52:00.000,2025-05-19T16:59:52.000,Street Light Out,Closed,Mangaluru,12.913033,74.870606
61308374,2025-05-12T20:27:00.000,2025-05-30T16:02:00.000,Street Light Out,Closed,Mysuru,12.30147,76.683797
61308404,2025-05-12T21:13:00.000,2025-05-22T11:09:56.000,Street Light Out,Closed,Mysuru,12.342926,76.654179
61308464,2025-05-12T22:18:00.000,2025-05-16T11:17:54.000,Street Light Out,Closed,Mysuru,12.310107,76.680099
61308541,2025-05-12T22:38:00.000,2025-05-16T09:00:37.000,Street Light Out,Closed,Mangaluru,12.872235,74.85422
61308854,2025-05-12T23:26:00.000,2025-05-20T09:06:06.000,Street Light Out,Closed,Tumakuru,13.341749,77.109371
61308923,2025-05-13T00:57:00.000,2025-05-14T10:02:00.000,Street Light Out,Closed,Bengaluru,12.976074,77.59146
61309261,2025-05-13T07:57:00.000,2025-05-14T12:58:00.000,Street Light Out,Closed,Mangaluru,12.870254,74.863618
61309314,2025-05-13T08:43:00.000,2025-05-15T16:47:19.000,Street Light Out,Closed,Shivamogga,13.925161,75.568433
61309751,2025-05-13T09:15:00.000,2025-05-16T15:54:00.000,Street Light Dim,Closed,Shivamogga,13.961411,75.569978
61309921,2025-05-13T09:36:00.000,2025-05-15T18:09:48.000,Street Light Out,Closed,Mangaluru,12.882985,74.846359
61310059,2025-05-13T10:01:00.000,2025-05-16T10:11:19.000,Street Light Out,Closed,Mangaluru,12.866695,74.851302
61310099,2025-05-13T10:16:00.000,2025-05-24T17:54:13.000,Street Light Cycling,Closed,Bengaluru,12.964826,77.666842
61310321,2025-05-13T10:31:00.000,2025-05-21T09:45:46.000,Street Light Out,Closed,Bengaluru,12.965192,77.58148
61310772,2025-05-13T11:19:00.000,2025-05-14T14:32:32.000,Street Light Out,Closed,Tumakuru,13.349142,77.083297
61310826,2025-05-13T11:28:00.000,2025-06-29T10:33:00.000,Street Light Out,Closed,Hubballi,15.364501,75.110878
61310835,2025-05-13T13:15:00.000,2025-05-17T09:59:00.000,Street Light Out,Closed,Mysuru,12.257768,76.658362
61310847,2025-05-13T14:33:00.000,2025-05-26T17:24:00.000,Street Light Out,Closed,Belagavi,15.843696,74.554235
61310886,2025-05-13T14:41:00.000,2025-05-20T18:15:14.000,Street Light Cycling,Closed,Hubballi,15.364482,75.124127
61310890,2025-05-13T15:54:00.000,2025-05-17T18:08:00.000,Street Light Cycling,Closed,Hubballi,15.359242,75.154331
61311034,2025-05-13T18:40:00.000,2025-05-16T14:06:00.000,Street Light Out,Closed,Mangaluru,12.871062,74.862375
61311152,2025-05-13T19:19:00.000,2025-05-15T17:21:16.000,Street Light Out,Closed,Shivamogga,13.916579,75.558332
61311181,2025-05-13T20:56:00.000,2025-05-17T08:50:00.000,Street Light Dim,Closed,Bengaluru,12.985258,77.596884
61311245,2025-05-13T21:07:00.000,2025-05-27T15:33:11.000,Street Light Out,Closed,Bengaluru,12.937312,77.526251
61311356,2025-05-13T21:09:00.000,2025-05-15T16:06:52.000,Street Light Out,Closed,Bengaluru,12.985606,77.607615
61311402,2025-05-13T22:06:00.000,2025-05-19T08:20:00.000,Street Light Out,Closed,Bengaluru,12.98465,77.595472
61311466,2025-05-13T22:24:00.000,2025-05-18T16:05:44.000,Lamppost Damaged,Closed,Tumakuru,13.341546,77.099922
61311777,2025-05-13T22:33:00.000,2025-05-23T13:10:45.000,Street Light Out,Closed,Hubballi,15.355449,75.164665
61311792,2025-05-13T23:43:00.000,2025-05-15T15:17:00.000,Street Light Out,Closed,Mangaluru,12.893339,74.865566
61311990,2025-05-14T00:44:00.000,2025-05-19T08:03:00.000,Street Light Out,Closed,Bengaluru,12.978929,77.622066
61312006,2025-05-14T06:37:00.000,2025-06-06T10:50:00.000,Street Light Out,Closed,Mangaluru,12.876004,74.874454
61312127,2025-05-14T06:46:00.000,2025-05-15T14:15:34.000,Street Light Out,Closed,Bengaluru,13.085598,77.526117
61312269,2025-05-14T09:07:00.000,2025-05-16T18:06:00.000,Street Light Dayburning,Closed,Mangaluru,12.917433,74.844124
61312528,2025-05-14T10:32:00.000,2025-05-21T13:28:00.000,Street Light Out,Closed,Mangaluru,12.891492,74.840357
61312534,2025-05-14T16:50:00.000,2025-05-18T12:59:06.000,Street Light Out,Closed,Bengaluru,12.965067,77.575806
61312759,2025-05-14T18:16:00.000,2025-05-26T12:33:14.000,Street Light Out,Closed,Mangaluru,12.893242,74.849366
61312840,2025-05-14T18:45:00.000,2025-05-24T09:08:08.000,Street Light Dayburning,Closed,Tumakuru,13.334895,77.109373
61312850,2025-05-14T18:47:00.000,2025-05-24T10:57:00.000,Street Light Out,Closed,Bengaluru,12.9092,77.635417
61312871,2025-05-14T20:39:00.000,2025-05-19T09:04:40.000,Street Light Out,Closed,Shivamogga,13.913414,75.562256
61312955,2025-05-14T21:22:00.000,2025-05-18T10:11:23.000,Street Light Out,Closed,Mysuru,12.280882,76.676503
61313146,2025-05-14T21:25:00.000,2025-05-25T15:29:00.000,Street Light Out,Closed,Bengaluru,12.853458,77.490848
61313341,2025-05-14T22:27:00.000,2025-06-01T08:41:00.000,Street Light Cycling,Closed,Belagavi,15.843809,74.559126
61313350,2025-05-14T23:15:00.000,2025-05-30T15:51:00.000,Street Light Out,Closed,Bengaluru,13.000399,77.593423
61313711,2025-05-14T23:21:00.000,2025-05-16T09:00:55.000,Street Light Out,Closed,Mangaluru,12.890019,74.856612
61314058,2025-05-14T23:50:00.000,2025-05-18T08:15:00.000,Street Light Out,Closed,Bengaluru,12.969354,77.578722
61314063,2025-05-15T01:54:00.000,2025-05-20T17:32:00.000,Street Light Out,Closed,Mangaluru,12.885506,74.840413
61314165,2025-05-15T04:23:00.000,2025-05-25T12:20:21.000,Street Light Out,Closed,Bengaluru,12.989783,77.582839
61314321,2025-05-15T04:53:00.000,2025-05-16T13:24:09.000,Street Light Out,Closed,Bengaluru,12.952493,77.57406
61314491,2025-05-15T04:55:00.000,2025-05-21T18:42:00.000,Street Light Out,Closed,Shivamogga,13.940201,75.605179
61314569,2025-05-15T07:59:00.000,2025-05-18T17:39:00.000,Street Light Out,Closed,Hubballi,15.357062,75.114252
61314685,2025-05-15T08:00:00.000,2025-06-19T11:42:48.000,Street Light Out,Closed,Belagavi,15.861035,74.504727
61314741,2025-05-15T08:11:00.000,2025-05-22T15:33:21.000,Street Light Out,Closed,Bengaluru,12.908729,77.566317
61315187,2025-05-15T09:30:00.000,2025-05-31T08:47:35.000,Street Light Out,Closed,Mangaluru,12.905583,74.893212
61315221,2025-05-15T09:51:00.000,2025-05-18T09:58:00.000,Street Light Out,Closed,Bengaluru,13.03556,77.549966
61315277,2025-05-15T11:08:00.000,2025-05-20T16:12:00.000,Street Light Out,Closed,Hubballi,15.362691,75.130781
61315450,2025-05-15T14:56:00.000,2025-05-18T10:43:46.000,Street Light Out,Closed,Mysuru,12.303829,76.670888
61315523,2025-05-15T17:46:00.000,2025-05-27T18:56:57.000,Street Light Out,Closed,Mysuru,12.279579,76.656391
61315580,2025-05-15T17:55:00.000,2025-05-19T10:21:00.000,Street Light Out,Closed,Mangaluru,12.890493,74.877737
61315821,2025-05-15T18:00:00.000,2025-05-31T11:05:40.000,Street Light Out,Closed,Mangaluru,12.886186,74.87718
61315827,2025-05-15T20:39:00.000,2025-05-16T16:37:36.000,Street Light Out,Closed,Tumakuru,13.343998,77.1112
61315900,2025-05-15T21:19:00.000,2025-05-17T13:33:00.000,Street Light Out,Closed,Bengaluru,12.983289,77.591354
61316195,2025-05-15T21:50:00.000,2025-05-29T13:47:00.000,Street Light Cycling,Closed,Shivamogga,13.949996,75.545125
61316567,2025-05-15T22:47:00.000,2025-05-21T15:00:59.000,Street Light Out,Closed,Mysuru,12.348528,76.653068
61316774,2025-05-15T23:19:00.000,2025-06-09T08:32:00.000,Street Light Out,Closed,Belagavi,15.892839,74.545189
61316778,2025-05-15T23:28:00.000,2025-05-30T09:46:14.000,Street Light Out,Closed,Tumakuru,13.392025,77.080745
61316964,2025-05-15T23:40:00.000,2025-05-23T17:26:50.000,Street Light Dim,Closed,Tumakuru,13.33085,77.109396
61317011,2025-05-16T02:44:00.000,2025-05-25T10:26:00.000,Street Light Out,Closed,Bengaluru,12.86118,77.500183
61317389,2025-05-16T09:34:00.000,2025-05-20T18:12:43.000,Street Light Out,Closed,Mysuru,12.303681,76.664781
61317484,2025-05-16T10:40:00.000,2025-05-30T09:36:00.000,Street Light Out,Closed,Bengaluru,12.975067,77.578999
61317697,2025-05-16T10:57:00.000,2025-05-22T14:16:34.000,Street Light Out,Closed,Bengaluru,12.973396,77.585531
61317717,2025-05-16T12:44:00.000,2025-05-18T12:06:24.000,Street Light Out,Closed,Mangaluru,12.85096,74.848346
61317813,2025-05-16T16:36:00.000,2025-05-20T15:19:00.000,Street Light Out,Closed,Tumakuru,13.337021,77.115152
61317863,2025-05-16T17:22:00.000,2025-05-29T17:29:39.000,Street Light Out,Closed,Mangaluru,12.893994,74.853096
61318304,2025-05-16T17:37:00.000,2025-05-20T15:29:00.000,Street Light Out,Closed,Bengaluru,13.014309,77.611483
61318511,2025-05-16T18:51:00.000,2025-05-18T12:38:00.000,Street Light Out,Closed,Bengaluru,13.004593,77.602315
61318541,2025-05-16T18:52:00.000,2025-05-18T11:08:00.000,Street Light Out,Closed,Bengaluru,12.975711,77.600684
61318683,2025-05-16T22:07:00.000,2025-05-21T16:29:00.000,Street Light Out,Closed,Tumakuru,13.320489,77.091555
61318768,2025-05-16T22:36:00.000,2025-05-27T13:35:22.000,Street Light Out,Closed,Shivamogga,13.925559,75.555675
61318823,2025-05-16T22:45:00.000,2025-06-14T16:10:00.000,Street Light Out,Closed,Hubballi,15.344454,75.12206
61318864,2025-05-16T22:53:00.000,2025-06-14T12:32:00.000,Street Light Cycling,Closed,Mysuru,12.348112,76.631492
61319040,2025-05-17T04:37:00.000,2025-05-22T17:54:00.000,Street Light Out,Closed,Mangaluru,12.885959,74.850348
61319106,2025-05-17T05:58:00.000,2025-05-20T14:49:22.000,Street Light Out,Closed,Hubballi,15.351805,75.160259
61319283,2025-05-17T07:22:00.000,2025-05-22T12:56:49.000,Street Light Out,Closed,Belagavi,15.84086,74.492397
61319295,2025-05-17T07:43:00.000,2025-05-22T17:04:00.000,Street Light Out,Closed,Bengaluru,12.974422,77.586399
61319313,2025-05-17T08:23:00.000,2025-05-20T11:10:00.000,Street Light Out,Closed,Tumakuru,13.377409,77.137014
61319407,2025-05-17T08:57:00.000,2025-05-22T13:00:02.000,Street Light Dayburning,Closed,Belagavi,15.876694,74.504238
61319590,2025-05-17T08:57:00.000,2025-05-27T12:58:00.000,Street Light Out,Closed,Shivamogga,13.941296,75.578317
61319598,2025-05-17T10:39:00.000,2025-05-28T17:01:00.000,Street Light Out,Closed,Belagavi,15.848334,74.509726
61319649,2025-05-17T15:48:00.000,2025-05-20T08:25:33.000,Street Light Out,Closed,Belagavi,15.888308,74.501043
61319669,2025-05-17T16:03:00.000,2025-05-18T11:24:00.000,Street Light Out,Closed,Mangaluru,12.89162,74.849498
61319954,2025-05-17T16:14:00.000,2025-05-27T17:18:53.000,Street Light Out,Closed,Shivamogga,13.922817,75.571126
61320200,2025-05-17T17:07:00.000,2025-05-20T08:38:00.000,Street Light Out,Closed,Mangaluru,12.899596,74.861514
61320330,2025-05-17T18:21:00.000,2025-05-21T15:46:00.000,Street Light Out,Closed,Hubballi,15.362803,75.138519
61320439,2025-05-17T19:31:00.000,2025-05-24T12:38:00.000,Street Light Out,Closed,Bengaluru,13.082015,77.547026
61320541,2025-05-17T19:45:00.000,2025-05-26T16:01:29.000,Street Light Out,Closed,Hubballi,15.352476,75.137394
61320698,2025-05-17T20:38:00.000,2025-05-24T12:01:00.000,Street Light Out,Closed,Bengaluru,12.969659,77.624539
61320769,2025-05-17T20:52:00.000,2025-05-19T11:49:00.000,Street Light Out,Closed,Bengaluru,12.999626,77.623656
61320780,2025-05-17T23:05:00.000,2025-05-25T11:44:21.000,Street Light Out,Closed,Mangaluru,12.878783,74.846208
61320819,2025-05-18T02:48:00.000,2025-05-21T11:26:13.000,Street Light Out,Closed,Bengaluru,13.013035,77.633459
61321075,2025-05-18T07:46:00.000,2025-05-21T09:47:00.000,Street Light Out,Closed,Bengaluru,12.961546,77.602331
61321191,2025-05-18T08:30:00.000,2025-06-05T09:40:19.000,Street Light Out,Closed,Belagavi,15.846958,74.550513
61321241,2025-05-18T09:08:00.000,2025-05-28T16:00:00.000,Street Light Out,Closed,Mangaluru,12.927456,74.846972
61321280,2025-05-18T11:23:00.000,2025-05-29T15:21:00.000,Street Light Out,Closed,Mysuru,12.312789,76.680695
61321416,2025-05-18T11:33:00.000,2025-05-21T10:34:00.000,Street Light Dayburning,Closed,Bengaluru,12.97136,77.52123
61321458,2025-05-18T12:37:00.000,2025-06-01T11:44:00.000,Street Light Out,Closed,Hubballi,15.350921,75.150339
61321852,2025-05-18T13:18:00.000,2025-05-26T14:24:00.000,Street Light Out,Closed,Belagavi,15.84521,74.55583
61322088,2025-05-18T15:53:00.000,2025-05-19T11:38:00.000,Street Light Out,Closed,Bengaluru,13.01322,77.611398
61322186,2025-05-18T18:01:00.000,2025-05-23T09:35:00.000,Street Light Dayburning,Closed,Tumakuru,13.329715,77.1071
61322274,2025-05-18T18:46:00.000,2025-05-26T15:14:33.000,Street Light Out,Closed,Hubballi,15.36515,75.133675
61322502,2025-05-18T19:26:00.000,2025-05-26T09:30:23.000,Lamppost Damaged,Closed,Tumakuru,13.337629,77.087452
61322649,2025-05-18T19:59:00.000,2025-05-21T11:22:15.000,Street Light Out,Closed,Mangaluru,12.917526,74.850677
61322728,2025-05-18T21:21:00.000,2025-05-30T18:16:18.000,Street Light Out,Closed,Bengaluru,12.952844,77.583519
61322903,2025-05-18T21:57:00.000,2025-05-19T18:07:00.000,Street Light Out,Closed,Mysuru,12.319277,76.628117
61323055,2025-05-18T22:34:00.000,2025-05-25T09:53:28.000,Street Light Out,Closed,Belagavi,15.859765,74.512939
61323056,2025-05-18T23:18:00.000,2025-05-25T09:05:00.000,Street Light Out,Closed,Mysuru,12.350169,76.627572
61323258,2025-05-19T07:24:00.000,2025-05-24T18:02:00.000,Street Light Out,Closed,Mysuru,12.299761,76.662247
61323573,2025-05-19T09:14:00.000,2025-05-21T16:01:00.000,Street Light Out,Closed,Mangaluru,12.873335,74.846414
61323670,2025-05-19T10:46:00.000,2025-05-25T11:08:00.000,Street Light Out,Closed,Mangaluru,12.863856,74.863227
61323716,2025-05-19T12:11:00.000,2025-05-21T09:04:21.000,Street Light Out,Closed,Belagavi,15.855043,74.495965
61323946,2025-05-19T14:32:00.000,2025-05-27T18:30:10.000,Lamppost Damaged,Closed,Bengaluru,13.034783,77.562855
61324019,2025-05-19T16:37:00.000,2025-05-22T12:15:33.000,Street Light Out,Closed,Mysuru,12.347072,76.660568
61324024,2025-05-19T16:38:00.000,2025-05-27T17:24:00.000,Street Light Dim,Closed,Bengaluru,12.930231,77.577683
61324060,2025-05-19T17:02:00.000,2025-05-21T17:14:00.000,Street Light Out,Closed,Mangaluru,12.880122,74.860885
61324368,2025-05-19T18:51:00.000,2025-05-24T15:59:16.000,Street Light Out,Closed,Bengaluru,13.029257,77.545283
61324392,2025-05-19T20:13:00.000,2025-05-22T14:36:00.000,Street Light Out,Closed,Hubballi,15.365201,75.142231
61324418,2025-05-19T20:24:00.000,2025-05-21T09:20:29.000,Street Light Out,Closed,Tumakuru,13.331537,77.101565
61324574,2025-05-19T20:44:00.000,2025-05-25T17:51:00.000,Street Light Out,Closed,Belagavi,15.871749,74.492134
61324634,2025-05-19T22:18:00.000,2025-06-11T10:51:00.000,Street Light Out,Closed,Bengaluru,12.857288,77.483545
61324729,2025-05-20T00:23:00.000,2025-06-04T09:54:00.000,Street Light Out,Closed,Mysuru,12.348889,76.655456
61324874,2025-05-20T09:16:00.000,2025-05-25T12:44:00.000,Street Light Out,Closed,Belagavi,15.84299,74.554688
61324904,2025-05-20T10:27:00.000,2025-05-23T14:57:00.000,Street Light Out,Closed,Mangaluru,12.875338,74.870975
61325096,2025-05-20T11:16:00.000,2025-05-29T18:11:00.000,Street Light Out,Closed,Hubballi,15.346563,75.099824
61325123,2025-05-20T13:04:00.000,2025-05-24T08:34:33.000,Street Light Out,Closed,Hubballi,15.3514,75.168861
61325507,2025-05-20T17:50:00.000,2025-05-26T11:14:38.000,Street Light Out,Closed,Hubballi,15.343334,75.114837
61325805,2025-05-20T19:05:00.000,2025-05-27T11:13:00.000,Street Light Out,Closed,Bengaluru,13.023734,77.528618
61326071,2025-05-20T19:08:00.000,2025-05-22T12:27:00.000,Street Light Out,Closed,Hubballi,15.359116,75.147788
61326098,2025-05-20T19:26:00.000,2025-05-31T16:15:00.000,Street Light Out,Closed,Shivamogga,13.919863,75.525887
61326498,2025-05-20T20:26:00.000,2025-05-26T08:48:00.000,Street Light Out,Closed,Mangaluru,12.87448,74.849268
61326606,2025-05-20T20:44:00.000,2025-05-27T16:38:15.000,Street Light Out,Closed,Hubballi,15.339969,75.13508
61326643,2025-05-20T20:46:00.000,2025-05-27T16:58:47.000,Street Light Out,Closed,Tumakuru,13.341995,77.109681
61326804,2025-05-20T20:59:00.000,2025-05-26T11:34:23.000,Street Light Out,Closed,Tumakuru,13.33875,77.106427
61326830,2025-05-20T21:38:00.000,2025-05-25T10:18:00.000,Street Light Out,Closed,Mysuru,12.30704,76.688074
61326977,2025-05-20T22:55:00.000,2025-05-25T08:48:00.000,Lamppost Damaged,Closed,Mangaluru,12.88951,74.844658
61327069,2025-05-20T23:22:00.000,2025-06-17T11:03:00.000,Street Light Out,Closed,Mysuru,12.340713,76.677263
61327087,2025-05-21T00:38:00.000,2025-05-28T10:11:33.000,Street Light Out,Closed,Shivamogga,13.920858,75.558141
61327187,2025-05-21T00:48:00.000,2025-05-21T18:17:00.000,Street Light Out,Closed,Mangaluru,12.882233,74.859743
61327537,2025-05-21T00:53:00.000,2025-05-23T15:14:01.000,Street Light Out,Closed,Bengaluru,12.975448,77.590561
61327691,2025-05-21T01:52:00.000,2025-05-23T09:12:00.000,Street Light Out,Closed,Hubballi,15.363485,75.121696
61327941,2025-05-21T03:10:00.000,2025-05-29T08:27:00.000,Street Light Out,Closed,Belagavi,15.841639,74.553676
61328015,2025-05-21T04:02:00.000,2025-05-29T17:57:00.000,Street Light Out,Closed,Hubballi,15.350857,75.13329
61328023,2025-05-21T06:43:00.000,2025-06-02T18:28:00.000,Street Light Out,Closed,Bengaluru,12.961529,77.573112
61328215,2025-05-21T07:05:00.000,2025-05-23T08:29:00.000,Street Light Out,Closed,Bengaluru,12.904583,77.592582
61328217,2025-05-21T09:08:00.000,2025-05-24T09:54:00.000,Street Light Out,Closed,Belagavi,15.853078,74.519008
61328353,2025-05-21T14:20:00.000,2025-07-14T12:22:00.000,Street Light Out,Closed,Mangaluru,12.894216,74.847403
61328477,2025-05-21T17:40:00.000,2025-07-18T16:57:24.000,Street Light Out,Closed,Bengaluru,13.037368,77.56667
61328712,2025-05-21T19:02:00.000,2025-05-25T17:14:00.000,Street Light Out,Closed,Bengaluru,13.037292,77.566599
61328951,2025-05-21T19:58:00.000,2025-05-26T16:18:00.000,Street Light Out,Closed,Belagavi,15.90828,74.488553
61329265,2025-05-21T20:42:00.000,2025-06-05T08:17:00.000,Street Light Out,Closed,Shivamogga,13.913415,75.562232
61329276,2025-05-21T23:45:00.000,2025-05-22T14:29:25.000,Street Light Out,Closed,Shivamogga,13.917903,75.573999
61329448,2025-05-21T23:47:00.000,2025-05-31T12:18:43.000,Street Light Out,Closed,Mangaluru,12.881179,74.887003
61329508,2025-05-22T00:09:00.000,2025-05-23T16:02:00.000,Street Light Out,Closed,Mangaluru,12.902269,74.88648
61329569,2025-05-22T00:28:00.000,2025-05-28T14:21:00.000,Street Light Out,Closed,Shivamogga,13.917872,75.551055
61329587,2025-05-22T01:39:00.000,2025-05-23T10:32:00.000,Street Light Out,Closed,Hubballi,15.345732,75.139188
61329589,2025-05-22T06:28:00.000,2025-05-23T18:14:30.000,Street Light Out,Closed,Mangaluru,12.872881,74.842569
61329705,2025-05-22T07:11:00.000,2025-05-23T18:02:12.000,Street Light Out,Closed,Shivamogga,13.92164,75.597649
61329803,2025-05-22T08:19:00.000,2025-05-29T08:09:00.000,Street Light Out,Closed,Mangaluru,12.885439,74.840306
61329961,2025-05-22T10:08:00.000,2025-06-01T12:28:00.000,Street Light Out,Closed,Bengaluru,13.060269,77.558779
61329972,2025-05-22T15:40:00.000,2025-05-27T09:27:00.000,Street Light Out,Closed,Hubballi,15.36533,75.142169
61330025,2025-05-22T16:40:00.000,2025-05-27T16:51:54.000,Street Light Out,Closed,Mangaluru,12.891085,74.852463
61330303,2025-05-22T17:35:00.000,2025-05-30T13:30:23.000,Street Light Out,Closed,Shivamogga,13.917905,75.587729
61330310,2025-05-22T17:37:00.000,2025-05-27T12:00:00.000,Street Light Cycling,Closed,Mysuru,12.319649,76.682766
61330368,2025-05-22T18:09:00.000,2025-05-26T10:34:28.000,Street Light Out,Closed,Mysuru,12.304117,76.660522
61330396,2025-05-22T18:20:00.000,2025-07-09T14:29:00.000,Street Light Out,Closed,Shivamogga,13.932622,75.575434
61330528,2025-05-22T19:13:00.000,2025-05-27T08:48:35.000,Street Light Out,Closed,Hubballi,15.352104,75.110451
61330539,2025-05-22T20:33:00.000,2025-06-05T17:46:00.000,Street Light Out,Closed,Mysuru,12.316565,76.70943
61330623,2025-05-22T20:43:00.000,2025-05-26T16:46:00.000,Street Light Dayburning,Closed,Hubballi,15.34665,75.127755
61330752,2025-05-22T21:14:00.000,2025-06-01T12:17:15.000,Street Light Out,Closed,Shivamogga,13.917466,75.572001
61330826,2025-05-22T21:26:00.000,2025-05-29T16:13:36.000,Street Light Out,Closed,Bengaluru,12.977634,77.587101
61330885,2025-05-22T21:51:00.000,2025-05-26T18:53:00.000,Street Light Out,Closed,Belagavi,15.890438,74.48852
61331145,2025-05-22T22:05:00.000,2025-05-25T16:10:00.000,Street Light Out,Closed,Bengaluru,12.959231,77.581161
61331162,2025-05-22T22:13:00.000,2025-05-26T15:59:12.000,Street Light Cycling,Closed,Mangaluru,12.894308,74.852623
61331449,2025-05-22T22:13:00.000,2025-05-26T10:53:00.000,Street Light Out,Closed,Mangaluru,12.894836,74.843442
61331488,2025-05-22T22:35:00.000,2025-05-26T13:34:08.000,Street Light Out,Closed,Shivamogga,13.927585,75.555701
61331542,2025-05-22T22:38:00.000,2025-05-29T08:16:04.000,Street Light Out,Closed,Bengaluru,12.986718,77.588118
61331886,2025-05-22T23:42:00.000,2025-06-04T11:39:27.000,Street Light Out,Closed,Bengaluru,12.975856,77.570344
61332006,2025-05-23T00:27:00.000,2025-05-25T15:57:00.000,Street Light Out,Closed,Bengaluru,12.983053,77.581949
61332084,2025-05-23T07:21:00.000,2025-05-23T17:09:46.000,Street Light Out,Closed,Bengaluru,13.016039,77.601269
61332161,2025-05-23T07:43:00.000,2025-07-21T15:09:15.000,Street Light Out,Closed,Mangaluru,12.90079,74.922297
61332165,2025-05-23T08:15:00.000,2025-05-27T09:19:02.000,Street Light Out,Closed,Bengaluru,13.063952,77.546044
61332243,2025-05-23T08:20:00.000,2025-06-05T16:14:00.000,Lamppost Damaged,Closed,Belagavi,15.849319,74.550712
61332251,2025-05-23T09:49:00.000,2025-05-23T18:38:54.000,Street Light Out,Closed,Mangaluru,12.861085,74.878941
61332365,2025-05-23T10:50:00.000,2025-06-03T13:27:00.000,Street Light Out,Closed,Bengaluru,12.987165,77.588153
61332390,2025-05-23T11:31:00.000,2025-05-25T16:13:19.000,Street Light Out,Closed,Mysuru,12.309915,76.682071
61332603,2025-05-23T19:00:00.000,2025-06-02T09:44:25.000,Street Light Out,Closed,Bengaluru,12.988376,77.576281
61332606,2025-05-23T19:13:00.000,2025-07-03T09:20:00.000,Street Light Out,Closed,Shivamogga,13.925193,75.560608
61332817,2025-05-23T19:44:00.000,2025-05-28T10:14:30.000,Street Light Out,Closed,Tumakuru,13.327567,77.115674
61332876,2025-05-23T20:08:00.000,2025-05-28T15:30:53.000,Street Light Out,Closed,Hubballi,15.350259,75.129975
61333151,2025-05-23T20:33:00.000,2025-05-29T15:52:00.000,Street Light Out,Closed,Hubballi,15.356425,75.156034
61333247,2025-05-23T20:48:00.000,2025-06-10T11:50:32.000,Street Light Out,Closed,Belagavi,15.848352,74.524318
61333371,2025-05-23T20:59:00.000,2025-05-25T15:45:00.000,Street Light Out,Closed,Bengaluru,12.980597,77.59234
61333578,2025-05-23T21:21:00.000,2025-05-27T09:38:00.000,Lamppost Damaged,Closed,Shivamogga,13.923239,75.544653
61333632,2025-05-23T22:26:00.000,2025-05-26T13:56:07.000,Street Light Out,Closed,Mangaluru,12.872562,74.850907
61333660,2025-05-23T22:58:00.000,2025-05-26T15:07:00.000,Street Light Cycling,Closed,Bengaluru,12.947443,77.575007
61333741,2025-05-23T23:00:00.000,2025-05-24T13:44:40.000,Street Light Out,Closed,Mangaluru,12.892737,74.858145
61333755,2025-05-24T06:00:00.000,2025-06-11T17:22:06.000,Street Light Out,Closed,Bengaluru,13.02001,77.443985
61333900,2025-05-24T06:21:00.000,2025-05-26T10:48:29.000,Street Light Out,Closed,Bengaluru,12.947368,77.59017
61333990,2025-05-24T08:04:00.000,2025-05-27T12:58:21.000,Street Light Out,Closed,Mangaluru,12.888006,74.843239
61334731,2025-05-24T08:29:00.000,2025-07-04T13:30:51.000,Street Light Cycling,Closed,Bengaluru,12.967308,77.597076
61334801,2025-05-24T11:36:00.000,2025-05-27T12:58:32.000,Street Light Out,Closed,Bengaluru,12.977886,77.598135
61334936,2025-05-24T12:34:00.000,2025-06-03T12:13:00.000,Street Light Out,Closed,Shivamogga,13.927388,75.56523
61334953,2025-05-24T14:10:00.000,2025-06-13T16:06:54.000,Street Light Out,Closed,Mangaluru,12.88144,74.847958
61335035,2025-05-24T18:03:00.000,2025-05-30T10:53:00.000,Street Light Dayburning,Closed,Hubballi,15.403807,75.144587
61335610,2025-05-24T18:11:00.000,2025-05-27T16:25:53.000,Street Light Out,Closed,Hubballi,15.374869,75.104793
61335622,2025-05-24T18:36:00.000,2025-06-19T16:14:51.000,Street Light Out,Closed,Mysuru,12.271459,76.678612
61335650,2025-05-24T19:44:00.000,2025-06-03T15:36:32.000,Street Light Out,Closed,Bengaluru,12.932062,77.531705
61335792,2025-05-24T20:23:00.000,2025-05-27T08:22:25.000,Street Light Out,Closed,Mangaluru,12.890106,74.856709
61335828,2025-05-24T20:28:00.000,2025-05-30T16:56:37.000,Street Light Out,Closed,Shivamogga,13.929077,75.557286
61335862,2025-05-24T20:53:00.000,2025-06-03T15:51:00.000,Street Light Out,Closed,Mangaluru,12.893691,74.861009
61335915,2025-05-24T20:53:00.000,2025-05-29T12:09:00.000,Street Light Out,Closed,Bengaluru,13.019005,77.620056
61335971,2025-05-24T21:18:00.000,2025-05-28T16:34:00.000,Street Light Out,Closed,Mysuru,12.301357,76.653453
61336085,2025-05-24T21:27:00.000,2025-06-22T08:14:00.000,Street Light Out,Closed,Bengaluru,12.950384,77.663552
61336292,2025-05-24T21:40:00.000,2025-05-26T16:19:43.000,Street Light Out,Closed,Bengaluru,13.020787,77.541934
61336375,2025-05-24T23:34:00.000,2025-05-30T09:39:09.000,Street Light Out,Closed,Belagavi,15.85416,74.465791
61336380,2025-05-25T01:08:00.000,2025-06-26T18:55:31.000,Street Light Out,Closed,Belagavi,15.885269,74.504077
61336477,2025-05-25T07:08:00.000,2025-05-27T15:51:24.000,Street Light Out,Closed,Belagavi,15.850897,74.547608
61336516,2025-05-25T07:49:00.000,2025-05-29T11:58:00.000,Street Light Out,Closed,Mysuru,12.301744,76.66697
61336824,2025-05-25T08:18:00.000,2025-05-31T12:47:00.000,Street Light Out,Closed,Mangaluru,12.872954,74.851891
61336870,2025-05-25T09:18:00.000,2025-06-20T12:29:00.000,Street Light Out,Closed,Bengaluru,12.970995,77.569667
61336985,2025-05-25T09:55:00.000,2025-06-02T13:33:00.000,Street Light Out,Closed,Mysuru,12.315449,76.697349
61336991,2025-05-25T11:15:00.000,2025-06-27T11:24:08.000,Street Light Out,Closed,Shivamogga,13.929132,75.556712
61337037,2025-05-25T12:40:00.000,2025-05-27T15:08:33.000,Street Light Out,Closed,Bengaluru,12.97204,77.631733
61337097,2025-05-25T13:45:00.000,2025-05-27T15:39:00.000,Street Light Out,Closed,Hubballi,15.35184,75.090229
61337382,2025-05-25T16:22:00.000,2025-05-27T11:13:00.000,Street Light Out,Closed,Mangaluru,12.852594,74.873665
61337602,2025-05-25T16:26:00.000,2025-05-29T14:58:00.000,Street Light Cycling,Closed,Hubballi,15.345103,75.131817
61337691,2025-05-25T18:31:00.000,2025-06-15T16:26:00.000,Street Light Out,Closed,Shivamogga,13.951962,75.564243
61337710,2025-05-25T19:45:00.000,2025-05-27T18:13:05.000,Street Light Out,Closed,Mangaluru,12.889107,74.852183
61337762,2025-05-25T20:14:00.000,2025-05-28T17:42:00.000,Street Light Out,Closed,Mangaluru,12.872154,74.847945
61337849,2025-05-25T21:00:00.000,2025-06-01T08:52:12.000,Street Light Out,Closed,Bengaluru,12.956376,77.644985
61337884,2025-05-25T21:32:00.000,2025-05-27T17:16:18.000,Street Light Out,Closed,Shivamogga,13.912039,75.601134
61337905,2025-05-26T07:01:00.000,2025-05-28T15:42:00.000,Street Light Out,Closed,Mangaluru,12.914415,74.854766
61337908,2025-05-26T07:04:00.000,2025-05-27T17:06:00.000,Lamppost Damaged,Closed,Mangaluru,12.874444,74.850144
61337965,2025-05-26T08:57:00.000,2025-06-09T11:40:52.000,Street Light Out,Closed,Bengaluru,13.027251,77.573957
61338210,2025-05-26T09:34:00.000,2025-06-11T18:28:28.000,Street Light Out,Closed,Belagavi,15.84252,74.484782
61338263,2025-05-26T12:55:00.000,2025-06-03T16:23:41.000,Street Light Out,Closed,Mangaluru,12.925118,74.877566
61338307,2025-05-26T17:16:00.000,2025-05-28T18:50:53.000,Street Light Out,Closed,Bengaluru,12.977818,77.563383
61338388,2025-05-26T17:34:00.000,2025-05-31T08:11:00.000,Street Light Out,Closed,Bengaluru,12.976511,77.585072
61338719,2025-05-26T17:48:00.000,2025-05-27T17:39:55.000,Street Light Out,Closed,Mysuru,12.3161,76.622099
61338721,2025-05-26T18:39:00.000,2025-06-07T09:31:32.000,Street Light Out,Closed,Mangaluru,12.871936,74.847285
61338850,2025-05-26T19:06:00.000,2025-05-28T15:29:25.000,Street Light Out,Closed,Mangaluru,12.876373,74.859381
61338938,2025-05-26T19:33:00.000,2025-06-07T09:47:55.000,Street Light Out,Closed,Mangaluru,12.924076,74.872617
61339041,2025-05-26T20:00:00.000,2025-06-02T09:58:47.000,Street Light Cycling,Closed,Belagavi,15.877574,74.528878
61339321,2025-05-26T20:00:00.000,2025-06-05T16:51:45.000,Street Light Cycling,Closed,Shivamogga,13.933382,75.548205
61339368,2025-05-26T21:50:00.000,2025-05-31T18:41:00.000,Street Light Out,Closed,Mysuru,12.306291,76.670093
61339547,2025-05-26T23:33:00.000,2025-07-11T14:09:34.000,Street Light Out,Closed,Tumakuru,13.361024,77.06632
61339605,2025-05-27T04:06:00.000,2025-05-29T08:18:51.000,Street Light Out,Closed,Bengaluru,12.956764,77.606155
61339679,2025-05-27T07:58:00.000,2025-06-01T09:38:46.000,Street Light Out,Closed,Mangaluru,12.887082,74.840691
61339778,2025-05-27T08:15:00.000,2025-06-05T10:50:00.000,Street Light Cycling,Closed,Mangaluru,12.880183,74.852714
61339888,2025-05-27T08:52:00.000,2025-06-25T17:40:00.000,Street Light Out,Closed,Mangaluru,12.847831,74.867318
61340216,2025-05-27T09:01:00.000,2025-06-09T17:11:00.000,Street Light Cycling,Closed,Mangaluru,12.917059,74.88672
61340239,2025-05-27T09:51:00.000,2025-06-01T09:18:56.000,Street Light Out,Closed,Belagavi,15.844566,74.502508
61340307,2025-05-27T10:03:00.000,2025-05-29T09:19:44.000,Street Light Out,Closed,Hubballi,15.342739,75.121335
61340335,2025-05-27T14:24:00.000,2025-06-05T16:56:22.000,Street Light Out,Closed,Bengaluru,13.017179,77.561776
61340340,2025-05-27T17:21:00.000,2025-06-06T17:00:29.000,Street Light Out,Closed,Mangaluru,12.902296,74.886395
61340393,2025-05-27T18:45:00.000,2025-06-03T15:38:00.000,Street Light Out,Closed,Mysuru,12.29906,76.653549
61340497,2025-05-27T19:49:00.000,2025-05-30T13:03:00.000,Street Light Out,Closed,Tumakuru,13.341273,77.101549
61340575,2025-05-27T23:00:00.000,2025-06-03T09:29:00.000,Street Light Out,Closed,Hubballi,15.364382,75.15006
61340596,2025-05-28T02:49:00.000,2025-06-02T17:53:00.000,Street Light Out,Closed,Mangaluru,12.877314,74.882493
61340632,2025-05-28T06:33:00.000,2025-07-13T14:04:59.000,Street Light Out,Closed,Tumakuru,13.324098,77.129855
61340677,2025-05-28T16:02:00.000,2025-06-07T11:15:01.000,Street Light Out,Closed,Mangaluru,12.921909,74.875283
61340705,2025-05-28T17:46:00.000,2025-06-13T15:03:00.000,Street Light Out,Closed,Mangaluru,12.86927,74.857533
61341279,2025-05-28T19:20:00.000,2025-06-16T18:01:13.000,Street Light Out,Closed,Mangaluru,12.899129,74.88465
61341352,2025-05-28T19:59:00.000,2025-06-01T12:47:00.000,Street Light Dayburning,Closed,Mangaluru,12.890542,74.8385
61341677,2025-05-28T20:23:00.000,2025-05-31T18:31:28.000,Street Light Out,Closed,Mysuru,12.275481,76.655982
61341700,2025-05-28T22:11:00.000,2025-05-31T13:20:16.000,Street Light Out,Closed,Bengaluru,12.977045,77.617857
61341993,2025-05-28T22:47:00.000,2025-06-09T18:47:00.000,Street Light Out,Closed,Belagavi,15.844612,74.551967
61342139,2025-05-28T23:51:00.000,2025-06-01T09:14:00.000,Street Light Out,Closed,Mysuru,12.306941,76.673598
61342193,2025-05-29T07:58:00.000,2025-06-14T18:29:29.000,Street Light Out,Closed,Bengaluru,12.904574,77.592561
61342378,2025-05-29T07:59:00.000,2025-06-01T11:11:00.000,Street Light Dayburning,Closed,Bengaluru,12.983567,77.601966
61342482,2025-05-29T08:04:00.000,2025-06-01T15:12:00.000,Street Light Out,Closed,Tumakuru,13.348198,77.097402
61342681,2025-05-29T15:38:00.000,2025-06-03T08:24:00.000,Street Light Out,Closed,Hubballi,15.350751,75.111664
61342788,2025-05-29T16:10:00.000,2025-06-14T13:11:54.000,Street Light Out,Closed,Hubballi,15.359635,75.110018
61342838,2025-05-29T16:26:00.000,2025-05-31T12:02:10.000,Street Light Out,Closed,Mangaluru,12.880226,74.841526
61342868,2025-05-29T20:34:00.000,2025-06-09T15:02:42.000,Street Light Out,Closed,Mangaluru,12.861482,74.87947
61342981,2025-05-29T20:59:00.000,2025-06-07T08:02:15.000,Street Light Out,Closed,Tumakuru,13.348964,77.093307
61343019,2025-05-29T21:06:00.000,2025-05-31T16:26:09.000,Street Light Out,Closed,Bengaluru,13.019784,77.620901
61343061,2025-05-29T21:11:00.000,2025-06-04T08:42:00.000,Street Light Out,Closed,Mysuru,12.292777,76.662254
61343123,2025-05-29T21:42:00.000,2025-06-03T18:55:17.000,Street Light Out,Closed,Shivamogga,13.89007,75.540468
61343127,2025-05-29T22:05:00.000,2025-06-09T08:05:00.000,Street Light Out,Closed,Bengaluru,13.01255,77.448475
61343141,2025-05-29T22:44:00.000,2025-05-31T08:23:00.000,Street Light Cycling,Closed,Bengaluru,12.993511,77.609907
61343735,2025-05-29T22:49:00.000,2025-06-02T14:01:02.000,Street Light Out,Closed,Bengaluru,13.036593,77.558234
61343771,2025-05-30T02:25:00.000,2025-06-15T17:08:56.000,Street Light Cycling,Closed,Belagavi,15.869881,74.507047
61343869,2025-05-30T03:50:00.000,2025-06-07T08:22:36.000,Street Light Out,Closed,Belagavi,15.849017,74.466055
61344455,2025-05-30T06:01:00.000,2025-06-02T15:04:00.000,Street Light Out,Closed,Tumakuru,13.331592,77.11361
61344504,2025-05-30T10:25:00.000,2025-06-01T16:12:21.000,Street Light Out,Closed,Mangaluru,12.877441,74.847773
61344539,2025-05-30T12:21:00.000,2025-06-15T08:41:35.000,Street Light Out,Closed,Bengaluru,13.042308,77.539495
61344980,2025-05-30T13:15:00.000,2025-06-20T15:53:00.000,Street Light Out,Closed,Belagavi,15.869403,74.465728
61345241,2025-05-30T16:19:00.000,2025-06-07T09:19:00.000,Street Light Out,Closed,Shivamogga,13.915669,75.552857
61345461,2025-05-30T16:41:00.000,2025-06-02T08:01:00.000,Street Light Out,Closed,Hubballi,15.350219,75.129919
61345490,2025-05-30T18:19:00.000,2025-06-03T16:05:05.000,Lamppost Damaged,Closed,Mangaluru,12.872269,74.85427
61345546,2025-05-30T19:21:00.000,2025-06-03T15:24:00.000,Street Light Out,Closed,Belagavi,15.852527,74.46065
61345654,2025-05-30T19:57:00.000,2025-06-08T08:03:45.000,Lamppost Damaged,Closed,Bengaluru,12.909139,77.635324
61345785,2025-05-30T20:02:00.000,2025-06-10T08:18:00.000,Street Light Out,Closed,Mangaluru,12.892854,74.849055
61346114,2025-05-30T20:14:00.000,2025-05-31T08:31:00.000,Street Light Out,Closed,Hubballi,15.363694,75.114808
61346118,2025-05-30T20:31:00.000,2025-06-13T15:55:00.000,Street Light Out,Closed,Hubballi,15.417816,75.165042
61346146,2025-05-30T20:53:00.000,2025-06-01T09:08:44.000,Street Light Out,Closed,Mangaluru,12.886167,74.844783
61346293,2025-05-30T21:55:00.000,2025-06-05T14:25:00.000,Street Light Out,Closed,Shivamogga,13.932614,75.594575
61346407,2025-05-30T22:05:00.000,2025-06-09T12:37:41.000,Street Light Out,Closed,Tumakuru,13.333344,77.085966
61346457,2025-05-31T01:13:00.000,2025-06-02T14:45:22.000,Street Light Out,Closed,Tumakuru,13.336893,77.10819
61346485,2025-05-31T03:14:00.000,2025-06-03T16:22:00.000,Street Light Out,Closed,Bengaluru,12.956177,77.577017
61346544,2025-05-31T08:11:00.000,2025-06-27T14:19:00.000,Street Light Out,Closed,Shivamogga,13.912026,75.601221
61346854,2025-05-31T13:56:00.000,2025-06-08T14:59:39.000,Street Light Dayburning,Closed,Tumakuru,13.322934,77.102873
61346891,2025-05-31T17:16:00.000,2025-06-05T17:56:00.000,Street Light Out,Closed,Mangaluru,12.893322,74.86564
61347189,2025-05-31T19:12:00.000,2025-06-05T09:34:00.000,Street Light Out,Closed,Mangaluru,12.869092,74.838569
61347311,2025-05-31T19:55:00.000,2025-06-29T14:00:19.000,Street Light Out,Closed,Bengaluru,13.022617,77.456329
61347411,2025-05-31T20:13:00.000,2025-06-05T13:23:00.000,Street Light Out,Closed,Belagavi,15.870155,74.46905
61347448,2025-05-31T23:12:00.000,2025-06-04T15:34:00.000,Street Light Out,Closed,Mysuru,12.314179,76.663749
61347622,2025-05-31T23:40:00.000,2025-06-06T11:13:00.000,Street Light Out,Closed,Mangaluru,12.880627,74.856799
61347653,2025-06-01T01:11:00.000,2025-06-05T13:53:00.000,Street Light Out,Closed,Tumakuru,13.316841,77.111133
61347729,2025-06-01T04:59:00.000,2025-06-06T12:03:00.000,Street Light Out,Closed,Mysuru,12.265435,76.662881
61347750,2025-06-01T06:34:00.000,2025-06-08T10:14:24.000,Street Light Out,Closed,Mangaluru,12.869023,74.893814
61347778,2025-06-01T07:40:00.000,2025-06-04T14:13:25.000,Street Light Out,Closed,Hubballi,15.334403,75.134114
61348008,2025-06-01T09:26:00.000,2025-06-04T14:59:13.000,Street Light Out,Closed,Hubballi,15.346971,75.143369
61348198,2025-06-01T09:27:00.000,2025-06-04T11:33:00.000,Street Light Dim,Closed,Mangaluru,12.876373,74.859398
61348210,2025-06-01T09:48:00.000,2025-06-06T15:47:00.000,Street Light Out,Closed,Shivamogga,13.920828,75.558174
61348510,2025-06-01T10:44:00.000,2025-06-04T09:39:00.000,Street Light Out,Closed,Mangaluru,12.899752,74.847723
61348681,2025-06-01T10:51:00.000,2025-06-08T09:26:10.000,Street Light Out,Closed,Tumakuru,13.335338,77.106694
61348840,2025-06-01T11:44:00.000,2025-06-05T13:53:51.000,Street Light Out,Closed,Shivamogga,13.916232,75.562405
61348864,2025-06-01T12:39:00.000,2025-06-02T16:03:31.000,Lamppost Damaged,Closed,Mangaluru,12.898046,74.849913
61348954,2025-06-01T14:00:00.000,2025-06-03T11:39:00.000,Street Light Out,Closed,Shivamogga,13.901605,75.558486
61348981,2025-06-01T16:29:00.000,2025-06-07T12:47:00.000,Street Light Dim,Closed,Bengaluru,12.996779,77.638253
61349049,2025-06-01T18:27:00.000,2025-06-08T18:24:00.000,Street Light Out,Closed,Bengaluru,12.982897,77.552578
61349256,2025-06-01T18:36:00.000,2025-06-03T18:21:43.000,Street Light Out,Closed,Mangaluru,12.872821,74.843626
61349412,2025-06-01T18:43:00.000,2025-06-12T12:24:00.000,Street Light Out,Closed,Mysuru,12.281992,76.657322
61349526,2025-06-01T18:46:00.000,2025-06-07T10:03:24.000,Street Light Out,Closed,Tumakuru,13.3539,77.101523
61349708,2025-06-01T18:54:00.000,2025-06-03T15:04:47.000,Street Light Out,Closed,Mangaluru,12.884935,74.843697
61349761,2025-06-01T19:35:00.000,2025-06-05T17:02:00.000,Lamppost Damaged,Closed,Bengaluru,13.052142,77.520001
61349794,2025-06-01T20:11:00.000,2025-06-03T10:33:00.000,Street Light Out,Closed,Bengaluru,12.985252,77.588354
61349803,2025-06-01T20:41:00.000,2025-06-03T10:34:00.000,Street Light Out,Closed,Bengaluru,12.982353,77.57317
61349881,2025-06-01T21:09:00.000,2025-06-12T13:29:28.000,Street Light Dayburning,Closed,Mysuru,12.289427,76.686172
61350085,2025-06-01T23:06:00.000,2025-06-13T08:20:00.000,Street Light Out,Closed,Belagavi,15.855013,74.496101
61350229,2025-06-02T00:44:00.000,2025-06-04T17:17:12.000,Street Light Out,Closed,Bengaluru,12.979709,77.575527
61350270,2025-06-02T01:20:00.000,2025-06-19T10:38:00.000,Street Light Out,Closed,Tumakuru,13.341617,77.098789
61350524,2025-06-02T02:54:00.000,2025-06-05T14:27:00.000,Street Light Out,Closed,Hubballi,15.365997,75.120726
61350551,2025-06-02T10:45:00.000,2025-06-07T12:36:45.000,Street Light Out,Closed,Belagavi,15.844328,74.506737
61350643,2025-06-02T11:44:00.000,2025-06-08T18:22:00.000,Street Light Out,Closed,Mangaluru,12.859658,74.884664
61350801,2025-06-02T11:58:00.000,2025-06-07T15:42:11.000,Street Light Out,Closed,Tumakuru,13.344518,77.096139
61351043,2025-06-02T14:12:00.000,2025-06-05T12:05:00.000,Street Light Out,Closed,Belagavi,15.828074,74.501186
61351168,2025-06-02T16:26:00.000,2025-06-04T15:03:00.000,Street Light Out,Closed,Mangaluru,12.852662,74.847317
61351292,2025-06-02T17:54:00.000,2025-06-05T15:37:46.000,Street Light Dayburning,Closed,Mangaluru,12.874364,74.851126
61351513,2025-06-02T18:19:00.000,2025-06-14T10:34:42.000,Street Light Dayburning,Closed,Bengaluru,12.98523,77.596752
61351524,2025-06-02T18:25:00.000,2025-06-07T09:08:20.000,Street Light Out,Closed,Mysuru,12.323281,76.689405
61351532,2025-06-02T19:04:00.000,2025-06-12T10:18:00.000,Street Light Out,Closed,Shivamogga,13.899102,75.552741
61351602,2025-06-02T19:47:00.000,2025-06-06T18:32:17.000,Street Light Out,Closed,Mangaluru,12.849232,74.847069
61351631,2025-06-02T20:13:00.000,2025-06-06T16:33:11.000,Street Light Out,Closed,Belagavi,15.815672,74.532193
61351735,2025-06-02T20:35:00.000,2025-06-05T11:17:07.000,Street Light Out,Closed,Bengaluru,12.966327,77.572125
61352029,2025-06-02T20:44:00.000,2025-06-12T16:39:00.000,Street Light Out,Closed,Shivamogga,13.923187,75.56412
61352161,2025-06-02T21:06:00.000,2025-06-05T17:55:32.000,Street Light Out,Closed,Shivamogga,13.911461,75.576024
61352395,2025-06-02T21:29:00.000,2025-06-07T12:45:29.000,Street Light Out,Closed,Bengaluru,13.098415,77.518824
61352442,2025-06-03T00:33:00.000,2025-06-07T15:13:00.000,Street Light Out,Closed,Mangaluru,12.887276,74.852539
61352508,2025-06-03T07:27:00.000,2025-06-15T08:33:00.000,Street Light Out,Closed,Tumakuru,13.345948,77.090831
61352680,2025-06-03T07:32:00.000,2025-06-04T14:54:29.000,Street Light Out,Closed,Tumakuru,13.336127,77.10151
61352961,2025-06-03T07:57:00.000,2025-06-04T13:17:42.000,Street Light Out,Closed,Tumakuru,13.313135,77.095836
61353137,2025-06-03T08:14:00.000,2025-06-10T09:24:47.000,Street Light Out,Closed,Belagavi,15.846273,74.546796
61353272,2025-06-03T08:59:00.000,2025-06-04T11:50:00.000,Street Light Out,Closed,Shivamogga,13.937216,75.578754
61353413,2025-06-03T09:21:00.000,2025-06-07T17:22:00.000,Street Light Out,Closed,Shivamogga,13.949948,75.545167
61353558,2025-06-03T13:21:00.000,2025-06-06T17:48:00.000,Street Light Out,Closed,Mysuru,12.30354,76.656282
61353622,2025-06-03T16:56:00.000,2025-06-08T12:27:00.000,Street Light Out,Closed,Mangaluru,12.874201,74.844051
61353675,2025-06-03T16:59:00.000,2025-06-07T12:41:00.000,Street Light Out,Closed,Bengaluru,13.088376,77.525236
61353745,2025-06-03T19:10:00.000,2025-06-29T08:52:00.000,Street Light Out,Closed,Shivamogga,13.942671,75.558439
61354070,2025-06-03T20:01:00.000,2025-06-16T13:00:00.000,Street Light Out,Closed,Tumakuru,13.338811,77.106008
61354076,2025-06-03T20:25:00.000,2025-06-09T14:17:27.000,Street Light Out,Closed,Mangaluru,12.852569,74.873759
61354355,2025-06-03T21:09:00.000,2025-06-10T15:04:00.000,Lamppost Damaged,Closed,Bengaluru,12.970809,77.621549
61354371,2025-06-03T21:15:00.000,2025-06-06T08:20:35.000,Street Light Out,Closed,Tumakuru,13.33802,77.076998
61354451,2025-06-03T22:36:00.000,2025-06-08T14:06:10.000,Street Light Out,Closed,Mangaluru,12.890024,74.844797
61354521,2025-06-03T22:39:00.000,2025-06-15T18:03:00.000,Street Light Dayburning,Closed,Mangaluru,12.890002,74.85857
61354669,2025-06-03T22:51:00.000,2025-06-08T17:27:00.000,Street Light Out,Closed,Hubballi,15.362646,75.151516
61354712,2025-06-03T23:33:00.000,2025-06-08T10:06:00.000,Street Light Out,Closed,Bengaluru,12.977844,77.563402
61354736,2025-06-03T23:56:00.000,2025-06-11T14:48:00.000,Street Light Out,Closed,Mysuru,12.306334,76.670018
61354884,2025-06-04T07:57:00.000,2025-06-07T15:18:21.000,Street Light Out,Closed,Bengaluru,12.974669,77.576946
61355215,2025-06-04T08:13:00.000,2025-06-09T16:35:25.000,Street Light Out,Closed,Bengaluru,13.019857,77.611657
61355374,2025-06-04T08:49:00.000,2025-06-08T13:58:00.000,Street Light Out,Closed,Hubballi,15.34932,75.124975
61355632,2025-06-04T08:55:00.000,2025-06-07T17:25:00.000,Street Light Out,Closed,Bengaluru,12.940221,77.651207
61355788,2025-06-04T08:56:00.000,2025-06-06T08:05:00.000,Street Light Out,Closed,Bengaluru,12.965278,77.57477
61355799,2025-06-04T09:03:00.000,2025-06-15T13:53:30.000,Street Light Out,Closed,Mangaluru,12.89966,74.861429
61355807,2025-06-04T11:47:00.000,2025-06-15T13:03:00.000,Street Light Out,Closed,Bengaluru,12.898436,77.507922
61355844,2025-06-04T12:07:00.000,2025-06-25T16:01:06.000,Street Light Out,Closed,Mangaluru,12.859665,74.871496
61355954,2025-06-04T17:18:00.000,2025-06-19T15:20:00.000,Street Light Out,Closed,Shivamogga,13.919824,75.569122
61356195,2025-06-04T18:07:00.000,2025-06-10T12:25:00.000,Street Light Out,Closed,Mangaluru,12.856858,74.848362
61356236,2025-06-04T18:50:00.000,2025-07-03T17:46:00.000,Lamppost Damaged,Closed,Shivamogga,13.922849,75.571131
61356366,2025-06-04T20:35:00.000,2025-06-25T17:44:48.000,Street Light Out,Closed,Tumakuru,13.331189,77.104952
61356521,2025-06-04T20:59:00.000,2025-06-06T16:10:00.000,Street Light Out,Closed,Bengaluru,12.975698,77.600687
61357052,2025-06-04T21:17:00.000,2025-06-08T10:27:00.000,Street Light Out,Closed,Bengaluru,12.956234,77.600372
61357347,2025-06-04T21:22:00.000,2025-06-23T13:16:14.000,Street Light Dayburning,Closed,Belagavi,15.851418,74.487847
61357419,2025-06-04T21:53:00.000,2025-06-08T13:31:00.000,Street Light Out,Closed,Shivamogga,13.895825,75.557995
61357512,2025-06-04T22:27:00.000,2025-06-07T10:09:58.000,Street Light Out,Closed,Shivamogga,13.942087,75.61063
61357526,2025-06-05T00:15:00.000,2025-06-11T14:10:10.000,Street Light Out,Closed,Mangaluru,12.881188,74.853393
61357786,2025-06-05T01:29:00.000,2025-06-12T12:23:58.000,Street Light Out,Closed,Hubballi,15.343642,75.114248
61357985,2025-06-05T05:36:00.000,2025-06-10T14:46:00.000,Street Light Dim,Closed,Bengaluru,12.852588,77.493009
61358152,2025-06-05T06:25:00.000,2025-06-09T17:06:00.000,Street Light Out,Closed,Bengaluru,12.97126,77.579321
61358176,2025-06-05T07:39:00.000,2025-07-06T17:43:00.000,Street Light Out,Closed,Shivamogga,13.918174,75.567781
61358229,2025-06-05T08:12:00.000,2025-06-07T08:11:51.000,Street Light Out,Closed,Belagavi,15.85642,74.519768
61358232,2025-06-05T08:57:00.000,2025-06-08T18:03:23.000,Street Light Out,Closed,Tumakuru,13.340356,77.107709
61358271,2025-06-05T10:08:00.000,2025-06-10T08:07:15.000,Street Light Out,Closed,Tumakuru,13.33682,77.101643
61358374,2025-06-05T12:15:00.000,2025-06-24T18:46:00.000,Street Light Out,Closed,Mysuru,12.263854,76.686301
61358601,2025-06-05T12:26:00.000,2025-06-07T15:28:31.000,Street Light Out,Closed,Bengaluru,12.995817,77.625295
61358613,2025-06-05T13:13:00.000,2025-06-08T12:02:00.000,Street Light Out,Closed,Bengaluru,12.994516,77.61198
61358700,2025-06-05T16:05:00.000,2025-06-09T08:27:08.000,Street Light Out,Closed,Shivamogga,13.941451,75.578309
61358756,2025-06-05T16:57:00.000,2025-06-22T18:29:00.000,Street Light Cycling,Closed,Belagavi,15.845307,74.550752
61358782,2025-06-05T18:37:00.000,2025-06-08T12:02:13.000,Street Light Out,Closed,Mangaluru,12.887991,74.857275
61358850,2025-06-05T18:45:00.000,2025-06-08T10:16:00.000,Street Light Out,Closed,Belagavi,15.847277,74.552253
61358985,2025-06-05T18:47:00.000,2025-06-10T13:43:36.000,Street Light Out,Closed,Mysuru,12.262105,76.651907
61359206,2025-06-05T19:05:00.000,2025-06-11T14:22:00.000,Street Light Out,Closed,Hubballi,15.366752,75.148051
61359482,2025-06-05T19:14:00.000,2025-06-07T17:54:21.000,Street Light Dim,Closed,Bengaluru,12.972431,77.579172
61359591,2025-06-05T19:31:00.000,2025-07-21T08:03:00.000,Street Light Out,Closed,Mysuru,12.314705,76.696353
61359629,2025-06-05T19:38:00.000,2025-06-13T10:01:00.000,Street Light Out,Closed,Hubballi,15.353497,75.118842
61359697,2025-06-05T20:08:00.000,2025-06-08T08:14:00.000,Street Light Out,Closed,Belagavi,15.886691,74.500216
61359789,2025-06-05T21:28:00.000,2025-06-06T15:26:05.000,Street Light Out,Closed,Belagavi,15.885324,74.508253
61360199,2025-06-05T21:57:00.000,2025-06-16T18:27:00.000,Street Light Cycling,Closed,Bengaluru,12.973555,77.585474
61360202,2025-06-05T22:04:00.000,2025-06-12T09:05:00.000,Street Light Out,Closed,Mysuru,12.302642,76.686975
61360253,2025-06-05T22:06:00.000,2025-06-11T11:10:02.000,Street Light Dayburning,Closed,Belagavi,15.849211,74.491766
61360452,2025-06-05T22:09:00.000,2025-06-14T12:36:16.000,Street Light Out,Closed,Shivamogga,13.91809,75.56395
61360629,2025-06-05T22:11:00.000,2025-06-09T14:18:00.000,Street Light Out,Closed,Hubballi,15.343756,75.158756
61360707,2025-06-05T22:36:00.000,2025-06-14T08:42:00.000,Street Light Out,Closed,Mangaluru,12.894302,74.852636
61360784,2025-06-05T22:37:00.000,2025-06-12T18:28:19.000,Street Light Out,Closed,Mangaluru,12.898227,74.890144
61360984,2025-06-05T23:21:00.000,2025-06-15T10:02:44.000,Street Light Out,Closed,Mysuru,12.283796,76.692776
61361110,2025-06-05T23:28:00.000,2025-07-01T17:03:00.000,Street Light Out,Closed,Mangaluru,12.894608,74.885246
61361113,2025-06-06T00:01:00.000,2025-06-06T11:14:34.000,Street Light Out,Closed,Tumakuru,13.334957,77.109473
61361163,2025-06-06T06:30:00.000,2025-06-13T11:11:00.000,Street Light Out,Closed,Mysuru,12.310021,76.67221
61361168,2025-06-06T07:04:00.000,2025-06-20T15:07:00.000,Street Light Out,Closed,Bengaluru,13.017173,77.561765
61361287,2025-06-06T08:03:00.000,2025-06-08T18:56:00.000,Street Light Out,Closed,Mangaluru,12.871135,74.84137
61361311,2025-06-06T08:44:00.000,2025-06-12T17:54:46.000,Street Light Out,Closed,Tumakuru,13.340252,77.131135
61361359,2025-06-06T09:27:00.000,2025-06-14T08:18:00.000,Street Light Out,Closed,Mangaluru,12.866832,74.851232
61361370,2025-06-06T09:51:00.000,2025-06-24T16:39:39.000,Street Light Out,Closed,Hubballi,15.356573,75.094397
61361450,2025-06-06T10:18:00.000,2025-06-20T16:22:00.000,Street Light Out,Closed,Shivamogga,13.917916,75.587695
61361586,2025-06-06T11:57:00.000,2025-06-15T12:54:00.000,Street Light Out,Closed,Shivamogga,13.9614,75.570011
61361638,2025-06-06T12:05:00.000,2025-06-11T17:05:00.000,Street Light Out,Closed,Mangaluru,12.883397,74.886932
61361664,2025-06-06T13:09:00.000,2025-06-10T14:56:00.000,Street Light Out,Closed,Mangaluru,12.893325,74.849403
61361791,2025-06-06T14:13:00.000,2025-06-12T08:10:00.000,Street Light Out,Closed,Mangaluru,12.885178,74.859442
61361846,2025-06-06T16:56:00.000,2025-06-26T15:28:52.000,Street Light Out,Closed,Mangaluru,12.904576,74.912553
61362038,2025-06-06T17:49:00.000,2025-06-13T14:36:00.000,Street Light Out,Closed,Mangaluru,12.87363,74.843826
61362137,2025-06-06T18:54:00.000,2025-06-11T15:46:00.000,Street Light Out,Closed,Bengaluru,12.996445,77.638344
61362315,2025-06-06T19:10:00.000,2025-06-15T18:16:36.000,Street Light Out,Closed,Mangaluru,12.881024,74.843284
61362348,2025-06-06T20:12:00.000,2025-06-08T12:23:00.000,Street Light Out,Closed,Mangaluru,12.894419,74.870598
61362392,2025-06-06T20:34:00.000,2025-06-11T10:11:00.000,Street Light Out,Closed,Belagavi,15.856857,74.51439
61362497,2025-06-06T21:27:00.000,2025-06-22T16:24:00.000,Street Light Out,Closed,Hubballi,15.366073,75.147039
61362516,2025-06-06T21:35:00.000,2025-06-13T15:42:50.000,Street Light Out,Closed,Mysuru,12.349042,76.657626
61362567,2025-06-06T22:13:00.000,2025-06-16T18:29:32.000,Street Light Out,Closed,Belagavi,15.844991,74.51569
61362606,2025-06-06T22:28:00.000,2025-06-12T10:31:58.000,Street Light Out,Closed,Mangaluru,12.902141,74.906021
61362626,2025-06-06T22:35:00.000,2025-06-08T15:33:00.000,Street Light Out,Closed,Bengaluru,12.996437,77.532661
61363143,2025-06-07T00:07:00.000,2025-06-14T16:51:08.000,Lamppost Damaged,Closed,Hubballi,15.399988,75.140428
61363170,2025-06-07T02:28:00.000,2025-06-10T10:37:00.000,Street Light Out,Closed,Mysuru,12.306216,76.666411
61363194,2025-06-07T07:30:00.000,2025-06-21T11:31:43.000,Street Light Cycling,Closed,Tumakuru,13.347751,77.074783
61363427,2025-06-07T09:04:00.000,2025-06-19T15:48:00.000,Street Light Out,Closed,Mangaluru,12.865458,74.851672
61363600,2025-06-07T09:29:00.000,2025-06-23T10:20:00.000,Lamppost Damaged,Closed,Mangaluru,12.885432,74.840375
61363651,2025-06-07T12:22:00.000,2025-06-09T17:38:00.000,Street Light Cycling,Closed,Bengaluru,12.968092,77.59996
61363807,2025-06-07T12:32:00.000,2025-06-11T14:36:00.000,Street Light Out,Closed,Belagavi,15.864495,74.532523
61363816,2025-06-07T13:52:00.000,2025-06-09T11:06:37.000,Street Light Dayburning,Closed,Hubballi,15.36421,75.165008
61363903,2025-06-07T14:47:00.000,2025-06-13T15:16:00.000,Street Light Out,Closed,Belagavi,15.843675,74.554296
61364122,2025-06-07T16:59:00.000,2025-06-13T17:24:00.000,Street Light Out,Closed,Mysuru,12.306943,76.654953
61364441,2025-06-07T17:14:00.000,2025-06-12T09:40:44.000,Street Light Out,Closed,Hubballi,15.347934,75.127827
61364605,2025-06-07T18:48:00.000,2025-06-09T17:30:00.000,Street Light Out,Closed,Mangaluru,12.885778,74.844872
61364711,2025-06-07T18:58:00.000,2025-06-08T14:53:00.000,Street Light Out,Closed,Bengaluru,12.968943,77.524746
61364779,2025-06-07T19:03:00.000,2025-08-01T13:25:20.000,Street Light Out,Closed,Belagavi,15.881532,74.54124
61364815,2025-06-07T19:27:00.000,2025-06-09T08:43:00.000,Street Light Out,Closed,Mangaluru,12.888679,74.854729
61365028,2025-06-07T20:05:00.000,2025-06-10T10:38:00.000,Street Light Out,Closed,Bengaluru,12.956128,77.582969
61365109,2025-06-07T20:09:00.000,2025-07-02T15:07:00.000,Street Light Out,Closed,Tumakuru,13.32056,77.091451
61365129,2025-06-07T20:36:00.000,2025-06-10T14:03:00.000,Street Light Out,Closed,Mangaluru,12.899744,74.8477
61365404,2025-06-07T21:44:00.000,2025-06-08T10:24:36.000,Street Light Out,Closed,Shivamogga,13.897724,75.55184
61365493,2025-06-07T21:56:00.000,2025-06-14T09:53:29.000,Street Light Out,Closed,Mysuru,12.325017,76.654741
61365560,2025-06-07T22:09:00.000,2025-06-18T09:57:00.000,Street Light Out,Closed,Shivamogga,13.917811,75.561765
61365592,2025-06-07T23:29:00.000,2025-06-30T13:22:00.000,Street Light Out,Closed,Hubballi,15.378124,75.149002
61365798,2025-06-08T01:47:00.000,2025-06-16T16:53:56.000,Street Light Out,Closed,Shivamogga,13.926727,75.559064
61365930,2025-06-08T06:18:00.000,2025-06-11T16:49:00.000,Street Light Out,Closed,Mysuru,12.340361,76.652107
61366076,2025-06-08T06:40:00.000,2025-06-15T09:28:00.000,Street Light Out,Closed,Bengaluru,12.972202,77.604446
61366077,2025-06-08T07:29:00.000,2025-06-16T12:55:07.000,Street Light Out,Closed,Tumakuru,13.353814,77.07933
61366101,2025-06-08T07:31:00.000,2025-06-10T11:24:00.000,Lamppost Damaged,Closed,Bengaluru,12.980127,77.610843
61366108,2025-06-08T07:34:00.000,2025-06-12T13:45:00.000,Street Light Out,Closed,Tumakuru,13.323107,77.104783
61366169,2025-06-08T08:05:00.000,2025-06-15T09:57:56.000,Street Light Out,Closed,Tumakuru,13.314955,77.114575
61366480,2025-06-08T08:58:00.000,2025-06-15T09:27:45.000,Street Light Cycling,Closed,Bengaluru,12.947735,77.655418
61366486,2025-06-08T09:14:00.000,2025-06-14T18:14:00.000,Street Light Out,Closed,Shivamogga,13.925552,75.555606
61366691,2025-06-08T09:38:00.000,2025-06-10T18:22:47.000,Street Light Out,Closed,Bengaluru,12.945905,77.648905
61366725,2025-06-08T10:29:00.000,2025-06-28T08:57:00.000,Street Light Out,Closed,Hubballi,15.350046,75.158943
61367062,2025-06-08T11:03:00.000,2025-06-16T16:25:30.000,Street Light Out,Closed,Belagavi,15.871333,74.495284
61367797,2025-06-08T11:50:00.000,2025-06-11T14:12:00.000,Street Light Out,Closed,Mangaluru,12.883082,74.850608
61367895,2025-06-08T15:01:00.000,2025-06-11T16:12:00.000,Street Light Cycling,Closed,Bengaluru,12.93229,77.651825
61368152,2025-06-08T15:25:00.000,2025-06-11T10:47:28.000,Street Light Out,Closed,Belagavi,15.849713,74.513346
61368771,2025-06-08T15:35:00.000,2025-06-26T18:40:57.000,Street Light Out,Closed,Hubballi,15.334477,75.173639
61368786,2025-06-08T17:26:00.000,2025-06-14T09:24:50.000,Street Light Out,Closed,Mangaluru,12.878723,74.84609
61368810,2025-06-08T17:33:00.000,2025-06-13T13:44:00.000,Street Light Out,Closed,Bengaluru,12.89236,77.647736
61368911,2025-06-08T18:28:00.000,2025-06-20T09:40:00.000,Street Light Cycling,Closed,Tumakuru,13.33536,77.106625
61368955,2025-06-08T18:35:00.000,2025-06-21T09:25:10.000,Street Light Out,Closed,Shivamogga,13.92899,75.557247
61369081,2025-06-08T19:29:00.000,2025-07-06T11:25:00.000,Street Light Out,Closed,Mysuru,12.308385,76.658899
61369172,2025-06-08T20:29:00.000,2025-06-11T09:58:56.000,Street Light Out,Closed,Bengaluru,12.937313,77.526231
61369248,2025-06-08T20:44:00.000,2025-06-12T16:08:00.000,Street Light Out,Closed,Tumakuru,13.344021,77.10904
61369315,2025-06-08T20:55:00.000,2025-06-10T09:47:00.000,Lamppost Damaged,Closed,Bengaluru,12.970166,77.578845
61369350,2025-06-08T22:17:00.000,2025-06-13T15:33:00.000,Street Light Out,Closed,Mangaluru,12.897185,74.846045
61369461,2025-06-08T22:25:00.000,2025-06-12T14:01:00.000,Street Light Out,Closed,Tumakuru,13.339582,77.109847
61369503,2025-06-08T22:35:00.000,2025-07-22T17:47:00.000,Street Light Out,Closed,Shivamogga,13.92794,75.570587
61369555,2025-06-08T23:46:00.000,2025-06-15T08:10:07.000,Street Light Out,Closed,Bengaluru,12.94589,77.664073
61369899,2025-06-09T00:51:00.000,2025-06-15T18:12:19.000,Street Light Out,Closed,Hubballi,15.375672,75.156408
61369992,2025-06-09T05:26:00.000,2025-06-15T18:28:00.000,Street Light Dayburning,Closed,Shivamogga,13.926721,75.557021
61370062,2025-06-09T06:03:00.000,2025-06-11T08:33:00.000,Street Light Cycling,Closed,Tumakuru,13.340902,77.110173
61370066,2025-06-09T08:56:00.000,2025-06-16T15:40:00.000,Street Light Out,Closed,Hubballi,15.365423,75.154475
61370095,2025-06-09T09:01:00.000,2025-06-12T12:17:00.000,Street Light Out,Closed,Mangaluru,12.875348,74.852838
61370435,2025-06-09T09:02:00.000,2025-06-20T11:48:00.000,Street Light Out,Closed,Mysuru,12.303414,76.66329
61370447,2025-06-09T09:38:00.000,2025-06-23T08:26:00.000,Street Light Out,Closed,Shivamogga,13.930054,75.558543
61370482,2025-06-09T10:15:00.000,2025-06-10T15:29:30.000,Street Light Out,Closed,Bengaluru,12.958971,77.57691
61370496,2025-06-09T12:03:00.000,2025-06-15T09:18:34.000,Lamppost Damaged,Closed,Shivamogga,13.902023,75.558743
61370573,2025-06-09T13:42:00.000,2025-06-15T16:37:00.000,Street Light Out,Closed,Belagavi,15.874312,74.523743
61370824,2025-06-09T17:57:00.000,2025-06-11T17:57:00.000,Street Light Out,Closed,Tumakuru,13.337009,77.114948
61370859,2025-06-09T18:18:00.000,2025-06-18T14:17:00.000,Street Light Out,Closed,Bengaluru,12.981224,77.579219
61370890,2025-06-09T19:47:00.000,2025-06-26T17:39:00.000,Street Light Out,Closed,Shivamogga,13.913431,75.562249
61371204,2025-06-09T19:48:00.000,2025-06-15T09:48:00.000,Street Light Out,Closed,Hubballi,15.392125,75.136738
61371215,2025-06-09T20:15:00.000,2025-06-15T13:56:57.000,Street Light Out,Closed,Bengaluru,12.950541,77.575711
61371286,2025-06-09T20:25:00.000,2025-06-18T16:08:00.000,Street Light Out,Closed,Bengaluru,12.977596,77.576968
61371419,2025-06-09T20:32:00.000,2025-06-13T11:57:00.000,Street Light Out,Closed,Mysuru,12.302761,76.622984
61371696,2025-06-09T21:19:00.000,2025-06-17T10:48:48.000,Street Light Out,Closed,Tumakuru,13.337865,77.109109
61371988,2025-06-09T21:27:00.000,2025-06-11T12:36:00.000,Street Light Out,Closed,Hubballi,15.355336,75.111641
61372008,2025-06-09T21:41:00.000,2025-06-13T16:39:47.000,Street Light Out,Closed,Belagavi,15.856476,74.519756
61372080,2025-06-09T22:03:00.000,2025-06-12T09:53:40.000,Street Light Out,Closed,Tumakuru,13.345111,77.103715
61372515,2025-06-09T22:43:00.000,2025-06-21T12:48:00.000,Street Light Out,Closed,Shivamogga,13.909744,75.578683
61372521,2025-06-09T23:37:00.000,2025-06-10T12:04:47.000,Street Light Out,Closed,Hubballi,15.354531,75.159629
61372797,2025-06-09T23:55:00.000,2025-06-20T08:48:20.000,Street Light Out,Closed,Mangaluru,12.853849,74.846513
61372928,2025-06-10T01:03:00.000,2025-06-13T18:22:06.000,Street Light Out,Closed,Belagavi,15.847711,74.54981
61373021,2025-06-10T06:49:00.000,2025-06-18T14:50:31.000,Street Light Out,Closed,Shivamogga,13.910629,75.552999
61373051,2025-06-10T07:12:00.000,2025-06-14T09:23:00.000,Street Light Out,Closed,Mangaluru,12.870932,74.853646
61373087,2025-06-10T07:57:00.000,2025-06-17T11:29:49.000,Street Light Dayburning,Closed,Mangaluru,12.866009,74.838294
61373105,2025-06-10T08:34:00.000,2025-06-14T14:31:43.000,Street Light Out,Closed,Hubballi,15.346157,75.13251
61373202,2025-06-10T08:37:00.000,2025-06-12T18:14:55.000,Street Light Out,Closed,Mysuru,12.300191,76.665741
61373310,2025-06-10T08:54:00.000,2025-06-13T08:59:00.000,Street Light Out,Closed,Shivamogga,13.906722,75.556027
61373337,2025-06-10T10:16:00.000,2025-06-23T16:15:47.000,Street Light Out,Closed,Mangaluru,12.875334,74.870949
61373415,2025-06-10T10:34:00.000,2025-06-13T11:53:00.000,Street Light Out,Closed,Mangaluru,12.88582,74.847473
61373474,2025-06-10T10:34:00.000,2025-06-14T14:46:55.000,Street Light Cycling,Closed,Mangaluru,12.868461,74.863704
61373937,2025-06-10T11:00:00.000,2025-07-19T13:15:00.000,Street Light Out,Closed,Mysuru,12.305602,76.666757
61374576,2025-06-10T16:28:00.000,2025-06-12T17:04:00.000,Street Light Out,Closed,Mangaluru,12.872639,74.868625
61374683,2025-06-10T17:28:00.000,2025-06-15T08:06:00.000,Street Light Out,Closed,Mangaluru,12.891629,74.849454
61374712,2025-06-10T17:47:00.000,2025-06-12T09:44:00.000,Street Light Cycling,Closed,Belagavi,15.848317,74.55596
61374769,2025-06-10T18:05:00.000,2025-06-15T12:00:48.000,Street Light Out,Closed,Mangaluru,12.909133,74.852215
61374788,2025-06-10T18:42:00.000,2025-06-20T12:38:00.000,Street Light Out,Closed,Hubballi,15.368105,75.138264
61375057,2025-06-10T19:07:00.000,2025-06-15T15:30:00.000,Street Light Out,Closed,Mangaluru,12.920686,74.886138
61375185,2025-06-10T20:43:00.000,2025-06-17T08:46:00.000,Street Light Out,Closed,Bengaluru,13.006117,77.526755
61375418,2025-06-10T21:53:00.000,2025-06-14T10:15:00.000,Street Light Out,Closed,Tumakuru,13.327953,77.096199
61375561,2025-06-10T22:00:00.000,2025-07-01T10:44:00.000,Street Light Out,Closed,Mysuru,12.300595,76.695018
61375585,2025-06-10T22:10:00.000,2025-07-12T18:36:14.000,Street Light Out,Closed,Mangaluru,12.884943,74.843691
61375591,2025-06-10T22:18:00.000,2025-06-18T14:31:24.000,Street Light Out,Closed,Bengaluru,12.999546,77.556931
61375614,2025-06-11T00:20:00.000,2025-07-24T16:36:35.000,Street Light Out,Closed,Mangaluru,12.886877,74.840467
61375747,2025-06-11T05:53:00.000,2025-06-14T11:36:00.000,Street Light Cycling,Closed,Belagavi,15.848269,74.509805
61376162,2025-06-11T06:23:00.000,2025-06-27T18:26:53.000,Street Light Out,Closed,Shivamogga,13.920983,75.555165
61376558,2025-06-11T06:24:00.000,2025-06-15T09:31:00.000,Street Light Out,Closed,Bengaluru,13.01629,77.519474
61376559,2025-06-11T08:40:00.000,2025-06-14T12:59:35.000,Street Light Cycling,Closed,Mangaluru,12.873327,74.850481
61376797,2025-06-11T10:11:00.000,2025-06-14T11:43:50.000,Street Light Out,Closed,Mangaluru,12.884722,74.847537
61377108,2025-06-11T11:51:00.000,2025-06-13T13:26:55.000,Street Light Out,Closed,Tumakuru,13.356777,77.089372
61377127,2025-06-11T13:23:00.000,2025-06-14T11:18:38.000,Street Light Out,Closed,Tumakuru,13.337562,77.108219
61377129,2025-06-11T17:29:00.000,2025-06-17T14:52:00.000,Street Light Out,Closed,Belagavi,15.845163,74.555764
61377134,2025-06-11T18:21:00.000,2025-06-14T18:36:00.000,Lamppost Damaged,Closed,Hubballi,15.346506,75.099742
61377231,2025-06-11T18:54:00.000,2025-06-16T14:20:00.000,Street Light Out,Closed,Shivamogga,13.943925,75.549546
61377247,2025-06-11T19:06:00.000,2025-06-18T14:46:43.000,Street Light Out,Closed,Shivamogga,13.927477,75.55666
61377418,2025-06-11T19:13:00.000,2025-06-12T17:24:19.000,Street Light Out,Closed,Mangaluru,12.871292,74.854174
61377549,2025-06-11T19:21:00.000,2025-06-17T18:28:11.000,Street Light Out,Closed,Mysuru,12.256034,76.653243
61377712,2025-06-11T20:33:00.000,2025-06-26T13:21:00.000,Street Light Dim,Closed,Mangaluru,12.873267,74.851495
61377873,2025-06-11T21:33:00.000,2025-06-15T11:04:00.000,Street Light Out,Closed,Bengaluru,12.935807,77.568252
61377913,2025-06-11T21:51:00.000,2025-06-14T10:00:12.000,Street Light Out,Closed,Mysuru,12.326889,76.642464
61378088,2025-06-11T22:49:00.000,2025-06-17T16:28:00.000,Street Light Out,Closed,Belagavi,15.872401,74.478023
61378362,2025-06-12T03:25:00.000,2025-06-16T09:57:00.000,Street Light Out,Closed,Bengaluru,13.00846,77.616933
61378790,2025-06-12T05:44:00.000,2025-06-21T15:22:00.000,Street Light Out,Closed,Mangaluru,12.872428,74.850213
61378888,2025-06-12T06:21:00.000,2025-06-15T10:40:00.000,Street Light Out,Closed,Belagavi,15.836618,74.503969
61378915,2025-06-12T06:36:00.000,2025-06-16T08:38:50.000,Street Light Out,Closed,Tumakuru,13.344501,77.103638
61379152,2025-06-12T07:22:00.000,2025-06-21T09:58:00.000,Street Light Out,Closed,Bengaluru,12.917998,77.547559
61379155,2025-06-12T08:10:00.000,2025-06-13T13:37:08.000,Street Light Out,Closed,Mangaluru,12.859614,74.884756
61379223,2025-06-12T09:14:00.000,2025-06-14T14:55:00.000,Street Light Out,Closed,Mangaluru,12.869953,74.850115
61379247,2025-06-12T11:47:00.000,2025-06-15T13:03:00.000,Street Light Out,Closed,Bengaluru,13.019111,77.452291
61379286,2025-06-12T18:03:00.000,2025-06-15T11:54:00.000,Street Light Out,Closed,Mysuru,12.321144,76.654849
61379651,2025-06-12T18:04:00.000,2025-06-22T11:27:35.000,Street Light Dayburning,Closed,Bengaluru,12.98379,77.591875
61379771,2025-06-12T19:02:00.000,2025-06-14T13:54:00.000,Street Light Out,Closed,Mysuru,12.26999,76.679943
61379990,2025-06-12T19:51:00.000,2025-08-02T09:59:31.000,Street Light Out,Closed,Hubballi,15.344562,75.115895
61380018,2025-06-12T20:51:00.000,2025-06-15T12:08:53.000,Street Light Out,Closed,Belagavi,15.856526,74.514845
61380023,2025-06-12T21:08:00.000,2025-06-14T13:51:28.000,Street Light Out,Closed,Belagavi,15.849326,74.550702
61380210,2025-06-12T21:54:00.000,2025-06-21T08:42:33.000,Street Light Out,Closed,Shivamogga,13.890034,75.540501
61380395,2025-06-12T22:18:00.000,2025-06-22T17:21:01.000,Street Light Out,Closed,Bengaluru,12.976759,77.579797
61380405,2025-06-12T22:33:00.000,2025-07-10T15:41:00.000,Street Light Dayburning,Closed,Belagavi,15.84932,74.491827
61380544,2025-06-12T22:56:00.000,2025-06-18T12:12:00.000,Street Light Out,Closed,Bengaluru,12.930871,77.657924
61380616,2025-06-12T23:36:00.000,2025-06-16T18:07:00.000,Street Light Out,Closed,Mysuru,12.299531,76.656704
61380904,2025-06-13T04:11:00.000,2025-06-20T10:33:00.000,Street Light Out,Closed,Shivamogga,13.962482,75.520785
61380910,2025-06-13T05:06:00.000,2025-06-23T09:34:44.000,Street Light Out,Closed,Bengaluru,13.010059,77.620807
61381119,2025-06-13T05:45:00.000,2025-06-17T10:43:00.000,Street Light Out,Closed,Belagavi,15.841238,74.551556
61381178,2025-06-13T08:52:00.000,2025-06-17T13:46:00.000,Street Light Cycling,Closed,Bengaluru,12.957541,77.692953
61381276,2025-06-13T09:30:00.000,2025-06-16T16:38:00.000,Street Light Out,Closed,Mangaluru,12.869519,74.849668
61381322,2025-06-13T11:08:00.000,2025-06-16T10:50:02.000,Street Light Out,Closed,Bengaluru,12.989665,77.592639
61381362,2025-06-13T12:43:00.000,2025-06-17T09:18:28.000,Street Light Cycling,Closed,Bengaluru,12.981303,77.481693
61381508,2025-06-13T13:05:00.000,2025-06-26T18:49:00.000,Street Light Out,Closed,Bengaluru,12.949759,77.648635
61381559,2025-06-13T14:38:00.000,2025-06-21T14:34:00.000,Street Light Out,Closed,Tumakuru,13.336771,77.096274
61381577,2025-06-13T16:37:00.000,2025-06-16T14:46:00.000,Street Light Out,Closed,Mangaluru,12.893618,74.861606
61381763,2025-06-13T17:34:00.000,2025-06-18T08:31:00.000,Street Light Out,Closed,Shivamogga,13.918548,75.556464
61382484,2025-06-13T18:32:00.000,2025-06-25T17:32:02.000,Street Light Out,Closed,Mangaluru,12.89368,74.854023
61382508,2025-06-13T18:51:00.000,2025-06-19T12:13:00.000,Street Light Out,Closed,Tumakuru,13.338367,77.123017
61382719,2025-06-13T19:32:00.000,2025-06-21T09:36:14.000,Street Light Dayburning,Closed,Belagavi,15.869943,74.491188
61382954,2025-06-13T20:00:00.000,2025-06-27T15:45:00.000,Street Light Out,Closed,Bengaluru,13.031487,77.551015
61383000,2025-06-13T20:17:00.000,2025-06-19T14:39:00.000,Street Light Out,Closed,Tumakuru,13.323359,77.106404
61383197,2025-06-13T20:30:00.000,2025-06-18T16:40:00.000,Street Light Cycling,Closed,Hubballi,15.35363,75.126826
61383265,2025-06-13T20:44:00.000,2025-06-15T15:06:00.000,Street Light Out,Closed,Mangaluru,12.876031,74.841469
61383541,2025-06-13T21:28:00.000,2025-06-22T14:33:00.000,Street Light Out,Closed,Hubballi,15.347896,75.130931
61383640,2025-06-13T22:56:00.000,2025-06-19T10:20:00.000,Street Light Out,Closed,Bengaluru,12.982162,77.620022
61383669,2025-06-14T00:01:00.000,2025-06-17T16:46:00.000,Street Light Out,Closed,Mangaluru,12.874794,74.846325
61383763,2025-06-14T01:59:00.000,2025-06-17T15:28:00.000,Street Light Out,Closed,Mysuru,12.302329,76.67423
61384039,2025-06-14T04:29:00.000,2025-06-23T15:29:00.000,Street Light Out,Closed,Mangaluru,12.886219,74.842827
61384047,2025-06-14T05:41:00.000,2025-06-21T14:46:00.000,Street Light Out,Closed,Bengaluru,12.99824,77.60943
61384088,2025-06-14T06:51:00.000,2025-07-02T14:12:47.000,Street Light Out,Closed,Mangaluru,12.882083,74.885872
61384305,2025-06-14T10:35:00.000,2025-06-15T18:56:18.000,Street Light Out,Closed,Bengaluru,12.960267,77.578106
61384453,2025-06-14T18:39:00.000,2025-07-11T14:28:13.000,Street Light Out,Closed,Shivamogga,13.924856,75.550781
61384469,2025-06-14T19:04:00.000,2025-06-18T14:35:00.000,Street Light Out,Closed,Mysuru,12.300195,76.665763
61384531,2025-06-14T19:10:00.000,2025-06-25T17:24:02.000,Street Light Out,Closed,Bengaluru,12.958602,77.643416
61384535,2025-06-14T19:11:00.000,2025-06-22T12:09:00.000,Street Light Dayburning,Closed,Hubballi,15.39047,75.120293
61384941,2025-06-14T20:08:00.000,2025-06-18T14:14:00.000,Street Light Out,Closed,Bengaluru,12.968245,77.581425
61385066,2025-06-14T22:12:00.000,2025-06-15T08:19:00.000,Street Light Out,Closed,Mangaluru,12.893234,74.860805
61385172,2025-06-14T22:44:00.000,2025-07-05T12:09:00.000,Street Light Out,Closed,Mangaluru,12.919326,74.853241
61385231,2025-06-14T23:54:00.000,2025-06-19T14:00:00.000,Street Light Dim,Closed,Bengaluru,13.029942,77.455793
61385249,2025-06-15T00:23:00.000,2025-06-17T11:53:00.000,Street Light Cycling,Closed,Shivamogga,13.95043,75.555858
61385337,2025-06-15T00:37:00.000,2025-06-19T16:35:29.000,Street Light Out,Closed,Tumakuru,13.330863,77.109333
61385793,2025-06-15T00:41:00.000,2025-06-16T12:54:00.000,Street Light Out,Closed,Mangaluru,12.872903,74.851865
61385943,2025-06-15T04:21:00.000,2025-06-23T14:55:00.000,Street Light Out,Closed,Bengaluru,13.035609,77.549962
61386058,2025-06-15T05:06:00.000,2025-06-21T15:14:00.000,Street Light Out,Closed,Tumakuru,13.340328,77.107682
61386231,2025-06-15T05:30:00.000,2025-06-22T16:20:00.000,Street Light Out,Closed,Bengaluru,12.952268,77.597183
61386280,2025-06-15T07:06:00.000,2025-06-19T10:28:00.000,Street Light Out,Closed,Belagavi,15.857232,74.504982
61386384,2025-06-15T07:49:00.000,2025-06-20T13:25:00.000,Street Light Out,Closed,Bengaluru,13.099667,77.528489
61386453,2025-06-15T12:08:00.000,2025-06-16T17:50:38.000,Street Light Out,Closed,Tumakuru,13.327552,77.115722
61386496,2025-06-15T15:42:00.000,2025-06-23T13:23:07.000,Street Light Out,Closed,Bengaluru,12.852001,77.497203
61386498,2025-06-15T17:34:00.000,2025-06-16T12:06:34.000,Street Light Out,Closed,Bengaluru,13.002106,77.559537
61386578,2025-06-15T18:48:00.000,2025-06-17T09:13:05.000,Street Light Dayburning,Closed,Mysuru,12.298558,76.637658
61386923,2025-06-15T19:33:00.000,2025-06-30T11:35:00.000,Street Light Out,Closed,Bengaluru,12.960263,77.692095
61387055,2025-06-15T19:40:00.000,2025-06-25T18:59:00.000,Street Light Out,Closed,Bengaluru,13.006414,77.589221
61387192,2025-06-15T20:45:00.000,2025-07-03T12:56:00.000,Street Light Out,Closed,Shivamogga,13.928173,75.559606
61387229,2025-06-15T20:52:00.000,2025-06-17T13:48:08.000,Street Light Out,Closed,Hubballi,15.342271,75.141955
61387308,2025-06-15T21:25:00.000,2025-06-17T12:40:34.000,Street Light Out,Closed,Tumakuru,13.381374,77.106964
61387312,2025-06-15T22:15:00.000,2025-06-25T08:49:00.000,Street Light Out,Closed,Bengaluru,12.983758,77.589347
61387325,2025-06-15T22:17:00.000,2025-06-24T13:32:04.000,Street Light Out,Closed,Tumakuru,13.341839,77.100538
61387480,2025-06-15T22:40:00.000,2025-06-17T10:57:28.000,Street Light Out,Closed,Hubballi,15.352402,75.142382
61387655,2025-06-15T22:47:00.000,2025-07-05T10:10:00.000,Street Light Out,Closed,Mangaluru,12.880875,74.845821
61387660,2025-06-15T23:55:00.000,2025-06-19T13:44:33.000,Street Light Out,Closed,Mysuru,12.304447,76.663467
61387839,2025-06-16T00:08:00.000,2025-07-02T15:30:39.000,Street Light Out,Closed,Mangaluru,12.902209,74.886535
61387849,2025-06-16T04:21:00.000,2025-06-17T15:07:00.000,Lamppost Damaged,Closed,Hubballi,15.354823,75.120826
61388051,2025-06-16T04:56:00.000,2025-06-25T18:15:00.000,Street Light Out,Closed,Mysuru,12.293433,76.651838
61388067,2025-06-16T09:08:00.000,2025-06-21T10:34:19.000,Street Light Out,Closed,Hubballi,15.346022,75.140604
61388084,2025-06-16T09:47:00.000,2025-07-22T10:36:59.000,Street Light Out,Closed,Belagavi,15.843598,74.553984
61388168,2025-06-16T09:52:00.000,2025-06-19T15:44:00.000,Street Light Cycling,Closed,Shivamogga,13.893577,75.560721
61388489,2025-06-16T10:05:00.000,2025-06-25T14:57:00.000,Street Light Out,Closed,Belagavi,15.828074,74.501339
61388527,2025-06-16T12:18:00.000,2025-06-17T16:50:47.000,Street Light Out,Closed,Bengaluru,12.965949,77.585585
61388561,2025-06-16T12:57:00.000,2025-06-26T08:23:00.000,Street Light Out,Closed,Belagavi,15.841915,74.512765
61388696,2025-06-16T13:02:00.000,2025-07-11T08:01:00.000,Street Light Out,Closed,Mangaluru,12.884584,74.852271
61388720,2025-06-16T15:35:00.000,2025-06-24T14:09:08.000,Street Light Out,Closed,Bengaluru,13.041496,77.524166
61388820,2025-06-16T16:16:00.000,2025-07-12T09:19:00.000,Street Light Out,Closed,Mysuru,12.261318,76.658401
61389085,2025-06-16T16:43:00.000,2025-06-22T15:25:00.000,Street Light Out,Closed,Hubballi,15.355392,75.149556
61389463,2025-06-16T16:55:00.000,2025-06-18T11:00:38.000,Street Light Out,Closed,Mangaluru,12.852533,74.873728
61389528,2025-06-16T17:00:00.000,2025-06-20T12:45:27.000,Street Light Out,Closed,Bengaluru,12.91705,77.647976
61389718,2025-06-16T17:49:00.000,2025-06-26T10:51:21.000,Street Light Out,Closed,Belagavi,15.86179,74.492844
61389975,2025-06-16T19:09:00.000,2025-06-20T09:32:27.000,Street Light Out,Closed,Shivamogga,13.920745,75.566498
61390216,2025-06-16T20:44:00.000,2025-06-21T10:51:07.000,Street Light Out,Closed,Belagavi,15.859836,74.515901
61390262,2025-06-16T22:05:00.000,2025-06-20T09:13:00.000,Street Light Out,Closed,Mangaluru,12.895617,74.845942
61390413,2025-06-16T22:22:00.000,2025-07-10T17:44:00.000,Street Light Out,Closed,Belagavi,15.807584,74.479488
61390468,2025-06-16T22:35:00.000,2025-06-27T12:34:13.000,Street Light Dayburning,Closed,Belagavi,15.849047,74.551373
61390572,2025-06-16T22:50:00.000,2025-06-18T11:51:13.000,Street Light Out,Closed,Shivamogga,13.900279,75.554447
61390949,2025-06-17T00:24:00.000,2025-07-23T16:33:15.000,Lamppost Damaged,Closed,Tumakuru,13.328921,77.098185
61390992,2025-06-17T01:50:00.000,2025-06-21T13:29:35.000,Street Light Out,Closed,Mangaluru,12.888205,74.866179
61391019,2025-06-17T05:17:00.000,2025-06-25T17:15:23.000,Street Light Out,Closed,Mangaluru,12.90551,74.85174
61391113,2025-06-17T08:24:00.000,2025-06-25T17:09:00.000,Street Light Out,Closed,Mangaluru,12.871437,74.852534
61391121,2025-06-17T08:28:00.000,2025-06-18T16:08:00.000,Street Light Out,Closed,Mysuru,12.340486,76.629804
61391552,2025-06-17T08:55:00.000,2025-06-26T10:49:00.000,Street Light Cycling,Closed,Hubballi,15.380317,75.154408
61391557,2025-06-17T09:05:00.000,2025-06-19T11:24:00.000,Street Light Out,Closed,Bengaluru,13.016642,77.61544
61391632,2025-06-17T09:22:00.000,2025-06-19T11:05:41.000,Street Light Out,Closed,Mangaluru,12.871328,74.854154
61391816,2025-06-17T10:21:00.000,2025-06-19T11:39:00.000,Street Light Out,Closed,Mysuru,12.269977,76.67996
61391842,2025-06-17T10:32:00.000,2025-06-25T09:12:00.000,Street Light Out,Closed,Shivamogga,13.922299,75.568717
61392089,2025-06-17T11:43:00.000,2025-06-19T15:50:00.000,Street Light Out,Closed,Hubballi,15.352988,75.131496
61392095,2025-06-17T12:46:00.000,2025-06-20T14:34:39.000,Street Light Out,Closed,Mangaluru,12.878143,74.872854
61392116,2025-06-17T13:54:00.000,2025-07-05T09:06:00.000,Street Light Cycling,Closed,Mangaluru,12.861174,74.880054
61392157,2025-06-17T15:11:00.000,2025-07-14T08:49:00.000,Street Light Out,Closed,Bengaluru,13.017927,77.450185
61392504,2025-06-17T17:01:00.000,2025-06-23T12:17:57.000,Street Light Out,Closed,Mangaluru,12.870535,74.848712
61392857,2025-06-17T17:53:00.000,2025-06-19T14:42:35.000,Street Light Out,Closed,Mangaluru,12.866992,74.853091
61392913,2025-06-17T18:14:00.000,2025-06-22T10:15:00.000,Street Light Out,Closed,Shivamogga,13.941123,75.554815
61392979,2025-06-17T19:12:00.000,2025-06-23T13:27:37.000,Street Light Out,Closed,Shivamogga,13.906787,75.556084
61393002,2025-06-17T19:39:00.000,2025-06-27T08:05:31.000,Lamppost Damaged,Closed,Belagavi,15.842367,74.554128
61393044,2025-06-17T20:08:00.000,2025-06-20T14:09:30.000,Street Light Out,Closed,Mangaluru,12.869128,74.838561
61393088,2025-06-17T20:26:00.000,2025-06-23T17:31:00.000,Street Light Out,Closed,Mysuru,12.302323,76.67422
61393297,2025-06-17T20:51:00.000,2025-07-03T10:18:34.000,Street Light Out,Closed,Tumakuru,13.336831,77.09668
61393367,2025-06-17T21:19:00.000,2025-06-20T09:40:00.000,Street Light Out,Closed,Tumakuru,13.359179,77.070917
61393425,2025-06-17T22:48:00.000,2025-07-06T11:24:32.000,Street Light Out,Closed,Hubballi,15.420394,75.136213
61393446,2025-06-17T23:45:00.000,2025-06-25T08:46:00.000,Street Light Out,Closed,Hubballi,15.344391,75.122004
61394088,2025-06-18T00:44:00.000,2025-06-21T16:09:00.000,Street Light Out,Closed,Mysuru,12.321921,76.667738
61394195,2025-06-18T01:15:00.000,2025-06-21T10:40:00.000,Street Light Out,Closed,Mysuru,12.320628,76.666181
61394205,2025-06-18T07:22:00.000,2025-06-22T17:15:00.000,Street Light Out,Closed,Mangaluru,12.88544,74.849211
61394232,2025-06-18T09:15:00.000,2025-07-17T16:55:00.000,Lamppost Damaged,Closed,Belagavi,15.846831,74.55308
61394333,2025-06-18T09:43:00.000,2025-06-21T15:03:39.000,Street Light Out,Closed,Bengaluru,12.973024,77.594222
61394469,2025-06-18T13:36:00.000,2025-07-27T18:25:00.000,Street Light Out,Closed,Mangaluru,12.92189,74.875304
61394634,2025-06-18T14:33:00.000,2025-06-24T09:16:16.000,Street Light Out,Closed,Bengaluru,12.968232,77.581414
61394679,2025-06-18T14:50:00.000,2025-07-04T12:43:00.000,Street Light Out,Closed,Belagavi,15.842879,74.499437
61394812,2025-06-18T16:26:00.000,2025-06-24T15:10:02.000,Street Light Out,Closed,Hubballi,15.356352,75.130326
61394914,2025-06-18T18:10:00.000,2025-06-21T15:35:16.000,Street Light Dayburning,Closed,Belagavi,15.846022,74.551287
61394958,2025-06-18T18:32:00.000,2025-06-22T09:41:31.000,Street Light Out,Closed,Mysuru,12.33637,76.654706
61395083,2025-06-18T18:56:00.000,2025-06-19T08:41:52.000,Street Light Out,Closed,Mangaluru,12.88966,74.858333
61395785,2025-06-18T18:56:00.000,2025-06-20T08:49:02.000,Street Light Out,Closed,Hubballi,15.374337,75.101906
61395810,2025-06-18T19:13:00.000,2025-06-27T14:43:00.000,Street Light Out,Closed,Bengaluru,13.021364,77.580446
61395989,2025-06-18T19:22:00.000,2025-07-24T08:03:00.000,Street Light Out,Closed,Shivamogga,13.922603,75.565622
61396118,2025-06-18T19:24:00.000,2025-06-19T08:50:18.000,Street Light Out,Closed,Mangaluru,12.892977,74.855182
61396203,2025-06-18T20:19:00.000,2025-06-28T08:45:00.000,Street Light Out,Closed,Mysuru,12.346048,76.65862
61396298,2025-06-18T21:48:00.000,2025-06-27T12:23:28.000,Street Light Out,Closed,Bengaluru,12.966515,77.579584
61396442,2025-06-18T21:52:00.000,2025-06-20T16:54:00.000,Street Light Out,Closed,Mangaluru,12.876048,74.874418
61396545,2025-06-18T22:37:00.000,2025-06-27T11:48:00.000,Street Light Out,Closed,Tumakuru,13.359068,77.129081
61396577,2025-06-18T23:08:00.000,2025-07-01T17:36:00.000,Street Light Out,Closed,Shivamogga,13.911923,75.56623
61396705,2025-06-19T00:06:00.000,2025-06-23T08:48:01.000,Street Light Out,Closed,Mangaluru,12.905416,74.854782
61396804,2025-06-19T00:10:00.000,2025-06-21T15:40:37.000,Street Light Out,Closed,Hubballi,15.350834,75.143213
61396909,2025-06-19T00:12:00.000,2025-07-16T17:02:00.000,Street Light Out,Closed,Belagavi,15.847824,74.558125
61397250,2025-06-19T02:50:00.000,2025-08-24T09:21:35.000,Street Light Out,Closed,Bengaluru,12.965909,77.585639
61397327,2025-06-19T06:37:00.000,2025-06-24T09:08:00.000,Street Light Out,Closed,Tumakuru,13.326532,77.142636
61397339,2025-06-19T07:26:00.000,2025-08-09T12:51:31.000,Street Light Out,Closed,Hubballi,15.366525,75.164875
61397352,2025-06-19T07:27:00.000,2025-07-02T12:28:59.000,Street Light Out,Closed,Hubballi,15.378109,75.17109
61397389,2025-06-19T08:38:00.000,2025-06-21T13:02:00.000,Street Light Out,Closed,Mangaluru,12.888038,74.843234
61397405,2025-06-19T08:55:00.000,2025-06-24T13:37:00.000,Street Light Dim,Closed,Bengaluru,12.988494,77.583705
61397582,2025-06-19T10:08:00.000,2025-07-25T09:32:00.000,Street Light Out,Closed,Shivamogga,13.909976,75.565209
61397592,2025-06-19T10:49:00.000,2025-06-21T17:09:00.000,Street Light Out,Closed,Bengaluru,12.973698,77.57707
61398005,2025-06-19T10:57:00.000,2025-06-22T09:38:10.000,Street Light Out,Closed,Mangaluru,12.89371,74.861043
61398273,2025-06-19T11:00:00.000,2025-07-07T15:42:00.000,Street Light Dim,Closed,Hubballi,15.346774,75.125047
61398338,2025-06-19T13:03:00.000,2025-06-21T15:56:50.000,Street Light Out,Closed,Tumakuru,13.35008,77.105354
61398345,2025-06-19T13:26:00.000,2025-06-20T08:16:27.000,Street Light Out,Closed,Mysuru,12.303371,76.660215
61398524,2025-06-19T14:05:00.000,2025-06-21T12:03:00.000,Street Light Out,Closed,Bengaluru,12.93197,77.535676
61398551,2025-06-19T16:06:00.000,2025-06-23T10:09:51.000,Street Light Out,Closed,Mangaluru,12.877727,74.853936
61398581,2025-06-19T16:22:00.000,2025-07-28T10:27:37.000,Street Light Out,Closed,Mangaluru,12.877395,74.847756
61398655,2025-06-19T17:20:00.000,2025-06-25T15:37:00.000,Street Light Out,Closed,Hubballi,15.354447,75.12636
61398694,2025-06-19T17:25:00.000,2025-06-23T15:15:00.000,Street Light Out,Closed,Belagavi,15.846887,74.487379
61398901,2025-06-19T18:39:00.000,2025-06-28T10:12:00.000,Street Light Out,Closed,Hubballi,15.327477,75.108857
61398908,2025-06-19T18:53:00.000,2025-06-20T18:24:13.000,Street Light Out,Closed,Mysuru,12.309391,76.689272
61399042,2025-06-19T19:52:00.000,2025-06-23T13:42:47.000,Street Light Out,Closed,Mangaluru,12.891584,74.849508
61399316,2025-06-19T20:09:00.000,2025-06-24T13:20:30.000,Street Light Out,Closed,Shivamogga,13.927385,75.577138
61399433,2025-06-19T22:56:00.000,2025-07-09T14:01:00.000,Street Light Out,Closed,Mysuru,12.29369,76.668663
61399569,2025-06-19T23:14:00.000,2025-06-22T08:42:54.000,Street Light Out,Closed,Mangaluru,12.89486,74.843412
61399620,2025-06-20T00:09:00.000,2025-07-05T13:57:00.000,Street Light Dim,Closed,Shivamogga,13.895308,75.558787
61399708,2025-06-20T00:44:00.000,2025-06-28T17:23:00.000,Street Light Out,Closed,Mysuru,12.325104,76.654781
61399751,2025-06-20T07:21:00.000,2025-07-03T11:25:00.000,Street Light Out,Closed,Belagavi,15.86104,74.504752
61399789,2025-06-20T07:47:00.000,2025-06-28T15:06:30.000,Street Light Out,Closed,Bengaluru,12.898594,77.637919
61399798,2025-06-20T09:18:00.000,2025-06-22T12:44:00.000,Street Light Out,Closed,Mysuru,12.347081,76.660552
61400078,2025-06-20T09:32:00.000,2025-06-27T09:01:02.000,Street Light Cycling,Closed,Belagavi,15.836444,74.495523
61400274,2025-06-20T11:42:00.000,2025-06-27T08:37:00.000,Street Light Dim,Closed,Mysuru,12.275187,76.659628
61400439,2025-06-20T12:42:00.000,2025-06-27T09:38:11.000,Street Light Out,Closed,Bengaluru,13.029248,77.611119
61400554,2025-06-20T13:52:00.000,2025-06-27T10:16:05.000,Street Light Out,Closed,Mangaluru,12.888014,74.884257
61400828,2025-06-20T14:38:00.000,2025-06-24T10:41:00.000,Street Light Out,Closed,Tumakuru,13.331698,77.101536
61400848,2025-06-20T15:31:00.000,2025-06-25T13:04:00.000,Street Light Out,Closed,Mangaluru,12.886074,74.864952
61400893,2025-06-20T17:54:00.000,2025-06-22T08:35:24.000,Street Light Out,Closed,Shivamogga,13.957652,75.575459
61401159,2025-06-20T18:59:00.000,2025-06-26T09:41:00.000,Street Light Out,Closed,Mysuru,12.294907,76.663463
61401274,2025-06-20T19:56:00.000,2025-06-28T09:10:01.000,Street Light Dayburning,Closed,Mangaluru,12.886112,74.869825
61401334,2025-06-20T20:24:00.000,2025-06-25T08:52:00.000,Street Light Out,Closed,Mysuru,12.280379,76.655244
61401379,2025-06-20T21:27:00.000,2025-06-26T11:08:12.000,Street Light Out,Closed,Mysuru,12.306926,76.654999
61401740,2025-06-20T22:10:00.000,2025-06-23T14:07:15.000,Street Light Out,Closed,Bengaluru,12.961556,77.658042
61401786,2025-06-20T22:11:00.000,2025-07-14T18:34:52.000,Street Light Out,Closed,Tumakuru,13.321908,77.142765
61401805,2025-06-20T22:24:00.000,2025-06-26T15:20:00.000,Street Light Out,Closed,Bengaluru,12.941196,77.647347
61401886,2025-06-20T23:07:00.000,2025-06-23T17:26:15.000,Street Light Out,Closed,Mangaluru,12.87136,74.854164
61401892,2025-06-21T00:20:00.000,2025-06-22T14:01:00.000,Street Light Out,Closed,Bengaluru,12.978328,77.585198
61401910,2025-06-21T01:13:00.000,2025-07-29T15:57:36.000,Street Light Dayburning,Closed,Bengaluru,12.982142,77.497182
61402061,2025-06-21T03:23:00.000,2025-06-23T18:13:00.000,Street Light Dayburning,Closed,Mangaluru,12.883665,74.856675
61402143,2025-06-21T03:53:00.000,2025-06-30T15:45:00.000,Street Light Out,Closed,Mangaluru,12.884245,74.838596
61402191,2025-06-21T06:35:00.000,2025-06-29T14:42:02.000,Street Light Out,Closed,Mangaluru,12.871017,74.841434
61402224,2025-06-21T07:20:00.000,2025-07-01T16:25:48.000,Street Light Out,Closed,Shivamogga,13.921945,75.563614
61402304,2025-06-21T07:46:00.000,2025-06-27T12:49:13.000,Street Light Out,Closed,Mangaluru,12.873247,74.862322
61402374,2025-06-21T09:16:00.000,2025-06-24T18:06:13.000,Street Light Out,Closed,Mysuru,12.275868,76.651717
61402641,2025-06-21T10:16:00.000,2025-06-23T08:13:00.000,Street Light Dayburning,Closed,Mangaluru,12.890506,74.838475
61402996,2025-06-21T10:38:00.000,2025-06-22T12:34:36.000,Street Light Out,Closed,Mangaluru,12.918587,74.844066
61403267,2025-06-21T10:53:00.000,2025-06-23T18:34:19.000,Street Light Out,Closed,Mangaluru,12.872068,74.851622
61403318,2025-06-21T12:13:00.000,2025-06-27T09:33:00.000,Street Light Out,Closed,Mangaluru,12.875349,74.85281
61403412,2025-06-21T14:57:00.000,2025-06-30T11:47:00.000,Street Light Out,Closed,Bengaluru,13.072564,77.523701
61403418,2025-06-21T16:46:00.000,2025-07-17T13:51:29.000,Street Light Cycling,Closed,Mysuru,12.316701,76.628968
61403422,2025-06-21T17:12:00.000,2025-06-23T11:02:40.000,Street Light Out,Closed,Belagavi,15.845053,74.557274
61403483,2025-06-21T17:38:00.000,2025-06-28T15:52:00.000,Street Light Out,Closed,Bengaluru,12.874617,77.527247
61403607,2025-06-21T18:17:00.000,2025-06-24T12:12:39.000,Street Light Out,Closed,Mysuru,12.335533,76.661357
61403824,2025-06-21T18:18:00.000,2025-06-28T17:42:00.000,Street Light Out,Closed,Mysuru,12.299544,76.656708
61403952,2025-06-21T18:54:00.000,2025-06-27T15:10:01.000,Street Light Out,Closed,Hubballi,15.360923,75.153041
61404113,2025-06-21T19:06:00.000,2025-06-28T14:23:02.000,Street Light Out,Closed,Mysuru,12.312655,76.668547
61404189,2025-06-21T20:27:00.000,2025-07-08T13:00:00.000,Street Light Out,Closed,Tumakuru,13.373974,77.083368
61404419,2025-06-21T20:29:00.000,2025-07-03T17:24:00.000,Street Light Out,Closed,Belagavi,15.84376,74.554261
61404429,2025-06-21T20:31:00.000,2025-06-29T14:56:00.000,Street Light Out,Closed,Shivamogga,13.914298,75.567589
61404509,2025-06-21T20:54:00.000,2025-06-25T11:06:09.000,Street Light Out,Closed,Bengaluru,12.966098,77.629366
61404931,2025-06-21T21:20:00.000,2025-06-27T09:28:00.000,Street Light Out,Closed,Bengaluru,13.016615,77.615473
61404995,2025-06-21T22:06:00.000,2025-08-09T15:25:00.000,Street Light Out,Closed,Tumakuru,13.337796,77.104783
61405203,2025-06-21T23:18:00.000,2025-07-02T18:50:00.000,Street Light Out,Closed,Bengaluru,12.9402,77.65123
61405318,2025-06-22T00:25:00.000,2025-06-23T12:16:21.000,Street Light Out,Closed,Tumakuru,13.324316,77.099579
61405412,2025-06-22T00:34:00.000,2025-06-30T12:18:00.000,Street Light Out,Closed,Mangaluru,12.855793,74.885382
61405457,2025-06-22T03:21:00.000,2025-06-24T14:07:00.000,Street Light Out,Closed,Mangaluru,12.889267,74.84789
61405527,2025-06-22T03:37:00.000,2025-06-24T17:58:00.000,Street Light Out,Closed,Mangaluru,12.903929,74.856555
61405529,2025-06-22T05:57:00.000,2025-06-27T09:37:42.000,Street Light Out,Closed,Tumakuru,13.336765,77.11065
61405599,2025-06-22T06:58:00.000,2025-06-23T15:09:38.000,Street Light Out,Closed,Hubballi,15.359381,75.118513
61406137,2025-06-22T07:02:00.000,2025-07-06T14:34:15.000,Street Light Out,Closed,Shivamogga,13.961447,75.56998
61406298,2025-06-22T08:52:00.000,2025-06-25T17:17:00.000,Street Light Out,Closed,Mangaluru,12.872891,74.842647
61406509,2025-06-22T09:09:00.000,2025-06-27T11:57:36.000,Street Light Out,Closed,Mysuru,12.349004,76.65757
61406573,2025-06-22T09:59:00.000,2025-06-29T16:11:38.000,Street Light Out,Closed,Mysuru,12.341175,76.635267
61406769,2025-06-22T11:12:00.000,2025-06-22T17:30:09.000,Street Light Out,Closed,Bengaluru,12.976085,77.591461
61406945,2025-06-22T16:11:00.000,2025-06-24T12:00:14.000,Street Light Out,Closed,Shivamogga,13.917867,75.587697
61406950,2025-06-22T18:26:00.000,2025-07-13T14:14:03.000,Street Light Cycling,Closed,Tumakuru,13.336807,77.101573
61407173,2025-06-22T19:44:00.000,2025-06-29T17:06:22.000,Street Light Out,Closed,Mangaluru,12.892933,74.855679
61407403,2025-06-22T20:24:00.000,2025-07-06T11:48:00.000,Street Light Out,Closed,Shivamogga,13.974988,75.576546
61407428,2025-06-22T20:33:00.000,2025-06-23T12:41:33.000,Street Light Out,Closed,Bengaluru,12.956832,77.606124
61407469,2025-06-22T20:33:00.000,2025-06-26T09:48:00.000,Street Light Out,Closed,Shivamogga,13.926716,75.55921
61407534,2025-06-22T20:42:00.000,2025-06-25T09:14:05.000,Street Light Out,Closed,Tumakuru,13.322142,77.096761
61407663,2025-06-22T21:57:00.000,2025-06-25T12:05:40.000,Street Light Out,Closed,Bengaluru,12.973759,77.592885
61408040,2025-06-22T22:01:00.000,2025-06-25T18:22:35.000,Street Light Out,Closed,Bengaluru,12.974756,77.493656
61408133,2025-06-22T23:41:00.000,2025-08-03T17:20:00.000,Street Light Dayburning,Closed,Bengaluru,12.971038,77.569645
61408164,2025-06-23T00:05:00.000,2025-06-24T10:59:00.000,Street Light Out,Closed,Hubballi,15.359118,75.14775
61408237,2025-06-23T00:45:00.000,2025-06-29T08:06:00.000,Street Light Dim,Closed,Bengaluru,12.970959,77.625961
61408261,2025-06-23T02:11:00.000,2025-07-26T08:19:37.000,Street Light Out,Closed,Mangaluru,12.904729,74.872503
61408366,2025-06-23T03:55:00.000,2025-06-29T18:01:00.000,Street Light Out,Closed,Belagavi,15.857804,74.512241
61408849,2025-06-23T06:05:00.000,2025-07-04T10:41:00.000,Street Light Out,Closed,Mysuru,12.339171,76.648921
61409172,2025-06-23T08:51:00.000,2025-07-17T09:01:00.000,Street Light Out,Closed,Belagavi,15.85723,74.489803
61409223,2025-06-23T10:19:00.000,2025-07-03T12:34:00.000,Street Light Out,Closed,Shivamogga,13.895845,75.553506
61409347,2025-06-23T10:53:00.000,2025-06-25T12:14:00.000,Street Light Out,Closed,Hubballi,15.355528,75.154015
61409358,2025-06-23T10:56:00.000,2025-06-26T13:31:00.000,Street Light Out,Closed,Shivamogga,13.918346,75.560374
61409413,2025-06-23T12:46:00.000,2025-06-25T14:23:01.000,Street Light Out,Closed,Mangaluru,12.869791,74.852698
61409617,2025-06-23T16:11:00.000,2025-06-28T12:42:37.000,Street Light Out,Closed,Mangaluru,12.886255,74.877226
61409697,2025-06-23T16:45:00.000,2025-06-25T13:47:00.000,Street Light Out,Closed,Mangaluru,12.886717,74.84489
61409842,2025-06-23T17:00:00.000,2025-06-26T16:35:00.000,Street Light Dim,Closed,Mysuru,12.302737,76.622863
61409898,2025-06-23T17:05:00.000,2025-06-28T13:59:00.000,Street Light Out,Closed,Bengaluru,12.931838,77.589996
61410544,2025-06-23T17:26:00.000,2025-07-17T11:41:00.000,Street Light Out,Closed,Shivamogga,13.950074,75.545173
61410668,2025-06-23T18:14:00.000,2025-06-25T08:50:00.000,Street Light Out,Closed,Mysuru,12.305397,76.66557
61410771,2025-06-23T19:59:00.000,2025-07-02T08:28:22.000,Street Light Out,Closed,Bengaluru,12.988954,77.436725
61410943,2025-06-23T20:00:00.000,2025-06-25T16:51:00.000,Street Light Out,Closed,Bengaluru,12.978461,77.601911
61410945,2025-06-23T20:27:00.000,2025-06-28T12:13:00.000,Street Light Out,Closed,Belagavi,15.884026,74.492977
61411016,2025-06-23T20:35:00.000,2025-06-26T16:04:00.000,Street Light Out,Closed,Mysuru,12.336362,76.654734
61411106,2025-06-23T20:41:00.000,2025-06-27T10:34:00.000,Street Light Out,Closed,Mangaluru,12.900332,74.843757
61411232,2025-06-23T21:30:00.000,2025-07-08T15:36:00.000,Street Light Out,Closed,Mysuru,12.348617,76.657277
61411369,2025-06-23T21:51:00.000,2025-06-28T08:55:44.000,Street Light Dim,Closed,Bengaluru,12.857603,77.494051
61411462,2025-06-24T00:16:00.000,2025-07-04T10:50:00.000,Street Light Dim,Closed,Tumakuru,13.352053,77.107237
61411553,2025-06-24T00:26:00.000,2025-06-27T10:32:00.000,Street Light Out,Closed,Belagavi,15.887486,74.504382
61412183,2025-06-24T00:53:00.000,2025-06-28T08:09:49.000,Street Light Out,Closed,Belagavi,15.857541,74.516159
61412207,2025-06-24T01:13:00.000,2025-07-01T16:25:15.000,Street Light Out,Closed,Tumakuru,13.349315,77.101343
61412354,2025-06-24T07:08:00.000,2025-06-26T08:35:00.000,Street Light Dayburning,Closed,Shivamogga,13.91473,75.592477
61412479,2025-06-24T10:07:00.000,2025-07-06T16:12:00.000,Street Light Out,Closed,Hubballi,15.358306,75.105584
61412651,2025-06-24T15:42:00.000,2025-07-31T14:38:21.000,Street Light Dim,Closed,Tumakuru,13.33861,77.126467
61412697,2025-06-24T17:42:00.000,2025-07-22T08:50:00.000,Street Light Out,Closed,Belagavi,15.859534,74.518572
61412705,2025-06-24T18:10:00.000,2025-06-28T12:30:00.000,Street Light Out,Closed,Hubballi,15.352754,75.130311
61412896,2025-06-24T18:13:00.000,2025-06-27T13:30:52.000,Street Light Out,Closed,Hubballi,15.343345,75.133533
61412971,2025-06-24T20:06:00.000,2025-07-07T13:16:53.000,Street Light Out,Closed,Bengaluru,12.960276,77.578219
61413012,2025-06-24T20:51:00.000,2025-07-12T17:02:00.000,Street Light Out,Closed,Shivamogga,13.955019,75.590207
61413080,2025-06-24T21:14:00.000,2025-06-30T08:34:00.000,Street Light Out,Closed,Tumakuru,13.367123,77.086699
61413184,2025-06-24T21:30:00.000,2025-07-02T09:22:47.000,Street Light Out,Closed,Mangaluru,12.866763,74.851222
61413759,2025-06-24T22:39:00.000,2025-07-08T12:05:06.000,Street Light Out,Closed,Hubballi,15.367642,75.158391
61413832,2025-06-24T22:56:00.000,2025-06-26T12:26:00.000,Street Light Out,Closed,Belagavi,15.846725,74.556623
61413948,2025-06-24T23:50:00.000,2025-06-26T14:46:04.000,Street Light Dayburning,Closed,Bengaluru,12.968082,77.59999
61413954,2025-06-25T00:41:00.000,2025-07-12T18:10:00.000,Street Light Dayburning,Closed,Shivamogga,13.921506,75.576779
61414131,2025-06-25T00:47:00.000,2025-07-02T11:40:00.000,Street Light Out,Closed,Hubballi,15.365208,75.13763
61414613,2025-06-25T00:57:00.000,2025-06-26T18:02:00.000,Street Light Out,Closed,Bengaluru,12.955423,77.579434
61414674,2025-06-25T03:48:00.000,2025-06-26T10:31:00.000,Street Light Out,Closed,Hubballi,15.33294,75.13586
61414756,2025-06-25T05:34:00.000,2025-07-25T16:39:26.000,Street Light Out,Closed,Mangaluru,12.867619,74.840976
61414779,2025-06-25T05:44:00.000,2025-07-01T14:48:27.000,Street Light Out,Closed,Mangaluru,12.893313,74.849359
61415082,2025-06-25T07:46:00.000,2025-06-27T17:20:54.000,Street Light Out,Closed,Mangaluru,12.874152,74.852495
61415263,2025-06-25T07:53:00.000,2025-07-09T09:39:04.000,Street Light Out,Closed,Bengaluru,13.031767,77.563917
61415347,2025-06-25T09:39:00.000,2025-06-27T16:50:00.000,Lamppost Damaged,Closed,Belagavi,15.814001,74.482956
61415425,2025-06-25T10:58:00.000,2025-07-09T15:33:00.000,Street Light Out,Closed,Mangaluru,12.873337,74.846308
61415602,2025-06-25T11:16:00.000,2025-06-30T14:45:00.000,Street Light Out,Closed,Hubballi,15.363716,75.114801
61415734,2025-06-25T18:33:00.000,2025-06-26T14:49:55.000,Street Light Out,Closed,Mysuru,12.261706,76.645671
61415899,2025-06-25T19:41:00.000,2025-08-06T15:19:00.000,Street Light Out,Closed,Belagavi,15.872764,74.545842
61416112,2025-06-25T20:30:00.000,2025-06-29T14:34:09.000,Street Light Out,Closed,Hubballi,15.334492,75.160115
61416319,2025-06-25T20:45:00.000,2025-07-26T10:56:00.000,Street Light Out,Closed,Tumakuru,13.354697,77.099288
61416479,2025-06-25T21:07:00.000,2025-06-28T09:47:00.000,Street Light Out,Closed,Mangaluru,12.86606,74.838282
61416717,2025-06-25T22:01:00.000,2025-07-02T15:32:04.000,Street Light Out,Closed,Bengaluru,12.980167,77.567191
61416769,2025-06-25T22:08:00.000,2025-07-02T16:03:47.000,Street Light Out,Closed,Bengaluru,12.948814,77.663807
61417043,2025-06-25T22:32:00.000,2025-07-01T08:40:00.000,Street Light Dayburning,Closed,Belagavi,15.846314,74.552418
61417333,2025-06-25T22:33:00.000,2025-06-30T09:35:43.000,Street Light Out,Closed,Mangaluru,12.89587,74.887687
61417357,2025-06-26T00:08:00.000,2025-07-12T10:35:00.000,Street Light Out,Closed,Bengaluru,12.859542,77.491085
61417421,2025-06-26T00:27:00.000,2025-06-27T14:22:00.000,Street Light Out,Closed,Mangaluru,12.888027,74.843219
61418131,2025-06-26T02:00:00.000,2025-06-29T13:34:20.000,Street Light Out,Closed,Mangaluru,12.866682,74.839371
61418136,2025-06-26T06:54:00.000,2025-07-01T11:25:00.000,Street Light Out,Closed,Mysuru,12.328387,76.634478
61418310,2025-06-26T07:20:00.000,2025-06-30T18:43:00.000,Street Light Out,Closed,Mangaluru,12.871691,74.855783
61418429,2025-06-26T09:12:00.000,2025-07-04T12:27:00.000,Street Light Out,Closed,Belagavi,15.889034,74.507065
61418577,2025-06-26T09:15:00.000,2025-06-28T11:16:00.000,Street Light Out,Closed,Bengaluru,12.970174,77.584518
61418580,2025-06-26T10:21:00.000,2025-06-28T12:38:47.000,Street Light Out,Closed,Hubballi,15.365258,75.156425
61418681,2025-06-26T10:34:00.000,2025-07-14T12:25:00.000,Street Light Out,Closed,Tumakuru,13.318303,77.122692
61419394,2025-06-26T11:03:00.000,2025-06-30T14:53:00.000,Street Light Out,Closed,Mangaluru,12.905514,74.851764
61419619,2025-06-26T11:48:00.000,2025-06-29T08:38:00.000,Street Light Out,Closed,Shivamogga,13.94395,75.549605
61419744,2025-06-26T12:54:00.000,2025-07-07T14:22:05.000,Street Light Out,Closed,Mysuru,12.304329,76.645466
61419794,2025-06-26T13:41:00.000,2025-07-01T18:08:49.000,Street Light Out,Closed,Bengaluru,13.001879,77.601161
61419846,2025-06-26T15:12:00.000,2025-07-02T12:18:29.000,Street Light Out,Closed,Tumakuru,13.35567,77.064304
61419922,2025-06-26T16:06:00.000,2025-06-28T14:34:22.000,Street Light Out,Closed,Hubballi,15.349504,75.13343
61419997,2025-06-26T18:25:00.000,2025-06-30T18:34:23.000,Street Light Out,Closed,Mangaluru,12.876356,74.859396
61420094,2025-06-26T19:01:00.000,2025-07-18T18:15:00.000,Street Light Out,Closed,Bengaluru,12.95617,77.576932
61420302,2025-06-26T20:00:00.000,2025-07-01T16:08:00.000,Street Light Out,Closed,Hubballi,15.347143,75.128722
61420341,2025-06-26T20:02:00.000,2025-07-01T08:33:04.000,Street Light Out,Closed,Bengaluru,12.969555,77.577116
61420616,2025-06-26T20:34:00.000,2025-07-03T17:56:00.000,Street Light Out,Closed,Bengaluru,12.999563,77.556948
61420809,2025-06-26T21:19:00.000,2025-06-29T13:33:59.000,Street Light Out,Closed,Bengaluru,12.996844,77.633418
61421460,2025-06-26T21:26:00.000,2025-07-14T16:24:00.000,Street Light Out,Closed,Mangaluru,12.885563,74.849313
61421572,2025-06-26T21:41:00.000,2025-06-29T09:31:00.000,Lamppost Damaged,Closed,Hubballi,15.354029,75.140417
61422383,2025-06-26T23:35:00.000,2025-08-18T09:48:33.000,Street Light Out,Closed,Mysuru,12.262035,76.650908
61422396,2025-06-26T23:50:00.000,2025-06-30T14:42:00.000,Street Light Out,Closed,Hubballi,15.344427,75.122013
61422438,2025-06-27T01:33:00.000,2025-06-28T11:33:00.000,Street Light Out,Closed,Mangaluru,12.910866,74.852269
61422563,2025-06-27T07:25:00.000,2025-06-28T16:59:30.000,Street Light Out,Closed,Belagavi,15.849713,74.550242
61422663,2025-06-27T13:55:00.000,2025-07-08T13:55:14.000,Street Light Out,Closed,Tumakuru,13.327978,77.096185
61423018,2025-06-27T14:48:00.000,2025-06-29T17:01:00.000,Street Light Out,Closed,Hubballi,15.357888,75.120852
61423054,2025-06-27T15:41:00.000,2025-07-01T15:47:27.000,Street Light Out,Closed,Shivamogga,13.898775,75.548682
61423303,2025-06-27T16:05:00.000,2025-08-10T09:53:00.000,Street Light Out,Closed,Bengaluru,13.020808,77.605184
61423485,2025-06-27T17:36:00.000,2025-07-07T11:26:00.000,Street Light Out,Closed,Bengaluru,13.000478,77.530351
61423486,2025-06-27T18:08:00.000,2025-07-18T08:09:00.000,Lamppost Damaged,Closed,Hubballi,15.393566,75.134884
61423521,2025-06-27T18:24:00.000,2025-07-06T17:21:09.000,Street Light Out,Closed,Mangaluru,12.885218,74.859402
61423527,2025-06-27T18:32:00.000,2025-07-18T09:31:00.000,Street Light Out,Closed,Mangaluru,12.883784,74.84957
61423551,2025-06-27T18:33:00.000,2025-09-01T16:08:00.000,Lamppost Damaged,Closed,Bengaluru,12.990945,77.591259
61423846,2025-06-27T19:08:00.000,2025-06-30T08:17:40.000,Street Light Dayburning,Closed,Mangaluru,12.890551,74.838495
61424027,2025-06-27T19:40:00.000,2025-07-04T15:55:00.000,Street Light Out,Closed,Bengaluru,12.909993,77.53333
61424122,2025-06-27T20:20:00.000,2025-07-07T08:31:13.000,Street Light Out,Closed,Mangaluru,12.899174,74.884589
61424256,2025-06-27T20:30:00.000,2025-07-08T10:32:08.000,Street Light Out,Closed,Belagavi,15.869247,74.492488
61424352,2025-06-27T20:43:00.000,2025-06-29T14:54:37.000,Street Light Dim,Closed,Tumakuru,13.341735,77.109363
61424509,2025-06-27T20:53:00.000,2025-06-30T17:07:00.000,Street Light Out,Closed,Bengaluru,12.985236,77.588346
61424576,2025-06-27T21:02:00.000,2025-07-03T10:36:45.000,Lamppost Damaged,Closed,Shivamogga,13.944431,75.577732
61424738,2025-06-27T21:14:00.000,2025-06-29T08:06:00.000,Street Light Out,Closed,Bengaluru,12.957285,77.574364
61424747,2025-06-27T21:20:00.000,2025-07-03T12:27:00.000,Street Light Out,Closed,Mangaluru,12.884567,74.869475
61424948,2025-06-27T21:36:00.000,2025-06-29T16:25:09.000,Street Light Out,Closed,Belagavi,15.847956,74.509311
61425067,2025-06-27T21:47:00.000,2025-07-12T16:09:00.000,Street Light Out,Closed,Hubballi,15.363569,75.153569
61425073,2025-06-27T22:26:00.000,2025-06-29T09:24:00.000,Street Light Out,Closed,Bengaluru,12.978416,77.601908
61425089,2025-06-27T22:43:00.000,2025-07-04T11:57:00.000,Street Light Out,Closed,Mangaluru,12.856907,74.84841
61425412,2025-06-27T22:54:00.000,2025-07-03T13:55:00.000,Street Light Out,Closed,Bengaluru,12.947147,77.654639
61425492,2025-06-27T23:23:00.000,2025-06-29T18:25:14.000,Street Light Out,Closed,Mysuru,12.307983,76.662742
61425535,2025-06-28T00:15:00.000,2025-08-04T10:01:00.000,Street Light Out,Closed,Mangaluru,12.872446,74.85022
61425679,2025-06-28T04:00:00.000,2025-08-01T17:00:00.000,Street Light Cycling,Closed,Bengaluru,13.023932,77.620561
61425800,2025-06-28T09:00:00.000,2025-07-01T09:43:00.000,Street Light Out,Closed,Mangaluru,12.876001,74.874471
61426160,2025-06-28T10:42:00.000,2025-06-30T09:28:00.000,Street Light Out,Closed,Mangaluru,12.869779,74.8588
61426233,2025-06-28T10:43:00.000,2025-07-04T15:54:00.000,Street Light Out,Closed,Mangaluru,12.920727,74.886214
61426310,2025-06-28T11:44:00.000,2025-07-03T10:09:00.000,Street Light Out,Closed,Belagavi,15.884927,74.502434
61426409,2025-06-28T12:46:00.000,2025-07-03T08:44:00.000,Street Light Out,Closed,Mangaluru,12.901101,74.851523
61426666,2025-06-28T12:55:00.000,2025-06-30T12:06:55.000,Street Light Out,Closed,Mysuru,12.293601,76.667379
61426673,2025-06-28T18:57:00.000,2025-07-06T10:28:00.000,Street Light Out,Closed,Bengaluru,12.92603,77.547913
61426842,2025-06-28T20:07:00.000,2025-07-25T16:03:00.000,Street Light Out,Closed,Mangaluru,12.887974,74.857336
61426992,2025-06-28T20:25:00.000,2025-07-03T17:30:02.000,Street Light Out,Closed,Mangaluru,12.889491,74.844625
61427174,2025-06-28T20:38:00.000,2025-07-04T08:57:17.000,Street Light Out,Closed,Bengaluru,13.017175,77.561784
61427221,2025-06-28T20:58:00.000,2025-06-29T15:23:40.000,Street Light Out,Closed,Belagavi,15.857579,74.516088
61427289,2025-06-28T21:31:00.000,2025-07-01T11:53:08.000,Street Light Out,Closed,Bengaluru,12.987009,77.57789
61427469,2025-06-28T22:18:00.000,2025-07-27T09:56:00.000,Street Light Out,Closed,Tumakuru,13.337664,77.087438
61427565,2025-06-28T22:30:00.000,2025-07-02T17:38:00.000,Street Light Out,Closed,Mangaluru,12.892154,74.840847
61427596,2025-06-29T02:19:00.000,2025-07-08T17:42:08.000,Street Light Out,Closed,Shivamogga,13.892685,75.549848
61427707,2025-06-29T07:40:00.000,2025-07-10T16:12:00.000,Street Light Out,Closed,Tumakuru,13.339879,77.079338
61427916,2025-06-29T08:03:00.000,2025-07-05T09:22:27.000,Street Light Out,Closed,Hubballi,15.343108,75.107581
61428125,2025-06-29T08:30:00.000,2025-07-01T18:05:00.000,Street Light Out,Closed,Mangaluru,12.85467,74.871748
61428353,2025-06-29T08:34:00.000,2025-07-04T13:01:07.000,Street Light Out,Closed,Mangaluru,12.899603,74.861426
61428492,2025-06-29T10:46:00.000,2025-07-05T14:32:13.000,Street Light Out,Closed,Hubballi,15.355316,75.111673
61428629,2025-06-29T11:22:00.000,2025-07-06T18:17:00.000,Street Light Out,Closed,Hubballi,15.361614,75.145422
61428871,2025-06-29T12:59:00.000,2025-08-28T10:40:02.000,Street Light Out,Closed,Tumakuru,13.311819,77.127632
61428884,2025-06-29T13:10:00.000,2025-07-01T13:42:43.000,Street Light Out,Closed,Mangaluru,12.915175,74.851935
61428976,2025-06-29T16:55:00.000,2025-08-12T13:35:00.000,Street Light Out,Closed,Shivamogga,13.913417,75.562238
61429277,2025-06-29T18:35:00.000,2025-07-16T17:01:00.000,Street Light Cycling,Closed,Mangaluru,12.917101,74.886771
61429373,2025-06-29T19:05:00.000,2025-07-01T11:54:53.000,Street Light Out,Closed,Bengaluru,13.020527,77.602055
61429420,2025-06-29T19:58:00.000,2025-08-08T13:21:42.000,Street Light Dayburning,Closed,Mangaluru,12.828216,74.880368
61429451,2025-06-29T20:28:00.000,2025-07-02T17:28:26.000,Street Light Cycling,Closed,Shivamogga,13.928727,75.559503
61429618,2025-06-29T20:31:00.000,2025-07-18T10:12:00.000,Street Light Out,Closed,Shivamogga,13.909739,75.578665
61429974,2025-06-29T20:53:00.000,2025-07-03T17:15:37.000,Street Light Out,Closed,Shivamogga,13.926289,75.558188
61430211,2025-06-29T23:36:00.000,2025-07-07T11:36:09.000,Street Light Out,Closed,Bengaluru,12.985946,77.588451
61430235,2025-06-30T03:12:00.000,2025-07-13T14:51:00.000,Street Light Out,Closed,Mysuru,12.303682,76.659464
61430298,2025-06-30T08:13:00.000,2025-07-05T13:28:00.000,Street Light Out,Closed,Mysuru,12.348144,76.631471
61430541,2025-06-30T14:17:00.000,2025-07-05T17:56:00.000,Street Light Out,Closed,Mysuru,12.302926,76.656603
61430636,2025-06-30T14:31:00.000,2025-07-08T18:58:00.000,Street Light Out,Closed,Tumakuru,13.343168,77.108677
61430756,2025-06-30T16:42:00.000,2025-07-05T13:51:00.000,Street Light Out,Closed,Shivamogga,13.896779,75.556036
61430760,2025-06-30T17:20:00.000,2025-07-04T12:33:03.000,Street Light Cycling,Closed,Bengaluru,12.851989,77.49717
61430801,2025-06-30T18:00:00.000,2025-07-02T12:10:00.000,Street Light Dim,Closed,Mangaluru,12.886252,74.842831
61430847,2025-06-30T18:10:00.000,2025-07-12T18:05:08.000,Street Light Dayburning,Closed,Belagavi,15.84552,74.55055
61430926,2025-06-30T18:16:00.000,2025-07-01T18:22:51.000,Street Light Cycling,Closed,Bengaluru,12.977572,77.58716
61431036,2025-06-30T19:23:00.000,2025-07-02T09:07:00.000,Street Light Out,Closed,Mangaluru,12.871667,74.85578
61431078,2025-06-30T19:40:00.000,2025-07-10T10:43:00.000,Street Light Out,Closed,Mysuru,12.302847,76.622989
61431199,2025-06-30T19:50:00.000,2025-07-02T08:43:00.000,Street Light Out,Closed,Mangaluru,12.873621,74.843841
61431212,2025-06-30T20:19:00.000,2025-07-15T15:58:00.000,Street Light Out,Closed,Belagavi,15.815599,74.532258
61431375,2025-06-30T20:27:00.000,2025-07-11T08:42:38.000,Street Light Out,Closed,Mysuru,12.259483,76.65663
61431408,2025-06-30T21:09:00.000,2025-07-11T09:36:59.000,Street Light Out,Closed,Hubballi,15.352714,75.130299
61431440,2025-06-30T22:07:00.000,2025-07-02T15:15:00.000,Street Light Out,Closed,Mysuru,12.332387,76.644055
61431467,2025-06-30T22:32:00.000,2025-08-02T15:15:07.000,Street Light Out,Closed,Belagavi,15.847354,74.552231
61431472,2025-06-30T22:36:00.000,2025-07-07T10:52:00.000,Street Light Out,Closed,Bengaluru,12.983747,77.589342
61431744,2025-06-30T23:01:00.000,2025-07-07T13:09:26.000,Street Light Out,Closed,Bengaluru,12.94174,77.522765
61431934,2025-06-30T23:50:00.000,2025-07-05T09:40:00.000,Street Light Out,Closed,Mangaluru,12.876413,74.859369
61432290,2025-07-01T00:07:00.000,2025-07-22T15:48:21.000,Street Light Out,Closed,Bengaluru,13.030005,77.455738
61432764,2025-07-01T03:01:00.000,2025-07-14T15:21:00.000,Street Light Out,Closed,Hubballi,15.406559,75.16105
61432769,2025-07-01T04:42:00.000,2025-07-03T09:24:04.000,Street Light Out,Closed,Mangaluru,12.872899,74.851892
61432831,2025-07-01T08:15:00.000,2025-07-06T12:45:29.000,Street Light Out,Closed,Belagavi,15.846213,74.492729
61432963,2025-07-01T08:25:00.000,2025-07-17T16:46:00.000,Street Light Out,Closed,Bengaluru,13.022315,77.582134
61433148,2025-07-01T10:57:00.000,2025-08-07T17:13:31.000,Street Light Cycling,Closed,Mangaluru,12.91453,74.897171
61433155,2025-07-01T11:26:00.000,2025-07-05T12:02:19.000,Street Light Out,Closed,Hubballi,15.360354,75.144767
61434044,2025-07-01T12:19:00.000,2025-07-06T15:16:00.000,Street Light Out,Closed,Mysuru,12.26536,76.655491
61434116,2025-07-01T14:32:00.000,2025-07-03T13:50:44.000,Street Light Dayburning,Closed,Mysuru,12.277394,76.64444
61434129,2025-07-01T16:15:00.000,2025-07-13T11:26:00.000,Street Light Out,Closed,Mangaluru,12.880129,74.861008
61434211,2025-07-01T16:21:00.000,2025-07-06T08:49:42.000,Street Light Out,Closed,Bengaluru,12.979688,77.601593
61434309,2025-07-01T16:37:00.000,2025-07-07T15:53:00.000,Street Light Dayburning,Closed,Tumakuru,13.360432,77.092628
61434551,2025-07-01T17:13:00.000,2025-07-09T13:54:17.000,Street Light Cycling,Closed,Hubballi,15.35509,75.120808
61434564,2025-07-01T18:52:00.000,2025-07-10T18:40:45.000,Street Light Out,Closed,Mangaluru,12.898212,74.838167
61434591,2025-07-01T20:03:00.000,2025-07-03T11:05:00.000,Street Light Out,Closed,Mysuru,12.293419,76.651815
61434715,2025-07-01T20:52:00.000,2025-07-04T17:15:00.000,Street Light Out,Closed,Shivamogga,13.957631,75.575403
61434927,2025-07-01T20:55:00.000,2025-07-10T11:12:26.000,Street Light Out,Closed,Bengaluru,12.981217,77.481754
61434954,2025-07-01T21:14:00.000,2025-07-11T18:28:55.000,Street Light Dayburning,Closed,Mangaluru,12.88421,74.87688
61435188,2025-07-01T23:02:00.000,2025-07-08T17:57:57.000,Street Light Cycling,Closed,Belagavi,15.866152,74.47305
61435329,2025-07-02T01:24:00.000,2025-07-09T10:16:00.000,Street Light Out,Closed,Mangaluru,12.862855,74.846997
61435345,2025-07-02T05:37:00.000,2025-07-07T17:39:00.000,Street Light Out,Closed,Bengaluru,12.968673,77.732417
61435704,2025-07-02T06:14:00.000,2025-07-08T16:47:00.000,Street Light Out,Closed,Bengaluru,12.932013,77.535755
61435825,2025-07-02T09:29:00.000,2025-07-06T10:56:16.000,Street Light Out,Closed,Mangaluru,12.865369,74.851688
61435846,2025-07-02T10:03:00.000,2025-07-07T10:02:00.000,Street Light Out,Closed,Mysuru,12.291402,76.663927
61435948,2025-07-02T10:23:00.000,2025-07-09T12:01:00.000,Street Light Out,Closed,Tumakuru,13.314927,77.114686
61436118,2025-07-02T10:45:00.000,2025-07-04T12:07:42.000,Street Light Out,Closed,Mangaluru,12.859727,74.87381
61436320,2025-07-02T12:05:00.000,2025-07-05T08:43:00.000,Street Light Out,Closed,Hubballi,15.342256,75.126841
61436749,2025-07-02T14:54:00.000,2025-07-11T10:24:36.000,Street Light Out,Closed,Tumakuru,13.345922,77.090813
61436843,2025-07-02T15:33:00.000,2025-07-03T16:57:21.000,Street Light Out,Closed,Mangaluru,12.872492,74.850779
61436939,2025-07-02T16:15:00.000,2025-07-07T13:23:00.000,Street Light Out,Closed,Mangaluru,12.892959,74.855249
61436957,2025-07-02T16:28:00.000,2025-07-05T10:18:00.000,Street Light Out,Closed,Bengaluru,12.95955,77.571263
61437117,2025-07-02T17:35:00.000,2025-07-03T08:35:00.000,Street Light Out,Closed,Mangaluru,12.866937,74.853159
61437127,2025-07-02T18:07:00.000,2025-07-13T15:16:00.000,Street Light Out,Closed,Tumakuru,13.343956,77.111226
61437264,2025-07-02T19:39:00.000,2025-07-10T12:37:00.000,Street Light Out,Closed,Belagavi,15.813941,74.458837
61437276,2025-07-02T19:41:00.000,2025-07-07T10:52:41.000,Street Light Out,Closed,Mangaluru,12.871446,74.85252
61437482,2025-07-02T20:47:00.000,2025-07-29T12:45:00.000,Street Light Out,Closed,Bengaluru,13.035116,77.524769
61437531,2025-07-02T21:18:00.000,2025-07-04T14:23:37.000,Street Light Cycling,Closed,Mangaluru,12.894013,74.848634
61437532,2025-07-02T21:27:00.000,2025-07-05T18:55:00.000,Street Light Out,Closed,Hubballi,15.358682,75.122443
61437692,2025-07-02T22:01:00.000,2025-08-03T09:09:00.000,Street Light Out,Closed,Hubballi,15.351145,75.15823
61437725,2025-07-02T22:03:00.000,2025-07-20T14:07:59.000,Street Light Out,Closed,Hubballi,15.334448,75.173567
61437906,2025-07-02T22:19:00.000,2025-07-05T13:41:02.000,Street Light Out,Closed,Bengaluru,12.984648,77.562674
61437967,2025-07-02T23:18:00.000,2025-07-06T12:24:58.000,Street Light Out,Closed,Tumakuru,13.335438,77.133438
61437976,2025-07-02T23:38:00.000,2025-07-06T08:19:02.000,Street Light Out,Closed,Bengaluru,12.982691,77.565723
61438144,2025-07-03T01:06:00.000,2025-07-14T13:46:00.000,Street Light Out,Closed,Mysuru,12.311889,76.678701
61438318,2025-07-03T03:53:00.000,2025-07-15T09:47:00.000,Street Light Out,Closed,Bengaluru,12.830476,77.593992
61438470,2025-07-03T07:37:00.000,2025-07-06T09:46:00.000,Street Light Out,Closed,Mangaluru,12.869896,74.850136
61438523,2025-07-03T09:07:00.000,2025-07-05T16:36:48.000,Lamppost Damaged,Closed,Tumakuru,13.335337,77.106648
61438656,2025-07-03T09:10:00.000,2025-07-08T13:14:00.000,Street Light Out,Closed,Tumakuru,13.342247,77.108813
61438897,2025-07-03T09:16:00.000,2025-07-07T10:00:22.000,Street Light Out,Closed,Mysuru,12.305969,76.663034
61439396,2025-07-03T09:39:00.000,2025-07-10T08:41:00.000,Street Light Out,Closed,Mysuru,12.308275,76.681688
61439450,2025-07-03T09:41:00.000,2025-07-05T10:37:00.000,Street Light Out,Closed,Tumakuru,13.33836,77.106595
61439512,2025-07-03T09:53:00.000,2025-07-06T18:28:01.000,Street Light Out,Closed,Bengaluru,12.946859,77.658189
61439537,2025-07-03T10:04:00.000,2025-09-02T12:52:31.000,Street Light Out,Closed,Mangaluru,12.874201,74.844008
61439721,2025-07-03T17:46:00.000,2025-07-06T10:06:00.000,Street Light Out,Closed,Bengaluru,12.986746,77.588022
61439775,2025-07-03T18:10:00.000,2025-07-05T12:49:00.000,Street Light Out,Closed,Bengaluru,12.96941,77.600162
61439862,2025-07-03T18:10:00.000,2025-07-09T17:08:06.000,Street Light Cycling,Closed,Belagavi,15.848676,74.551567
61439877,2025-07-03T18:59:00.000,2025-07-06T12:57:23.000,Street Light Out,Closed,Mangaluru,12.850944,74.848399
61440027,2025-07-03T19:18:00.000,2025-07-30T14:39:13.000,Street Light Out,Closed,Bengaluru,13.022538,77.498589
61440043,2025-07-03T19:18:00.000,2025-07-19T12:36:00.000,Street Light Out,Closed,Belagavi,15.869879,74.507032
61440122,2025-07-03T20:03:00.000,2025-07-19T13:13:00.000,Street Light Out,Closed,Mangaluru,12.910693,74.852209
61440209,2025-07-03T20:34:00.000,2025-07-04T11:44:00.000,Street Light Out,Closed,Bengaluru,12.947912,77.561935
61440281,2025-07-03T21:10:00.000,2025-07-12T10:12:35.000,Street Light Out,Closed,Mangaluru,12.886023,74.845822
61440290,2025-07-03T21:16:00.000,2025-07-12T12:56:00.000,Street Light Out,Closed,Mangaluru,12.894754,74.853471
61440328,2025-07-03T22:51:00.000,2025-08-23T08:29:00.000,Street Light Out,Closed,Tumakuru,13.341155,77.090993
61440428,2025-07-03T23:09:00.000,2025-07-10T08:16:01.000,Street Light Out,Closed,Shivamogga,13.950117,75.555728
61440786,2025-07-04T00:15:00.000,2025-09-04T12:01:00.000,Street Light Out,Closed,Mysuru,12.343424,76.658993
61440849,2025-07-04T01:00:00.000,2025-07-12T16:47:00.000,Street Light Out,Closed,Shivamogga,13.942762,75.558317
61441026,2025-07-04T01:51:00.000,2025-07-24T09:50:54.000,Street Light Out,Closed,Belagavi,15.850006,74.551655
61441082,2025-07-04T08:53:00.000,2025-07-24T16:17:01.000,Street Light Out,Closed,Bengaluru,12.964377,77.652232
61441172,2025-07-04T09:06:00.000,2025-07-07T16:55:52.000,Street Light Cycling,Closed,Mangaluru,12.890612,74.88575
61441513,2025-07-04T10:31:00.000,2025-07-15T16:18:00.000,Street Light Out,Closed,Belagavi,15.856424,74.519836
61441638,2025-07-04T11:15:00.000,2025-07-08T18:35:00.000,Street Light Out,Closed,Belagavi,15.841613,74.558843
61441989,2025-07-04T13:13:00.000,2025-09-13T12:18:02.000,Street Light Out,Closed,Shivamogga,13.929022,75.557316
61442147,2025-07-04T18:17:00.000,2025-07-07T15:39:28.000,Street Light Out,Closed,Mysuru,12.346061,76.655889
61442271,2025-07-04T19:27:00.000,2025-07-21T09:09:00.000,Street Light Out,Closed,Hubballi,15.358019,75.165359
61442427,2025-07-04T19:40:00.000,2025-07-07T13:39:50.000,Street Light Out,Closed,Bengaluru,12.936886,77.533252
61442705,2025-07-04T21:27:00.000,2025-07-16T16:51:38.000,Street Light Out,Closed,Mangaluru,12.902226,74.905908
61443015,2025-07-04T21:29:00.000,2025-07-09T08:58:17.000,Street Light Out,Closed,Mysuru,12.257797,76.656696
61443099,2025-07-04T22:11:00.000,2025-07-06T18:07:00.000,Street Light Out,Closed,Mysuru,12.313936,76.637025
61443190,2025-07-04T22:12:00.000,2025-07-07T11:35:00.000,Street Light Dayburning,Closed,Mangaluru,12.904864,74.853188
61443254,2025-07-04T22:17:00.000,2025-07-06T12:58:33.000,Street Light Out,Closed,Hubballi,15.376898,75.113687
61443341,2025-07-04T22:41:00.000,2025-07-11T13:32:00.000,Street Light Out,Closed,Belagavi,15.845645,74.547362
61443446,2025-07-04T23:14:00.000,2025-07-07T18:18:00.000,Street Light Cycling,Closed,Bengaluru,12.975086,77.578982
61443535,2025-07-05T01:19:00.000,2025-07-08T11:08:00.000,Street Light Out,Closed,Bengaluru,12.95053,77.575688
61443564,2025-07-05T07:10:00.000,2025-07-30T14:56:00.000,Street Light Out,Closed,Tumakuru,13.342852,77.108048
61443587,2025-07-05T08:48:00.000,2025-07-10T13:58:48.000,Street Light Out,Closed,Bengaluru,13.042025,77.499612
61443596,2025-07-05T09:32:00.000,2025-07-08T18:34:00.000,Street Light Out,Closed,Shivamogga,13.889745,75.556357
61443677,2025-07-05T10:48:00.000,2025-07-09T15:38:42.000,Street Light Out,Closed,Mangaluru,12.891527,74.852661
61443772,2025-07-05T14:35:00.000,2025-07-06T16:34:14.000,Street Light Out,Closed,Hubballi,15.361393,75.153383
61443814,2025-07-05T14:56:00.000,2025-07-24T16:57:29.000,Street Light Out,Closed,Mangaluru,12.898274,74.890161
61443843,2025-07-05T18:41:00.000,2025-08-12T12:54:22.000,Street Light Out,Closed,Bengaluru,12.974217,77.523084
61444125,2025-07-05T18:52:00.000,2025-07-11T14:39:18.000,Street Light Out,Closed,Hubballi,15.34885,75.132826
61444186,2025-07-05T18:55:00.000,2025-07-15T12:43:00.000,Street Light Out,Closed,Belagavi,15.848157,74.521462
61444416,2025-07-05T19:14:00.000,2025-07-17T16:57:24.000,Street Light Out,Closed,Shivamogga,13.921109,75.558121
61444757,2025-07-05T19:39:00.000,2025-07-17T18:52:00.000,Street Light Out,Closed,Bengaluru,13.063937,77.546012
61444912,2025-07-05T19:48:00.000,2025-07-09T16:26:00.000,Street Light Out,Closed,Hubballi,15.362126,75.127484
61444940,2025-07-05T20:21:00.000,2025-07-07T13:35:00.000,Street Light Out,Closed,Bengaluru,12.975751,77.584719
61444991,2025-07-05T20:36:00.000,2025-07-08T12:03:54.000,Street Light Out,Closed,Bengaluru,12.986764,77.59101
61445028,2025-07-05T20:39:00.000,2025-07-25T15:08:00.000,Street Light Out,Closed,Mangaluru,12.870538,74.848722
61445050,2025-07-05T21:30:00.000,2025-07-09T16:46:02.000,Street Light Out,Closed,Mangaluru,12.887581,74.8899
61445091,2025-07-05T21:56:00.000,2025-07-09T15:09:00.000,Street Light Dayburning,Closed,Mysuru,12.304384,76.670359
61445166,2025-07-06T05:54:00.000,2025-07-09T15:27:00.000,Lamppost Damaged,Closed,Mangaluru,12.873351,74.849648
61445359,2025-07-06T07:17:00.000,2025-07-12T13:57:00.000,Street Light Out,Closed,Shivamogga,13.956335,75.562507
61445546,2025-07-06T08:59:00.000,2025-07-23T10:22:08.000,Street Light Out,Closed,Mangaluru,12.902251,74.886483
61445803,2025-07-06T09:00:00.000,2025-07-10T08:53:14.000,Street Light Out,Closed,Tumakuru,13.339336,77.110303
61445820,2025-07-06T10:01:00.000,2025-07-22T12:14:00.000,Street Light Out,Closed,Bengaluru,12.922368,77.613128
61445961,2025-07-06T12:09:00.000,2025-07-29T09:38:08.000,Lamppost Damaged,Closed,Bengaluru,12.86345,77.488437
61446161,2025-07-06T15:56:00.000,2025-07-12T08:47:22.000,Street Light Out,Closed,Mangaluru,12.893549,74.861621
61446498,2025-07-06T16:10:00.000,2025-07-13T17:46:00.000,Street Light Out,Closed,Mangaluru,12.880206,74.841522
61446576,2025-07-06T16:50:00.000,2025-07-08T17:07:21.000,Street Light Out,Closed,Bengaluru,12.980212,77.545825
61446993,2025-07-06T17:30:00.000,2025-07-09T11:29:00.000,Street Light Out,Closed,Mangaluru,12.860284,74.877833
61447050,2025-07-06T18:00:00.000,2025-07-17T18:11:00.000,Street Light Out,Closed,Mangaluru,12.889164,74.85148
61447250,2025-07-06T18:16:00.000,2025-07-09T09:39:00.000,Street Light Dayburning,Closed,Mangaluru,12.873233,74.862296
61447309,2025-07-06T20:22:00.000,2025-07-15T09:30:27.000,Street Light Out,Closed,Bengaluru,12.979693,77.575489
61447401,2025-07-06T20:26:00.000,2025-07-09T10:03:00.000,Street Light Out,Closed,Shivamogga,13.922758,75.571152
61447409,2025-07-06T21:15:00.000,2025-07-17T17:42:00.000,Street Light Out,Closed,Mangaluru,12.875241,74.857765
61447451,2025-07-06T21:24:00.000,2025-07-22T18:29:56.000,Street Light Cycling,Closed,Shivamogga,13.922306,75.552485
61447568,2025-07-06T21:39:00.000,2025-07-10T14:17:00.000,Street Light Out,Closed,Mysuru,12.343203,76.652962
61447639,2025-07-06T22:11:00.000,2025-07-09T15:21:01.000,Street Light Out,Closed,Tumakuru,13.34037,77.107358
61447678,2025-07-06T22:33:00.000,2025-07-10T09:34:04.000,Street Light Out,Closed,Tumakuru,13.352973,77.104743
61447888,2025-07-06T22:33:00.000,2025-08-17T13:56:21.000,Street Light Cycling,Closed,Shivamogga,13.926699,75.559241
61447959,2025-07-06T22:39:00.000,2025-08-29T16:19:00.000,Street Light Out,Closed,Bengaluru,12.858811,77.50127
61448034,2025-07-07T00:39:00.000,2025-07-11T15:55:00.000,Street Light Out,Closed,Mangaluru,12.875335,74.870947
61448282,2025-07-07T00:50:00.000,2025-08-03T09:13:16.000,Street Light Dayburning,Closed,Hubballi,15.365892,75.143202
61448379,2025-07-07T02:32:00.000,2025-08-12T11:30:00.000,Street Light Out,Closed,Bengaluru,12.917593,77.721054
61448654,2025-07-07T02:35:00.000,2025-08-17T16:23:22.000,Street Light Out,Closed,Belagavi,15.804766,74.550154
61448767,2025-07-07T06:05:00.000,2025-07-08T15:39:18.000,Street Light Out,Closed,Mangaluru,12.917617,74.846689
61448771,2025-07-07T06:25:00.000,2025-07-13T17:35:00.000,Street Light Out,Closed,Belagavi,15.848238,74.555932
61449039,2025-07-07T08:02:00.000,2025-07-11T17:55:00.000,Street Light Out,Closed,Mangaluru,12.892912,74.855669
61449141,2025-07-07T08:23:00.000,2025-07-09T11:57:00.000,Street Light Dayburning,Closed,Bengaluru,13.013197,77.611338
61449215,2025-07-07T08:24:00.000,2025-07-09T08:47:04.000,Street Light Out,Closed,Mysuru,12.301483,76.683875
61449389,2025-07-07T08:53:00.000,2025-07-14T11:38:32.000,Street Light Out,Closed,Mysuru,12.306238,76.686096
61449461,2025-07-07T09:45:00.000,2025-07-19T14:35:31.000,Street Light Dayburning,Closed,Mangaluru,12.852624,74.873669
61449557,2025-07-07T11:47:00.000,2025-07-15T13:30:00.000,Street Light Out,Closed,Belagavi,15.857579,74.489408
61449632,2025-07-07T12:01:00.000,2025-07-10T09:28:00.000,Street Light Out,Closed,Bengaluru,13.032359,77.565205
61449749,2025-07-07T13:03:00.000,2025-07-23T16:49:00.000,Street Light Out,Closed,Belagavi,15.842048,74.549431
61449892,2025-07-07T15:23:00.000,2025-07-24T16:55:43.000,Street Light Out,Closed,Bengaluru,13.016542,77.52926
61449944,2025-07-07T18:34:00.000,2025-07-18T14:13:18.000,Street Light Out,Closed,Shivamogga,13.92753,75.554948
61450082,2025-07-07T18:57:00.000,2025-07-29T11:11:00.000,Street Light Out,Closed,Tumakuru,13.314239,77.122715
61450531,2025-07-07T19:05:00.000,2025-07-19T11:51:00.000,Street Light Out,Closed,Tumakuru,13.338424,77.106523
61450774,2025-07-07T19:38:00.000,2025-07-09T11:45:00.000,Street Light Out,Closed,Mangaluru,12.890055,74.856616
61450787,2025-07-07T21:30:00.000,2025-07-10T13:43:00.000,Street Light Out,Closed,Mysuru,12.301232,76.651464
61450831,2025-07-07T21:42:00.000,2025-07-10T09:25:55.000,Street Light Out,Closed,Mangaluru,12.893296,74.841142
61450903,2025-07-07T21:53:00.000,2025-07-20T16:51:23.000,Street Light Out,Closed,Mangaluru,12.872265,74.854228
61451264,2025-07-08T02:52:00.000,2025-07-10T17:27:00.000,Street Light Out,Closed,Shivamogga,13.902866,75.556733
61451463,2025-07-08T07:24:00.000,2025-07-18T11:36:00.000,Street Light Out,Closed,Mysuru,12.300392,76.663022
61451651,2025-07-08T08:07:00.000,2025-07-24T17:46:29.000,Street Light Out,Closed,Hubballi,15.381309,75.135128
61451953,2025-07-08T08:12:00.000,2025-07-10T17:55:00.000,Street Light Dim,Closed,Belagavi,15.858048,74.512298
61452294,2025-07-08T08:50:00.000,2025-07-10T18:00:49.000,Street Light Out,Closed,Tumakuru,13.316476,77.116653
61452352,2025-07-08T09:13:00.000,2025-07-13T10:03:00.000,Street Light Out,Closed,Belagavi,15.850028,74.493094
61452772,2025-07-08T09:20:00.000,2025-07-11T16:27:33.000,Street Light Out,Closed,Shivamogga,13.909834,75.541398
61452789,2025-07-08T09:21:00.000,2025-07-10T08:18:49.000,Street Light Out,Closed,Hubballi,15.346935,75.139744
61453114,2025-07-08T11:24:00.000,2025-07-21T12:48:51.000,Street Light Out,Closed,Shivamogga,13.920817,75.566512
61453274,2025-07-08T13:39:00.000,2025-07-28T12:22:00.000,Street Light Out,Closed,Mysuru,12.289403,76.686248
61453503,2025-07-08T14:59:00.000,2025-07-16T16:26:00.000,Street Light Dayburning,Closed,Mangaluru,12.899756,74.847718
61453574,2025-07-08T15:17:00.000,2025-07-20T11:39:00.000,Street Light Out,Closed,Bengaluru,13.107884,77.558814
61453597,2025-07-08T17:08:00.000,2025-08-02T10:48:40.000,Street Light Out,Closed,Bengaluru,12.861514,77.489317
61453670,2025-07-08T18:16:00.000,2025-07-11T15:25:00.000,Street Light Out,Closed,Mangaluru,12.878085,74.855858
61453992,2025-07-08T18:30:00.000,2025-07-13T18:14:00.000,Street Light Out,Closed,Shivamogga,13.920952,75.555173
61454056,2025-07-08T18:52:00.000,2025-07-10T15:29:00.000,Street Light Out,Closed,Mangaluru,12.91867,74.877022
61454162,2025-07-08T19:39:00.000,2025-07-20T08:43:00.000,Street Light Out,Closed,Mysuru,12.295473,76.663215
61454170,2025-07-08T20:03:00.000,2025-07-09T17:43:35.000,Street Light Out,Closed,Shivamogga,13.922337,75.56853
61454244,2025-07-08T20:49:00.000,2025-07-22T08:24:59.000,Street Light Out,Closed,Hubballi,15.355358,75.16479
61454479,2025-07-08T21:37:00.000,2025-07-17T12:49:00.000,Street Light Out,Closed,Hubballi,15.347152,75.128792
61454580,2025-07-08T22:55:00.000,2025-07-17T08:02:00.000,Street Light Cycling,Closed,Mangaluru,12.902079,74.87766
61454903,2025-07-08T23:38:00.000,2025-07-09T14:38:33.000,Street Light Out,Closed,Belagavi,15.847232,74.514574
61454905,2025-07-08T23:47:00.000,2025-07-14T13:24:00.000,Street Light Cycling,Closed,Hubballi,15.350889,75.133289
61455040,2025-07-09T01:14:00.000,2025-07-10T08:07:59.000,Street Light Out,Closed,Mangaluru,12.886023,74.864841
61455187,2025-07-09T01:17:00.000,2025-07-11T15:27:00.000,Street Light Cycling,Closed,Tumakuru,13.358726,77.11754
61455297,2025-07-09T01:56:00.000,2025-07-16T13:33:58.000,Street Light Out,Closed,Shivamogga,13.900164,75.554445
61455411,2025-07-09T03:49:00.000,2025-07-14T12:35:18.000,Street Light Out,Closed,Mysuru,12.317484,76.703047
61455502,2025-07-09T04:02:00.000,2025-07-14T10:40:54.000,Street Light Out,Closed,Shivamogga,13.925192,75.568397
61455503,2025-07-09T09:27:00.000,2025-07-13T10:30:00.000,Street Light Out,Closed,Bengaluru,12.975608,77.570051
61455558,2025-07-09T09:28:00.000,2025-07-18T09:39:00.000,Street Light Out,Closed,Hubballi,15.358166,75.130297
61455587,2025-07-09T10:46:00.000,2025-07-12T08:38:00.000,Street Light Out,Closed,Tumakuru,13.340909,77.110176
61455647,2025-07-09T11:43:00.000,2025-07-11T14:07:33.000,Street Light Out,Closed,Bengaluru,12.987709,77.615537
61455764,2025-07-09T17:20:00.000,2025-07-12T10:32:00.000,Street Light Out,Closed,Hubballi,15.352737,75.105761
61455898,2025-07-09T18:07:00.000,2025-07-12T08:11:00.000,Street Light Out,Closed,Bengaluru,12.982084,77.585831
61456064,2025-07-09T18:28:00.000,2025-07-18T09:47:29.000,Street Light Out,Closed,Bengaluru,12.953823,77.653384
61456083,2025-07-09T19:15:00.000,2025-07-20T16:38:22.000,Lamppost Damaged,Closed,Mysuru,12.306237,76.666424
61456198,2025-07-09T19:26:00.000,2025-07-28T10:23:38.000,Street Light Out,Closed,Tumakuru,13.344092,77.109085
61456215,2025-07-09T19:43:00.000,2025-07-28T10:41:11.000,Street Light Out,Closed,Tumakuru,13.369222,77.096368
61456328,2025-07-09T20:18:00.000,2025-07-11T10:56:00.000,Street Light Out,Closed,Bengaluru,12.885775,77.560616
61456846,2025-07-09T20:29:00.000,2025-07-13T10:26:00.000,Street Light Dayburning,Closed,Mysuru,12.29547,76.661404
61456896,2025-07-09T21:52:00.000,2025-07-14T10:34:00.000,Street Light Cycling,Closed,Mysuru,12.310316,76.672617
61457203,2025-07-09T22:33:00.000,2025-07-15T15:34:00.000,Lamppost Damaged,Closed,Mangaluru,12.914382,74.870947
61457408,2025-07-09T22:47:00.000,2025-07-10T10:17:50.000,Street Light Out,Closed,Bengaluru,12.968083,77.599994
61457735,2025-07-09T22:54:00.000,2025-07-11T18:31:00.000,Lamppost Damaged,Closed,Mangaluru,12.849228,74.84702
61457748,2025-07-09T22:56:00.000,2025-07-18T15:19:00.000,Street Light Out,Closed,Shivamogga,13.928022,75.517835
61457864,2025-07-09T22:57:00.000,2025-07-10T09:26:00.000,Street Light Out,Closed,Mysuru,12.310806,76.636306
61458175,2025-07-09T22:58:00.000,2025-08-19T10:15:00.000,Street Light Dayburning,Closed,Bengaluru,12.962575,77.581838
61458329,2025-07-09T23:11:00.000,2025-07-21T17:41:00.000,Street Light Out,Closed,Bengaluru,13.000423,77.671097
61458441,2025-07-09T23:33:00.000,2025-07-12T18:02:00.000,Street Light Out,Closed,Mysuru,12.347071,76.660523
61458561,2025-07-10T01:04:00.000,2025-07-16T13:09:35.000,Street Light Out,Closed,Mangaluru,12.884986,74.850037
61458573,2025-07-10T07:41:00.000,2025-07-14T12:56:54.000,Street Light Out,Closed,Mangaluru,12.907048,74.849719
61458850,2025-07-10T09:09:00.000,2025-07-13T15:14:00.000,Street Light Out,Closed,Belagavi,15.877458,74.498962
61458900,2025-07-10T11:04:00.000,2025-07-12T09:33:41.000,Lamppost Damaged,Closed,Mangaluru,12.876026,74.8643
61459153,2025-07-10T11:36:00.000,2025-07-13T17:54:00.000,Street Light Out,Closed,Bengaluru,12.966996,77.57924
61459336,2025-07-10T11:39:00.000,2025-07-11T17:57:00.000,Street Light Out,Closed,Mangaluru,12.871446,74.852469
61459359,2025-07-10T12:03:00.000,2025-07-11T09:34:02.000,Street Light Out,Closed,Mangaluru,12.889653,74.854537
61459449,2025-07-10T14:04:00.000,2025-07-11T12:52:57.000,Street Light Out,Closed,Bengaluru,12.956878,77.57524
61459478,2025-07-10T16:18:00.000,2025-07-16T14:53:00.000,Street Light Out,Closed,Bengaluru,13.016556,77.640835
61459600,2025-07-10T16:51:00.000,2025-07-11T09:23:54.000,Street Light Out,Closed,Bengaluru,12.968019,77.59997
61459689,2025-07-10T17:27:00.000,2025-07-18T10:10:21.000,Street Light Out,Closed,Mangaluru,12.884724,74.850363
61459961,2025-07-10T18:06:00.000,2025-07-23T15:26:00.000,Street Light Out,Closed,Shivamogga,13.954024,75.553806
61460089,2025-07-10T18:37:00.000,2025-07-11T09:32:12.000,Street Light Dim,Closed,Hubballi,15.344899,75.133688
61460182,2025-07-10T20:16:00.000,2025-07-13T08:48:17.000,Street Light Out,Closed,Hubballi,15.352243,75.12359
61460193,2025-07-10T20:20:00.000,2025-07-16T14:52:00.000,Street Light Out,Closed,Mysuru,12.292711,76.623547
61460197,2025-07-10T20:32:00.000,2025-07-12T18:45:47.000,Street Light Out,Closed,Mangaluru,12.871935,74.847258
61460693,2025-07-10T22:18:00.000,2025-07-22T16:19:00.000,Street Light Out,Closed,Bengaluru,12.936022,77.523636
61460752,2025-07-10T22:30:00.000,2025-09-01T13:37:00.000,Street Light Out,Closed,Mysuru,12.348482,76.653145
61461722,2025-07-10T23:04:00.000,2025-07-17T15:10:00.000,Street Light Out,Closed,Belagavi,15.843021,74.554656
61461754,2025-07-10T23:07:00.000,2025-08-13T14:59:00.000,Street Light Out,Closed,Bengaluru,13.062614,77.646678
61461954,2025-07-10T23:23:00.000,2025-08-17T16:54:57.000,Street Light Out,Closed,Shivamogga,13.926284,75.558132
61462115,2025-07-11T00:55:00.000,2025-07-16T11:34:00.000,Street Light Out,Closed,Hubballi,15.345048,75.130803
61462192,2025-07-11T02:12:00.000,2025-07-18T09:49:00.000,Street Light Out,Closed,Belagavi,15.84783,74.554926
61462194,2025-07-11T03:22:00.000,2025-07-25T16:34:04.000,Street Light Out,Closed,Mangaluru,12.904622,74.845412
61462252,2025-07-11T07:21:00.000,2025-07-29T12:15:00.000,Street Light Out,Closed,Tumakuru,13.373997,77.083431
61462344,2025-07-11T07:36:00.000,2025-08-28T15:10:02.000,Street Light Out,Closed,Hubballi,15.346516,75.099777
61462457,2025-07-11T08:20:00.000,2025-07-16T11:20:00.000,Street Light Out,Closed,Mangaluru,12.868109,74.87528
61462600,2025-07-11T08:56:00.000,2025-07-19T11:30:00.000,Street Light Out,Closed,Belagavi,15.821493,74.470614
61462632,2025-07-11T09:18:00.000,2025-07-12T08:41:00.000,Street Light Out,Closed,Bengaluru,12.96809,77.614231
61462938,2025-07-11T10:12:00.000,2025-07-13T17:50:03.000,Street Light Out,Closed,Shivamogga,13.962553,75.520721
61463011,2025-07-11T11:50:00.000,2025-08-27T17:59:02.000,Street Light Out,Closed,Tumakuru,13.335452,77.133453
61463179,2025-07-11T12:51:00.000,2025-07-14T08:01:39.000,Street Light Out,Closed,Belagavi,15.849047,74.466145
61463200,2025-07-11T13:16:00.000,2025-07-21T13:48:00.000,Street Light Out,Closed,Mangaluru,12.886981,74.918056
61463305,2025-07-11T13:59:00.000,2025-07-15T12:14:00.000,Street Light Out,Closed,Hubballi,15.350607,75.126688
61463471,2025-07-11T15:51:00.000,2025-07-15T16:24:42.000,Street Light Out,Closed,Mangaluru,12.856862,74.848431
61464033,2025-07-11T17:33:00.000,2025-07-16T12:06:16.000,Street Light Out,Closed,Bengaluru,13.003183,77.52953
61464121,2025-07-11T18:03:00.000,2025-07-30T13:44:00.000,Street Light Out,Closed,Mangaluru,12.8906,74.838475
61464140,2025-07-11T18:08:00.000,2025-07-18T16:28:37.000,Street Light Out,Closed,Bengaluru,12.970903,77.621518
61464264,2025-07-11T18:59:00.000,2025-07-20T12:31:00.000,Lamppost Damaged,Closed,Tumakuru,13.339611,77.111406
61464295,2025-07-11T19:58:00.000,2025-07-16T09:57:00.000,Street Light Out,Closed,Mangaluru,12.871518,74.846354
61464324,2025-07-11T21:19:00.000,2025-07-17T11:22:00.000,Street Light Out,Closed,Bengaluru,12.975823,77.578016
61464551,2025-07-11T21:33:00.000,2025-07-13T11:13:10.000,Street Light Out,Closed,Mangaluru,12.873084,74.851031
61464647,2025-07-11T21:41:00.000,2025-07-15T11:30:22.000,Street Light Out,Closed,Bengaluru,12.98396,77.591439
61464747,2025-07-11T21:53:00.000,2025-07-17T14:17:00.000,Street Light Out,Closed,Tumakuru,13.32718,77.110348
61464860,2025-07-11T22:27:00.000,2025-07-14T10:20:28.000,Street Light Out,Closed,Bengaluru,12.907299,77.622124
61464863,2025-07-11T22:29:00.000,2025-07-15T13:34:58.000,Street Light Out,Closed,Mangaluru,12.917499,74.850655
61464998,2025-07-11T22:45:00.000,2025-07-16T17:09:00.000,Street Light Out,Closed,Hubballi,15.359246,75.129325
61465049,2025-07-11T22:55:00.000,2025-07-15T09:59:00.000,Street Light Out,Closed,Mysuru,12.304371,76.663366
61465058,2025-07-11T23:03:00.000,2025-07-18T10:55:16.000,Street Light Out,Closed,Bengaluru,13.059969,77.593934
61465216,2025-07-11T23:32:00.000,2025-07-23T10:43:00.000,Street Light Cycling,Closed,Shivamogga,13.922043,75.563647
61465219,2025-07-12T00:00:00.000,2025-07-22T11:30:00.000,Street Light Out,Closed,Mangaluru,12.88083,74.845788
61465234,2025-07-12T03:15:00.000,2025-07-19T17:16:12.000,Street Light Out,Closed,Shivamogga,13.942329,75.546238
61465323,2025-07-12T04:32:00.000,2025-07-25T12:38:50.000,Street Light Out,Closed,Belagavi,15.846216,74.546774
61465375,2025-07-12T04:49:00.000,2025-07-15T13:26:34.000,Street Light Out,Closed,Shivamogga,13.976766,75.550936
61465386,2025-07-12T06:12:00.000,2025-07-25T10:41:00.000,Street Light Out,Closed,Bengaluru,12.988008,77.571799
61465758,2025-07-12T08:11:00.000,2025-07-19T16:44:54.000,Street Light Out,Closed,Mysuru,12.257559,76.665927
61465870,2025-07-12T08:13:00.000,2025-07-14T10:01:00.000,Street Light Out,Closed,Bengaluru,12.953048,77.582692
61465888,2025-07-12T09:38:00.000,2025-08-12T08:45:36.000,Street Light Out,Closed,Tumakuru,13.335038,77.098053
61465901,2025-07-12T10:03:00.000,2025-07-21T08:58:00.000,Street Light Out,Closed,Tumakuru,13.341552,77.106473
61465998,2025-07-12T10:25:00.000,2025-07-18T13:49:00.000,Street Light Out,Closed,Mangaluru,12.876008,74.874415
61466586,2025-07-12T11:12:00.000,2025-07-29T08:24:00.000,Street Light Out,Closed,Shivamogga,13.922346,75.568656
61466640,2025-07-12T11:24:00.000,2025-07-25T14:21:45.000,Street Light Out,Closed,Shivamogga,13.924378,75.555298
61466804,2025-07-12T12:28:00.000,2025-08-05T14:04:00.000,Street Light Out,Closed,Bengaluru,12.961236,77.606623
61466839,2025-07-12T13:37:00.000,2025-07-15T10:06:33.000,Street Light Out,Closed,Hubballi,15.347877,75.130985
61467111,2025-07-12T15:10:00.000,2025-07-21T13:59:00.000,Street Light Out,Closed,Bengaluru,12.940487,77.530853
61467198,2025-07-12T16:06:00.000,2025-07-17T11:41:00.000,Street Light Cycling,Closed,Hubballi,15.357332,75.126912
61467317,2025-07-12T17:39:00.000,2025-07-17T08:16:09.000,Street Light Out,Closed,Shivamogga,13.893602,75.560697
61467326,2025-07-12T17:41:00.000,2025-07-29T18:56:00.000,Street Light Out,Closed,Mangaluru,12.884623,74.839774
61467666,2025-07-12T18:17:00.000,2025-07-17T11:04:00.000,Street Light Out,Closed,Shivamogga,13.94124,75.567663
61467800,2025-07-12T18:37:00.000,2025-07-14T08:52:19.000,Street Light Out,Closed,Bengaluru,12.980595,77.599404
61467801,2025-07-12T18:56:00.000,2025-07-20T08:51:00.000,Street Light Out,Closed,Mangaluru,12.895873,74.887647
61467843,2025-07-12T18:56:00.000,2025-07-14T17:20:10.000,Street Light Out,Closed,Mangaluru,12.87887,74.845265
61467924,2025-07-12T18:58:00.000,2025-07-19T14:08:00.000,Street Light Dim,Closed,Shivamogga,13.961418,75.570033
61468004,2025-07-12T19:19:00.000,2025-07-19T12:05:20.000,Street Light Out,Closed,Belagavi,15.842137,74.502261
61468285,2025-07-12T19:36:00.000,2025-07-18T16:54:00.000,Street Light Out,Closed,Mangaluru,12.888114,74.843277
61468347,2025-07-12T19:58:00.000,2025-07-15T15:10:00.000,Street Light Out,Closed,Mangaluru,12.892956,74.851129
61468679,2025-07-12T20:09:00.000,2025-07-22T14:27:00.000,Street Light Out,Closed,Mysuru,12.267049,76.656289
61468763,2025-07-12T20:39:00.000,2025-07-20T15:30:00.000,Street Light Out,Closed,Tumakuru,13.335252,77.106608
61468767,2025-07-12T21:02:00.000,2025-08-10T09:05:00.000,Street Light Out,Closed,Bengaluru,12.972351,77.576919
61468904,2025-07-12T21:36:00.000,2025-07-16T11:16:00.000,Street Light Out,Closed,Mangaluru,12.889105,74.854186
61468975,2025-07-12T23:25:00.000,2025-07-23T14:54:00.000,Street Light Out,Closed,Hubballi,15.361675,75.145375
61469077,2025-07-12T23:52:00.000,2025-07-27T17:54:00.000,Street Light Out,Closed,Shivamogga,13.917846,75.58775
61469196,2025-07-13T03:52:00.000,2025-07-17T09:01:38.000,Street Light Out,Closed,Tumakuru,13.346614,77.073391
61469278,2025-07-13T04:17:00.000,2025-07-19T16:01:00.000,Street Light Dim,Closed,Mysuru,12.315893,76.68608
61469539,2025-07-13T04:49:00.000,2025-07-16T10:30:25.000,Street Light Out,Closed,Mysuru,12.316899,76.694039
61469587,2025-07-13T05:50:00.000,2025-07-31T18:46:00.000,Street Light Dayburning,Closed,Mangaluru,12.897458,74.877543
61469756,2025-07-13T05:53:00.000,2025-08-07T12:29:00.000,Street Light Out,Closed,Mysuru,12.350095,76.651747
61469773,2025-07-13T06:38:00.000,2025-07-15T17:12:12.000,Street Light Out,Closed,Tumakuru,13.340943,77.115215
61470159,2025-07-13T08:34:00.000,2025-07-16T14:32:00.000,Street Light Out,Closed,Hubballi,15.363039,75.132572
61470493,2025-07-13T08:57:00.000,2025-07-16T17:00:00.000,Street Light Out,Closed,Bengaluru,12.987725,77.615524
61470500,2025-07-13T09:02:00.000,2025-07-22T18:55:00.000,Street Light Cycling,Closed,Shivamogga,13.91823,75.567812
61470588,2025-07-13T09:13:00.000,2025-07-18T11:36:00.000,Street Light Out,Closed,Mangaluru,12.855914,74.885247
61470656,2025-07-13T12:06:00.000,2025-07-15T18:58:00.000,Street Light Out,Closed,Bengaluru,12.984639,77.595489
61470668,2025-07-13T12:37:00.000,2025-07-18T13:20:32.000,Street Light Out,Closed,Bengaluru,12.995487,77.628418
61470686,2025-07-13T14:42:00.000,2025-07-25T12:38:26.000,Street Light Cycling,Closed,Mangaluru,12.927513,74.846879
61470781,2025-07-13T17:26:00.000,2025-07-18T09:15:28.000,Street Light Out,Closed,Bengaluru,12.947127,77.605358
61470787,2025-07-13T18:05:00.000,2025-07-30T18:14:44.000,Street Light Out,Closed,Belagavi,15.856517,74.514825
61470881,2025-07-13T19:04:00.000,2025-07-18T11:17:00.000,Street Light Out,Closed,Tumakuru,13.344608,77.09621
61471146,2025-07-13T19:32:00.000,2025-07-17T08:11:00.000,Street Light Out,Closed,Tumakuru,13.341654,77.108487
61471193,2025-07-13T19:54:00.000,2025-07-18T11:49:47.000,Street Light Out,Closed,Mangaluru,12.890158,74.85374
61471281,2025-07-13T20:33:00.000,2025-07-29T18:57:00.000,Street Light Out,Closed,Mangaluru,12.91296,74.87059
61471310,2025-07-13T21:44:00.000,2025-07-18T08:22:31.000,Street Light Out,Closed,Mangaluru,12.888683,74.854714
61471539,2025-07-13T22:10:00.000,2025-07-17T18:15:28.000,Street Light Out,Closed,Mangaluru,12.892949,74.855258
61471650,2025-07-13T23:13:00.000,2025-09-03T18:40:17.000,Street Light Cycling,Closed,Mangaluru,12.892917,74.855672
61471830,2025-07-13T23:36:00.000,2025-07-16T09:19:00.000,Street Light Out,Closed,Mangaluru,12.852649,74.847278
61471946,2025-07-14T08:34:00.000,2025-07-17T12:58:01.000,Street Light Out,Closed,Tumakuru,13.336132,77.110788
61472073,2025-07-14T09:17:00.000,2025-07-22T17:11:00.000,Street Light Out,Closed,Tumakuru,13.340214,77.128023
61472234,2025-07-14T09:23:00.000,2025-07-18T08:33:57.000,Street Light Out,Closed,Mangaluru,12.875363,74.852786
61472310,2025-07-14T10:25:00.000,2025-07-19T13:27:00.000,Street Light Out,Closed,Shivamogga,13.927323,75.565207
61472675,2025-07-14T10:25:00.000,2025-07-18T16:14:03.000,Street Light Out,Closed,Bengaluru,12.965451,77.574823
61472944,2025-07-14T10:54:00.000,2025-07-26T11:07:00.000,Street Light Dim,Closed,Hubballi,15.350269,75.130028
61473008,2025-07-14T11:41:00.000,2025-07-26T15:49:00.000,Street Light Out,Closed,Bengaluru,12.932549,77.543307
61473059,2025-07-14T14:54:00.000,2025-07-16T18:47:31.000,Street Light Out,Closed,Bengaluru,12.859611,77.4911
61473281,2025-07-14T15:26:00.000,2025-07-15T13:08:00.000,Street Light Out,Closed,Mangaluru,12.886199,74.846321
61473422,2025-07-14T17:58:00.000,2025-07-16T13:44:54.000,Street Light Out,Closed,Hubballi,15.353005,75.131494
61473460,2025-07-14T18:32:00.000,2025-07-28T16:51:42.000,Street Light Out,Closed,Mysuru,12.310525,76.656978
61473748,2025-07-14T19:13:00.000,2025-08-02T14:21:39.000,Lamppost Damaged,Closed,Belagavi,15.874227,74.534814
61473771,2025-07-14T19:34:00.000,2025-07-15T12:19:05.000,Street Light Out,Closed,Bengaluru,13.016671,77.599465
61473800,2025-07-14T20:01:00.000,2025-08-12T18:04:25.000,Street Light Out,Closed,Bengaluru,12.979548,77.580396
61473844,2025-07-14T20:02:00.000,2025-07-18T18:35:00.000,Street Light Dayburning,Closed,Hubballi,15.347461,75.116989
61474053,2025-07-14T20:04:00.000,2025-07-20T11:56:00.000,Street Light Out,Closed,Bengaluru,13.015071,77.443611
61474144,2025-07-14T20:33:00.000,2025-08-10T11:26:42.000,Street Light Out,Closed,Hubballi,15.386209,75.125617
61474170,2025-07-14T21:07:00.000,2025-07-19T13:42:51.000,Street Light Out,Closed,Hubballi,15.38248,75.127788
61474449,2025-07-14T21:08:00.000,2025-07-17T10:22:00.000,Street Light Out,Closed,Mangaluru,12.882803,74.859522
61474861,2025-07-14T22:01:00.000,2025-07-16T09:32:00.000,Street Light Out,Closed,Hubballi,15.354824,75.120724
61474998,2025-07-14T22:33:00.000,2025-07-23T09:35:00.000,Street Light Cycling,Closed,Hubballi,15.355994,75.149811
61475072,2025-07-14T23:16:00.000,2025-07-22T12:16:00.000,Street Light Out,Closed,Shivamogga,13.930228,75.596738
61475239,2025-07-14T23:46:00.000,2025-07-18T12:27:33.000,Street Light Out,Closed,Hubballi,15.344367,75.159749
61475369,2025-07-15T04:39:00.000,2025-07-25T14:40:00.000,Street Light Dim,Closed,Mangaluru,12.881116,74.886992
61475542,2025-07-15T06:50:00.000,2025-07-17T10:21:55.000,Street Light Out,Closed,Bengaluru,12.977634,77.587105
61475597,2025-07-15T07:17:00.000,2025-07-18T17:18:00.000,Street Light Out,Closed,Mangaluru,12.884983,74.843759
61475634,2025-07-15T08:24:00.000,2025-07-20T17:32:00.000,Street Light Out,Closed,Bengaluru,12.889901,77.518042
61475788,2025-07-15T09:13:00.000,2025-07-18T08:56:23.000,Street Light Cycling,Closed,Hubballi,15.358421,75.127059
61475862,2025-07-15T09:45:00.000,2025-08-10T15:13:00.000,Street Light Out,Closed,Mangaluru,12.894572,74.885303
61476098,2025-07-15T11:21:00.000,2025-07-19T11:15:33.000,Street Light Out,Closed,Mangaluru,12.890589,74.87779
61476143,2025-07-15T12:07:00.000,2025-07-17T17:36:52.000,Street Light Out,Closed,Belagavi,15.849743,74.508617
61476205,2025-07-15T12:15:00.000,2025-07-19T16:04:00.000,Street Light Dayburning,Closed,Bengaluru,12.983945,77.629748
61476266,2025-07-15T13:06:00.000,2025-07-19T10:50:10.000,Street Light Out,Closed,Hubballi,15.350879,75.150347
61476416,2025-07-15T14:32:00.000,2025-07-24T11:34:53.000,Street Light Out,Closed,Shivamogga,13.912508,75.552514
61476542,2025-07-15T16:40:00.000,2025-07-19T08:41:00.000,Street Light Out,Closed,Mysuru,12.30727,76.66103
61476672,2025-07-15T18:24:00.000,2025-07-18T13:20:51.000,Street Light Out,Closed,Shivamogga,13.930223,75.567629
61476847,2025-07-15T18:28:00.000,2025-07-30T08:53:07.000,Street Light Out,Closed,Bengaluru,12.974341,77.563041
61477057,2025-07-15T19:49:00.000,2025-07-20T10:35:00.000,Street Light Out,Closed,Mysuru,12.277377,76.6576
61477310,2025-07-15T20:38:00.000,2025-07-30T15:16:05.000,Street Light Out,Closed,Bengaluru,12.850973,77.489108
61477572,2025-07-15T20:53:00.000,2025-07-18T16:53:00.000,Street Light Out,Closed,Tumakuru,13.345151,77.10369
61477633,2025-07-15T20:57:00.000,2025-07-18T08:27:00.000,Street Light Out,Closed,Bengaluru,13.098353,77.518707
61477656,2025-07-15T21:34:00.000,2025-08-01T18:17:36.000,Street Light Out,Closed,Mysuru,12.259609,76.65821
61477663,2025-07-15T21:56:00.000,2025-07-20T10:25:00.000,Street Light Out,Closed,Mangaluru,12.916813,74.846817
61477868,2025-07-16T05:21:00.000,2025-07-17T12:30:31.000,Street Light Out,Closed,Bengaluru,13.016584,77.622355
61477994,2025-07-16T06:42:00.000,2025-07-21T17:41:54.000,Street Light Out,Closed,Mysuru,12.265469,76.653075
61478042,2025-07-16T09:31:00.000,2025-08-01T13:34:08.000,Street Light Out,Closed,Hubballi,15.348813,75.132863
61478198,2025-07-16T10:18:00.000,2025-07-17T12:24:00.000,Street Light Out,Closed,Mangaluru,12.887,74.84069
61478200,2025-07-16T10:41:00.000,2025-07-22T12:53:37.000,Street Light Out,Closed,Bengaluru,12.975566,77.573128
61478251,2025-07-16T10:54:00.000,2025-07-18T09:47:00.000,Street Light Out,Closed,Mangaluru,12.89336,74.841158
61478290,2025-07-16T11:23:00.000,2025-07-17T12:53:41.000,Street Light Cycling,Closed,Bengaluru,12.985206,77.596751
61478566,2025-07-16T11:27:00.000,2025-07-21T10:15:00.000,Street Light Out,Closed,Shivamogga,13.930418,75.55993
61478610,2025-07-16T11:37:00.000,2025-07-24T16:39:23.000,Street Light Out,Closed,Bengaluru,12.981846,77.623655
61478611,2025-07-16T14:54:00.000,2025-07-23T12:07:13.000,Street Light Out,Closed,Mangaluru,12.916509,74.856019
61478620,2025-07-16T15:18:00.000,2025-07-18T14:42:14.000,Street Light Out,Closed,Mysuru,12.284611,76.682109
61478874,2025-07-16T17:11:00.000,2025-07-20T16:10:00.000,Street Light Out,Closed,Mangaluru,12.894968,74.849198
61478894,2025-07-16T18:28:00.000,2025-07-18T10:41:00.000,Street Light Out,Closed,Mangaluru,12.929721,74.870741
61479229,2025-07-16T19:04:00.000,2025-07-20T10:48:30.000,Street Light Out,Closed,Tumakuru,13.319797,77.116238
61479420,2025-07-16T19:07:00.000,2025-07-26T11:14:26.000,Street Light Dayburning,Closed,Bengaluru,12.967997,77.614186
61479459,2025-07-16T19:11:00.000,2025-07-19T18:10:18.000,Street Light Out,Closed,Bengaluru,12.945558,77.569934
61479586,2025-07-16T19:16:00.000,2025-07-21T13:01:05.000,Street Light Out,Closed,Bengaluru,13.089805,77.494605
61479961,2025-07-16T19:19:00.000,2025-07-21T17:29:00.000,Street Light Out,Closed,Mangaluru,12.893681,74.861021
61480423,2025-07-16T19:28:00.000,2025-07-21T15:21:15.000,Street Light Out,Closed,Hubballi,15.357869,75.134403
61480690,2025-07-16T19:53:00.000,2025-07-22T12:21:56.000,Lamppost Damaged,Closed,Belagavi,15.857691,74.517694
61481007,2025-07-16T20:07:00.000,2025-07-27T15:46:53.000,Street Light Out,Closed,Mysuru,12.305107,76.683891
61481296,2025-07-16T20:17:00.000,2025-07-19T10:36:00.000,Street Light Out,Closed,Hubballi,15.361358,75.153335
61481527,2025-07-16T20:42:00.000,2025-07-23T08:32:00.000,Street Light Out,Closed,Mangaluru,12.8713,74.854067
61481653,2025-07-16T21:11:00.000,2025-07-20T16:32:00.000,Street Light Out,Closed,Belagavi,15.842354,74.554091
61481890,2025-07-16T22:04:00.000,2025-07-22T10:50:00.000,Street Light Out,Closed,Shivamogga,13.919873,75.525918
61481897,2025-07-16T22:37:00.000,2025-07-22T18:58:00.000,Street Light Out,Closed,Mysuru,12.314772,76.704622
61482209,2025-07-16T23:57:00.000,2025-07-23T16:12:00.000,Lamppost Damaged,Closed,Mysuru,12.317812,76.70393
61482221,2025-07-17T00:00:00.000,2025-07-20T16:18:00.000,Street Light Out,Closed,Bengaluru,12.945637,77.526203
61482284,2025-07-17T01:33:00.000,2025-07-19T10:22:53.000,Street Light Out,Closed,Bengaluru,13.014117,77.637008
61482369,2025-07-17T02:02:00.000,2025-07-19T17:05:35.000,Street Light Out,Closed,Mangaluru,12.872616,74.850894
61482476,2025-07-17T02:41:00.000,2025-07-18T13:52:04.000,Street Light Out,Closed,Mangaluru,12.875302,74.870922
61482561,2025-07-17T03:01:00.000,2025-07-21T17:29:58.000,Street Light Out,Closed,Hubballi,15.356953,75.139366
61482576,2025-07-17T06:46:00.000,2025-07-25T10:59:00.000,Street Light Out,Closed,Mysuru,12.295453,76.664241
61482764,2025-07-17T07:00:00.000,2025-07-18T17:56:00.000,Street Light Out,Closed,Mangaluru,12.882057,74.858267
61482792,2025-07-17T07:59:00.000,2025-08-17T16:17:03.000,Street Light Out,Closed,Mysuru,12.329273,76.627148
61482926,2025-07-17T08:50:00.000,2025-07-19T16:46:00.000,Street Light Out,Closed,Mysuru,12.264923,76.667688
61482936,2025-07-17T09:16:00.000,2025-07-21T13:39:00.000,Street Light Out,Closed,Bengaluru,12.992393,77.588745
61483008,2025-07-17T09:20:00.000,2025-07-21T10:52:00.000,Street Light Out,Closed,Belagavi,15.882303,74.501467
61483053,2025-07-17T09:27:00.000,2025-07-20T18:49:00.000,Street Light Out,Closed,Hubballi,15.346952,75.143309
61483232,2025-07-17T09:43:00.000,2025-07-18T13:21:00.000,Street Light Out,Closed,Shivamogga,13.920939,75.565615
61483741,2025-07-17T10:00:00.000,2025-07-22T08:42:00.000,Street Light Out,Closed,Mangaluru,12.889755,74.879264
61483944,2025-07-17T10:14:00.000,2025-07-20T12:41:35.000,Street Light Out,Closed,Hubballi,15.341719,75.136316
61484077,2025-07-17T10:42:00.000,2025-07-19T15:24:04.000,Street Light Out,Closed,Mysuru,12.300544,76.668945
61484108,2025-07-17T11:16:00.000,2025-07-31T09:54:46.000,Street Light Out,Closed,Shivamogga,13.926313,75.57484
61484580,2025-07-17T12:54:00.000,2025-07-19T10:17:00.000,Street Light Out,Closed,Bengaluru,13.015635,77.625384
61484771,2025-07-17T13:00:00.000,2025-07-24T18:49:50.000,Street Light Out,Closed,Shivamogga,13.889924,75.540421
61484928,2025-07-17T13:53:00.000,2025-07-20T08:14:27.000,Street Light Out,Closed,Mangaluru,12.888849,74.855206
61484941,2025-07-17T18:03:00.000,2025-07-24T15:47:00.000,Lamppost Damaged,Closed,Bengaluru,12.999573,77.556949
61485037,2025-07-17T18:37:00.000,2025-07-24T16:23:00.000,Street Light Out,Closed,Bengaluru,12.945535,77.599111
61485068,2025-07-17T19:33:00.000,2025-07-20T18:02:00.000,Street Light Out,Closed,Belagavi,15.855839,74.55104
61485263,2025-07-17T19:55:00.000,2025-07-26T16:13:00.000,Street Light Cycling,Closed,Tumakuru,13.333556,77.102993
61485855,2025-07-17T20:05:00.000,2025-07-22T15:12:00.000,Street Light Out,Closed,Hubballi,15.353059,75.131499
61486262,2025-07-17T20:06:00.000,2025-07-19T14:20:00.000,Street Light Out,Closed,Tumakuru,13.324109,77.129804
61486405,2025-07-17T20:06:00.000,2025-07-30T16:35:31.000,Street Light Out,Closed,Bengaluru,12.97448,77.58622
61486416,2025-07-17T20:10:00.000,2025-08-27T12:51:56.000,Street Light Out,Closed,Bengaluru,13.019023,77.452257
61486479,2025-07-17T20:32:00.000,2025-08-05T08:33:57.000,Street Light Out,Closed,Hubballi,15.403834,75.134121
61486732,2025-07-17T21:42:00.000,2025-08-02T08:58:00.000,Street Light Out,Closed,Mysuru,12.261296,76.658363
61487071,2025-07-17T22:38:00.000,2025-07-19T09:40:00.000,Street Light Out,Closed,Mysuru,12.284327,76.703568
61487092,2025-07-17T22:45:00.000,2025-07-21T13:20:00.000,Street Light Out,Closed,Mangaluru,12.872543,74.868584
61487098,2025-07-18T02:27:00.000,2025-07-23T14:49:00.000,Street Light Out,Closed,Belagavi,15.857859,74.517009
61487258,2025-07-18T04:14:00.000,2025-07-21T13:07:00.000,Street Light Out,Closed,Mangaluru,12.877155,74.843161
61487316,2025-07-18T05:52:00.000,2025-07-21T18:16:50.000,Street Light Out,Closed,Bengaluru,12.969556,77.577086
61487428,2025-07-18T06:21:00.000,2025-07-29T11:59:00.000,Street Light Out,Closed,Bengaluru,12.935684,77.624925
61487443,2025-07-18T06:41:00.000,2025-07-20T08:40:00.000,Street Light Out,Closed,Mangaluru,12.863602,74.868086
61487833,2025-07-18T08:16:00.000,2025-08-10T11:39:00.000,Street Light Out,Closed,Bengaluru,12.968958,77.577874
61487866,2025-07-18T08:32:00.000,2025-07-20T15:44:00.000,Street Light Out,Closed,Bengaluru,12.9668,77.518334
61488114,2025-07-18T09:36:00.000,2025-07-23T18:57:00.000,Street Light Out,Closed,Hubballi,15.35706,75.134676
61488118,2025-07-18T09:42:00.000,2025-07-20T12:46:35.000,Street Light Out,Closed,Belagavi,15.845099,74.515805
61488265,2025-07-18T10:55:00.000,2025-07-27T10:35:00.000,Street Light Out,Closed,Hubballi,15.352302,75.129942
61488411,2025-07-18T12:21:00.000,2025-07-25T17:59:00.000,Street Light Out,Closed,Bengaluru,12.974897,77.594139
61488452,2025-07-18T13:26:00.000,2025-07-22T18:38:50.000,Street Light Out,Closed,Belagavi,15.850228,74.517412
61488853,2025-07-18T13:43:00.000,2025-07-21T12:42:00.000,Street Light Out,Closed,Mangaluru,12.8893,74.85086
61489055,2025-07-18T14:37:00.000,2025-07-22T17:41:30.000,Street Light Out,Closed,Tumakuru,13.352061,77.107173
61489235,2025-07-18T17:38:00.000,2025-07-28T09:08:23.000,Street Light Out,Closed,Belagavi,15.842245,74.470456
61489240,2025-07-18T20:04:00.000,2025-07-21T11:44:00.000,Street Light Out,Closed,Hubballi,15.356577,75.147278
61489470,2025-07-18T21:53:00.000,2025-07-21T16:04:00.000,Street Light Out,Closed,Bengaluru,12.969019,77.524793
61489629,2025-07-18T22:25:00.000,2025-07-22T14:41:29.000,Street Light Out,Closed,Bengaluru,12.974936,77.587089
61489699,2025-07-18T23:13:00.000,2025-07-27T11:09:24.000,Street Light Out,Closed,Hubballi,15.364816,75.155208
61489713,2025-07-19T03:31:00.000,2025-08-05T15:38:00.000,Street Light Out,Closed,Shivamogga,13.932618,75.594523
61489793,2025-07-19T04:25:00.000,2025-07-27T17:38:55.000,Street Light Out,Closed,Bengaluru,12.933979,77.531446
61489994,2025-07-19T05:04:00.000,2025-07-27T08:44:47.000,Street Light Dim,Closed,Belagavi,15.825411,74.516254
61490039,2025-07-19T08:12:00.000,2025-07-29T13:09:00.000,Street Light Out,Closed,Tumakuru,13.331582,77.101481
61490053,2025-07-19T08:42:00.000,2025-08-11T09:09:00.000,Street Light Out,Closed,Hubballi,15.293446,75.140196
61490101,2025-07-19T08:51:00.000,2025-07-20T15:00:29.000,Street Light Out,Closed,Mangaluru,12.87602,74.864333
61490107,2025-07-19T10:34:00.000,2025-07-31T16:24:00.000,Street Light Out,Closed,Hubballi,15.350096,75.158986
61490276,2025-07-19T10:59:00.000,2025-07-21T08:20:00.000,Street Light Dayburning,Closed,Tumakuru,13.329395,77.10543
61490425,2025-07-19T12:48:00.000,2025-07-23T16:06:17.000,Street Light Out,Closed,Mangaluru,12.887156,74.852555
61490430,2025-07-19T17:23:00.000,2025-07-22T18:39:00.000,Street Light Out,Closed,Mysuru,12.25916,76.655926
61490581,2025-07-19T19:18:00.000,2025-07-24T17:19:00.000,Street Light Dim,Closed,Mangaluru,12.894433,74.870601
61490714,2025-07-19T19:54:00.000,2025-07-25T17:42:33.000,Street Light Out,Closed,Mangaluru,12.888485,74.853797
61490926,2025-07-19T20:15:00.000,2025-09-11T16:46:26.000,Street Light Out,Closed,Mangaluru,12.881007,74.843317
61491323,2025-07-19T20:44:00.000,2025-07-24T09:52:31.000,Street Light Dayburning,Closed,Hubballi,15.339186,75.122117
61491370,2025-07-19T21:27:00.000,2025-07-21T18:06:39.000,Street Light Out,Closed,Bengaluru,12.98601,77.58846
61491392,2025-07-19T23:18:00.000,2025-07-21T16:15:00.000,Street Light Out,Closed,Mangaluru,12.885875,74.84476
61491433,2025-07-20T00:15:00.000,2025-08-04T13:42:00.000,Street Light Out,Closed,Tumakuru,13.348333,77.104182
61491632,2025-07-20T07:38:00.000,2025-07-27T11:13:52.000,Street Light Out,Closed,Tumakuru,13.337944,77.107652
61491667,2025-07-20T08:03:00.000,2025-08-07T11:50:55.000,Street Light Out,Closed,Bengaluru,13.060307,77.558829
61491766,2025-07-20T08:04:00.000,2025-09-10T15:18:00.000,Street Light Out,Closed,Mangaluru,12.852584,74.873739
61491933,2025-07-20T08:06:00.000,2025-07-22T15:59:00.000,Street Light Out,Closed,Tumakuru,13.371622,77.09573
61492135,2025-07-20T08:15:00.000,2025-07-27T12:50:57.000,Street Light Out,Closed,Belagavi,15.849022,74.466128
61492192,2025-07-20T08:27:00.000,2025-07-22T16:58:21.000,Street Light Out,Closed,Tumakuru,13.324053,77.112449
61492662,2025-07-20T08:55:00.000,2025-07-31T15:32:00.000,Street Light Out,Closed,Tumakuru,13.338673,77.113046
61492767,2025-07-20T09:06:00.000,2025-07-23T15:04:00.000,Street Light Out,Closed,Belagavi,15.847878,74.509286
61492859,2025-07-20T17:58:00.000,2025-07-21T14:51:16.000,Street Light Out,Closed,Belagavi,15.85113,74.555927
61493450,2025-07-20T19:07:00.000,2025-07-23T09:29:46.000,Street Light Out,Closed,Mysuru,12.319272,76.652317
61493527,2025-07-20T19:17:00.000,2025-07-22T11:36:00.000,Street Light Out,Closed,Bengaluru,13.0006,77.631805
61493792,2025-07-20T20:01:00.000,2025-07-31T18:57:00.000,Street Light Out,Closed,Hubballi,15.342851,75.121358
61494305,2025-07-20T21:17:00.000,2025-07-24T18:11:02.000,Street Light Out,Closed,Mysuru,12.298558,76.637596
61494536,2025-07-20T22:04:00.000,2025-07-25T18:32:00.000,Street Light Out,Closed,Mangaluru,12.92197,74.873326
61494669,2025-07-20T22:30:00.000,2025-08-02T14:55:00.000,Street Light Out,Closed,Mangaluru,12.885457,74.849181
61494809,2025-07-20T22:46:00.000,2025-08-04T17:20:00.000,Street Light Out,Closed,Mangaluru,12.875183,74.857633
61494902,2025-07-20T23:32:00.000,2025-07-23T15:46:46.000,Street Light Out,Closed,Bengaluru,13.011657,77.611772
61495126,2025-07-21T01:44:00.000,2025-07-31T18:51:00.000,Street Light Out,Closed,Bengaluru,12.922634,77.525687
61495199,2025-07-21T09:19:00.000,2025-09-18T16:51:00.000,Street Light Out,Closed,Tumakuru,13.339614,77.113834
61495225,2025-07-21T10:15:00.000,2025-07-28T15:32:34.000,Street Light Out,Closed,Belagavi,15.865074,74.502435
61495266,2025-07-21T10:35:00.000,2025-08-27T10:55:00.000,Street Light Out,Closed,Tumakuru,13.337123,77.10751
61495301,2025-07-21T10:47:00.000,2025-07-22T17:55:38.000,Street Light Out,Closed,Mangaluru,12.895831,74.868031
61495319,2025-07-21T15:17:00.000,2025-07-24T16:58:30.000,Street Light Out,Closed,Bengaluru,13.048691,77.503188
61495784,2025-07-21T18:46:00.000,2025-07-25T16:40:24.000,Street Light Out,Closed,Shivamogga,13.942187,75.546236
61495989,2025-07-21T20:50:00.000,2025-07-22T16:32:09.000,Street Light Out,Closed,Hubballi,15.350571,75.126702
61496088,2025-07-21T20:59:00.000,2025-08-16T14:14:36.000,Street Light Out,Closed,Shivamogga,13.925966,75.557847
61496142,2025-07-21T21:12:00.000,2025-07-26T14:54:00.000,Street Light Out,Closed,Shivamogga,13.918555,75.551521
61496251,2025-07-21T21:48:00.000,2025-07-23T09:33:25.000,Street Light Out,Closed,Mangaluru,12.916644,74.84676
61496579,2025-07-21T21:48:00.000,2025-07-24T09:32:31.000,Street Light Out,Closed,Mangaluru,12.898937,74.84031
61496890,2025-07-21T23:14:00.000,2025-07-27T12:46:41.000,Street Light Out,Closed,Mysuru,12.312767,76.680723
61497075,2025-07-22T02:29:00.000,2025-07-26T11:45:46.000,Street Light Out,Closed,Tumakuru,13.330029,77.093479
61497191,2025-07-22T05:37:00.000,2025-08-01T14:29:00.000,Street Light Dim,Closed,Bengaluru,12.947333,77.590222
61497418,2025-07-22T07:32:00.000,2025-07-25T17:38:00.000,Street Light Out,Closed,Mysuru,12.302751,76.623024
61497608,2025-07-22T08:30:00.000,2025-08-18T15:06:34.000,Street Light Dayburning,Closed,Bengaluru,12.962199,77.573985
61497805,2025-07-22T09:50:00.000,2025-08-10T08:46:00.000,Street Light Out,Closed,Tumakuru,13.327821,77.140776
61498112,2025-07-22T10:26:00.000,2025-09-09T15:26:13.000,Street Light Out,Closed,Shivamogga,13.90673,75.556057
61498295,2025-07-22T10:37:00.000,2025-08-21T14:38:00.000,Street Light Out,Closed,Belagavi,15.848364,74.553527
61498338,2025-07-22T11:39:00.000,2025-07-29T18:10:00.000,Street Light Out,Closed,Bengaluru,13.082007,77.547021
61498475,2025-07-22T11:55:00.000,2025-07-30T09:39:00.000,Street Light Out,Closed,Shivamogga,13.925823,75.570237
61498557,2025-07-22T12:02:00.000,2025-08-05T16:16:00.000,Street Light Out,Closed,Mangaluru,12.871041,74.862458
61498894,2025-07-22T12:57:00.000,2025-07-28T17:59:00.000,Street Light Out,Closed,Shivamogga,13.912034,75.601166
61499127,2025-07-22T18:24:00.000,2025-07-26T10:38:00.000,Street Light Out,Closed,Tumakuru,13.352379,77.102042
61499133,2025-07-22T19:33:00.000,2025-07-25T16:40:00.000,Street Light Out,Closed,Mangaluru,12.891566,74.854815
61499416,2025-07-22T20:17:00.000,2025-07-23T10:08:18.000,Street Light Out,Closed,Bengaluru,12.977632,77.587101
61499428,2025-07-22T20:22:00.000,2025-07-25T12:24:00.000,Street Light Out,Closed,Shivamogga,13.924956,75.570395
61499440,2025-07-22T20:28:00.000,2025-07-25T08:34:00.000,Street Light Out,Closed,Mangaluru,12.890094,74.843241
61499508,2025-07-22T20:34:00.000,2025-07-25T11:50:00.000,Street Light Out,Closed,Bengaluru,12.98408,77.581762
61499789,2025-07-22T20:41:00.000,2025-07-30T16:25:00.000,Street Light Out,Closed,Tumakuru,13.340236,77.11593
61499987,2025-07-22T20:54:00.000,2025-07-29T15:22:10.000,Street Light Out,Closed,Mysuru,12.290648,76.664316
61500084,2025-07-22T22:27:00.000,2025-07-26T11:50:00.000,Street Light Out,Closed,Bengaluru,12.966126,77.629419
61500211,2025-07-22T22:50:00.000,2025-07-29T17:27:00.000,Street Light Out,Closed,Belagavi,15.894993,74.528244
61500268,2025-07-22T22:57:00.000,2025-07-26T14:59:44.000,Street Light Out,Closed,Tumakuru,13.348739,77.103888
61500449,2025-07-22T23:40:00.000,2025-08-03T10:44:59.000,Street Light Out,Closed,Shivamogga,13.93154,75.546944
61500496,2025-07-23T04:47:00.000,2025-07-28T08:22:00.000,Street Light Out,Closed,Hubballi,15.366138,75.148835
61500531,2025-07-23T07:21:00.000,2025-07-25T18:35:00.000,Lamppost Damaged,Closed,Mysuru,12.309342,76.65875
61500552,2025-07-23T09:18:00.000,2025-07-26T09:11:46.000,Street Light Out,Closed,Belagavi,15.865825,74.531679
61500636,2025-07-23T09:19:00.000,2025-07-30T12:17:21.000,Street Light Out,Closed,Hubballi,15.355666,75.141402
61500793,2025-07-23T10:13:00.000,2025-07-28T08:15:21.000,Street Light Out,Closed,Hubballi,15.349984,75.127222
61500886,2025-07-23T10:42:00.000,2025-07-28T15:43:00.000,Street Light Out,Closed,Bengaluru,12.974747,77.612188
61501229,2025-07-23T10:43:00.000,2025-07-26T14:26:00.000,Street Light Out,Closed,Hubballi,15.350952,75.139203
61501611,2025-07-23T11:30:00.000,2025-07-25T12:26:08.000,Street Light Out,Closed,Hubballi,15.365129,75.139282
61501656,2025-07-23T16:09:00.000,2025-08-02T12:58:24.000,Street Light Out,Closed,Tumakuru,13.3432,77.098612
61501803,2025-07-23T18:04:00.000,2025-07-27T09:22:00.000,Street Light Out,Closed,Bengaluru,12.988889,77.595072
61502039,2025-07-23T18:29:00.000,2025-07-30T18:11:24.000,Street Light Out,Closed,Mangaluru,12.85377,74.8467
61502051,2025-07-23T18:56:00.000,2025-08-05T16:27:40.000,Street Light Out,Closed,Hubballi,15.355331,75.164768
61502264,2025-07-23T19:00:00.000,2025-08-05T15:04:36.000,Street Light Out,Closed,Mysuru,12.3071,76.677918
61502303,2025-07-23T19:20:00.000,2025-08-06T11:28:45.000,Street Light Out,Closed,Belagavi,15.841681,74.553622
61502353,2025-07-23T19:24:00.000,2025-08-01T11:55:00.000,Street Light Out,Closed,Tumakuru,13.321887,77.106004
61502447,2025-07-23T19:24:00.000,2025-07-26T15:03:00.000,Lamppost Damaged,Closed,Mangaluru,12.878801,74.845264
61502537,2025-07-23T19:44:00.000,2025-08-05T12:41:49.000,Street Light Out,Closed,Shivamogga,13.910723,75.552962
61502592,2025-07-23T20:07:00.000,2025-07-26T09:18:00.000,Street Light Out,Closed,Shivamogga,13.905436,75.560385
61502665,2025-07-23T20:20:00.000,2025-07-24T13:50:17.000,Street Light Out,Closed,Mangaluru,12.871138,74.841474
61502829,2025-07-23T22:05:00.000,2025-08-04T12:53:51.000,Street Light Out,Closed,Mangaluru,12.876377,74.85938
61502970,2025-07-23T22:40:00.000,2025-07-27T17:54:46.000,Street Light Out,Closed,Mangaluru,12.872139,74.847967
61503197,2025-07-23T22:46:00.000,2025-07-29T18:26:17.000,Street Light Out,Closed,Mangaluru,12.886711,74.844886
61503232,2025-07-24T01:22:00.000,2025-07-31T10:06:00.000,Street Light Out,Closed,Bengaluru,12.982878,77.5526
61503351,2025-07-24T03:17:00.000,2025-08-18T09:31:52.000,Street Light Out,Closed,Tumakuru,13.338412,77.123004
61503388,2025-07-24T08:34:00.000,2025-07-30T12:05:00.000,Street Light Out,Closed,Mangaluru,12.891616,74.849502
61503445,2025-07-24T09:35:00.000,2025-07-31T18:10:00.000,Street Light Out,Closed,Bengaluru,12.96969,77.591331
61503494,2025-07-24T11:03:00.000,2025-08-03T08:15:00.000,Street Light Out,Closed,Tumakuru,13.335583,77.125825
61503618,2025-07-24T14:30:00.000,2025-09-22T18:35:00.000,Street Light Out,Closed,Belagavi,15.835921,74.477666
61503772,2025-07-24T16:51:00.000,2025-07-29T14:13:00.000,Street Light Out,Closed,Mangaluru,12.854695,74.871728
61503881,2025-07-24T17:30:00.000,2025-08-03T11:53:30.000,Lamppost Damaged,Closed,Belagavi,15.887518,74.504362
61503914,2025-07-24T19:20:00.000,2025-07-29T08:11:56.000,Street Light Dayburning,Closed,Bengaluru,12.946355,77.600991
61503986,2025-07-24T19:21:00.000,2025-07-28T15:17:00.000,Street Light Out,Closed,Shivamogga,13.955749,75.523567
61504017,2025-07-24T19:28:00.000,2025-08-10T14:01:38.000,Street Light Out,Closed,Hubballi,15.351543,75.141893
61504231,2025-07-24T19:40:00.000,2025-07-28T15:21:00.000,Street Light Out,Closed,Bengaluru,12.987757,77.615502
61504234,2025-07-24T20:08:00.000,2025-07-27T15:42:00.000,Street Light Out,Closed,Mangaluru,12.88024,74.841523
61504631,2025-07-24T20:13:00.000,2025-07-25T15:26:29.000,Street Light Out,Closed,Belagavi,15.83444,74.551463
61504771,2025-07-24T20:20:00.000,2025-08-05T08:25:00.000,Street Light Out,Closed,Shivamogga,13.901505,75.558489
61504829,2025-07-24T20:26:00.000,2025-07-30T10:04:00.000,Street Light Out,Closed,Mysuru,12.349301,76.657814
61504847,2025-07-24T21:08:00.000,2025-07-27T08:53:35.000,Street Light Out,Closed,Bengaluru,12.951881,77.596659
61504863,2025-07-24T22:59:00.000,2025-07-30T08:14:53.000,Street Light Out,Closed,Bengaluru,13.042354,77.539556
61504927,2025-07-25T00:36:00.000,2025-08-01T17:41:00.000,Street Light Out,Closed,Mysuru,12.267445,76.662602
61505126,2025-07-25T03:59:00.000,2025-07-31T11:06:00.000,Street Light Out,Closed,Bengaluru,12.937306,77.526239
61505321,2025-07-25T06:13:00.000,2025-08-04T11:12:00.000,Street Light Out,Closed,Hubballi,15.352781,75.103845
61505344,2025-07-25T08:17:00.000,2025-08-01T18:09:00.000,Street Light Out,Closed,Mangaluru,12.881401,74.847935
61505637,2025-07-25T08:24:00.000,2025-07-26T09:15:36.000,Street Light Out,Closed,Mangaluru,12.894837,74.843467
61505650,2025-07-25T08:33:00.000,2025-08-15T15:29:37.000,Street Light Out,Closed,Mysuru,12.346227,76.658734
61505755,2025-07-25T08:58:00.000,2025-08-17T10:02:17.000,Street Light Out,Closed,Belagavi,15.844416,74.548035
61505772,2025-07-25T09:19:00.000,2025-07-30T09:47:12.000,Street Light Out,Closed,Shivamogga,13.927039,75.556224
61505926,2025-07-25T09:38:00.000,2025-07-27T15:43:00.000,Street Light Out,Closed,Bengaluru,12.951887,77.601091
61505927,2025-07-25T09:38:00.000,2025-07-30T16:38:00.000,Street Light Out,Closed,Mangaluru,12.881423,74.838984
61505960,2025-07-25T10:50:00.000,2025-08-04T08:31:00.000,Street Light Out,Closed,Shivamogga,13.924761,75.550757
61506036,2025-07-25T11:54:00.000,2025-07-27T08:06:52.000,Street Light Out,Closed,Belagavi,15.858458,74.499818
61506091,2025-07-25T12:03:00.000,2025-07-26T08:06:00.000,Street Light Out,Closed,Hubballi,15.358037,75.127395
61506096,2025-07-25T12:20:00.000,2025-08-06T17:16:00.000,Street Light Out,Closed,Bengaluru,13.029946,77.455803
61506116,2025-07-25T15:18:00.000,2025-07-28T17:27:00.000,Street Light Out,Closed,Bengaluru,12.984084,77.601345
61506121,2025-07-25T16:06:00.000,2025-10-08T14:03:00.000,Street Light Out,Closed,Shivamogga,13.923618,75.567661
61506237,2025-07-25T17:05:00.000,2025-08-02T16:26:00.000,Street Light Out,Closed,Shivamogga,13.932694,75.575356
61506350,2025-07-25T17:06:00.000,2025-07-30T10:19:08.000,Street Light Out,Closed,Hubballi,15.350913,75.150345
61506467,2025-07-25T17:54:00.000,2025-07-29T08:30:00.000,Street Light Out,Closed,Mangaluru,12.90254,74.865278
61506499,2025-07-25T18:10:00.000,2025-07-27T14:39:46.000,Street Light Out,Closed,Belagavi,15.854055,74.51452
61506828,2025-07-25T18:57:00.000,2025-09-03T10:10:00.000,Street Light Out,Closed,Hubballi,15.365396,75.154456
61507130,2025-07-25T19:15:00.000,2025-08-03T15:14:00.000,Street Light Out,Closed,Tumakuru,13.361449,77.098012
61507501,2025-07-25T20:14:00.000,2025-08-08T08:04:46.000,Street Light Out,Closed,Mangaluru,12.891485,74.840329
61507528,2025-07-25T20:36:00.000,2025-07-30T11:59:00.000,Street Light Out,Closed,Bengaluru,12.984833,77.590382
61507741,2025-07-25T21:31:00.000,2025-07-28T18:37:00.000,Street Light Out,Closed,Mysuru,12.353219,76.628352
61507763,2025-07-25T21:49:00.000,2025-07-31T13:35:00.000,Street Light Out,Closed,Bengaluru,12.976075,77.591471
61508010,2025-07-25T22:47:00.000,2025-07-30T12:40:00.000,Street Light Out,Closed,Mangaluru,12.919346,74.853259
61508055,2025-07-25T23:22:00.000,2025-07-27T11:26:33.000,Street Light Out,Closed,Mangaluru,12.867672,74.854468
61508463,2025-07-25T23:36:00.000,2025-08-02T13:14:25.000,Street Light Out,Closed,Bengaluru,12.994942,77.699241
61508585,2025-07-26T00:32:00.000,2025-07-27T17:53:57.000,Street Light Out,Closed,Tumakuru,13.341655,77.10751
61508608,2025-07-26T00:56:00.000,2025-07-27T17:17:03.000,Street Light Out,Closed,Mysuru,12.30288,76.656124
61508721,2025-07-26T01:56:00.000,2025-07-31T17:04:06.000,Street Light Out,Closed,Tumakuru,13.32305,77.117286
61508855,2025-07-26T02:20:00.000,2025-07-28T17:46:00.000,Street Light Out,Closed,Bengaluru,13.035537,77.549915
61508897,2025-07-26T07:27:00.000,2025-07-30T10:26:24.000,Street Light Cycling,Closed,Shivamogga,13.918604,75.552233
61508960,2025-07-26T07:40:00.000,2025-07-31T16:48:40.000,Street Light Out,Closed,Mysuru,12.295435,76.664259
61509166,2025-07-26T09:08:00.000,2025-07-27T18:19:00.000,Street Light Out,Closed,Shivamogga,13.930232,75.596707
61509288,2025-07-26T09:45:00.000,2025-08-01T18:52:00.000,Street Light Out,Closed,Mysuru,12.318525,76.707892
61509435,2025-07-26T10:35:00.000,2025-07-27T18:36:00.000,Street Light Out,Closed,Mangaluru,12.880603,74.856855
61509594,2025-07-26T11:38:00.000,2025-07-28T14:09:28.000,Street Light Out,Closed,Mangaluru,12.875341,74.852808
61509909,2025-07-26T11:51:00.000,2025-07-31T13:49:31.000,Street Light Out,Closed,Tumakuru,13.345737,77.07898
61509984,2025-07-26T12:14:00.000,2025-08-01T10:46:24.000,Street Light Out,Closed,Bengaluru,12.947378,77.575061
61510024,2025-07-26T15:07:00.000,2025-08-11T10:02:00.000,Street Light Out,Closed,Shivamogga,13.91192,75.566229
61510297,2025-07-26T18:24:00.000,2025-07-28T13:34:00.000,Street Light Out,Closed,Mangaluru,12.847868,74.8673
61510397,2025-07-26T19:00:00.000,2025-08-10T08:35:29.000,Street Light Out,Closed,Mysuru,12.278477,76.65553
61510605,2025-07-26T19:16:00.000,2025-08-02T10:02:56.000,Street Light Out,Closed,Mangaluru,12.906905,74.849716
61510613,2025-07-26T19:24:00.000,2025-07-29T09:55:00.000,Street Light Out,Closed,Bengaluru,12.958611,77.643474
61510809,2025-07-26T20:31:00.000,2025-07-30T08:05:00.000,Street Light Out,Closed,Mangaluru,12.884792,74.853656
61510920,2025-07-26T20:45:00.000,2025-07-29T15:20:00.000,Street Light Out,Closed,Shivamogga,13.879345,75.573205
61511037,2025-07-26T20:52:00.000,2025-07-29T14:57:00.000,Street Light Out,Closed,Bengaluru,12.895363,77.653994
61511215,2025-07-26T21:36:00.000,2025-08-24T16:04:06.000,Street Light Out,Closed,Bengaluru,12.979174,77.582696
61511496,2025-07-26T21:46:00.000,2025-08-04T11:46:00.000,Street Light Out,Closed,Hubballi,15.397619,75.140517
61511733,2025-07-26T22:30:00.000,2025-08-05T17:41:04.000,Street Light Out,Closed,Bengaluru,12.987775,77.671291
61511754,2025-07-26T22:32:00.000,2025-08-08T17:54:24.000,Street Light Out,Closed,Mysuru,12.344934,76.652323
61511784,2025-07-26T22:52:00.000,2025-07-31T15:19:00.000,Street Light Out,Closed,Hubballi,15.34198,75.11191
61511789,2025-07-26T23:04:00.000,2025-08-13T10:12:47.000,Street Light Out,Closed,Shivamogga,13.905708,75.565631
61511806,2025-07-26T23:44:00.000,2025-07-29T11:56:00.000,Street Light Out,Closed,Hubballi,15.387735,75.143274
61512202,2025-07-27T00:47:00.000,2025-07-29T09:29:19.000,Street Light Out,Closed,Bengaluru,12.96546,77.574818
61512412,2025-07-27T05:22:00.000,2025-08-01T09:21:24.000,Street Light Out,Closed,Mangaluru,12.889865,74.844944
61512519,2025-07-27T06:20:00.000,2025-07-30T18:04:31.000,Street Light Out,Closed,Bengaluru,12.977629,77.587077
61512638,2025-07-27T07:00:00.000,2025-08-02T08:59:21.000,Street Light Out,Closed,Bengaluru,12.950532,77.564936
61512673,2025-07-27T07:22:00.000,2025-08-03T09:39:00.000,Street Light Out,Closed,Tumakuru,13.336102,77.101453
61512817,2025-07-27T09:38:00.000,2025-07-30T14:04:33.000,Street Light Out,Closed,Mangaluru,12.904566,74.912578
61513114,2025-07-27T09:49:00.000,2025-08-05T15:58:00.000,Street Light Dayburning,Closed,Mangaluru,12.890079,74.843295
61513547,2025-07-27T09:56:00.000,2025-07-30T08:54:08.000,Street Light Out,Closed,Bengaluru,12.930256,77.580674
61513707,2025-07-27T10:35:00.000,2025-07-30T11:23:00.000,Street Light Out,Closed,Mangaluru,12.867959,74.858276
61513807,2025-07-27T11:00:00.000,2025-07-31T16:48:00.000,Street Light Out,Closed,Bengaluru,12.947086,77.605385
61513954,2025-07-27T11:05:00.000,2025-08-03T15:49:04.000,Street Light Cycling,Closed,Hubballi,15.34347,75.107703
61514147,2025-07-27T15:19:00.000,2025-10-03T08:48:53.000,Street Light Out,Closed,Belagavi,15.843704,74.55423
61514310,2025-07-27T16:15:00.000,2025-08-10T18:12:26.000,Street Light Out,Closed,Bengaluru,12.936032,77.523495
61514408,2025-07-27T17:23:00.000,2025-07-29T14:33:01.000,Street Light Out,Closed,Mysuru,12.304754,76.662789
61514598,2025-07-27T18:52:00.000,2025-08-07T09:55:00.000,Street Light Out,Closed,Mysuru,12.261762,76.660946
61514757,2025-07-27T20:32:00.000,2025-08-04T18:31:00.000,Street Light Out,Closed,Tumakuru,13.356861,77.128983
61514813,2025-07-27T20:35:00.000,2025-07-29T14:59:40.000,Street Light Out,Closed,Shivamogga,13.927374,75.572184
61514838,2025-07-27T22:05:00.000,2025-08-03T08:13:50.000,Street Light Out,Closed,Mysuru,12.320178,76.63231
61515164,2025-07-27T22:18:00.000,2025-08-26T18:34:55.000,Street Light Out,Closed,Mysuru,12.303333,76.663917
61515190,2025-07-27T22:30:00.000,2025-08-01T11:11:00.000,Street Light Out,Closed,Shivamogga,13.919984,75.542872
61515407,2025-07-27T23:20:00.000,2025-08-01T08:36:00.000,Street Light Out,Closed,Bengaluru,12.980079,77.610742
61515538,2025-07-27T23:30:00.000,2025-08-16T08:38:00.000,Street Light Out,Closed,Mangaluru,12.880136,74.852711
61515553,2025-07-27T23:48:00.000,2025-07-29T15:41:07.000,Street Light Out,Closed,Bengaluru,13.002155,77.540436
61515984,2025-07-28T00:59:00.000,2025-08-06T16:25:00.000,Street Light Out,Closed,Bengaluru,13.082795,77.539601
61516096,2025-07-28T08:57:00.000,2025-08-02T12:01:00.000,Lamppost Damaged,Closed,Shivamogga,13.922326,75.552485
61516266,2025-07-28T09:11:00.000,2025-08-01T12:34:00.000,Street Light Out,Closed,Shivamogga,13.910212,75.55728
61516295,2025-07-28T11:05:00.000,2025-08-01T18:21:58.000,Street Light Dayburning,Closed,Mysuru,12.303767,76.670877
61516406,2025-07-28T15:51:00.000,2025-08-05T15:56:05.000,Street Light Out,Closed,Mangaluru,12.910622,74.852286
61516613,2025-07-28T16:57:00.000,2025-07-30T16:24:33.000,Street Light Out,Closed,Bengaluru,12.986851,77.581507
61516640,2025-07-28T18:08:00.000,2025-08-05T13:01:00.000,Street Light Out,Closed,Mangaluru,12.878176,74.872858
61516666,2025-07-28T18:21:00.000,2025-07-30T08:51:00.000,Street Light Dim,Closed,Shivamogga,13.952039,75.564158
61516669,2025-07-28T19:18:00.000,2025-08-01T15:30:33.000,Street Light Out,Closed,Shivamogga,13.923114,75.582275
61516871,2025-07-28T19:43:00.000,2025-07-29T17:41:13.000,Street Light Out,Closed,Tumakuru,13.318554,77.112398
61516881,2025-07-28T20:15:00.000,2025-08-13T16:27:58.000,Street Light Out,Closed,Hubballi,15.36533,75.135062
61516944,2025-07-28T20:47:00.000,2025-08-27T10:34:00.000,Street Light Out,Closed,Tumakuru,13.316759,77.118363
61516990,2025-07-28T21:01:00.000,2025-08-09T18:37:00.000,Street Light Out,Closed,Shivamogga,13.916567,75.564146
61517177,2025-07-28T22:24:00.000,2025-09-25T15:06:26.000,Lamppost Damaged,Closed,Shivamogga,13.951282,75.543611
61517269,2025-07-29T01:28:00.000,2025-09-19T13:56:41.000,Street Light Cycling,Closed,Mangaluru,12.877755,74.853892
61517270,2025-07-29T01:30:00.000,2025-07-31T13:13:00.000,Street Light Out,Closed,Tumakuru,13.341503,77.109342
61517467,2025-07-29T01:44:00.000,2025-08-05T18:25:00.000,Street Light Out,Closed,Mysuru,12.312916,76.675754
61517518,2025-07-29T08:42:00.000,2025-08-03T16:46:47.000,Street Light Out,Closed,Mangaluru,12.902267,74.905874
61517742,2025-07-29T09:10:00.000,2025-08-01T10:09:00.000,Street Light Out,Closed,Hubballi,15.357525,75.11639
61518538,2025-07-29T09:20:00.000,2025-08-01T15:17:56.000,Street Light Cycling,Closed,Shivamogga,13.916351,75.562887
61518924,2025-07-29T15:13:00.000,2025-08-11T09:56:58.000,Street Light Out,Closed,Bengaluru,12.986074,77.504417
61518936,2025-07-29T15:53:00.000,2025-08-01T17:06:00.000,Street Light Out,Closed,Shivamogga,13.942903,75.558389
61519072,2025-07-29T17:44:00.000,2025-08-02T09:24:00.000,Street Light Out,Closed,Mangaluru,12.893327,74.860878
61519388,2025-07-29T17:55:00.000,2025-08-07T14:15:00.000,Street Light Out,Closed,Mangaluru,12.878703,74.845235
61519501,2025-07-29T18:07:00.000,2025-08-01T14:35:53.000,Street Light Out,Closed,Belagavi,15.848837,74.550501
61519512,2025-07-29T19:22:00.000,2025-08-03T12:07:00.000,Street Light Out,Closed,Hubballi,15.358656,75.168104
61519528,2025-07-29T19:52:00.000,2025-07-31T17:22:00.000,Street Light Out,Closed,Bengaluru,12.880208,77.690329
61519838,2025-07-29T21:02:00.000,2025-08-01T10:07:32.000,Street Light Out,Closed,Mysuru,12.300977,76.663907
61520046,2025-07-29T21:48:00.000,2025-08-04T12:49:00.000,Street Light Out,Closed,Bengaluru,12.946026,77.655115
61520160,2025-07-29T22:35:00.000,2025-10-13T18:41:00.000,Street Light Out,Closed,Shivamogga,13.895301,75.558782
61520208,2025-07-29T22:54:00.000,2025-08-02T14:40:28.000,Street Light Out,Closed,Mangaluru,12.842499,74.877278
61520282,2025-07-30T07:27:00.000,2025-08-04T13:04:11.000,Street Light Out,Closed,Shivamogga,13.932914,75.574084
61520305,2025-07-30T08:24:00.000,2025-08-02T08:56:00.000,Street Light Out,Closed,Belagavi,15.848635,74.510055
61520312,2025-07-30T09:36:00.000,2025-08-09T13:35:00.000,Street Light Out,Closed,Mysuru,12.303471,76.663282
61520564,2025-07-30T10:06:00.000,2025-08-11T10:21:00.000,Street Light Out,Closed,Tumakuru,13.349808,77.117387
61520623,2025-07-30T10:48:00.000,2025-08-27T12:11:00.000,Street Light Out,Closed,Mangaluru,12.916208,74.86727
61521015,2025-07-30T10:53:00.000,2025-09-03T08:01:00.000,Street Light Out,Closed,Mangaluru,12.894438,74.85369
61521031,2025-07-30T12:16:00.000,2025-08-05T09:25:00.000,Street Light Out,Closed,Mangaluru,12.90352,74.879724
61521069,2025-07-30T16:22:00.000,2025-08-06T10:35:41.000,Street Light Cycling,Closed,Belagavi,15.872708,74.547306
61521117,2025-07-30T16:45:00.000,2025-08-10T10:09:44.000,Street Light Out,Closed,Belagavi,15.870578,74.496612
61521204,2025-07-30T16:50:00.000,2025-08-06T16:46:00.000,Street Light Out,Closed,Tumakuru,13.377462,77.137114
61521257,2025-07-30T17:30:00.000,2025-08-03T08:56:00.000,Street Light Out,Closed,Bengaluru,13.059982,77.593832
61521325,2025-07-30T17:55:00.000,2025-08-14T10:26:15.000,Street Light Out,Closed,Shivamogga,13.922316,75.568743
61521361,2025-07-30T18:07:00.000,2025-08-10T15:55:16.000,Street Light Out,Closed,Mangaluru,12.869234,74.857502
61521737,2025-07-30T19:01:00.000,2025-08-01T09:14:36.000,Street Light Out,Closed,Bengaluru,12.98141,77.616217
61521739,2025-07-30T19:01:00.000,2025-08-04T12:38:40.000,Street Light Out,Closed,Mysuru,12.25677,76.661499
61521909,2025-07-30T19:11:00.000,2025-08-02T14:52:51.000,Street Light Dim,Closed,Belagavi,15.841653,74.558805
61522051,2025-07-30T19:30:00.000,2025-08-10T18:44:13.000,Lamppost Damaged,Closed,Tumakuru,13.339041,77.081536
61522185,2025-07-30T19:54:00.000,2025-08-03T16:12:00.000,Street Light Out,Closed,Bengaluru,13.014635,77.607318
61522382,2025-07-30T20:03:00.000,2025-08-05T13:43:00.000,Street Light Out,Closed,Shivamogga,13.941272,75.578264
61522502,2025-07-30T20:31:00.000,2025-08-04T11:23:00.000,Street Light Out,Closed,Hubballi,15.350752,75.133332
61522518,2025-07-30T20:53:00.000,2025-08-14T15:00:00.000,Street Light Dayburning,Closed,Mangaluru,12.870966,74.853636
61522675,2025-07-30T21:49:00.000,2025-08-03T16:57:27.000,Street Light Out,Closed,Hubballi,15.349463,75.133434
61522818,2025-07-30T21:50:00.000,2025-09-12T15:38:00.000,Lamppost Damaged,Closed,Mangaluru,12.923994,74.879121
61522825,2025-07-30T21:51:00.000,2025-08-08T12:35:00.000,Street Light Out,Closed,Mysuru,12.277271,76.721082
61523098,2025-07-30T22:04:00.000,2025-08-04T18:13:33.000,Street Light Out,Closed,Mangaluru,12.920662,74.886228
61523111,2025-07-30T22:22:00.000,2025-08-03T16:49:25.000,Street Light Out,Closed,Bengaluru,12.940213,77.651247
61523132,2025-07-30T23:36:00.000,2025-08-01T14:00:00.000,Street Light Out,Closed,Shivamogga,13.926798,75.547656
61523221,2025-07-31T00:25:00.000,2025-09-05T12:00:00.000,Street Light Out,Closed,Bengaluru,12.907337,77.622172
61523280,2025-07-31T01:03:00.000,2025-08-03T18:22:00.000,Street Light Out,Closed,Belagavi,15.90874,74.556685
61523539,2025-07-31T01:29:00.000,2025-08-08T17:58:06.000,Street Light Out,Closed,Belagavi,15.858314,74.48064
61523602,2025-07-31T07:00:00.000,2025-08-02T14:21:19.000,Street Light Out,Closed,Bengaluru,13.016575,77.640826
61523664,2025-07-31T07:05:00.000,2025-08-04T14:31:19.000,Street Light Out,Closed,Shivamogga,13.917482,75.554205
61523866,2025-07-31T07:39:00.000,2025-08-02T10:54:49.000,Street Light Out,Closed,Tumakuru,13.31936,77.108581
61523957,2025-07-31T08:38:00.000,2025-08-05T14:22:00.000,Street Light Out,Closed,Hubballi,15.3513,75.168891
61524294,2025-07-31T09:21:00.000,2025-08-02T11:55:48.000,Street Light Out,Closed,Shivamogga,13.916029,75.571835
61524712,2025-07-31T11:03:00.000,2025-08-03T14:06:00.000,Street Light Out,Closed,Belagavi,15.854014,74.514476
61524767,2025-07-31T11:13:00.000,2025-08-04T16:45:00.000,Street Light Out,Closed,Bengaluru,13.016924,77.447202
61524777,2025-07-31T11:39:00.000,2025-08-03T12:08:09.000,Street Light Out,Closed,Shivamogga,13.919471,75.55927
61524824,2025-07-31T11:49:00.000,2025-08-04T18:06:00.000,Street Light Out,Closed,Mangaluru,12.90436,74.85216
61524928,2025-07-31T14:58:00.000,2025-08-13T15:19:54.000,Street Light Out,Closed,Mangaluru,12.917567,74.846673
61525047,2025-07-31T17:44:00.000,2025-08-06T11:25:00.000,Street Light Dayburning,Closed,Belagavi,15.84781,74.558103
61525188,2025-07-31T20:01:00.000,2025-08-02T17:51:20.000,Street Light Out,Closed,Bengaluru,12.975701,77.600688
61525251,2025-07-31T20:03:00.000,2025-08-04T17:25:00.000,Street Light Out,Closed,Bengaluru,12.922523,77.613127
61525447,2025-07-31T20:08:00.000,2025-08-09T11:21:00.000,Street Light Out,Closed,Belagavi,15.841279,74.55155
61525512,2025-07-31T20:56:00.000,2025-08-08T15:25:00.000,Street Light Out,Closed,Hubballi,15.339202,75.122216
61525564,2025-07-31T21:12:00.000,2025-08-10T12:14:00.000,Street Light Out,Closed,Shivamogga,13.927687,75.5557
61525596,2025-07-31T21:30:00.000,2025-08-05T15:36:00.000,Street Light Out,Closed,Tumakuru,13.341978,77.109668
61525725,2025-07-31T21:48:00.000,2025-08-07T18:08:00.000,Street Light Dayburning,Closed,Mangaluru,12.916576,74.856018
61525866,2025-07-31T21:54:00.000,2025-08-06T13:42:42.000,Street Light Out,Closed,Mysuru,12.314825,76.673529
61526012,2025-07-31T21:59:00.000,2025-08-01T17:30:32.000,Street Light Out,Closed,Mangaluru,12.887224,74.857677
61526116,2025-07-31T23:31:00.000,2025-08-05T09:50:00.000,Street Light Out,Closed,Mangaluru,12.887384,74.841737
61526128,2025-07-31T23:40:00.000,2025-09-09T17:39:47.000,Street Light Out,Closed,Shivamogga,13.942055,75.610651
61526162,2025-07-31T23:52:00.000,2025-08-14T14:04:00.000,Street Light Out,Closed,Mangaluru,12.883779,74.849611
61526276,2025-08-01T01:45:00.000,2025-08-12T18:30:00.000,Street Light Out,Closed,Shivamogga,13.918214,75.567778
61526301,2025-08-01T05:13:00.000,2025-08-09T14:52:00.000,Street Light Out,Closed,Hubballi,15.38485,75.152267
61526483,2025-08-01T06:48:00.000,2025-08-07T16:09:00.000,Street Light Out,Closed,Mangaluru,12.895871,74.867994
61526696,2025-08-01T07:28:00.000,2025-08-09T11:05:00.000,Street Light Out,Closed,Belagavi,15.847935,74.509337
61526799,2025-08-01T08:12:00.000,2025-08-24T18:51:00.000,Street Light Out,Closed,Shivamogga,13.920001,75.552586
61527027,2025-08-01T09:00:00.000,2025-09-01T12:17:34.000,Street Light Out,Closed,Bengaluru,12.975417,77.590391
61527051,2025-08-01T09:02:00.000,2025-08-04T15:33:43.000,Street Light Out,Closed,Bengaluru,12.993425,77.609896
61527059,2025-08-01T09:22:00.000,2025-08-10T08:58:59.000,Street Light Out,Closed,Mangaluru,12.90457,74.912529
61527362,2025-08-01T12:09:00.000,2025-08-25T13:28:00.000,Street Light Out,Closed,Belagavi,15.844564,74.502563
61527574,2025-08-01T12:56:00.000,2025-08-16T08:54:00.000,Street Light Out,Closed,Mysuru,12.316296,76.691168
61527806,2025-08-01T15:10:00.000,2025-08-03T10:42:00.000,Street Light Out,Closed,Belagavi,15.848742,74.551556
61527885,2025-08-01T17:18:00.000,2025-08-03T18:17:56.000,Street Light Out,Closed,Mysuru,12.339188,76.648896
61528030,2025-08-01T20:57:00.000,2025-09-22T15:05:00.000,Street Light Cycling,Closed,Shivamogga,13.925255,75.568419
61528041,2025-08-01T22:03:00.000,2025-08-10T14:44:00.000,Street Light Out,Closed,Mysuru,12.255553,76.657443
61528069,2025-08-01T22:30:00.000,2025-08-05T16:45:09.000,Street Light Out,Closed,Hubballi,15.342242,75.126873
61528158,2025-08-01T22:56:00.000,2025-08-16T15:18:52.000,Street Light Out,Closed,Bengaluru,13.034752,77.565445
61528317,2025-08-01T23:21:00.000,2025-08-17T12:45:55.000,Street Light Cycling,Closed,Mysuru,12.30446,76.665802
61528613,2025-08-01T23:33:00.000,2025-08-04T18:26:00.000,Street Light Out,Closed,Mangaluru,12.904919,74.8496
61528748,2025-08-02T06:18:00.000,2025-08-03T18:02:00.000,Street Light Out,Closed,Belagavi,15.850369,74.554337
61528856,2025-08-02T07:27:00.000,2025-08-06T16:55:07.000,Street Light Out,Closed,Mysuru,12.332931,76.631321
61528880,2025-08-02T08:09:00.000,2025-08-08T08:46:40.000,Street Light Out,Closed,Bengaluru,12.984669,77.601264
61528984,2025-08-02T08:19:00.000,2025-09-23T15:40:40.000,Street Light Out,Closed,Bengaluru,12.948409,77.648912
61529089,2025-08-02T08:25:00.000,2025-08-05T09:02:30.000,Street Light Out,Closed,Bengaluru,12.967892,77.629235
61529295,2025-08-02T10:57:00.000,2025-08-25T09:07:00.000,Street Light Out,Closed,Shivamogga,13.890036,75.540458
61529366,2025-08-02T11:50:00.000,2025-08-05T08:38:49.000,Lamppost Damaged,Closed,Mangaluru,12.861509,74.879487
61529472,2025-08-02T12:07:00.000,2025-08-06T18:00:57.000,Street Light Dayburning,Closed,Tumakuru,13.344372,77.106737
61529510,2025-08-02T17:52:00.000,2025-08-20T10:04:00.000,Street Light Out,Closed,Belagavi,15.817355,74.528428
61529662,2025-08-02T18:39:00.000,2025-08-03T13:10:40.000,Street Light Cycling,Closed,Bengaluru,12.976155,77.591412
61529880,2025-08-02T19:06:00.000,2025-08-03T08:33:00.000,Street Light Out,Closed,Bengaluru,12.983143,77.585335
61530203,2025-08-02T19:56:00.000,2025-08-06T16:08:00.000,Street Light Out,Closed,Mangaluru,12.867984,74.858277
61530228,2025-08-02T20:20:00.000,2025-08-10T11:05:00.000,Street Light Out,Closed,Mangaluru,12.856875,74.848418
61530264,2025-08-02T20:48:00.000,2025-08-03T12:08:12.000,Street Light Out,Closed,Shivamogga,13.92339,75.559984
61530634,2025-08-02T21:16:00.000,2025-08-15T13:58:34.000,Street Light Out,Closed,Mangaluru,12.873243,74.851439
61531080,2025-08-02T21:31:00.000,2025-08-19T14:35:00.000,Street Light Out,Closed,Mangaluru,12.900865,74.922372
61531301,2025-08-02T21:41:00.000,2025-08-09T12:05:56.000,Street Light Out,Closed,Shivamogga,13.923702,75.566356
61531381,2025-08-02T21:49:00.000,2025-08-10T08:59:36.000,Street Light Out,Closed,Mysuru,12.282036,76.65734
61531584,2025-08-02T23:24:00.000,2025-08-03T09:41:48.000,Street Light Out,Closed,Mangaluru,12.874043,74.852492
61531600,2025-08-03T05:15:00.000,2025-08-12T11:15:00.000,Street Light Out,Closed,Mangaluru,12.889976,74.844872
61531754,2025-08-03T12:10:00.000,2025-08-04T16:01:15.000,Street Light Out,Closed,Mangaluru,12.854671,74.871774
61531762,2025-08-03T12:31:00.000,2025-08-06T11:03:21.000,Street Light Dayburning,Closed,Hubballi,15.352458,75.102987
61531768,2025-08-03T12:38:00.000,2025-08-06T11:46:41.000,Street Light Out,Closed,Bengaluru,12.975181,77.595086
61531880,2025-08-03T14:58:00.000,2025-08-12T17:03:00.000,Street Light Out,Closed,Belagavi,15.844692,74.555463
61531978,2025-08-03T16:09:00.000,2025-08-21T17:52:00.000,Street Light Out,Closed,Belagavi,15.824758,74.477936
61532085,2025-08-03T18:14:00.000,2025-08-09T12:29:00.000,Street Light Cycling,Closed,Tumakuru,13.340145,77.097794
61532200,2025-08-03T20:32:00.000,2025-08-06T13:36:00.000,Street Light Out,Closed,Bengaluru,12.959583,77.571289
61532246,2025-08-03T20:34:00.000,2025-08-05T12:55:58.000,Street Light Out,Closed,Mysuru,12.311323,76.640068
61532891,2025-08-03T20:37:00.000,2025-08-08T14:44:00.000,Street Light Dim,Closed,Belagavi,15.836142,74.510952
61532895,2025-08-03T20:50:00.000,2025-08-18T17:59:00.000,Street Light Out,Closed,Hubballi,15.350984,75.084859
61533099,2025-08-03T20:53:00.000,2025-08-05T12:58:49.000,Street Light Out,Closed,Belagavi,15.837193,74.4923
61533113,2025-08-03T21:22:00.000,2025-08-05T10:36:21.000,Street Light Out,Closed,Mysuru,12.257655,76.658253
61533118,2025-08-03T22:23:00.000,2025-08-08T15:56:00.000,Street Light Out,Closed,Mangaluru,12.921856,74.875282
61533341,2025-08-03T22:41:00.000,2025-08-05T08:04:00.000,Street Light Out,Closed,Mangaluru,12.880166,74.860959
61533440,2025-08-03T22:58:00.000,2025-08-09T13:23:45.000,Street Light Out,Closed,Mysuru,12.305054,76.68381
61533490,2025-08-04T04:51:00.000,2025-08-05T11:42:46.000,Street Light Out,Closed,Mysuru,12.305274,76.66473
61533679,2025-08-04T05:33:00.000,2025-08-08T18:15:00.000,Street Light Out,Closed,Tumakuru,13.341534,77.098836
61534294,2025-08-04T09:38:00.000,2025-08-25T12:42:06.000,Street Light Cycling,Closed,Shivamogga,13.922049,75.563529
61534452,2025-08-04T12:57:00.000,2025-08-07T15:48:00.000,Street Light Out,Closed,Mangaluru,12.886187,74.844893
61534504,2025-08-04T14:50:00.000,2025-08-07T13:41:19.000,Street Light Out,Closed,Bengaluru,12.915751,77.628227
61534612,2025-08-04T14:58:00.000,2025-08-12T10:56:20.000,Street Light Out,Closed,Bengaluru,12.960361,77.590369
61534730,2025-08-04T19:21:00.000,2025-08-07T11:57:59.000,Street Light Out,Closed,Belagavi,15.848359,74.52435
61534837,2025-08-04T19:33:00.000,2025-08-08T11:10:00.000,Street Light Out,Closed,Hubballi,15.33444,75.134143
61534861,2025-08-04T19:47:00.000,2025-08-08T15:58:00.000,Street Light Out,Closed,Mysuru,12.293707,76.668641
61534888,2025-08-04T19:48:00.000,2025-10-02T10:47:08.000,Street Light Out,Closed,Mangaluru,12.842245,74.869502
61534994,2025-08-04T19:54:00.000,2025-08-06T12:20:09.000,Street Light Out,Closed,Mangaluru,12.872545,74.868639
61535138,2025-08-04T19:59:00.000,2025-08-06T13:54:00.000,Street Light Out,Closed,Mysuru,12.306383,76.670046
61535147,2025-08-04T20:52:00.000,2025-08-07T17:36:00.000,Lamppost Damaged,Closed,Bengaluru,12.975165,77.591936
61535186,2025-08-04T21:02:00.000,2025-08-07T13:40:02.000,Street Light Out,Closed,Mysuru,12.346043,76.655901
61535460,2025-08-04T21:02:00.000,2025-08-06T10:20:00.000,Street Light Out,Closed,Tumakuru,13.337716,77.087426
61535512,2025-08-04T21:06:00.000,2025-08-07T11:31:00.000,Street Light Out,Closed,Mangaluru,12.902231,74.886528
61535859,2025-08-04T21:20:00.000,2025-09-03T15:40:36.000,Lamppost Damaged,Closed,Hubballi,15.380341,75.154412
61535884,2025-08-05T00:08:00.000,2025-08-14T12:51:56.000,Street Light Out,Closed,Shivamogga,13.95403,75.553839
61536199,2025-08-05T00:58:00.000,2025-09-27T08:40:00.000,Street Light Out,Closed,Shivamogga,13.922763,75.54982
61536242,2025-08-05T02:24:00.000,2025-08-09T09:12:10.000,Street Light Out,Closed,Mysuru,12.315536,76.659726
61536328,2025-08-05T06:13:00.000,2025-08-09T18:19:00.000,Street Light Out,Closed,Belagavi,15.804679,74.499821
61536397,2025-08-05T06:35:00.000,2025-08-14T13:33:37.000,Street Light Out,Closed,Mangaluru,12.875994,74.874476
61536475,2025-08-05T07:27:00.000,2025-08-07T14:40:57.000,Street Light Out,Closed,Shivamogga,13.919405,75.59674
61536662,2025-08-05T07:39:00.000,2025-08-15T08:31:26.000,Street Light Out,Closed,Shivamogga,13.92552,75.555668
61536743,2025-08-05T08:42:00.000,2025-08-06T16:47:54.000,Street Light Out,Closed,Belagavi,15.84373,74.461382
61536800,2025-08-05T10:01:00.000,2025-08-07T17:19:33.000,Street Light Cycling,Closed,Bengaluru,13.025224,77.630118
61536869,2025-08-05T13:43:00.000,2025-08-17T18:32:34.000,Street Light Out,Closed,Hubballi,15.356402,75.102969
61537002,2025-08-05T14:33:00.000,2025-08-07T13:00:14.000,Street Light Out,Closed,Bengaluru,12.984053,77.601372
61537010,2025-08-05T16:42:00.000,2025-08-26T15:44:09.000,Street Light Out,Closed,Belagavi,15.908329,74.488514
61537130,2025-08-05T16:53:00.000,2025-08-10T17:50:00.000,Street Light Out,Closed,Tumakuru,13.361396,77.097979
61537212,2025-08-05T17:23:00.000,2025-08-10T10:56:20.000,Street Light Out,Closed,Bengaluru,12.983993,77.629752
61537229,2025-08-05T17:25:00.000,2025-08-10T10:46:04.000,Street Light Cycling,Closed,Shivamogga,13.951964,75.564268
61537350,2025-08-05T17:57:00.000,2025-08-09T18:52:00.000,Street Light Out,Closed,Shivamogga,13.941101,75.554861
61537580,2025-08-05T18:51:00.000,2025-08-07T16:54:00.000,Street Light Out,Closed,Mangaluru,12.884238,74.838381
61537743,2025-08-05T19:40:00.000,2025-08-06T18:10:00.000,Street Light Dayburning,Closed,Shivamogga,13.924876,75.570473
61537812,2025-08-05T20:19:00.000,2025-09-03T09:26:58.000,Street Light Out,Closed,Belagavi,15.849016,74.466123
61538110,2025-08-05T20:57:00.000,2025-08-06T17:40:11.000,Street Light Out,Closed,Bengaluru,12.968108,77.599932
61538321,2025-08-05T21:00:00.000,2025-08-08T14:25:52.000,Street Light Dim,Closed,Hubballi,15.354819,75.120764
61538419,2025-08-05T21:00:00.000,2025-08-06T15:02:09.000,Street Light Cycling,Closed,Belagavi,15.857644,74.516146
61538510,2025-08-05T21:04:00.000,2025-08-08T14:04:00.000,Street Light Dayburning,Closed,Mangaluru,12.898164,74.838151
61539109,2025-08-05T21:25:00.000,2025-08-07T14:46:00.000,Street Light Out,Closed,Bengaluru,12.966107,77.629481
61539545,2025-08-05T22:06:00.000,2025-08-12T16:26:00.000,Street Light Out,Closed,Mangaluru,12.88298,74.846337
61539621,2025-08-05T22:28:00.000,2025-08-11T18:49:39.000,Street Light Out,Closed,Tumakuru,13.341511,77.109332
61539844,2025-08-05T22:35:00.000,2025-08-08T14:14:19.000,Street Light Out,Closed,Bengaluru,12.935778,77.568232
61539854,2025-08-05T22:42:00.000,2025-08-18T13:58:06.000,Street Light Out,Closed,Hubballi,15.388165,75.133572
61540010,2025-08-05T23:09:00.000,2025-08-07T09:51:59.000,Street Light Out,Closed,Tumakuru,13.33811,77.122184
61540011,2025-08-06T03:36:00.000,2025-08-15T12:30:51.000,Street Light Out,Closed,Bengaluru,12.987783,77.615467
61540059,2025-08-06T08:28:00.000,2025-08-23T15:47:29.000,Street Light Out,Closed,Bengaluru,12.993336,77.573533
61540104,2025-08-06T08:39:00.000,2025-08-07T09:53:17.000,Street Light Out,Closed,Hubballi,15.359712,75.123453
61540126,2025-08-06T09:49:00.000,2025-08-16T14:09:41.000,Street Light Cycling,Closed,Tumakuru,13.341869,77.100594
61540152,2025-08-06T10:56:00.000,2025-08-16T12:31:00.000,Street Light Out,Closed,Hubballi,15.355092,75.145174
61540193,2025-08-06T11:38:00.000,2025-08-08T08:13:00.000,Lamppost Damaged,Closed,Tumakuru,13.324197,77.099797
61540244,2025-08-06T12:05:00.000,2025-08-18T15:44:00.000,Street Light Dim,Closed,Mangaluru,12.882201,74.859735
61540379,2025-08-06T13:27:00.000,2025-08-09T15:48:13.000,Street Light Out,Closed,Shivamogga,13.934911,75.556795
61540481,2025-08-06T14:07:00.000,2025-09-23T11:06:00.000,Street Light Out,Closed,Shivamogga,13.909701,75.578628
61540546,2025-08-06T16:22:00.000,2025-08-10T12:15:00.000,Street Light Out,Closed,Bengaluru,12.968204,77.579051
61540751,2025-08-06T16:43:00.000,2025-08-11T09:16:30.000,Street Light Out,Closed,Mysuru,12.31177,76.667293
61540999,2025-08-06T18:45:00.000,2025-08-14T08:25:00.000,Street Light Out,Closed,Mysuru,12.347176,76.660468
61541022,2025-08-06T19:09:00.000,2025-08-24T12:11:00.000,Street Light Out,Closed,Bengaluru,13.082773,77.539666
61541424,2025-08-06T19:31:00.000,2025-08-26T17:23:56.000,Street Light Out,Closed,Shivamogga,13.920339,75.555376
61541532,2025-08-06T20:01:00.000,2025-08-12T18:04:00.000,Street Light Out,Closed,Mysuru,12.319947,76.705309
61541641,2025-08-06T21:32:00.000,2025-08-11T10:43:36.000,Street Light Out,Closed,Hubballi,15.353691,75.120913
61541745,2025-08-06T23:35:00.000,2025-08-09T10:00:00.000,Street Light Out,Closed,Shivamogga,13.959866,75.568573
61541782,2025-08-07T03:06:00.000,2025-09-10T15:07:23.000,Street Light Out,Closed,Mysuru,12.302549,76.665557
61541812,2025-08-07T07:04:00.000,2025-08-09T15:33:25.000,Street Light Out,Closed,Bengaluru,12.914248,77.572291
61541851,2025-08-07T07:04:00.000,2025-09-01T18:30:00.000,Street Light Out,Closed,Mangaluru,12.892434,74.892199
61542036,2025-08-07T07:54:00.000,2025-08-09T16:18:00.000,Street Light Cycling,Closed,Belagavi,15.847827,74.554916
61542263,2025-08-07T08:03:00.000,2025-08-17T12:27:00.000,Street Light Out,Closed,Shivamogga,13.914055,75.558669
61542505,2025-08-07T09:05:00.000,2025-08-14T12:44:00.000,Street Light Out,Closed,Belagavi,15.863979,74.479892
61542767,2025-08-07T09:18:00.000,2025-08-12T14:21:00.000,Street Light Out,Closed,Hubballi,15.349997,75.127254
61543160,2025-08-07T09:21:00.000,2025-08-10T11:02:00.000,Street Light Out,Closed,Mysuru,12.257524,76.661722
61543291,2025-08-07T10:43:00.000,2025-08-08T17:49:44.000,Street Light Out,Closed,Bengaluru,12.976197,77.549417
61543544,2025-08-07T13:53:00.000,2025-08-26T09:22:00.000,Street Light Out,Closed,Mysuru,12.287941,76.659799
61543713,2025-08-07T17:49:00.000,2025-08-11T18:10:00.000,Street Light Out,Closed,Tumakuru,13.34845,77.104194
61544024,2025-08-07T19:28:00.000,2025-08-10T09:58:05.000,Street Light Out,Closed,Hubballi,15.321289,75.137644
61544041,2025-08-07T19:42:00.000,2025-08-09T11:17:07.000,Street Light Out,Closed,Belagavi,15.849733,74.550229
61544146,2025-08-07T19:57:00.000,2025-08-11T11:27:00.000,Street Light Out,Closed,Bengaluru,12.975094,77.591996
61544416,2025-08-07T22:08:00.000,2025-08-21T13:05:00.000,Street Light Out,Closed,Hubballi,15.363504,75.153558
61544562,2025-08-07T22:12:00.000,2025-08-12T16:58:00.000,Street Light Out,Closed,Tumakuru,13.31988,77.116235
61544602,2025-08-08T01:48:00.000,2025-08-27T11:46:00.000,Street Light Out,Closed,Mangaluru,12.860208,74.877762
61544700,2025-08-08T03:22:00.000,2025-08-13T13:47:00.000,Street Light Out,Closed,Tumakuru,13.352969,77.112906
61544892,2025-08-08T05:57:00.000,2025-08-14T13:26:51.000,Street Light Out,Closed,Belagavi,15.818269,74.504761
61545038,2025-08-08T07:08:00.000,2025-08-13T15:59:00.000,Street Light Out,Closed,Belagavi,15.85867,74.498446
61545097,2025-08-08T07:14:00.000,2025-08-09T12:45:00.000,Street Light Out,Closed,Belagavi,15.843728,74.507616
61545250,2025-08-08T08:33:00.000,2025-08-13T12:36:00.000,Street Light Out,Closed,Hubballi,15.316115,75.129663
61545394,2025-08-08T09:08:00.000,2025-08-09T10:09:56.000,Lamppost Damaged,Closed,Belagavi,15.849712,74.508583
61545433,2025-08-08T09:54:00.000,2025-08-15T10:04:00.000,Street Light Out,Closed,Bengaluru,13.078891,77.487345
61545600,2025-08-08T10:36:00.000,2025-08-13T15:59:00.000,Street Light Out,Closed,Belagavi,15.837166,74.492295
61545645,2025-08-08T15:30:00.000,2025-08-12T17:59:00.000,Street Light Out,Closed,Belagavi,15.82393,74.511647
61545680,2025-08-08T15:57:00.000,2025-08-21T15:18:49.000,Street Light Out,Closed,Belagavi,15.874229,74.534932
61545743,2025-08-08T17:51:00.000,2025-08-11T15:39:55.000,Street Light Out,Closed,Mysuru,12.317903,76.703914
61545810,2025-08-08T18:02:00.000,2025-08-12T18:45:49.000,Street Light Out,Closed,Shivamogga,13.896793,75.556065
61545823,2025-08-08T18:19:00.000,2025-08-16T16:24:30.000,Street Light Out,Closed,Mangaluru,12.859645,74.871512
61545853,2025-08-08T19:36:00.000,2025-08-10T17:08:33.000,Street Light Out,Closed,Bengaluru,13.070231,77.543803
61545871,2025-08-08T21:40:00.000,2025-09-05T14:36:00.000,Street Light Out,Closed,Bengaluru,13.000535,77.530366
61545909,2025-08-08T21:59:00.000,2025-08-12T08:26:00.000,Street Light Out,Closed,Mysuru,12.265453,76.662844
61545992,2025-08-08T22:27:00.000,2025-08-14T10:57:00.000,Street Light Out,Closed,Hubballi,15.354802,75.123161
61546014,2025-08-08T23:04:00.000,2025-08-12T16:53:02.000,Street Light Out,Closed,Mangaluru,12.86762,74.840984
61546076,2025-08-08T23:44:00.000,2025-08-12T12:10:00.000,Street Light Out,Closed,Bengaluru,12.966543,77.597398
61546254,2025-08-09T04:17:00.000,2025-08-10T16:58:00.000,Street Light Out,Closed,Bengaluru,12.974396,77.586267
61546263,2025-08-09T06:22:00.000,2025-08-11T13:27:10.000,Street Light Cycling,Closed,Mangaluru,12.88168,74.85465
61546578,2025-08-09T10:11:00.000,2025-08-10T15:57:23.000,Street Light Out,Closed,Tumakuru,13.338058,77.077147
61546601,2025-08-09T11:41:00.000,2025-08-11T09:52:00.000,Street Light Out,Closed,Bengaluru,12.954476,77.639346
61546688,2025-08-09T11:57:00.000,2025-09-10T08:03:00.000,Street Light Out,Closed,Mysuru,12.292774,76.662156
61546734,2025-08-09T11:59:00.000,2025-08-19T09:10:43.000,Street Light Out,Closed,Shivamogga,13.92866,75.559526
61546740,2025-08-09T17:39:00.000,2025-08-17T15:00:00.000,Street Light Out,Closed,Bengaluru,13.047054,77.554879
61546772,2025-08-09T18:20:00.000,2025-09-20T11:13:00.000,Street Light Out,Closed,Belagavi,15.869891,74.507121
61546974,2025-08-09T18:42:00.000,2025-09-05T11:01:07.000,Street Light Out,Closed,Bengaluru,12.984797,77.593964
61547702,2025-08-09T19:22:00.000,2025-08-11T11:05:00.000,Street Light Out,Closed,Belagavi,15.866542,74.50031
61547754,2025-08-09T19:44:00.000,2025-08-12T08:34:37.000,Street Light Out,Closed,Mangaluru,12.867927,74.85153
61547795,2025-08-09T19:50:00.000,2025-08-13T08:48:03.000,Street Light Dayburning,Closed,Mangaluru,12.887982,74.857396
61547902,2025-08-09T20:01:00.000,2025-08-12T11:40:00.000,Street Light Out,Closed,Belagavi,15.844316,74.515765
61548251,2025-08-09T20:17:00.000,2025-09-09T17:04:00.000,Street Light Out,Closed,Belagavi,15.844065,74.552371
61548297,2025-08-09T20:21:00.000,2025-08-13T16:17:00.000,Street Light Out,Closed,Mangaluru,12.921999,74.875456
61548573,2025-08-09T20:27:00.000,2025-08-15T15:55:00.000,Street Light Cycling,Closed,Bengaluru,12.968821,77.588292
61548666,2025-08-09T20:29:00.000,2025-08-12T14:47:00.000,Street Light Out,Closed,Mysuru,12.31615,76.663957
61548697,2025-08-09T20:39:00.000,2025-08-16T11:20:49.000,Street Light Out,Closed,Belagavi,15.844652,74.551971
61548730,2025-08-09T20:54:00.000,2025-08-11T12:06:07.000,Street Light Out,Closed,Mangaluru,12.888566,74.852491
61549233,2025-08-09T22:10:00.000,2025-08-12T10:29:16.000,Street Light Out,Closed,Mangaluru,12.878848,74.845279
61549236,2025-08-09T22:16:00.000,2025-08-11T17:46:24.000,Street Light Out,Closed,Tumakuru,13.340942,77.110261
61549341,2025-08-09T23:25:00.000,2025-08-12T16:48:00.000,Street Light Out,Closed,Belagavi,15.84874,74.551617
61549342,2025-08-09T23:47:00.000,2025-08-15T18:43:29.000,Street Light Out,Closed,Belagavi,15.84512,74.515808
61549605,2025-08-09T23:57:00.000,2025-08-12T13:12:59.000,Street Light Out,Closed,Tumakuru,13.345969,77.090817
61549670,2025-08-10T01:01:00.000,2025-08-30T12:18:59.000,Street Light Out,Closed,Shivamogga,13.9193,75.562879
61549825,2025-08-10T06:41:00.000,2025-08-13T18:26:43.000,Street Light Out,Closed,Bengaluru,12.971397,77.576398
61549953,2025-08-10T07:15:00.000,2025-08-17T14:51:00.000,Street Light Out,Closed,Bengaluru,12.986406,77.575452
61549964,2025-08-10T07:28:00.000,2025-08-16T14:15:00.000,Street Light Dayburning,Closed,Shivamogga,13.917985,75.5722
61550039,2025-08-10T09:03:00.000,2025-08-11T11:04:00.000,Street Light Out,Closed,Mangaluru,12.865248,74.855098
61550522,2025-08-10T09:39:00.000,2025-08-20T17:30:08.000,Street Light Out,Closed,Bengaluru,12.983901,77.591558
61550576,2025-08-10T10:50:00.000,2025-08-11T18:23:00.000,Street Light Dim,Closed,Mangaluru,12.902314,74.886441
61550849,2025-08-10T11:02:00.000,2025-08-13T11:02:41.000,Street Light Out,Closed,Tumakuru,13.324079,77.129906
61550891,2025-08-10T11:12:00.000,2025-08-12T15:04:00.000,Street Light Out,Closed,Mangaluru,12.889727,74.85455
61550896,2025-08-10T11:39:00.000,2025-08-12T08:55:00.000,Street Light Dim,Closed,Hubballi,15.349181,75.131216
61551038,2025-08-10T12:44:00.000,2025-08-12T15:50:41.000,Lamppost Damaged,Closed,Mangaluru,12.863022,74.850759
61551121,2025-08-10T16:37:00.000,2025-08-11T18:51:21.000,Street Light Out,Closed,Bengaluru,12.874391,77.568351
61551250,2025-08-10T16:39:00.000,2025-08-13T14:40:21.000,Street Light Out,Closed,Mangaluru,12.891467,74.840336
61551290,2025-08-10T19:12:00.000,2025-08-26T16:53:00.000,Street Light Out,Closed,Bengaluru,12.96805,77.614185
61551336,2025-08-10T19:17:00.000,2025-08-17T15:27:00.000,Street Light Out,Closed,Belagavi,15.828685,74.47864
61551345,2025-08-10T19:33:00.000,2025-08-21T14:35:00.000,Street Light Out,Closed,Bengaluru,12.98374,77.59194
61551361,2025-08-10T20:01:00.000,2025-08-28T08:25:34.000,Lamppost Damaged,Closed,Mangaluru,12.894744,74.85993
61551394,2025-08-10T20:18:00.000,2025-08-21T08:07:00.000,Street Light Dayburning,Closed,Belagavi,15.796106,74.489037
61551455,2025-08-10T21:16:00.000,2025-08-15T09:30:00.000,Street Light Out,Closed,Shivamogga,13.943915,75.54958
61551586,2025-08-10T22:48:00.000,2025-08-20T14:51:16.000,Street Light Cycling,Closed,Bengaluru,13.068709,77.554405
61551764,2025-08-11T00:11:00.000,2025-08-12T13:18:00.000,Street Light Out,Closed,Mangaluru,12.918559,74.844056
61552295,2025-08-11T00:13:00.000,2025-08-12T14:52:00.000,Street Light Out,Closed,Hubballi,15.357054,75.114204
61552317,2025-08-11T00:28:00.000,2025-08-19T11:35:00.000,Street Light Dayburning,Closed,Bengaluru,12.856944,77.483373
61552336,2025-08-11T01:56:00.000,2025-08-22T16:58:34.000,Street Light Out,Closed,Hubballi,15.346827,75.139422
61552473,2025-08-11T05:00:00.000,2025-08-12T12:48:22.000,Street Light Out,Closed,Tumakuru,13.340135,77.097845
61552591,2025-08-11T06:31:00.000,2025-08-14T16:46:00.000,Street Light Out,Closed,Mangaluru,12.904348,74.852246
61552653,2025-08-11T08:24:00.000,2025-08-18T17:34:00.000,Street Light Out,Closed,Mangaluru,12.929766,74.870737
61552755,2025-08-11T09:09:00.000,2025-08-15T11:00:00.000,Street Light Out,Closed,Mysuru,12.29347,76.65182
61552782,2025-08-11T10:39:00.000,2025-09-19T18:47:00.000,Street Light Out,Closed,Mangaluru,12.894007,74.852046
61552816,2025-08-11T10:41:00.000,2025-08-20T11:58:18.000,Street Light Out,Closed,Bengaluru,12.984694,77.570611
61552858,2025-08-11T12:45:00.000,2025-08-12T17:13:17.000,Street Light Out,Closed,Mangaluru,12.886201,74.846459
61552878,2025-08-11T15:41:00.000,2025-08-12T13:49:00.000,Street Light Out,Closed,Bengaluru,12.980203,77.610735
61552891,2025-08-11T17:22:00.000,2025-08-14T09:15:52.000,Street Light Out,Closed,Bengaluru,12.975129,77.591989
61552948,2025-08-11T17:45:00.000,2025-08-19T10:41:23.000,Street Light Out,Closed,Mysuru,12.283774,76.692774
61553301,2025-08-11T18:15:00.000,2025-08-23T10:53:00.000,Street Light Out,Closed,Bengaluru,13.072646,77.523677
61553528,2025-08-11T18:45:00.000,2025-08-13T14:54:14.000,Street Light Out,Closed,Mysuru,12.281502,76.64
61553857,2025-08-11T19:10:00.000,2025-08-14T18:20:00.000,Street Light Out,Closed,Mangaluru,12.894759,74.853534
61553896,2025-08-11T19:52:00.000,2025-08-18T13:29:17.000,Street Light Out,Closed,Tumakuru,13.340944,77.110193
61554051,2025-08-11T21:14:00.000,2025-08-16T14:10:50.000,Street Light Dayburning,Closed,Mangaluru,12.873327,74.846317
61554259,2025-08-11T21:33:00.000,2025-08-12T16:41:25.000,Street Light Out,Closed,Mangaluru,12.874048,74.85257
61554283,2025-08-11T22:01:00.000,2025-08-16T15:22:49.000,Street Light Out,Closed,Mysuru,12.30322,76.665396
61554392,2025-08-11T23:22:00.000,2025-08-25T18:18:00.000,Street Light Out,Closed,Belagavi,15.846847,74.553031
61554424,2025-08-12T06:54:00.000,2025-08-14T11:49:00.000,Street Light Out,Closed,Bengaluru,12.926986,77.59975
61554628,2025-08-12T06:56:00.000,2025-08-13T15:54:57.000,Street Light Out,Closed,Bengaluru,12.991922,77.561518
61555046,2025-08-12T07:15:00.000,2025-08-18T08:17:00.000,Street Light Out,Closed,Bengaluru,13.054804,77.545307
61555226,2025-08-12T07:57:00.000,2025-08-22T09:31:00.000,Street Light Dayburning,Closed,Mangaluru,12.886238,74.877205
61555446,2025-08-12T08:31:00.000,2025-08-15T11:45:00.000,Street Light Out,Closed,Bengaluru,12.985914,77.599507
61555496,2025-08-12T08:48:00.000,2025-08-21T11:18:00.000,Street Light Dayburning,Closed,Hubballi,15.35551,75.149581
61555587,2025-08-12T09:21:00.000,2025-08-19T09:33:00.000,Street Light Out,Closed,Hubballi,15.353697,75.120876
61555707,2025-08-12T09:37:00.000,2025-08-14T09:34:00.000,Street Light Out,Closed,Belagavi,15.850397,74.551872
61555959,2025-08-12T09:53:00.000,2025-08-28T15:15:00.000,Street Light Dim,Closed,Mysuru,12.332509,76.641527
61555973,2025-08-12T09:56:00.000,2025-08-19T11:38:00.000,Street Light Out,Closed,Hubballi,15.369555,75.15727
61556064,2025-08-12T10:43:00.000,2025-08-19T11:54:00.000,Street Light Out,Closed,Hubballi,15.392506,75.137867
61556259,2025-08-12T11:43:00.000,2025-08-14T18:27:32.000,Street Light Out,Closed,Shivamogga,13.916424,75.562854
61556363,2025-08-12T12:32:00.000,2025-08-20T18:41:54.000,Street Light Out,Closed,Bengaluru,12.971,77.569733
61556470,2025-08-12T12:58:00.000,2025-08-16T13:07:00.000,Street Light Out,Closed,Mangaluru,12.876078,74.841455
61556520,2025-08-12T16:31:00.000,2025-08-14T17:40:56.000,Lamppost Damaged,Closed,Mysuru,12.341244,76.635238
61556553,2025-08-12T18:02:00.000,2025-08-16T12:40:00.000,Street Light Out,Closed,Mangaluru,12.885932,74.850857
61556562,2025-08-12T18:34:00.000,2025-08-19T12:03:06.000,Street Light Out,Closed,Mangaluru,12.885037,74.843698
61556644,2025-08-12T18:52:00.000,2025-08-17T17:35:16.000,Street Light Out,Closed,Mysuru,12.290597,76.664318
61556648,2025-08-12T18:53:00.000,2025-08-24T14:09:00.000,Street Light Out,Closed,Shivamogga,13.921056,75.555129
61556757,2025-08-12T19:09:00.000,2025-08-14T13:10:00.000,Street Light Cycling,Closed,Tumakuru,13.337878,77.109142
61556915,2025-08-12T19:35:00.000,2025-08-16T10:41:42.000,Street Light Out,Closed,Hubballi,15.393625,75.137373
61556924,2025-08-12T19:37:00.000,2025-08-14T12:31:01.000,Street Light Out,Closed,Bengaluru,12.96813,77.594983
61557068,2025-08-12T19:58:00.000,2025-08-16T18:39:21.000,Street Light Out,Closed,Belagavi,15.839185,74.506006
61557139,2025-08-12T20:40:00.000,2025-09-28T14:08:16.000,Lamppost Damaged,Closed,Hubballi,15.346671,75.12776
61557897,2025-08-12T20:44:00.000,2025-08-17T08:44:00.000,Street Light Out,Closed,Shivamogga,13.913335,75.56296
61558111,2025-08-12T21:06:00.000,2025-08-17T10:14:10.000,Street Light Out,Closed,Bengaluru,13.030614,77.444259
61558113,2025-08-12T21:44:00.000,2025-08-14T16:10:01.000,Street Light Out,Closed,Tumakuru,13.365751,77.089113
61558121,2025-08-12T21:52:00.000,2025-08-14T16:57:00.000,Street Light Out,Closed,Bengaluru,12.976117,77.591585
61558139,2025-08-12T22:31:00.000,2025-08-14T10:46:00.000,Street Light Out,Closed,Mangaluru,12.893633,74.854039
61558407,2025-08-12T22:31:00.000,2025-08-20T12:02:00.000,Street Light Out,Closed,Shivamogga,13.95013,75.555723
61558483,2025-08-12T22:51:00.000,2025-09-14T12:27:13.000,Street Light Out,Closed,Hubballi,15.364131,75.112237
61558601,2025-08-13T00:17:00.000,2025-08-26T08:38:00.000,Street Light Out,Closed,Tumakuru,13.340721,77.085514
61558704,2025-08-13T08:33:00.000,2025-08-22T17:07:24.000,Street Light Out,Closed,Hubballi,15.370065,75.147397
61559075,2025-08-13T11:20:00.000,2025-08-14T17:41:59.000,Street Light Out,Closed,Mysuru,12.303476,76.663323
61559137,2025-08-13T14:47:00.000,2025-08-20T18:20:22.000,Street Light Out,Closed,Belagavi,15.848514,74.545186
61559187,2025-08-13T15:12:00.000,2025-08-25T11:48:48.000,Street Light Out,Closed,Mangaluru,12.863183,74.881996
61559262,2025-08-13T18:39:00.000,2025-08-20T12:42:17.000,Street Light Cycling,Closed,Tumakuru,13.335918,77.091453
61559290,2025-08-13T18:51:00.000,2025-09-26T10:28:00.000,Street Light Out,Closed,Mangaluru,12.873269,74.859852
61559360,2025-08-13T19:31:00.000,2025-08-16T11:47:00.000,Street Light Out,Closed,Mangaluru,12.871452,74.846357
61559617,2025-08-13T20:28:00.000,2025-08-18T13:00:59.000,Street Light Out,Closed,Belagavi,15.857745,74.512271
61559649,2025-08-13T20:51:00.000,2025-09-10T16:09:35.000,Street Light Out,Closed,Shivamogga,13.927998,75.553788
61559668,2025-08-13T22:56:00.000,2025-08-19T10:50:00.000,Street Light Out,Closed,Hubballi,15.318654,75.09952
61560070,2025-08-14T00:54:00.000,2025-08-21T17:03:33.000,Street Light Cycling,Closed,Bengaluru,12.953932,77.653305
61560103,2025-08-14T01:17:00.000,2025-08-17T16:41:38.000,Street Light Cycling,Closed,Mangaluru,12.897775,74.856424
61560130,2025-08-14T01:30:00.000,2025-08-15T15:38:42.000,Street Light Out,Closed,Hubballi,15.343424,75.107759
61560158,2025-08-14T04:53:00.000,2025-08-21T12:22:07.000,Street Light Out,Closed,Mysuru,12.336852,76.698482
61560167,2025-08-14T06:08:00.000,2025-08-17T13:27:00.000,Street Light Out,Closed,Mangaluru,12.893241,74.860716
61560273,2025-08-14T08:42:00.000,2025-08-16T10:17:00.000,Street Light Out,Closed,Mysuru,12.338252,76.647379
61560663,2025-08-14T09:43:00.000,2025-08-20T12:24:20.000,Street Light Out,Closed,Hubballi,15.344828,75.133657
61560735,2025-08-14T09:48:00.000,2025-08-16T16:42:56.000,Street Light Out,Closed,Tumakuru,13.340229,77.09931
61560810,2025-08-14T11:22:00.000,2025-08-26T18:38:00.000,Street Light Dayburning,Closed,Hubballi,15.358277,75.129268
61560902,2025-08-14T11:28:00.000,2025-08-18T18:00:00.000,Street Light Out,Closed,Mysuru,12.31452,76.68857
61560933,2025-08-14T15:00:00.000,2025-10-11T18:26:06.000,Street Light Out,Closed,Shivamogga,13.898799,75.541497
61561116,2025-08-14T17:13:00.000,2025-08-17T14:08:35.000,Street Light Out,Closed,Mysuru,12.30712,76.688098
61561169,2025-08-14T17:32:00.000,2025-08-31T11:04:00.000,Street Light Out,Closed,Mysuru,12.295452,76.664194
61561215,2025-08-14T18:04:00.000,2025-08-30T16:29:00.000,Street Light Out,Closed,Mysuru,12.321943,76.704718
61561245,2025-08-14T19:54:00.000,2025-08-20T09:32:00.000,Street Light Out,Closed,Mangaluru,12.873133,74.86225
61561354,2025-08-14T19:55:00.000,2025-09-02T11:26:00.000,Street Light Out,Closed,Bengaluru,12.983982,77.62973
61561569,2025-08-14T20:26:00.000,2025-08-16T11:51:00.000,Street Light Out,Closed,Mangaluru,12.927446,74.846929
61561657,2025-08-14T21:24:00.000,2025-08-23T10:15:40.000,Street Light Out,Closed,Bengaluru,13.041031,77.537691
61561758,2025-08-14T22:49:00.000,2025-08-17T09:29:08.000,Street Light Cycling,Closed,Belagavi,15.908591,74.556645
61561809,2025-08-14T22:52:00.000,2025-08-17T18:17:05.000,Street Light Out,Closed,Hubballi,15.34335,75.114833
61562243,2025-08-15T00:54:00.000,2025-08-18T14:35:00.000,Street Light Out,Closed,Bengaluru,12.977804,77.568872
61562347,2025-08-15T01:05:00.000,2025-08-20T11:41:26.000,Street Light Out,Closed,Mangaluru,12.902224,74.905935
61562473,2025-08-15T07:34:00.000,2025-08-18T17:42:00.000,Street Light Out,Closed,Hubballi,15.374888,75.104782
61562546,2025-08-15T07:55:00.000,2025-08-23T18:36:27.000,Street Light Out,Closed,Bengaluru,12.979698,77.575493
61562684,2025-08-15T08:15:00.000,2025-09-01T10:01:00.000,Street Light Out,Closed,Belagavi,15.845029,74.557229
61562709,2025-08-15T08:33:00.000,2025-08-16T11:50:08.000,Street Light Out,Closed,Mangaluru,12.87362,74.843899
61562728,2025-08-15T11:04:00.000,2025-08-17T08:05:28.000,Street Light Out,Closed,Bengaluru,13.019777,77.620897
61563341,2025-08-15T11:42:00.000,2025-08-24T16:35:00.000,Street Light Out,Closed,Hubballi,15.362107,75.127451
61563425,2025-08-15T13:48:00.000,2025-08-22T10:16:00.000,Street Light Dayburning,Closed,Mangaluru,12.889323,74.850921
61563574,2025-08-15T16:53:00.000,2025-08-16T15:36:40.000,Street Light Out,Closed,Hubballi,15.351007,75.139201
61563692,2025-08-15T17:13:00.000,2025-08-26T18:51:00.000,Street Light Cycling,Closed,Mangaluru,12.890566,74.877726
61563766,2025-08-15T17:37:00.000,2025-08-21T08:04:00.000,Street Light Out,Closed,Mysuru,12.277333,76.657612
61563850,2025-08-15T17:51:00.000,2025-08-26T12:17:00.000,Street Light Out,Closed,Belagavi,15.855108,74.518521
61563974,2025-08-15T18:15:00.000,2025-08-16T12:02:02.000,Street Light Out,Closed,Hubballi,15.352091,75.129636
61564068,2025-08-15T18:54:00.000,2025-08-17T15:35:12.000,Street Light Cycling,Closed,Belagavi,15.850314,74.513631
61564072,2025-08-15T18:56:00.000,2025-08-22T12:26:00.000,Street Light Out,Closed,Mangaluru,12.869782,74.858789
61564187,2025-08-15T19:03:00.000,2025-08-20T17:16:52.000,Street Light Out,Closed,Mangaluru,12.872621,74.868741
61564215,2025-08-15T19:17:00.000,2025-08-23T10:08:53.000,Street Light Out,Closed,Bengaluru,12.85204,77.497221
61564425,2025-08-15T19:38:00.000,2025-08-21T14:50:00.000,Street Light Dim,Closed,Mangaluru,12.894285,74.852613
61564777,2025-08-15T20:33:00.000,2025-09-02T10:23:49.000,Street Light Out,Closed,Belagavi,15.87353,74.523685
61564851,2025-08-15T21:12:00.000,2025-08-18T15:07:00.000,Street Light Out,Closed,Tumakuru,13.31729,77.119116
61564876,2025-08-15T21:15:00.000,2025-08-17T14:20:28.000,Street Light Out,Closed,Mangaluru,12.876035,74.86429
61564893,2025-08-15T21:37:00.000,2025-08-30T09:05:00.000,Street Light Out,Closed,Belagavi,15.866103,74.473125
61564943,2025-08-15T21:47:00.000,2025-08-18T12:12:00.000,Street Light Out,Closed,Bengaluru,13.025547,77.612421
61565463,2025-08-15T22:01:00.000,2025-08-19T18:53:04.000,Street Light Out,Closed,Bengaluru,13.063932,77.54602
61565657,2025-08-15T22:18:00.000,2025-08-21T17:19:00.000,Street Light Out,Closed,Tumakuru,13.391988,77.080752
61565837,2025-08-15T23:47:00.000,2025-08-17T16:51:00.000,Street Light Out,Closed,Mangaluru,12.873403,74.850484
61565849,2025-08-16T05:44:00.000,2025-08-19T08:52:14.000,Street Light Out,Closed,Mangaluru,12.877502,74.854223
61565934,2025-08-16T09:49:00.000,2025-08-24T11:00:00.000,Street Light Out,Closed,Tumakuru,13.354683,77.09933
61566020,2025-08-16T10:10:00.000,2025-08-21T12:57:00.000,Street Light Out,Closed,Belagavi,15.849301,74.550697
61566032,2025-08-16T10:14:00.000,2025-08-21T08:38:00.000,Street Light Out,Closed,Mysuru,12.267455,76.662599
61566186,2025-08-16T11:06:00.000,2025-08-20T11:59:08.000,Street Light Out,Closed,Belagavi,15.871823,74.49211
61566344,2025-08-16T12:11:00.000,2025-08-17T08:55:11.000,Street Light Out,Closed,Mysuru,12.290079,76.634813
61566511,2025-08-16T15:24:00.000,2025-08-20T14:15:24.000,Street Light Out,Closed,Mangaluru,12.884795,74.861104
61566892,2025-08-16T17:22:00.000,2025-09-26T11:21:05.000,Street Light Out,Closed,Mangaluru,12.902534,74.865307
61566987,2025-08-16T19:01:00.000,2025-08-25T08:49:15.000,Street Light Out,Closed,Bengaluru,12.978456,77.486209
61567158,2025-08-16T20:51:00.000,2025-08-25T16:17:05.000,Street Light Out,Closed,Bengaluru,12.991419,77.671105
61567263,2025-08-16T21:10:00.000,2025-08-18T14:59:00.000,Street Light Out,Closed,Mysuru,12.302748,76.622972
61567542,2025-08-16T21:28:00.000,2025-08-20T11:22:00.000,Street Light Out,Closed,Bengaluru,12.967899,77.5712
61567643,2025-08-16T21:31:00.000,2025-08-20T15:15:00.000,Street Light Cycling,Closed,Shivamogga,13.916655,75.558294
61567873,2025-08-16T22:14:00.000,2025-08-21T12:43:26.000,Street Light Out,Closed,Tumakuru,13.345791,77.07896
61567882,2025-08-16T23:09:00.000,2025-08-20T08:26:58.000,Street Light Out,Closed,Mangaluru,12.915166,74.851918
61567902,2025-08-16T23:37:00.000,2025-08-29T18:31:18.000,Street Light Out,Closed,Hubballi,15.365178,75.133601
61568006,2025-08-16T23:44:00.000,2025-08-30T14:29:29.000,Street Light Out,Closed,Mysuru,12.301413,76.652668
61568073,2025-08-17T03:05:00.000,2025-08-19T09:30:26.000,Street Light Out,Closed,Shivamogga,13.932606,75.575402
61568114,2025-08-17T08:20:00.000,2025-08-24T16:05:00.000,Street Light Out,Closed,Tumakuru,13.369255,77.096289
61568241,2025-08-17T08:33:00.000,2025-08-20T08:10:35.000,Street Light Out,Closed,Mangaluru,12.868073,74.87533
61568426,2025-08-17T08:52:00.000,2025-08-22T16:43:00.000,Street Light Out,Closed,Mysuru,12.336356,76.654734
61568514,2025-08-17T09:11:00.000,2025-08-21T11:51:49.000,Street Light Out,Closed,Belagavi,15.848736,74.551634
61568794,2025-08-17T09:40:00.000,2025-10-01T10:32:00.000,Street Light Out,Closed,Belagavi,15.827208,74.544715
61568879,2025-08-17T10:23:00.000,2025-08-21T18:18:19.000,Street Light Out,Closed,Bengaluru,13.045816,77.623041
61569047,2025-08-17T10:33:00.000,2025-09-06T16:14:10.000,Street Light Out,Closed,Shivamogga,13.912528,75.552505
61569058,2025-08-17T10:41:00.000,2025-08-21T11:59:00.000,Street Light Out,Closed,Bengaluru,12.920381,77.492869
61569295,2025-08-17T11:35:00.000,2025-08-29T10:29:00.000,Street Light Out,Closed,Belagavi,15.843306,74.520519
61569471,2025-08-17T16:41:00.000,2025-09-01T17:24:08.000,Street Light Out,Closed,Mysuru,12.311841,76.654362
61569560,2025-08-17T17:47:00.000,2025-08-21T09:34:49.000,Street Light Out,Closed,Bengaluru,12.982022,77.593865
61569634,2025-08-17T18:05:00.000,2025-08-22T11:38:00.000,Street Light Out,Closed,Mangaluru,12.859671,74.884653
61569636,2025-08-17T19:01:00.000,2025-08-25T10:06:00.000,Street Light Out,Closed,Bengaluru,13.056708,77.593767
61569745,2025-08-17T19:33:00.000,2025-08-22T14:25:12.000,Lamppost Damaged,Closed,Bengaluru,12.982252,77.584986
61569756,2025-08-17T19:43:00.000,2025-08-23T18:22:48.000,Street Light Out,Closed,Mangaluru,12.884615,74.839811
61569778,2025-08-17T21:13:00.000,2025-08-25T18:26:00.000,Street Light Out,Closed,Mangaluru,12.875334,74.870973
61569820,2025-08-17T22:01:00.000,2025-08-20T13:39:58.000,Street Light Out,Closed,Bengaluru,12.97762,77.587083
61569822,2025-08-17T22:02:00.000,2025-08-27T15:40:54.000,Street Light Out,Closed,Mangaluru,12.89334,74.88004
61569842,2025-08-17T23:37:00.000,2025-08-19T15:26:26.000,Street Light Out,Closed,Mangaluru,12.872059,74.851678
61569843,2025-08-18T00:55:00.000,2025-09-18T18:25:00.000,Street Light Out,Closed,Mysuru,12.263845,76.659981
61569998,2025-08-18T07:47:00.000,2025-08-29T15:54:13.000,Street Light Out,Closed,Shivamogga,13.903488,75.570083
61570100,2025-08-18T10:12:00.000,2025-08-20T11:40:22.000,Street Light Out,Closed,Tumakuru,13.379583,77.11675
61570107,2025-08-18T11:35:00.000,2025-08-28T17:27:00.000,Street Light Out,Closed,Mysuru,12.343277,76.637541
61570172,2025-08-18T12:12:00.000,2025-08-23T14:24:00.000,Street Light Out,Closed,Hubballi,15.351338,75.151953
61570440,2025-08-18T13:58:00.000,2025-09-04T11:02:57.000,Street Light Out,Closed,Belagavi,15.850367,74.551789
61570591,2025-08-18T16:11:00.000,2025-08-20T18:58:00.000,Street Light Out,Closed,Bengaluru,12.986298,77.58125
61570841,2025-08-18T18:35:00.000,2025-08-22T16:06:18.000,Street Light Out,Closed,Mangaluru,12.892976,74.855211
61570896,2025-08-18T21:23:00.000,2025-08-27T17:31:00.000,Street Light Out,Closed,Mangaluru,12.865824,74.845681
61570930,2025-08-19T00:41:00.000,2025-08-30T16:16:00.000,Street Light Out,Closed,Hubballi,15.351466,75.117331
61570934,2025-08-19T01:16:00.000,2025-08-21T09:51:33.000,Street Light Out,Closed,Belagavi,15.829486,74.507751
61571034,2025-08-19T03:19:00.000,2025-08-22T11:40:00.000,Street Light Out,Closed,Mysuru,12.308031,76.654879
61571101,2025-08-19T06:55:00.000,2025-08-26T16:03:00.000,Street Light Out,Closed,Belagavi,15.84468,74.555358
61571142,2025-08-19T07:07:00.000,2025-09-21T09:13:00.000,Street Light Out,Closed,Bengaluru,12.957582,77.692951
61571320,2025-08-19T08:13:00.000,2025-08-27T13:49:37.000,Street Light Out,Closed,Tumakuru,13.336784,77.096748
61571375,2025-08-19T08:18:00.000,2025-08-24T15:53:00.000,Street Light Out,Closed,Mangaluru,12.880195,74.860912
61571439,2025-08-19T09:18:00.000,2025-08-23T08:02:35.000,Street Light Out,Closed,Belagavi,15.844681,74.551926
61571561,2025-08-19T09:29:00.000,2025-08-27T18:14:09.000,Street Light Dayburning,Closed,Tumakuru,13.353906,77.101519
61571693,2025-08-19T09:50:00.000,2025-08-26T11:22:02.000,Street Light Out,Closed,Mangaluru,12.893328,74.84114
61571801,2025-08-19T11:35:00.000,2025-08-28T11:13:00.000,Street Light Out,Closed,Belagavi,15.882222,74.5019
61572197,2025-08-19T11:49:00.000,2025-08-26T14:41:00.000,Street Light Cycling,Closed,Bengaluru,12.974629,77.598751
61572254,2025-08-19T12:48:00.000,2025-08-22T14:16:33.000,Street Light Out,Closed,Bengaluru,13.018684,77.605515
61572397,2025-08-19T16:22:00.000,2025-08-20T11:38:16.000,Street Light Out,Closed,Belagavi,15.836192,74.511002
61572456,2025-08-19T17:49:00.000,2025-08-21T15:51:59.000,Street Light Out,Closed,Mangaluru,12.88884,74.855194
61572506,2025-08-19T18:22:00.000,2025-08-22T13:43:37.000,Street Light Out,Closed,Tumakuru,13.3521,77.107248
61572896,2025-08-19T19:01:00.000,2025-08-29T18:52:45.000,Street Light Out,Closed,Mangaluru,12.885976,74.847954
61572971,2025-08-19T19:11:00.000,2025-08-27T12:29:14.000,Street Light Out,Closed,Bengaluru,13.082091,77.538268
61573135,2025-08-19T19:43:00.000,2025-08-21T18:17:00.000,Street Light Out,Closed,Bengaluru,12.968131,77.594964
61573179,2025-08-19T19:46:00.000,2025-08-21T11:00:36.000,Street Light Out,Closed,Bengaluru,12.974462,77.58626
61573195,2025-08-19T20:26:00.000,2025-08-23T09:07:00.000,Street Light Out,Closed,Tumakuru,13.34412,77.109092
61573198,2025-08-19T23:41:00.000,2025-08-22T18:09:00.000,Street Light Out,Closed,Tumakuru,13.349894,77.118448
61573334,2025-08-20T03:04:00.000,2025-08-24T18:14:47.000,Street Light Out,Closed,Hubballi,15.339194,75.122186
61573556,2025-08-20T07:47:00.000,2025-08-24T11:00:00.000,Street Light Out,Closed,Tumakuru,13.31987,77.116221
61573635,2025-08-20T07:48:00.000,2025-08-24T08:41:00.000,Street Light Out,Closed,Hubballi,15.356674,75.147665
61573773,2025-08-20T09:56:00.000,2025-08-21T13:02:00.000,Lamppost Damaged,Closed,Bengaluru,12.978695,77.63227
61574122,2025-08-20T10:35:00.000,2025-08-23T15:10:22.000,Street Light Dayburning,Closed,Tumakuru,13.340371,77.107623
61574220,2025-08-20T12:28:00.000,2025-08-21T11:51:00.000,Street Light Out,Closed,Tumakuru,13.338096,77.077105
61574398,2025-08-20T15:41:00.000,2025-09-13T18:28:00.000,Street Light Out,Closed,Mangaluru,12.891597,74.849397
61574462,2025-08-20T16:16:00.000,2025-08-28T18:53:00.000,Street Light Out,Closed,Bengaluru,13.022333,77.582245
61574504,2025-08-20T16:32:00.000,2025-08-23T12:36:00.000,Street Light Out,Closed,Tumakuru,13.34151,77.107399
61574574,2025-08-20T17:08:00.000,2025-08-26T13:43:03.000,Street Light Out,Closed,Bengaluru,12.971232,77.609254
61574758,2025-08-20T17:56:00.000,2025-08-24T15:41:00.000,Street Light Out,Closed,Hubballi,15.365838,75.144284
61575234,2025-08-20T18:32:00.000,2025-08-24T11:10:00.000,Street Light Out,Closed,Mangaluru,12.871069,74.841353
61575513,2025-08-20T18:48:00.000,2025-08-27T10:55:00.000,Street Light Out,Closed,Mangaluru,12.872964,74.851818
61575699,2025-08-20T20:29:00.000,2025-08-29T14:59:23.000,Street Light Out,Closed,Mangaluru,12.852963,74.86351
61575934,2025-08-20T20:31:00.000,2025-08-23T08:12:00.000,Street Light Out,Closed,Mysuru,12.332399,76.649423
61575961,2025-08-20T21:02:00.000,2025-08-23T13:32:00.000,Street Light Out,Closed,Mysuru,12.305049,76.639043
61576049,2025-08-20T21:17:00.000,2025-08-23T15:35:00.000,Street Light Out,Closed,Mangaluru,12.886242,74.842847
61576052,2025-08-20T21:34:00.000,2025-09-03T08:18:44.000,Street Light Out,Closed,Tumakuru,13.339148,77.08154
61576118,2025-08-20T22:29:00.000,2025-08-29T10:35:13.000,Lamppost Damaged,Closed,Shivamogga,13.900096,75.554501
61576362,2025-08-20T22:34:00.000,2025-09-08T12:18:00.000,Street Light Out,Closed,Bengaluru,12.921731,77.640888
61576466,2025-08-20T22:34:00.000,2025-08-21T14:34:15.000,Street Light Out,Closed,Mangaluru,12.89212,74.840913
61576598,2025-08-20T23:04:00.000,2025-08-26T13:40:29.000,Street Light Out,Closed,Mangaluru,12.872857,74.843571
61576966,2025-08-20T23:24:00.000,2025-09-16T16:14:00.000,Street Light Out,Closed,Shivamogga,13.921223,75.572368
61577033,2025-08-21T00:00:00.000,2025-08-23T08:04:58.000,Street Light Out,Closed,Hubballi,15.355627,75.168441
61577320,2025-08-21T06:26:00.000,2025-08-31T14:02:00.000,Street Light Out,Closed,Shivamogga,13.924951,75.570446
61577346,2025-08-21T08:43:00.000,2025-08-23T11:19:00.000,Street Light Out,Closed,Mangaluru,12.884941,74.843769
61577436,2025-08-21T09:26:00.000,2025-08-23T18:41:00.000,Street Light Out,Closed,Mangaluru,12.899646,74.847649
61577598,2025-08-21T10:59:00.000,2025-08-28T17:54:31.000,Street Light Out,Closed,Mangaluru,12.898186,74.890139
61577771,2025-08-21T12:37:00.000,2025-08-24T16:30:00.000,Street Light Out,Closed,Mangaluru,12.894358,74.841498
61577821,2025-08-21T13:29:00.000,2025-08-24T10:30:13.000,Street Light Out,Closed,Bengaluru,12.98254,77.548927
61577864,2025-08-21T14:15:00.000,2025-09-04T17:37:00.000,Lamppost Damaged,Closed,Belagavi,15.866147,74.533596
61578241,2025-08-21T14:39:00.000,2025-08-28T10:18:00.000,Street Light Out,Closed,Mysuru,12.302816,76.667095
61578243,2025-08-21T16:36:00.000,2025-08-26T08:37:59.000,Street Light Out,Closed,Bengaluru,12.98453,77.630009
61578280,2025-08-21T17:52:00.000,2025-08-23T17:23:26.000,Street Light Out,Closed,Mangaluru,12.882012,74.858191
61578570,2025-08-21T18:01:00.000,2025-08-25T10:04:16.000,Street Light Out,Closed,Bengaluru,12.963571,77.58631
61578676,2025-08-21T18:45:00.000,2025-09-01T11:59:33.000,Street Light Out,Closed,Shivamogga,13.902853,75.556795
61578725,2025-08-21T18:49:00.000,2025-08-24T18:32:00.000,Street Light Out,Closed,Mangaluru,12.890088,74.843255
61578729,2025-08-21T19:12:00.000,2025-08-24T12:25:00.000,Street Light Out,Closed,Mangaluru,12.89356,74.861619
61578758,2025-08-21T20:07:00.000,2025-08-24T09:28:14.000,Street Light Out,Closed,Mangaluru,12.878749,74.846153
61579030,2025-08-21T20:32:00.000,2025-08-29T14:41:00.000,Street Light Cycling,Closed,Mangaluru,12.874462,74.853762
61579045,2025-08-21T21:16:00.000,2025-08-26T15:03:13.000,Street Light Out,Closed,Shivamogga,13.950441,75.555813
61579056,2025-08-21T21:19:00.000,2025-10-26T16:59:00.000,Street Light Out,Closed,Bengaluru,12.854909,77.492958
61579071,2025-08-21T21:21:00.000,2025-08-24T18:15:00.000,Street Light Out,Closed,Mangaluru,12.884979,74.850058
61579188,2025-08-21T21:24:00.000,2025-08-24T15:18:10.000,Street Light Out,Closed,Belagavi,15.859003,74.476219
61579263,2025-08-21T21:31:00.000,2025-09-05T15:36:00.000,Street Light Out,Closed,Mangaluru,12.875351,74.852815
61579406,2025-08-21T21:42:00.000,2025-08-25T11:39:00.000,Street Light Out,Closed,Mangaluru,12.881442,74.838962
61579512,2025-08-21T22:52:00.000,2025-08-23T16:15:32.000,Street Light Out,Closed,Bengaluru,12.984109,77.601385
61579760,2025-08-21T23:37:00.000,2025-09-15T13:11:34.000,Street Light Out,Closed,Bengaluru,12.998309,77.613934
61579835,2025-08-22T04:06:00.000,2025-08-23T09:31:00.000,Street Light Out,Closed,Tumakuru,13.340909,77.115165
61580084,2025-08-22T04:34:00.000,2025-08-25T16:10:39.000,Street Light Out,Closed,Shivamogga,13.926818,75.547543
61580109,2025-08-22T06:50:00.000,2025-08-28T15:59:00.000,Street Light Out,Closed,Bengaluru,12.975822,77.570444
61580152,2025-08-22T07:32:00.000,2025-08-25T18:22:00.000,Street Light Dim,Closed,Mangaluru,12.91935,74.853206
61580549,2025-08-22T07:38:00.000,2025-08-24T08:23:00.000,Street Light Out,Closed,Mangaluru,12.917572,74.846618
61580635,2025-08-22T08:22:00.000,2025-09-11T15:08:00.000,Street Light Out,Closed,Shivamogga,13.935462,75.543267
61580778,2025-08-22T08:47:00.000,2025-08-25T12:58:00.000,Street Light Out,Closed,Mangaluru,12.885552,74.855565
61580826,2025-08-22T09:18:00.000,2025-09-08T13:50:00.000,Street Light Out,Closed,Shivamogga,13.926283,75.558198
61580858,2025-08-22T10:26:00.000,2025-08-26T08:29:00.000,Street Light Out,Closed,Bengaluru,12.972198,77.604449
61580879,2025-08-22T10:31:00.000,2025-08-24T18:23:00.000,Street Light Out,Closed,Bengaluru,12.965208,77.581113
61581153,2025-08-22T10:40:00.000,2025-08-24T09:30:21.000,Street Light Out,Closed,Mangaluru,12.871658,74.855749
61581177,2025-08-22T10:46:00.000,2025-09-13T15:36:00.000,Street Light Out,Closed,Shivamogga,13.920792,75.566507
61581211,2025-08-22T15:38:00.000,2025-08-23T15:31:00.000,Street Light Out,Closed,Bengaluru,12.968835,77.585682
61581271,2025-08-22T17:32:00.000,2025-08-25T13:06:00.000,Street Light Out,Closed,Mysuru,12.314748,76.696318
61581302,2025-08-22T18:16:00.000,2025-08-31T08:13:00.000,Street Light Out,Closed,Bengaluru,12.904571,77.592569
61581379,2025-08-22T18:32:00.000,2025-08-26T12:21:25.000,Street Light Out,Closed,Mangaluru,12.886108,74.845795
61581444,2025-08-22T18:39:00.000,2025-08-24T17:31:00.000,Street Light Out,Closed,Belagavi,15.848662,74.510039
61581517,2025-08-22T18:45:00.000,2025-08-29T08:15:00.000,Street Light Out,Closed,Tumakuru,13.342078,77.109635
61581545,2025-08-22T19:17:00.000,2025-08-28T08:06:00.000,Street Light Out,Closed,Tumakuru,13.329987,77.093549
61581699,2025-08-22T20:02:00.000,2025-08-27T15:16:09.000,Street Light Out,Closed,Mangaluru,12.8479,74.867301
61581808,2025-08-22T20:19:00.000,2025-08-27T15:35:00.000,Street Light Dayburning,Closed,Mysuru,12.32218,76.649111
61581902,2025-08-22T20:29:00.000,2025-08-25T17:26:00.000,Street Light Out,Closed,Bengaluru,12.977093,77.617916
61581903,2025-08-22T20:33:00.000,2025-09-15T10:17:11.000,Street Light Out,Closed,Mangaluru,12.879402,74.841289
61582177,2025-08-22T20:52:00.000,2025-09-01T09:41:00.000,Street Light Out,Closed,Bengaluru,12.999812,77.590111
61582401,2025-08-22T21:16:00.000,2025-08-25T08:01:58.000,Street Light Out,Closed,Belagavi,15.877655,74.528938
61582480,2025-08-22T22:14:00.000,2025-09-02T15:36:31.000,Street Light Out,Closed,Belagavi,15.821485,74.470589
61582701,2025-08-22T23:05:00.000,2025-08-27T10:25:00.000,Street Light Out,Closed,Mysuru,12.338195,76.647337
61582821,2025-08-23T01:53:00.000,2025-08-25T11:48:00.000,Street Light Out,Closed,Mangaluru,12.896755,74.858191
61582875,2025-08-23T07:37:00.000,2025-08-24T12:54:07.000,Street Light Out,Closed,Mangaluru,12.868585,74.84808
61583167,2025-08-23T08:11:00.000,2025-08-29T18:44:00.000,Street Light Out,Closed,Mangaluru,12.866703,74.851296
61583233,2025-08-23T08:18:00.000,2025-08-31T15:09:00.000,Street Light Out,Closed,Bengaluru,12.914254,77.572294
61583509,2025-08-23T08:28:00.000,2025-08-30T11:43:41.000,Street Light Out,Closed,Bengaluru,12.901135,77.537889
61583538,2025-08-23T08:37:00.000,2025-08-24T15:31:31.000,Street Light Out,Closed,Belagavi,15.870213,74.469075
61583553,2025-08-23T11:20:00.000,2025-09-02T12:16:20.000,Street Light Out,Closed,Hubballi,15.331653,75.133877
61583799,2025-08-23T13:15:00.000,2025-08-30T17:24:00.000,Street Light Out,Closed,Tumakuru,13.338041,77.109748
61584215,2025-08-23T15:35:00.000,2025-08-26T15:43:00.000,Street Light Out,Closed,Shivamogga,13.918296,75.560354
61584296,2025-08-23T16:31:00.000,2025-08-25T18:08:55.000,Street Light Out,Closed,Mangaluru,12.886274,74.877218
61584354,2025-08-23T16:39:00.000,2025-08-26T16:14:00.000,Street Light Out,Closed,Mangaluru,12.916637,74.846793
61584375,2025-08-23T17:01:00.000,2025-09-08T09:36:00.000,Street Light Out,Closed,Shivamogga,13.950161,75.555717
61584404,2025-08-23T17:20:00.000,2025-08-24T08:37:44.000,Street Light Out,Closed,Tumakuru,13.336779,77.101577
61584419,2025-08-23T17:45:00.000,2025-08-27T14:05:00.000,Street Light Out,Closed,Hubballi,15.356008,75.149812
61584697,2025-08-23T17:51:00.000,2025-08-27T11:04:50.000,Street Light Out,Closed,Mangaluru,12.89808,74.849943
61585076,2025-08-23T18:05:00.000,2025-08-31T10:31:00.000,Street Light Out,Closed,Mangaluru,12.873051,74.850929
61585224,2025-08-23T18:54:00.000,2025-09-04T15:45:00.000,Street Light Out,Closed,Shivamogga,13.915551,75.579136
61585286,2025-08-23T19:09:00.000,2025-08-26T09:10:30.000,Street Light Out,Closed,Mangaluru,12.884831,74.861126
61585344,2025-08-23T19:43:00.000,2025-08-25T11:20:00.000,Street Light Out,Closed,Bengaluru,12.972471,77.604393
61585436,2025-08-23T19:54:00.000,2025-08-29T12:53:41.000,Street Light Out,Closed,Bengaluru,12.972147,77.583816
61585543,2025-08-23T20:15:00.000,2025-08-26T16:02:16.000,Street Light Out,Closed,Hubballi,15.359355,75.118418
61585737,2025-08-23T20:52:00.000,2025-09-04T08:46:29.000,Street Light Out,Closed,Shivamogga,13.927503,75.554968
61585764,2025-08-23T20:54:00.000,2025-09-01T12:26:00.000,Street Light Dayburning,Closed,Shivamogga,13.923733,75.576028
61585782,2025-08-23T22:56:00.000,2025-08-27T17:01:00.000,Street Light Out,Closed,Mangaluru,12.886139,74.844777
61585794,2025-08-23T23:23:00.000,2025-08-30T08:11:00.000,Street Light Out,Closed,Mangaluru,12.888289,74.852371
61585985,2025-08-23T23:41:00.000,2025-08-31T12:59:59.000,Street Light Out,Closed,Belagavi,15.850255,74.515267
61586080,2025-08-24T07:16:00.000,2025-09-05T16:31:00.000,Street Light Out,Closed,Mangaluru,12.87321,74.862295
61586182,2025-08-24T07:45:00.000,2025-09-01T09:14:23.000,Street Light Out,Closed,Mangaluru,12.889123,74.852186
61586225,2025-08-24T09:22:00.000,2025-08-28T11:58:18.000,Street Light Out,Closed,Tumakuru,13.39008,77.127363
61586246,2025-08-24T09:36:00.000,2025-09-05T16:07:03.000,Street Light Out,Closed,Bengaluru,12.975811,77.57801
61586345,2025-08-24T09:49:00.000,2025-09-02T12:36:26.000,Street Light Out,Closed,Mangaluru,12.899664,74.847671
61586364,2025-08-24T10:08:00.000,2025-08-31T11:28:00.000,Street Light Out,Closed,Bengaluru,12.981084,77.639522
61586475,2025-08-24T10:50:00.000,2025-09-08T09:33:00.000,Street Light Out,Closed,Shivamogga,13.961421,75.570049
61586487,2025-08-24T11:54:00.000,2025-08-26T17:01:00.000,Street Light Out,Closed,Tumakuru,13.352395,77.074383
61586691,2025-08-24T14:29:00.000,2025-08-29T15:06:00.000,Street Light Out,Closed,Tumakuru,13.347262,77.106558
61586792,2025-08-24T16:55:00.000,2025-09-01T09:52:22.000,Street Light Out,Closed,Mangaluru,12.872032,74.847273
61587106,2025-08-24T18:16:00.000,2025-10-07T18:51:00.000,Street Light Out,Closed,Bengaluru,13.074819,77.539708
61587244,2025-08-24T18:47:00.000,2025-08-30T09:21:04.000,Street Light Out,Closed,Shivamogga,13.925933,75.557847
61587324,2025-08-24T19:01:00.000,2025-09-02T18:34:46.000,Street Light Out,Closed,Belagavi,15.884713,74.500434
61587358,2025-08-24T19:27:00.000,2025-08-31T09:06:00.000,Street Light Out,Closed,Mysuru,12.347072,76.66053
61587415,2025-08-24T19:28:00.000,2025-08-29T15:12:23.000,Street Light Out,Closed,Mangaluru,12.893158,74.860831
61587541,2025-08-24T19:52:00.000,2025-09-10T10:01:00.000,Street Light Out,Closed,Mangaluru,12.884916,74.843747
61587608,2025-08-24T21:05:00.000,2025-08-27T15:08:00.000,Street Light Out,Closed,Bengaluru,12.966132,77.577744
61587661,2025-08-24T21:44:00.000,2025-08-30T09:41:38.000,Street Light Out,Closed,Hubballi,15.35148,75.142002
61587668,2025-08-24T23:02:00.000,2025-08-30T14:03:35.000,Street Light Dayburning,Closed,Belagavi,15.848495,74.497097
61587917,2025-08-24T23:24:00.000,2025-08-27T13:18:52.000,Street Light Out,Closed,Mangaluru,12.891444,74.840352
61587947,2025-08-25T00:50:00.000,2025-08-28T13:53:00.000,Street Light Out,Closed,Mysuru,12.304843,76.658671
61588058,2025-08-25T07:41:00.000,2025-08-27T17:51:56.000,Street Light Out,Closed,Mysuru,12.294251,76.660104
61588145,2025-08-25T09:22:00.000,2025-08-30T13:09:00.000,Street Light Out,Closed,Mangaluru,12.867612,74.840958
61588438,2025-08-25T09:22:00.000,2025-08-27T16:48:00.000,Street Light Out,Closed,Tumakuru,13.337929,77.107581
61588675,2025-08-25T09:42:00.000,2025-08-28T12:43:00.000,Street Light Out,Closed,Belagavi,15.831105,74.49978
61588727,2025-08-25T10:42:00.000,2025-08-31T12:08:00.000,Street Light Out,Closed,Belagavi,15.876291,74.455699
61588987,2025-08-25T10:50:00.000,2025-09-12T15:12:46.000,Street Light Out,Closed,Shivamogga,13.919755,75.569121
61589063,2025-08-25T10:58:00.000,2025-08-28T16:28:00.000,Street Light Out,Closed,Tumakuru,13.337888,77.109136
61589172,2025-08-25T13:49:00.000,2025-09-03T09:50:00.000,Street Light Out,Closed,Belagavi,15.849213,74.49176
61589466,2025-08-25T15:07:00.000,2025-08-27T13:12:00.000,Street Light Out,Closed,Mangaluru,12.871068,74.841365
61589560,2025-08-25T16:11:00.000,2025-08-29T17:06:57.000,Street Light Out,Closed,Shivamogga,13.9232,75.56412
61589565,2025-08-25T16:20:00.000,2025-08-30T14:48:00.000,Street Light Out,Closed,Mysuru,12.301915,76.588893
61589595,2025-08-25T16:43:00.000,2025-09-04T13:24:00.000,Street Light Out,Closed,Belagavi,15.849588,74.552181
61589647,2025-08-25T18:19:00.000,2025-08-27T08:17:58.000,Street Light Out,Closed,Bengaluru,12.970189,77.584415
61589716,2025-08-25T19:29:00.000,2025-08-29T15:30:31.000,Street Light Out,Closed,Mangaluru,12.87609,74.841416
61589797,2025-08-25T20:49:00.000,2025-09-02T14:04:01.000,Street Light Out,Closed,Bengaluru,12.861684,77.61268
61589827,2025-08-25T22:12:00.000,2025-10-07T08:14:00.000,Street Light Dayburning,Closed,Mangaluru,12.880187,74.860939
61589891,2025-08-25T23:35:00.000,2025-09-08T14:58:00.000,Street Light Out,Closed,Mangaluru,12.880775,74.845781
61590112,2025-08-25T23:40:00.000,2025-08-31T08:14:00.000,Street Light Out,Closed,Shivamogga,13.92987,75.579643
61590116,2025-08-26T00:43:00.000,2025-08-28T15:10:00.000,Street Light Out,Closed,Mangaluru,12.878887,74.845299
61590262,2025-08-26T01:03:00.000,2025-08-28T17:07:27.000,Lamppost Damaged,Closed,Bengaluru,12.935773,77.568298
61590281,2025-08-26T04:52:00.000,2025-09-25T16:50:00.000,Street Light Out,Closed,Belagavi,15.871781,74.492076
61590352,2025-08-26T04:52:00.000,2025-08-29T10:46:00.000,Street Light Out,Closed,Belagavi,15.882109,74.500141
61590439,2025-08-26T05:14:00.000,2025-09-06T12:41:00.000,Street Light Out,Closed,Tumakuru,13.331186,77.104899
61590751,2025-08-26T06:57:00.000,2025-09-05T13:15:00.000,Street Light Out,Closed,Mysuru,12.26162,76.653955
61590840,2025-08-26T07:00:00.000,2025-09-02T08:03:00.000,Street Light Out,Closed,Bengaluru,12.941752,77.52283
61590955,2025-08-26T07:32:00.000,2025-08-31T14:08:00.000,Street Light Out,Closed,Belagavi,15.847265,74.514574
61591007,2025-08-26T07:51:00.000,2025-08-29T15:09:00.000,Street Light Out,Closed,Bengaluru,12.973054,77.594264
61591119,2025-08-26T08:09:00.000,2025-08-28T14:20:42.000,Street Light Out,Closed,Mysuru,12.304331,76.670292
61591229,2025-08-26T08:45:00.000,2025-08-27T15:21:00.000,Street Light Out,Closed,Shivamogga,13.925805,75.570345
61591280,2025-08-26T09:16:00.000,2025-09-01T09:25:00.000,Street Light Out,Closed,Mangaluru,12.87676,74.854825
61591690,2025-08-26T09:26:00.000,2025-08-31T16:31:59.000,Street Light Out,Closed,Hubballi,15.338791,75.139853
61591854,2025-08-26T10:13:00.000,2025-09-02T17:03:13.000,Street Light Out,Closed,Bengaluru,13.025131,77.510517
61591881,2025-08-26T10:20:00.000,2025-08-29T08:46:00.000,Street Light Out,Closed,Bengaluru,12.972668,77.5904
61591888,2025-08-26T10:38:00.000,2025-08-29T18:05:00.000,Street Light Out,Closed,Belagavi,15.842579,74.484787
61591966,2025-08-26T10:45:00.000,2025-09-06T14:00:00.000,Street Light Out,Closed,Shivamogga,13.923495,75.533206
61592090,2025-08-26T10:47:00.000,2025-09-05T18:41:00.000,Street Light Out,Closed,Hubballi,15.349241,75.140852
61592169,2025-08-26T16:08:00.000,2025-09-09T16:37:00.000,Street Light Out,Closed,Mangaluru,12.873598,74.843877
61592208,2025-08-26T17:04:00.000,2025-08-29T09:53:16.000,Street Light Cycling,Closed,Mangaluru,12.899486,74.86228
61592251,2025-08-26T18:09:00.000,2025-10-26T10:59:58.000,Street Light Out,Closed,Tumakuru,13.360468,77.092605
61592273,2025-08-26T18:26:00.000,2025-09-03T08:27:00.000,Street Light Out,Closed,Bengaluru,13.063194,77.62287
61592287,2025-08-26T19:10:00.000,2025-08-29T09:53:00.000,Street Light Out,Closed,Tumakuru,13.336805,77.101581
61592377,2025-08-26T19:29:00.000,2025-09-05T17:05:00.000,Street Light Out,Closed,Bengaluru,13.034792,77.562916
61592409,2025-08-26T19:35:00.000,2025-08-29T17:34:00.000,Street Light Out,Closed,Bengaluru,12.957192,77.633144
61592517,2025-08-26T19:49:00.000,2025-08-30T08:58:00.000,Street Light Out,Closed,Hubballi,15.356571,75.094425
61592567,2025-08-26T20:05:00.000,2025-08-28T13:09:22.000,Street Light Out,Closed,Hubballi,15.35302,75.131536
61592580,2025-08-26T21:49:00.000,2025-09-01T11:17:00.000,Street Light Out,Closed,Shivamogga,13.966126,75.553636
61592621,2025-08-26T21:49:00.000,2025-09-08T14:34:09.000,Street Light Out,Closed,Hubballi,15.35247,75.11535
61592767,2025-08-26T21:57:00.000,2025-10-25T09:22:27.000,Street Light Cycling,Closed,Mysuru,12.257677,76.659559
61592793,2025-08-26T23:08:00.000,2025-08-28T16:14:00.000,Lamppost Damaged,Closed,Hubballi,15.355747,75.137642
61592844,2025-08-27T00:29:00.000,2025-08-31T08:05:00.000,Street Light Out,Closed,Mangaluru,12.880242,74.841522
61592883,2025-08-27T02:40:00.000,2025-08-28T15:25:00.000,Street Light Out,Closed,Hubballi,15.366216,75.148864
61592908,2025-08-27T04:53:00.000,2025-09-03T12:15:59.000,Street Light Out,Closed,Mangaluru,12.860361,74.891326
61592916,2025-08-27T06:01:00.000,2025-08-28T16:29:38.000,Street Light Out,Closed,Shivamogga,13.930075,75.558571
61593162,2025-08-27T06:11:00.000,2025-09-01T17:58:00.000,Street Light Out,Closed,Hubballi,15.396029,75.141094
61593247,2025-08-27T07:21:00.000,2025-09-11T11:24:18.000,Street Light Out,Closed,Hubballi,15.390366,75.146327
61593381,2025-08-27T07:31:00.000,2025-09-04T16:09:00.000,Street Light Out,Closed,Mangaluru,12.88336,74.886815
61593534,2025-08-27T08:16:00.000,2025-08-30T17:29:01.000,Street Light Out,Closed,Mangaluru,12.910677,74.852243
61593578,2025-08-27T11:35:00.000,2025-09-13T15:54:00.000,Street Light Out,Closed,Belagavi,15.846762,74.556158
61593792,2025-08-27T11:46:00.000,2025-09-02T16:59:00.000,Street Light Out,Closed,Tumakuru,13.356762,77.089351
61593932,2025-08-27T11:53:00.000,2025-09-07T16:27:00.000,Street Light Out,Closed,Mysuru,12.312371,76.663831
61594057,2025-08-27T12:26:00.000,2025-09-01T10:14:00.000,Street Light Out,Closed,Shivamogga,13.949948,75.545191
61594452,2025-08-27T15:03:00.000,2025-09-03T08:20:00.000,Street Light Out,Closed,Bengaluru,13.024216,77.520092
61594560,2025-08-27T16:02:00.000,2025-09-01T13:18:00.000,Street Light Out,Closed,Bengaluru,12.861142,77.500213
61594750,2025-08-27T16:21:00.000,2025-09-04T09:28:00.000,Street Light Out,Closed,Belagavi,15.870162,74.469057
61594996,2025-08-27T17:38:00.000,2025-09-08T16:47:00.000,Street Light Out,Closed,Bengaluru,13.048895,77.510952
61595082,2025-08-27T18:14:00.000,2025-08-29T14:09:00.000,Street Light Out,Closed,Mysuru,12.317726,76.687427
61595287,2025-08-27T18:49:00.000,2025-08-29T11:46:00.000,Street Light Out,Closed,Mangaluru,12.847874,74.867276
61595817,2025-08-27T20:16:00.000,2025-08-30T08:05:57.000,Street Light Out,Closed,Tumakuru,13.324307,77.099586
61595930,2025-08-27T20:27:00.000,2025-10-03T13:37:00.000,Street Light Out,Closed,Bengaluru,13.07531,77.517191
61596186,2025-08-27T21:46:00.000,2025-09-01T15:45:00.000,Street Light Out,Closed,Bengaluru,12.986026,77.558595
61596210,2025-08-27T21:47:00.000,2025-10-19T08:15:58.000,Street Light Dim,Closed,Belagavi,15.848553,74.509972
61596537,2025-08-27T22:30:00.000,2025-09-07T08:10:00.000,Street Light Out,Closed,Belagavi,15.850393,74.554351
61596604,2025-08-27T22:32:00.000,2025-09-01T11:36:42.000,Street Light Out,Closed,Tumakuru,13.337969,77.107607
61596800,2025-08-27T22:33:00.000,2025-09-03T11:36:00.000,Street Light Out,Closed,Bengaluru,12.964407,77.652264
61597097,2025-08-27T23:37:00.000,2025-09-02T08:39:00.000,Street Light Out,Closed,Mangaluru,12.86833,74.863719
61597183,2025-08-27T23:43:00.000,2025-09-03T08:38:36.000,Street Light Out,Closed,Bengaluru,13.017172,77.561764
61597694,2025-08-27T23:53:00.000,2025-09-02T09:52:00.000,Street Light Out,Closed,Mysuru,12.304453,76.658041
61597774,2025-08-27T23:59:00.000,2025-09-01T12:18:00.000,Street Light Out,Closed,Mangaluru,12.886792,74.840333
61597827,2025-08-28T00:18:00.000,2025-08-30T13:40:24.000,Street Light Out,Closed,Shivamogga,13.892224,75.554931
61598024,2025-08-28T01:33:00.000,2025-08-30T09:11:00.000,Street Light Out,Closed,Tumakuru,13.343112,77.098676
61598046,2025-08-28T03:06:00.000,2025-09-08T09:40:45.000,Street Light Out,Closed,Bengaluru,12.860291,77.651254
61598073,2025-08-28T08:29:00.000,2025-09-13T14:38:34.000,Street Light Out,Closed,Bengaluru,12.946158,77.520418
61598343,2025-08-28T09:12:00.000,2025-08-30T10:35:00.000,Street Light Out,Closed,Hubballi,15.356396,75.156055
61598526,2025-08-28T09:22:00.000,2025-08-30T17:50:00.000,Street Light Out,Closed,Mangaluru,12.927443,74.846884
61598869,2025-08-28T15:02:00.000,2025-09-03T18:18:00.000,Street Light Out,Closed,Mangaluru,12.815534,74.849433
61598976,2025-08-28T15:48:00.000,2025-08-29T15:36:22.000,Street Light Out,Closed,Bengaluru,13.065776,77.52766
61599281,2025-08-28T16:46:00.000,2025-09-03T17:19:00.000,Street Light Out,Closed,Hubballi,15.352999,75.147528
61599298,2025-08-28T17:33:00.000,2025-09-08T09:34:00.000,Street Light Out,Closed,Belagavi,15.845967,74.551276
61599389,2025-08-28T17:41:00.000,2025-10-14T10:48:00.000,Street Light Out,Closed,Tumakuru,13.32049,77.091494
61599699,2025-08-28T18:02:00.000,2025-09-04T16:37:55.000,Street Light Out,Closed,Hubballi,15.346984,75.14345
61599762,2025-08-28T18:36:00.000,2025-09-02T15:24:39.000,Street Light Out,Closed,Tumakuru,13.339966,77.105887
61599902,2025-08-28T19:06:00.000,2025-08-30T08:16:22.000,Street Light Out,Closed,Bengaluru,13.023675,77.615345
61600129,2025-08-28T19:33:00.000,2025-08-29T15:36:38.000,Street Light Out,Closed,Mysuru,12.281298,76.638444
61600166,2025-08-28T19:43:00.000,2025-09-12T08:44:00.000,Street Light Out,Closed,Shivamogga,13.915282,75.537609
61600798,2025-08-28T19:46:00.000,2025-08-30T13:14:31.000,Street Light Dim,Closed,Tumakuru,13.33077,77.108437
61600883,2025-08-28T20:45:00.000,2025-09-05T15:13:00.000,Street Light Cycling,Closed,Mysuru,12.301318,76.651572
61600896,2025-08-28T21:55:00.000,2025-09-02T18:22:12.000,Street Light Out,Closed,Hubballi,15.367643,75.158398
61600917,2025-08-28T22:17:00.000,2025-08-31T08:03:00.000,Street Light Cycling,Closed,Bengaluru,12.976046,77.591404
61600982,2025-08-28T23:46:00.000,2025-09-01T16:17:43.000,Street Light Out,Closed,Bengaluru,12.964672,77.602048
61601074,2025-08-29T02:57:00.000,2025-08-30T08:10:00.000,Street Light Cycling,Closed,Mangaluru,12.924081,74.872629
61601123,2025-08-29T04:24:00.000,2025-09-05T15:38:00.000,Street Light Out,Closed,Tumakuru,13.353833,77.101589
61601453,2025-08-29T10:07:00.000,2025-09-04T15:18:00.000,Street Light Out,Closed,Belagavi,15.861875,74.483466
61601683,2025-08-29T12:09:00.000,2025-09-06T08:14:33.000,Street Light Out,Closed,Mangaluru,12.884813,74.853653
61601693,2025-08-29T12:48:00.000,2025-09-04T16:14:04.000,Street Light Out,Closed,Hubballi,15.397228,75.138697
61601800,2025-08-29T16:01:00.000,2025-09-09T17:45:35.000,Street Light Out,Closed,Mysuru,12.265417,76.655443
61601957,2025-08-29T16:36:00.000,2025-09-02T17:24:00.000,Street Light Out,Closed,Tumakuru,13.337655,77.108234
61601979,2025-08-29T17:24:00.000,2025-08-31T09:03:35.000,Street Light Out,Closed,Bengaluru,12.963213,77.596799
61602029,2025-08-29T18:56:00.000,2025-09-08T13:04:02.000,Street Light Out,Closed,Hubballi,15.346964,75.127572
61602057,2025-08-29T19:00:00.000,2025-09-02T15:29:46.000,Street Light Cycling,Closed,Mangaluru,12.8701,74.844813
61602125,2025-08-29T19:02:00.000,2025-08-31T18:19:08.000,Street Light Cycling,Closed,Mangaluru,12.904628,74.845489
61602189,2025-08-29T19:10:00.000,2025-09-04T10:14:15.000,Street Light Out,Closed,Mangaluru,12.882981,74.850565
61602250,2025-08-29T20:07:00.000,2025-09-02T16:23:02.000,Street Light Out,Closed,Tumakuru,13.345853,77.090836
61602269,2025-08-29T20:16:00.000,2025-09-21T17:20:00.000,Street Light Out,Closed,Bengaluru,12.982943,77.55255
61602851,2025-08-29T20:46:00.000,2025-10-08T18:16:00.000,Street Light Out,Closed,Mangaluru,12.904894,74.853153
61602937,2025-08-29T21:56:00.000,2025-09-06T10:28:43.000,Street Light Out,Closed,Mangaluru,12.881182,74.886888
61603042,2025-08-29T22:16:00.000,2025-09-05T08:44:29.000,Street Light Out,Closed,Bengaluru,13.016634,77.615444
61603082,2025-08-30T02:36:00.000,2025-09-04T12:54:41.000,Street Light Out,Closed,Mangaluru,12.893298,74.880104
61603462,2025-08-30T05:23:00.000,2025-09-03T12:15:00.000,Street Light Out,Closed,Mangaluru,12.917574,74.846606
61603467,2025-08-30T05:54:00.000,2025-09-12T08:32:03.000,Street Light Dayburning,Closed,Belagavi,15.84159,74.55871
61603736,2025-08-30T07:20:00.000,2025-09-05T13:03:30.000,Street Light Out,Closed,Bengaluru,12.98473,77.595223
61603944,2025-08-30T08:07:00.000,2025-08-31T14:36:00.000,Street Light Out,Closed,Bengaluru,12.986364,77.586039
61603948,2025-08-30T10:38:00.000,2025-09-07T13:47:35.000,Street Light Out,Closed,Mysuru,12.258215,76.6471
61604079,2025-08-30T10:57:00.000,2025-09-07T17:06:03.000,Street Light Out,Closed,Mysuru,12.299543,76.656592
61604348,2025-08-30T11:24:00.000,2025-09-06T08:58:00.000,Street Light Out,Closed,Belagavi,15.846909,74.550574
61604479,2025-08-30T12:02:00.000,2025-09-05T15:53:53.000,Street Light Out,Closed,Belagavi,15.846779,74.556668
61604518,2025-08-30T13:37:00.000,2025-09-01T13:11:00.000,Street Light Out,Closed,Mangaluru,12.871084,74.843192
61604541,2025-08-30T15:13:00.000,2025-09-06T15:47:00.000,Street Light Out,Closed,Mysuru,12.33249,76.641488
61605005,2025-08-30T17:00:00.000,2025-09-08T16:51:12.000,Street Light Out,Closed,Bengaluru,12.973066,77.572193
61605223,2025-08-30T17:15:00.000,2025-09-09T09:42:00.000,Street Light Out,Closed,Mysuru,12.295074,76.663511
61605306,2025-08-30T18:46:00.000,2025-09-01T09:18:20.000,Street Light Out,Closed,Belagavi,15.877504,74.498994
61605428,2025-08-30T19:56:00.000,2025-09-03T09:11:43.000,Street Light Out,Closed,Belagavi,15.85332,74.484501
61605480,2025-08-30T21:42:00.000,2025-09-01T16:45:00.000,Street Light Out,Closed,Mangaluru,12.873326,74.850481
61605531,2025-08-30T23:16:00.000,2025-10-25T09:26:00.000,Street Light Out,Closed,Bengaluru,12.980098,77.587022
61606025,2025-08-31T00:37:00.000,2025-09-08T14:13:00.000,Street Light Out,Closed,Mangaluru,12.916675,74.856041
61606132,2025-08-31T02:52:00.000,2025-09-03T15:58:07.000,Street Light Out,Closed,Mangaluru,12.8908,74.84933
61606173,2025-08-31T10:35:00.000,2025-09-10T10:04:37.000,Street Light Out,Closed,Mangaluru,12.871093,74.841426
61606206,2025-08-31T12:00:00.000,2025-09-09T17:10:00.000,Street Light Out,Closed,Mysuru,12.336433,76.654692
61606465,2025-08-31T17:33:00.000,2025-09-03T13:08:00.000,Street Light Out,Closed,Mangaluru,12.882273,74.859791
61606485,2025-08-31T17:48:00.000,2025-09-01T14:50:47.000,Street Light Out,Closed,Mangaluru,12.886325,74.84278
61606603,2025-08-31T19:10:00.000,2025-09-03T08:18:00.000,Street Light Out,Closed,Bengaluru,12.965174,77.581487
61606649,2025-08-31T19:15:00.000,2025-09-18T11:33:00.000,Street Light Cycling,Closed,Shivamogga,13.919494,75.593779
61606666,2025-08-31T20:03:00.000,2025-09-05T17:29:00.000,Street Light Out,Closed,Mangaluru,12.912186,74.855288
61606771,2025-08-31T20:50:00.000,2025-09-01T13:41:18.000,Street Light Out,Closed,Mangaluru,12.867896,74.855951
61606795,2025-08-31T20:54:00.000,2025-09-12T09:23:00.000,Street Light Out,Closed,Shivamogga,13.925968,75.557829
61606821,2025-08-31T21:05:00.000,2025-10-31T16:25:00.000,Street Light Cycling,Closed,Belagavi,15.848374,74.524363
61606856,2025-08-31T22:35:00.000,2025-11-07T18:32:00.000,Street Light Out,Closed,Hubballi,15.393627,75.137435
61606859,2025-09-01T02:25:00.000,2025-09-04T09:12:06.000,Street Light Dayburning,Closed,Mangaluru,12.878745,74.846164
61607392,2025-09-01T06:40:00.000,2025-09-03T14:41:02.000,Street Light Out,Closed,Mysuru,12.338241,76.647294
61607457,2025-09-01T07:20:00.000,2025-09-07T11:55:00.000,Street Light Out,Closed,Belagavi,15.827983,74.501268
61607673,2025-09-01T07:27:00.000,2025-09-03T17:47:00.000,Street Light Out,Closed,Hubballi,15.357923,75.165835
61607858,2025-09-01T08:17:00.000,2025-09-05T16:30:09.000,Street Light Out,Closed,Mysuru,12.304529,76.665725
61608040,2025-09-01T10:24:00.000,2025-09-05T14:07:00.000,Street Light Out,Closed,Mysuru,12.305088,76.639034
61608041,2025-09-01T10:41:00.000,2025-09-06T18:00:00.000,Street Light Out,Closed,Mangaluru,12.891473,74.840371
61608180,2025-09-01T11:54:00.000,2025-09-05T11:50:00.000,Street Light Out,Closed,Bengaluru,13.024033,77.625834
61608231,2025-09-01T15:13:00.000,2025-09-06T18:42:24.000,Street Light Out,Closed,Mangaluru,12.89823,74.890152
61608240,2025-09-01T15:38:00.000,2025-09-03T09:08:30.000,Street Light Out,Closed,Mysuru,12.310883,76.669898
61608259,2025-09-01T15:59:00.000,2025-09-07T08:48:22.000,Street Light Out,Closed,Belagavi,15.849626,74.513486
61608593,2025-09-01T16:52:00.000,2025-09-11T13:40:00.000,Street Light Out,Closed,Mangaluru,12.849326,74.846994
61608830,2025-09-01T17:34:00.000,2025-09-16T13:41:42.000,Street Light Out,Closed,Belagavi,15.880271,74.50074
61609021,2025-09-01T20:10:00.000,2025-09-04T08:18:00.000,Street Light Out,Closed,Mangaluru,12.899506,74.862248
61609072,2025-09-01T20:59:00.000,2025-09-03T12:32:00.000,Street Light Out,Closed,Hubballi,15.366549,75.164888
61609188,2025-09-01T21:15:00.000,2025-09-10T13:56:43.000,Street Light Out,Closed,Bengaluru,12.988998,77.625605
61609246,2025-09-01T23:31:00.000,2025-09-08T13:22:00.000,Street Light Out,Closed,Tumakuru,13.324345,77.099572
61609298,2025-09-01T23:47:00.000,2025-09-09T09:20:07.000,Street Light Out,Closed,Bengaluru,13.09877,77.539689
61609435,2025-09-02T02:02:00.000,2025-10-05T11:31:22.000,Street Light Out,Closed,Belagavi,15.909705,74.48397
61609451,2025-09-02T03:41:00.000,2025-10-05T09:19:31.000,Street Light Out,Closed,Belagavi,15.89284,74.54517
61609837,2025-09-02T03:50:00.000,2025-09-03T17:57:00.000,Street Light Out,Closed,Tumakuru,13.334809,77.101756
61609868,2025-09-02T06:49:00.000,2025-09-25T16:15:00.000,Street Light Out,Closed,Shivamogga,13.911545,75.555609
61610510,2025-09-02T06:59:00.000,2025-09-05T12:56:00.000,Street Light Out,Closed,Mangaluru,12.875268,74.871021
61610598,2025-09-02T07:17:00.000,2025-09-06T09:42:52.000,Street Light Dayburning,Closed,Hubballi,15.344559,75.115895
61610633,2025-09-02T07:26:00.000,2025-09-09T17:23:00.000,Street Light Out,Closed,Mangaluru,12.890018,74.858604
61610792,2025-09-02T09:25:00.000,2025-09-17T16:05:00.000,Street Light Out,Closed,Hubballi,15.339372,75.136022
61610909,2025-09-02T10:06:00.000,2025-09-06T14:20:50.000,Street Light Dayburning,Closed,Mangaluru,12.872313,74.854289
61610967,2025-09-02T10:33:00.000,2025-09-03T11:25:00.000,Street Light Out,Closed,Mangaluru,12.907043,74.849704
61611156,2025-09-02T19:03:00.000,2025-09-09T10:18:12.000,Street Light Cycling,Closed,Tumakuru,13.316791,77.111129
61611213,2025-09-02T19:18:00.000,2025-09-09T17:46:55.000,Street Light Out,Closed,Tumakuru,13.345977,77.090856
61611332,2025-09-02T19:42:00.000,2025-09-10T10:21:09.000,Street Light Out,Closed,Shivamogga,13.941281,75.567666
61611386,2025-09-02T19:46:00.000,2025-09-05T16:14:34.000,Street Light Out,Closed,Hubballi,15.337256,75.158949
61611712,2025-09-02T19:48:00.000,2025-09-04T12:36:00.000,Street Light Out,Closed,Mysuru,12.3076,76.63493
61611848,2025-09-02T20:11:00.000,2025-09-06T16:32:00.000,Street Light Out,Closed,Hubballi,15.293403,75.14018
61611958,2025-09-02T20:36:00.000,2025-09-04T09:09:01.000,Street Light Out,Closed,Belagavi,15.84436,74.506742
61612075,2025-09-02T20:42:00.000,2025-09-05T13:16:00.000,Street Light Out,Closed,Bengaluru,12.960249,77.692123
61612105,2025-09-02T21:06:00.000,2025-09-04T09:14:01.000,Street Light Out,Closed,Mysuru,12.340285,76.651991
61612247,2025-09-02T22:57:00.000,2025-09-15T17:03:00.000,Street Light Dayburning,Closed,Tumakuru,13.323007,77.113731
61612328,2025-09-03T01:01:00.000,2025-09-03T15:21:26.000,Street Light Out,Closed,Bengaluru,12.952409,77.533632
61612384,2025-09-03T01:15:00.000,2025-09-14T10:38:30.000,Street Light Out,Closed,Bengaluru,13.081324,77.687706
61612385,2025-09-03T02:19:00.000,2025-09-04T14:43:00.000,Street Light Out,Closed,Mangaluru,12.891128,74.847902
61612631,2025-09-03T02:29:00.000,2025-10-07T14:38:49.000,Street Light Out,Closed,Tumakuru,13.32374,77.075262
61612660,2025-09-03T05:21:00.000,2025-09-05T10:23:00.000,Street Light Out,Closed,Hubballi,15.351325,75.13159
61612873,2025-09-03T05:43:00.000,2025-09-08T13:24:27.000,Street Light Out,Closed,Bengaluru,12.932261,77.651954
61612905,2025-09-03T07:00:00.000,2025-09-05T15:19:00.000,Street Light Dayburning,Closed,Bengaluru,12.993415,77.632363
61612922,2025-09-03T08:18:00.000,2025-09-08T15:59:43.000,Street Light Out,Closed,Bengaluru,12.91426,77.57229
61613010,2025-09-03T09:01:00.000,2025-09-10T10:17:00.000,Street Light Out,Closed,Shivamogga,13.913834,75.553697
61613115,2025-09-03T09:24:00.000,2025-09-08T14:42:00.000,Street Light Out,Closed,Bengaluru,12.979518,77.58983
61613277,2025-09-03T09:39:00.000,2025-09-05T10:05:00.000,Street Light Out,Closed,Mangaluru,12.872124,74.846726
61613319,2025-09-03T09:50:00.000,2025-09-05T12:32:26.000,Street Light Out,Closed,Shivamogga,13.914013,75.558646
61613428,2025-09-03T11:00:00.000,2025-09-13T09:21:00.000,Street Light Out,Closed,Belagavi,15.842571,74.550469
61613522,2025-09-03T11:44:00.000,2025-09-06T11:35:00.000,Street Light Out,Closed,Belagavi,15.882091,74.505255
61613580,2025-09-03T12:04:00.000,2025-09-11T17:52:37.000,Street Light Out,Closed,Tumakuru,13.326566,77.142647
61613588,2025-09-03T12:45:00.000,2025-09-18T09:16:20.000,Street Light Out,Closed,Shivamogga,13.908236,75.558153
61613615,2025-09-03T13:47:00.000,2025-09-05T11:23:00.000,Street Light Dayburning,Closed,Tumakuru,13.318621,77.107581
61613698,2025-09-03T17:30:00.000,2025-09-10T11:46:00.000,Street Light Out,Closed,Bengaluru,13.065203,77.538207
61613807,2025-09-03T18:09:00.000,2025-09-12T09:50:19.000,Street Light Out,Closed,Bengaluru,12.992263,77.512655
61613897,2025-09-03T18:16:00.000,2025-09-12T08:53:00.000,Street Light Out,Closed,Hubballi,15.344067,75.139256
61614012,2025-09-03T18:58:00.000,2025-09-07T08:30:00.000,Street Light Cycling,Closed,Mysuru,12.265383,76.662828
61614065,2025-09-03T19:42:00.000,2025-09-06T12:25:35.000,Street Light Out,Closed,Mysuru,12.316096,76.622074
61614135,2025-09-03T21:04:00.000,2025-09-06T08:16:40.000,Street Light Out,Closed,Mysuru,12.300911,76.667088
61614197,2025-09-03T21:15:00.000,2025-09-13T11:11:00.000,Street Light Out,Closed,Bengaluru,12.96972,77.624466
61614231,2025-09-03T21:26:00.000,2025-09-10T14:03:44.000,Street Light Out,Closed,Mysuru,12.31777,76.687394
61614424,2025-09-03T21:32:00.000,2025-09-08T16:57:00.000,Street Light Out,Closed,Belagavi,15.857633,74.516112
61614591,2025-09-04T00:26:00.000,2025-09-16T13:24:39.000,Street Light Out,Closed,Hubballi,15.369995,75.147281
61614723,2025-09-04T05:26:00.000,2025-09-09T10:04:07.000,Street Light Out,Closed,Mangaluru,12.876015,74.874502
61614735,2025-09-04T06:30:00.000,2025-09-11T18:51:00.000,Street Light Out,Closed,Bengaluru,13.000613,77.63183
61614893,2025-09-04T06:55:00.000,2025-09-08T18:41:30.000,Street Light Out,Closed,Mangaluru,12.877178,74.843133
61615067,2025-09-04T09:01:00.000,2025-09-07T09:26:00.000,Street Light Dim,Closed,Mangaluru,12.899677,74.857971
61615116,2025-09-04T09:56:00.000,2025-09-07T12:44:45.000,Street Light Out,Closed,Mangaluru,12.869649,74.841437
61615172,2025-09-04T10:45:00.000,2025-09-23T17:19:45.000,Street Light Out,Closed,Belagavi,15.842062,74.549379
61615206,2025-09-04T11:02:00.000,2025-09-08T13:02:58.000,Street Light Out,Closed,Mysuru,12.339915,76.687392
61615710,2025-09-04T11:54:00.000,2025-09-29T08:58:06.000,Street Light Out,Closed,Mangaluru,12.909105,74.852154
61616046,2025-09-04T12:02:00.000,2025-09-06T09:51:00.000,Street Light Out,Closed,Bengaluru,12.956832,77.606099
61616255,2025-09-04T12:49:00.000,2025-09-05T13:13:18.000,Street Light Out,Closed,Bengaluru,12.972201,77.604416
61616495,2025-09-04T13:38:00.000,2025-09-07T09:11:00.000,Street Light Cycling,Closed,Belagavi,15.840719,74.478993
61616507,2025-09-04T15:28:00.000,2025-09-05T11:38:00.000,Street Light Out,Closed,Mangaluru,12.872001,74.854051
61616738,2025-09-04T16:49:00.000,2025-09-08T09:22:00.000,Street Light Out,Closed,Bengaluru,12.892376,77.64767
61617106,2025-09-04T18:11:00.000,2025-09-14T16:08:35.000,Street Light Out,Closed,Bengaluru,13.103756,77.652109
61617107,2025-09-04T18:18:00.000,2025-10-26T17:39:06.000,Street Light Out,Closed,Shivamogga,13.930635,75.556106
61617448,2025-09-04T20:12:00.000,2025-09-11T10:39:00.000,Street Light Out,Closed,Tumakuru,13.358979,77.101497
61617650,2025-09-04T20:48:00.000,2025-09-07T18:04:10.000,Street Light Out,Closed,Hubballi,15.339978,75.135064
61617852,2025-09-04T21:06:00.000,2025-09-15T10:59:00.000,Street Light Out,Closed,Hubballi,15.374623,75.13949
61618137,2025-09-04T21:20:00.000,2025-09-24T11:28:36.000,Street Light Out,Closed,Bengaluru,12.932211,77.538436
61618233,2025-09-04T21:26:00.000,2025-09-10T14:40:00.000,Street Light Out,Closed,Mysuru,12.303548,76.65625
61618250,2025-09-04T22:04:00.000,2025-09-09T18:32:00.000,Street Light Out,Closed,Hubballi,15.365202,75.137733
61618252,2025-09-04T22:30:00.000,2025-09-07T12:02:00.000,Street Light Out,Closed,Mangaluru,12.876025,74.864309
61618372,2025-09-04T23:00:00.000,2025-10-02T18:05:00.000,Street Light Out,Closed,Shivamogga,13.923288,75.544639
61618812,2025-09-04T23:30:00.000,2025-09-06T15:45:01.000,Street Light Out,Closed,Bengaluru,12.987194,77.588165
61618873,2025-09-05T01:33:00.000,2025-09-21T16:11:02.000,Street Light Out,Closed,Shivamogga,13.944436,75.577628
61619177,2025-09-05T05:32:00.000,2025-11-15T16:22:00.000,Street Light Out,Closed,Tumakuru,13.349191,77.101287
61619234,2025-09-05T08:54:00.000,2025-09-05T18:56:04.000,Street Light Out,Closed,Belagavi,15.847907,74.509235
61619301,2025-09-05T09:10:00.000,2025-09-08T13:55:58.000,Street Light Out,Closed,Bengaluru,12.967277,77.597165
61619401,2025-09-05T09:25:00.000,2025-09-09T16:23:18.000,Street Light Out,Closed,Bengaluru,12.937292,77.526212
61619427,2025-09-05T10:21:00.000,2025-09-10T16:43:02.000,Street Light Out,Closed,Bengaluru,12.983824,77.589311
61619469,2025-09-05T10:47:00.000,2025-09-20T15:52:36.000,Street Light Out,Closed,Tumakuru,13.341547,77.106499
61619562,2025-09-05T12:58:00.000,2025-09-07T12:18:19.000,Street Light Out,Closed,Belagavi,15.847725,74.549741
61619824,2025-09-05T14:24:00.000,2025-09-13T10:54:00.000,Street Light Out,Closed,Mysuru,12.29454,76.666514
61619833,2025-09-05T15:55:00.000,2025-09-14T09:09:00.000,Street Light Out,Closed,Bengaluru,12.951827,77.601042
61619924,2025-09-05T18:20:00.000,2025-09-09T15:42:00.000,Street Light Out,Closed,Shivamogga,13.930442,75.559934
61620010,2025-09-05T18:34:00.000,2025-09-07T17:19:00.000,Street Light Out,Closed,Bengaluru,12.974739,77.579423
61620192,2025-09-05T18:50:00.000,2025-09-14T13:55:00.000,Street Light Out,Closed,Tumakuru,13.335513,77.133455
61620204,2025-09-05T18:52:00.000,2025-11-02T16:48:17.000,Street Light Out,Closed,Shivamogga,13.917888,75.587745
61620206,2025-09-05T20:12:00.000,2025-09-06T18:28:00.000,Street Light Out,Closed,Mangaluru,12.91747,74.85067
61620247,2025-09-05T20:39:00.000,2025-09-09T16:43:00.000,Street Light Out,Closed,Mangaluru,12.881138,74.867596
61620305,2025-09-05T20:56:00.000,2025-09-09T12:02:00.000,Street Light Out,Closed,Bengaluru,12.97434,77.563006
61620373,2025-09-05T21:19:00.000,2025-09-10T17:09:00.000,Street Light Out,Closed,Mangaluru,12.920743,74.886285
61620545,2025-09-05T21:26:00.000,2025-09-13T16:13:00.000,Street Light Cycling,Closed,Mangaluru,12.899265,74.884646
61620676,2025-09-05T22:06:00.000,2025-09-13T10:34:11.000,Street Light Out,Closed,Mangaluru,12.904576,74.912537
61620836,2025-09-05T22:34:00.000,2025-09-08T11:16:00.000,Street Light Out,Closed,Shivamogga,13.94275,75.558348
61620974,2025-09-05T22:36:00.000,2025-09-10T12:09:20.000,Street Light Out,Closed,Mangaluru,12.867123,74.85249
61621053,2025-09-05T23:15:00.000,2025-09-11T12:28:00.000,Street Light Cycling,Closed,Mangaluru,12.906688,74.852225
61621380,2025-09-05T23:58:00.000,2025-09-07T11:03:54.000,Street Light Out,Closed,Hubballi,15.349018,75.142866
61621734,2025-09-06T00:36:00.000,2025-09-11T17:25:00.000,Street Light Out,Closed,Bengaluru,13.080877,77.652479
61622068,2025-09-06T01:19:00.000,2025-09-15T14:26:00.000,Street Light Out,Closed,Hubballi,15.357837,75.134387
61622171,2025-09-06T05:18:00.000,2025-09-27T17:51:48.000,Street Light Out,Closed,Mangaluru,12.877461,74.854218
61622254,2025-09-06T06:52:00.000,2025-09-08T13:43:00.000,Street Light Out,Closed,Shivamogga,13.92087,75.558174
61622309,2025-09-06T06:54:00.000,2025-10-30T11:08:43.000,Street Light Out,Closed,Mangaluru,12.91449,74.897181
61622707,2025-09-06T07:50:00.000,2025-09-11T14:53:00.000,Street Light Out,Closed,Mysuru,12.307782,76.68612
61622989,2025-09-06T08:03:00.000,2025-09-20T13:08:00.000,Street Light Out,Closed,Mysuru,12.319977,76.685434
61623048,2025-09-06T09:23:00.000,2025-09-18T13:19:00.000,Street Light Cycling,Closed,Belagavi,15.853091,74.519006
61623114,2025-09-06T09:53:00.000,2025-09-09T18:22:00.000,Street Light Out,Closed,Hubballi,15.36368,75.114794
61623368,2025-09-06T14:25:00.000,2025-09-21T10:45:00.000,Street Light Out,Closed,Tumakuru,13.352069,77.107192
61623573,2025-09-06T14:50:00.000,2025-09-11T16:35:09.000,Street Light Out,Closed,Hubballi,15.36349,75.121666
61623757,2025-09-06T15:17:00.000,2025-09-08T17:29:00.000,Street Light Out,Closed,Shivamogga,13.912011,75.550783
61623940,2025-09-06T15:47:00.000,2025-09-16T10:02:00.000,Street Light Out,Closed,Tumakuru,13.371663,77.095709
61624019,2025-09-06T16:44:00.000,2025-09-08T09:45:29.000,Street Light Out,Closed,Mangaluru,12.917515,74.846642
61624092,2025-09-06T17:57:00.000,2025-09-12T11:01:00.000,Street Light Out,Closed,Hubballi,15.360369,75.136646
61624184,2025-09-06T18:09:00.000,2025-09-12T10:07:48.000,Street Light Out,Closed,Bengaluru,12.857083,77.483379
61624193,2025-09-06T18:48:00.000,2025-09-15T15:16:08.000,Street Light Dayburning,Closed,Bengaluru,12.965425,77.607831
61624341,2025-09-06T19:01:00.000,2025-09-13T11:21:00.000,Street Light Out,Closed,Mangaluru,12.871259,74.854109
61624398,2025-09-06T19:09:00.000,2025-09-08T16:33:00.000,Street Light Out,Closed,Mangaluru,12.854758,74.871816
61624499,2025-09-06T20:20:00.000,2025-09-13T17:05:47.000,Street Light Cycling,Closed,Hubballi,15.334429,75.160002
61624511,2025-09-06T20:21:00.000,2025-09-10T11:04:21.000,Street Light Out,Closed,Mangaluru,12.879741,74.855035
61624799,2025-09-06T20:50:00.000,2025-10-12T09:13:33.000,Street Light Out,Closed,Mysuru,12.261736,76.660989
61624834,2025-09-06T20:59:00.000,2025-09-11T08:29:07.000,Street Light Out,Closed,Belagavi,15.843851,74.488831
61624852,2025-09-06T21:19:00.000,2025-09-16T13:44:00.000,Street Light Out,Closed,Belagavi,15.867313,74.537674
61625015,2025-09-06T21:53:00.000,2025-11-07T12:18:00.000,Street Light Dayburning,Closed,Belagavi,15.857887,74.517871
61625174,2025-09-06T22:40:00.000,2025-09-08T17:53:00.000,Street Light Out,Closed,Belagavi,15.874309,74.523745
61625397,2025-09-06T23:32:00.000,2025-09-16T10:28:30.000,Street Light Out,Closed,Mangaluru,12.886231,74.844734
61625524,2025-09-07T04:24:00.000,2025-09-15T17:07:00.000,Street Light Out,Closed,Bengaluru,12.989665,77.592549
61625644,2025-09-07T08:40:00.000,2025-09-25T12:13:00.000,Street Light Out,Closed,Bengaluru,12.947151,77.654645
61625708,2025-09-07T09:49:00.000,2025-09-08T11:05:46.000,Street Light Out,Closed,Bengaluru,12.977048,77.576216
61625942,2025-09-07T09:59:00.000,2025-09-12T17:44:00.000,Street Light Out,Closed,Mangaluru,12.871634,74.85543
61625975,2025-09-07T10:05:00.000,2025-09-15T11:21:39.000,Street Light Dim,Closed,Belagavi,15.857903,74.517057
61626033,2025-09-07T10:21:00.000,2025-09-10T10:31:10.000,Street Light Out,Closed,Belagavi,15.845348,74.552153
61626271,2025-09-07T11:05:00.000,2025-09-15T09:18:00.000,Street Light Dim,Closed,Belagavi,15.834936,74.529925
61626273,2025-09-07T11:08:00.000,2025-10-01T15:40:00.000,Street Light Dayburning,Closed,Mangaluru,12.89458,74.885266
61626303,2025-09-07T12:43:00.000,2025-10-22T10:44:00.000,Street Light Out,Closed,Belagavi,15.858139,74.467647
61626361,2025-09-07T13:00:00.000,2025-09-11T18:00:00.000,Street Light Out,Closed,Mangaluru,12.874357,74.850128
61626367,2025-09-07T17:37:00.000,2025-10-01T16:01:00.000,Street Light Out,Closed,Mangaluru,12.912959,74.870588
61626370,2025-09-07T18:00:00.000,2025-09-09T16:28:46.000,Street Light Cycling,Closed,Bengaluru,13.034825,77.562931
61626384,2025-09-07T18:14:00.000,2025-10-31T08:52:07.000,Lamppost Damaged,Closed,Bengaluru,13.060094,77.504539
61626654,2025-09-07T18:39:00.000,2025-09-09T08:22:15.000,Street Light Out,Closed,Mysuru,12.314122,76.671811
61626672,2025-09-07T20:11:00.000,2025-09-15T14:35:26.000,Street Light Out,Closed,Tumakuru,13.339924,77.106677
61626753,2025-09-07T20:37:00.000,2025-09-11T09:59:00.000,Street Light Dayburning,Closed,Tumakuru,13.324098,77.129817
61627257,2025-09-07T20:40:00.000,2025-10-02T10:08:43.000,Street Light Out,Closed,Mangaluru,12.884594,74.839779
61627560,2025-09-07T20:52:00.000,2025-09-18T09:36:00.000,Street Light Cycling,Closed,Mangaluru,12.866907,74.853249
61627707,2025-09-07T21:46:00.000,2025-09-15T12:48:06.000,Street Light Out,Closed,Bengaluru,13.01717,77.561727
61627735,2025-09-07T22:45:00.000,2025-09-20T11:06:00.000,Street Light Out,Closed,Mangaluru,12.869998,74.89486
61627817,2025-09-07T22:46:00.000,2025-09-10T14:15:00.000,Street Light Out,Closed,Bengaluru,12.978754,77.608376
61628144,2025-09-07T22:47:00.000,2025-09-09T15:07:46.000,Street Light Cycling,Closed,Hubballi,15.365878,75.143249
61628157,2025-09-07T23:45:00.000,2025-09-10T09:00:59.000,Street Light Out,Closed,Mangaluru,12.869933,74.85012
61628177,2025-09-07T23:45:00.000,2025-09-23T16:04:17.000,Street Light Out,Closed,Shivamogga,13.911963,75.601232
61628261,2025-09-08T00:23:00.000,2025-09-19T08:44:23.000,Street Light Out,Closed,Shivamogga,13.920034,75.552578
61628318,2025-09-08T03:26:00.000,2025-09-16T16:05:44.000,Street Light Out,Closed,Mangaluru,12.873323,74.850477
61628341,2025-09-08T05:02:00.000,2025-09-13T18:34:00.000,Street Light Out,Closed,Hubballi,15.34169,75.136251
61628380,2025-09-08T07:03:00.000,2025-09-12T14:51:00.000,Street Light Out,Closed,Bengaluru,12.955579,77.594299
61628429,2025-09-08T09:59:00.000,2025-10-05T08:09:35.000,Street Light Out,Closed,Bengaluru,12.971204,77.609253
61628689,2025-09-08T10:01:00.000,2025-10-17T13:41:00.000,Street Light Out,Closed,Bengaluru,12.969549,77.559804
61629456,2025-09-08T11:39:00.000,2025-09-14T10:07:00.000,Street Light Out,Closed,Shivamogga,13.927695,75.555866
61629987,2025-09-08T16:36:00.000,2025-09-12T17:08:24.000,Street Light Out,Closed,Mangaluru,12.872127,74.846748
61630325,2025-09-08T17:26:00.000,2025-09-16T11:58:49.000,Street Light Out,Closed,Belagavi,15.886339,74.499854
61630372,2025-09-08T19:08:00.000,2025-09-12T12:49:25.000,Street Light Out,Closed,Shivamogga,13.932522,75.551433
61630523,2025-09-08T19:39:00.000,2025-09-09T11:16:01.000,Street Light Out,Closed,Bengaluru,12.95772,77.571503
61630943,2025-09-08T20:16:00.000,2025-09-11T12:19:48.000,Street Light Out,Closed,Mangaluru,12.884835,74.853591
61631037,2025-09-08T20:35:00.000,2025-09-13T12:42:00.000,Street Light Out,Closed,Hubballi,15.343838,75.128328
61631070,2025-09-08T21:24:00.000,2025-09-19T15:22:00.000,Street Light Out,Closed,Mysuru,12.307405,76.634855
61631619,2025-09-08T21:51:00.000,2025-09-13T17:56:08.000,Street Light Out,Closed,Hubballi,15.361972,75.148661
61631636,2025-09-08T22:43:00.000,2025-09-10T10:55:48.000,Street Light Out,Closed,Mangaluru,12.885182,74.859382
61631760,2025-09-08T22:48:00.000,2025-09-21T14:06:18.000,Street Light Out,Closed,Tumakuru,13.364242,77.090424
61632029,2025-09-08T23:15:00.000,2025-09-11T11:37:00.000,Street Light Out,Closed,Bengaluru,13.01983,77.562517
61632138,2025-09-09T05:35:00.000,2025-09-10T14:18:00.000,Street Light Out,Closed,Belagavi,15.859808,74.515925
61632261,2025-09-09T07:06:00.000,2025-09-13T14:54:22.000,Street Light Out,Closed,Mangaluru,12.891482,74.840347
61632649,2025-09-09T07:32:00.000,2025-09-12T16:02:00.000,Street Light Out,Closed,Shivamogga,13.918213,75.567832
61632770,2025-09-09T08:01:00.000,2025-09-13T13:01:00.000,Street Light Out,Closed,Mangaluru,12.873076,74.85103
61632990,2025-09-09T08:43:00.000,2025-09-09T16:56:09.000,Street Light Out,Closed,Bengaluru,12.971071,77.589941
61633312,2025-09-09T09:16:00.000,2025-09-13T14:52:00.000,Street Light Out,Closed,Bengaluru,12.982101,77.576859
61633520,2025-09-09T10:23:00.000,2025-09-21T17:03:50.000,Street Light Out,Closed,Bengaluru,12.930254,77.577534
61633569,2025-09-09T11:06:00.000,2025-09-10T13:36:33.000,Street Light Out,Closed,Hubballi,15.355027,75.155027
61633792,2025-09-09T11:21:00.000,2025-09-12T09:55:36.000,Street Light Cycling,Closed,Hubballi,15.356169,75.107543
61633952,2025-09-09T11:33:00.000,2025-09-17T16:29:00.000,Street Light Out,Closed,Hubballi,15.352745,75.103864
61634031,2025-09-09T14:35:00.000,2025-09-15T13:15:03.000,Street Light Out,Closed,Hubballi,15.350877,75.133348
61634250,2025-09-09T16:48:00.000,2025-09-13T10:16:52.000,Street Light Out,Closed,Tumakuru,13.332946,77.11006
61634298,2025-09-09T17:24:00.000,2025-09-11T09:33:36.000,Street Light Out,Closed,Bengaluru,13.006465,77.589208
61634636,2025-09-09T18:16:00.000,2025-10-11T09:21:00.000,Street Light Out,Closed,Bengaluru,12.857179,77.489585
61634675,2025-09-09T19:45:00.000,2025-09-18T13:29:11.000,Street Light Out,Closed,Tumakuru,13.338856,77.100828
61635467,2025-09-09T19:50:00.000,2025-09-12T12:08:40.000,Street Light Out,Closed,Mangaluru,12.894452,74.870619
61635531,2025-09-09T20:05:00.000,2025-09-12T15:48:00.000,Street Light Out,Closed,Bengaluru,12.995995,77.633874
61636022,2025-09-09T23:23:00.000,2025-09-18T16:47:28.000,Street Light Out,Closed,Hubballi,15.360836,75.153032
61636546,2025-09-10T10:46:00.000,2025-09-16T10:34:00.000,Street Light Out,Closed,Mangaluru,12.894323,74.841553
61636607,2025-09-10T12:01:00.000,2025-09-16T11:31:00.000,Street Light Out,Closed,Mangaluru,12.887048,74.918071
61636649,2025-09-10T12:16:00.000,2025-09-12T12:14:00.000,Street Light Out,Closed,Belagavi,15.849331,74.550785
61636700,2025-09-10T13:29:00.000,2025-09-22T17:34:03.000,Street Light Out,Closed,Mangaluru,12.924043,74.87264
61636767,2025-09-10T13:43:00.000,2025-09-15T16:29:03.000,Street Light Cycling,Closed,Mysuru,12.329418,76.636954
61637470,2025-09-10T15:16:00.000,2025-09-25T15:06:52.000,Street Light Out,Closed,Belagavi,15.849185,74.491767
61637845,2025-09-10T16:44:00.000,2025-09-18T15:08:00.000,Street Light Out,Closed,Bengaluru,12.976233,77.597934
61637915,2025-09-10T18:58:00.000,2025-09-14T11:20:00.000,Street Light Out,Closed,Shivamogga,13.965191,75.551898
61638176,2025-09-10T19:01:00.000,2025-09-29T09:42:00.000,Street Light Out,Closed,Shivamogga,13.911944,75.566265
61638421,2025-09-10T19:22:00.000,2025-09-12T11:57:00.000,Street Light Out,Closed,Mysuru,12.261773,76.645622
61638515,2025-09-10T21:46:00.000,2025-09-14T16:07:49.000,Street Light Out,Closed,Belagavi,15.877489,74.498993
61638883,2025-09-10T22:18:00.000,2025-09-15T16:07:45.000,Street Light Out,Closed,Mangaluru,12.89335,74.865567
61639016,2025-09-10T22:21:00.000,2025-09-24T12:34:00.000,Street Light Out,Closed,Shivamogga,13.916378,75.57344
61639117,2025-09-10T22:52:00.000,2025-09-14T08:25:00.000,Street Light Out,Closed,Hubballi,15.362654,75.151528
61639184,2025-09-11T00:04:00.000,2025-09-26T18:46:41.000,Street Light Cycling,Closed,Tumakuru,13.341723,77.100582
61639463,2025-09-11T02:07:00.000,2025-09-13T09:59:00.000,Street Light Out,Closed,Hubballi,15.349654,75.134057
61639570,2025-09-11T04:50:00.000,2025-09-16T15:53:00.000,Street Light Out,Closed,Shivamogga,13.888684,75.548547
61639679,2025-09-11T05:35:00.000,2025-09-13T18:56:12.000,Street Light Out,Closed,Mangaluru,12.872161,74.847946
61639681,2025-09-11T06:08:00.000,2025-09-19T16:43:43.000,Street Light Out,Closed,Mangaluru,12.866712,74.839333
61639866,2025-09-11T09:09:00.000,2025-09-14T10:40:57.000,Street Light Out,Closed,Bengaluru,12.976952,77.576161
61639873,2025-09-11T09:31:00.000,2025-09-18T18:34:00.000,Street Light Out,Closed,Hubballi,15.342236,75.126889
61640028,2025-09-11T09:59:00.000,2025-09-19T10:15:00.000,Street Light Out,Closed,Mangaluru,12.872404,74.850248
61640132,2025-09-11T10:54:00.000,2025-09-14T15:11:48.000,Street Light Out,Closed,Mysuru,12.28941,76.686303
61640292,2025-09-11T11:10:00.000,2025-09-13T09:05:17.000,Street Light Out,Closed,Mangaluru,12.881677,74.876201
61640299,2025-09-11T12:08:00.000,2025-09-17T13:21:07.000,Street Light Out,Closed,Shivamogga,13.889774,75.556328
61640354,2025-09-11T12:59:00.000,2025-09-12T11:00:15.000,Lamppost Damaged,Closed,Mangaluru,12.872572,74.850919
61640633,2025-09-11T13:06:00.000,2025-09-17T08:25:33.000,Street Light Out,Closed,Tumakuru,13.353854,77.101499
61640912,2025-09-11T17:34:00.000,2025-09-23T15:30:13.000,Street Light Out,Closed,Mangaluru,12.927493,74.846884
61641071,2025-09-11T18:04:00.000,2025-09-15T08:16:25.000,Street Light Out,Closed,Hubballi,15.339817,75.141771
61641180,2025-09-11T18:45:00.000,2025-09-24T13:32:00.000,Street Light Out,Closed,Bengaluru,13.000489,77.530384
61641291,2025-09-11T18:50:00.000,2025-09-17T16:13:00.000,Street Light Out,Closed,Tumakuru,13.332986,77.105434
61641760,2025-09-11T19:22:00.000,2025-09-18T11:36:00.000,Street Light Out,Closed,Mangaluru,12.868333,74.86373
61641801,2025-09-11T19:29:00.000,2025-09-16T17:47:00.000,Street Light Out,Closed,Mangaluru,12.87441,74.851176
61641806,2025-09-11T19:29:00.000,2025-09-20T09:48:27.000,Street Light Dayburning,Closed,Mangaluru,12.878702,74.846223
61641825,2025-09-11T19:36:00.000,2025-09-12T08:58:50.000,Street Light Out,Closed,Bengaluru,13.017655,77.609468
61641898,2025-09-11T19:39:00.000,2025-09-12T16:55:00.000,Street Light Out,Closed,Hubballi,15.347193,75.137851
61641982,2025-09-11T20:43:00.000,2025-09-15T16:33:00.000,Street Light Out,Closed,Hubballi,15.351962,75.139692
61642194,2025-09-11T20:54:00.000,2025-09-27T12:19:43.000,Street Light Out,Closed,Shivamogga,13.916539,75.546603
61642207,2025-09-11T23:50:00.000,2025-10-12T18:39:00.000,Street Light Out,Closed,Shivamogga,13.926247,75.558128
61642238,2025-09-12T00:34:00.000,2025-09-18T14:52:56.000,Street Light Out,Closed,Belagavi,15.844672,74.555426
61642274,2025-09-12T00:41:00.000,2025-09-19T11:18:00.000,Street Light Out,Closed,Shivamogga,13.959883,75.568561
61642302,2025-09-12T01:31:00.000,2025-09-15T11:31:43.000,Street Light Out,Closed,Belagavi,15.885269,74.508238
61642503,2025-09-12T06:37:00.000,2025-09-15T10:50:44.000,Street Light Out,Closed,Hubballi,15.348851,75.132808
61642508,2025-09-12T06:53:00.000,2025-09-17T08:23:10.000,Street Light Dim,Closed,Shivamogga,13.926211,75.551604
61642842,2025-09-12T07:23:00.000,2025-09-19T18:10:51.000,Street Light Out,Closed,Mangaluru,12.882998,74.846388
61642918,2025-09-12T07:53:00.000,2025-09-19T18:12:00.000,Lamppost Damaged,Closed,Bengaluru,13.056763,77.593715
61642949,2025-09-12T07:55:00.000,2025-11-04T08:04:00.000,Street Light Out,Closed,Shivamogga,13.906692,75.556046
61643119,2025-09-12T08:24:00.000,2025-09-17T11:38:00.000,Street Light Out,Closed,Mangaluru,12.869781,74.858771
61643208,2025-09-12T09:26:00.000,2025-09-19T10:36:00.000,Street Light Out,Closed,Hubballi,15.356861,75.113974
61643460,2025-09-12T12:56:00.000,2025-09-15T17:15:20.000,Street Light Out,Closed,Bengaluru,12.975159,77.609178
61643517,2025-09-12T16:46:00.000,2025-09-15T16:08:00.000,Street Light Cycling,Closed,Mangaluru,12.871387,74.852551
61643597,2025-09-12T17:28:00.000,2025-09-16T14:46:00.000,Street Light Out,Closed,Bengaluru,12.946257,77.600999
61643732,2025-09-12T17:37:00.000,2025-09-13T11:25:14.000,Street Light Out,Closed,Hubballi,15.350808,75.131289
61643764,2025-09-12T18:34:00.000,2025-09-17T13:41:00.000,Street Light Out,Closed,Tumakuru,13.344068,77.109036
61644331,2025-09-12T18:39:00.000,2025-10-11T15:18:31.000,Street Light Out,Closed,Mangaluru,12.920785,74.886239
61644444,2025-09-12T18:48:00.000,2025-09-16T08:16:00.000,Street Light Out,Closed,Hubballi,15.356192,75.107544
61644793,2025-09-12T19:58:00.000,2025-09-13T13:39:00.000,Street Light Dayburning,Closed,Mangaluru,12.898288,74.890117
61644834,2025-09-12T20:00:00.000,2025-09-17T12:12:18.000,Street Light Out,Closed,Bengaluru,12.971375,77.521172
61644873,2025-09-12T20:04:00.000,2025-09-16T15:02:51.000,Street Light Out,Closed,Hubballi,15.3587,75.14481
61645113,2025-09-12T20:07:00.000,2025-09-15T17:06:00.000,Street Light Dayburning,Closed,Hubballi,15.341135,75.170171
61645116,2025-09-12T20:13:00.000,2025-09-25T08:41:00.000,Street Light Out,Closed,Mangaluru,12.876098,74.841406
61645220,2025-09-12T20:14:00.000,2025-09-17T16:42:51.000,Street Light Out,Closed,Bengaluru,12.971452,77.576453
61645250,2025-09-12T21:10:00.000,2025-09-19T09:18:51.000,Street Light Out,Closed,Shivamogga,13.898137,75.543806
61645428,2025-09-12T21:44:00.000,2025-09-28T09:53:55.000,Street Light Out,Closed,Bengaluru,12.963581,77.499675
61645453,2025-09-12T21:56:00.000,2025-09-20T13:29:01.000,Street Light Out,Closed,Bengaluru,12.983532,77.60192
61645699,2025-09-12T22:17:00.000,2025-09-17T14:10:00.000,Street Light Out,Closed,Belagavi,15.841217,74.551488
61645820,2025-09-13T00:53:00.000,2025-10-07T08:38:34.000,Street Light Out,Closed,Mangaluru,12.853851,74.846599
61646109,2025-09-13T01:44:00.000,2025-09-16T10:05:00.000,Street Light Out,Closed,Mysuru,12.258246,76.647058
61646147,2025-09-13T07:44:00.000,2025-09-18T17:54:26.000,Street Light Out,Closed,Hubballi,15.351754,75.141159
61646614,2025-09-13T08:00:00.000,2025-09-17T17:39:12.000,Street Light Cycling,Closed,Bengaluru,13.000641,77.631816
61646687,2025-09-13T08:31:00.000,2025-10-28T13:34:07.000,Street Light Out,Closed,Mangaluru,12.876065,74.864322
61647069,2025-09-13T08:43:00.000,2025-09-28T13:06:00.000,Lamppost Damaged,Closed,Bengaluru,12.86116,77.500214
61647107,2025-09-13T10:52:00.000,2025-09-18T09:09:14.000,Street Light Out,Closed,Hubballi,15.365118,75.139234
61647168,2025-09-13T10:58:00.000,2025-09-14T12:55:52.000,Street Light Dayburning,Closed,Bengaluru,13.035576,77.549926
61647356,2025-09-13T11:48:00.000,2025-09-15T12:01:00.000,Street Light Out,Closed,Tumakuru,13.336745,77.096194
61647499,2025-09-13T15:04:00.000,2025-10-02T16:11:00.000,Street Light Out,Closed,Hubballi,15.350573,75.126718
61647617,2025-09-13T16:08:00.000,2025-09-18T10:46:00.000,Street Light Out,Closed,Bengaluru,12.946855,77.598946
61647676,2025-09-13T17:30:00.000,2025-09-17T14:19:00.000,Street Light Out,Closed,Mangaluru,12.899669,74.86148
61647698,2025-09-13T19:03:00.000,2025-09-21T08:47:44.000,Street Light Cycling,Closed,Belagavi,15.831077,74.499809
61647886,2025-09-13T20:37:00.000,2025-09-16T12:21:00.000,Street Light Cycling,Closed,Hubballi,15.357968,75.165317
61648153,2025-09-13T20:40:00.000,2025-09-18T14:33:22.000,Street Light Cycling,Closed,Bengaluru,12.973102,77.594234
61648223,2025-09-13T21:18:00.000,2025-09-23T13:16:12.000,Street Light Out,Closed,Mangaluru,12.894266,74.852722
61648415,2025-09-13T21:46:00.000,2025-09-19T17:36:00.000,Street Light Out,Closed,Bengaluru,12.978227,77.595886
61648442,2025-09-13T22:11:00.000,2025-09-18T12:02:00.000,Street Light Out,Closed,Tumakuru,13.337773,77.087501
61648520,2025-09-13T23:09:00.000,2025-09-17T12:40:40.000,Street Light Dayburning,Closed,Mysuru,12.315849,76.683016
61648857,2025-09-13T23:42:00.000,2025-09-15T17:51:00.000,Street Light Cycling,Closed,Bengaluru,12.953846,77.653439
61648908,2025-09-14T00:45:00.000,2025-09-15T08:24:00.000,Street Light Out,Closed,Shivamogga,13.917834,75.551121
61648931,2025-09-14T01:36:00.000,2025-09-23T10:02:34.000,Street Light Out,Closed,Bengaluru,13.036969,77.506289
61649016,2025-09-14T01:50:00.000,2025-10-08T16:15:45.000,Street Light Out,Closed,Shivamogga,13.900089,75.554403
61649080,2025-09-14T03:06:00.000,2025-10-06T12:09:45.000,Street Light Out,Closed,Hubballi,15.386256,75.125562
61649112,2025-09-14T06:08:00.000,2025-09-27T17:18:00.000,Street Light Out,Closed,Mangaluru,12.894831,74.859954
61649237,2025-09-14T06:33:00.000,2025-09-17T13:52:18.000,Street Light Out,Closed,Belagavi,15.859087,74.516974
61649385,2025-09-14T07:10:00.000,2025-09-18T09:58:09.000,Street Light Out,Closed,Hubballi,15.362334,75.155716
61649561,2025-09-14T07:54:00.000,2025-10-03T12:34:00.000,Street Light Out,Closed,Mangaluru,12.880066,74.841703
61649771,2025-09-14T08:02:00.000,2025-09-25T12:19:00.000,Street Light Out,Closed,Belagavi,15.847963,74.503888
61649906,2025-09-14T09:09:00.000,2025-09-17T09:01:50.000,Street Light Out,Closed,Shivamogga,13.91939,75.563571
61649930,2025-09-14T09:28:00.000,2025-09-24T08:35:00.000,Street Light Out,Closed,Shivamogga,13.957632,75.575459
61649982,2025-09-14T14:35:00.000,2025-09-19T12:30:00.000,Street Light Out,Closed,Bengaluru,12.987753,77.615479
61650004,2025-09-14T15:54:00.000,2025-09-16T17:54:42.000,Street Light Out,Closed,Mangaluru,12.882059,74.847728
61650034,2025-09-14T18:47:00.000,2025-11-07T14:01:08.000,Street Light Out,Closed,Shivamogga,13.918323,75.560356
61650051,2025-09-14T18:50:00.000,2025-10-11T11:55:10.000,Street Light Out,Closed,Tumakuru,13.338045,77.12214
61650200,2025-09-14T19:13:00.000,2025-09-21T15:26:20.000,Street Light Out,Closed,Hubballi,15.360266,75.134663
61650230,2025-09-14T20:24:00.000,2025-09-16T14:15:00.000,Street Light Out,Closed,Mysuru,12.347824,76.652833
61650468,2025-09-14T20:38:00.000,2025-09-15T17:15:08.000,Street Light Out,Closed,Mysuru,12.300981,76.663904
61650529,2025-09-14T23:41:00.000,2025-09-18T10:41:00.000,Street Light Out,Closed,Belagavi,15.850622,74.552137
61650587,2025-09-15T00:39:00.000,2025-09-23T16:02:00.000,Street Light Cycling,Closed,Bengaluru,12.859549,77.491169
61650644,2025-09-15T00:45:00.000,2025-09-18T11:33:51.000,Street Light Out,Closed,Tumakuru,13.338085,77.077048
61650746,2025-09-15T03:07:00.000,2025-09-25T17:52:00.000,Street Light Out,Closed,Hubballi,15.350141,75.127181
61651023,2025-09-15T04:19:00.000,2025-09-19T14:56:07.000,Street Light Out,Closed,Tumakuru,13.37391,77.083438
61651088,2025-09-15T06:59:00.000,2025-09-17T14:25:00.000,Street Light Out,Closed,Mysuru,12.308863,76.628937
61651474,2025-09-15T07:02:00.000,2025-09-19T13:32:00.000,Street Light Out,Closed,Mysuru,12.284623,76.682143
61651521,2025-09-15T07:11:00.000,2025-09-19T18:50:01.000,Street Light Out,Closed,Hubballi,15.346903,75.139678
61651561,2025-09-15T07:21:00.000,2025-09-19T13:42:00.000,Street Light Cycling,Closed,Belagavi,15.839128,74.506029
61651632,2025-09-15T07:41:00.000,2025-09-22T11:21:00.000,Street Light Out,Closed,Mysuru,12.291644,76.664125
61651830,2025-09-15T08:35:00.000,2025-09-17T16:50:00.000,Street Light Cycling,Closed,Hubballi,15.352296,75.130184
61651851,2025-09-15T09:18:00.000,2025-10-22T09:51:37.000,Street Light Out,Closed,Belagavi,15.845034,74.557246
61651864,2025-09-15T09:25:00.000,2025-10-05T17:15:00.000,Street Light Out,Closed,Bengaluru,12.983761,77.591811
61651878,2025-09-15T10:17:00.000,2025-09-19T09:21:00.000,Street Light Out,Closed,Mangaluru,12.898963,74.840296
61652169,2025-09-15T10:18:00.000,2025-09-23T13:32:39.000,Street Light Cycling,Closed,Tumakuru,13.351645,77.098698
61652170,2025-09-15T11:24:00.000,2025-09-26T12:13:00.000,Street Light Out,Closed,Mangaluru,12.862758,74.847046
61652289,2025-09-15T12:47:00.000,2025-10-01T10:14:21.000,Street Light Out,Closed,Hubballi,15.380362,75.154534
61652885,2025-09-15T16:05:00.000,2025-09-21T08:18:00.000,Street Light Out,Closed,Mysuru,12.350198,76.64806
61652897,2025-09-15T17:48:00.000,2025-09-21T13:51:43.000,Street Light Out,Closed,Bengaluru,12.958721,77.630943
61652985,2025-09-15T19:10:00.000,2025-10-03T11:28:23.000,Street Light Out,Closed,Bengaluru,12.889883,77.518034
61653002,2025-09-15T19:44:00.000,2025-09-21T15:46:00.000,Street Light Dayburning,Closed,Bengaluru,13.003889,77.622616
61653821,2025-09-15T19:46:00.000,2025-09-19T13:50:00.000,Street Light Out,Closed,Hubballi,15.35406,75.117375
61653888,2025-09-15T20:14:00.000,2025-09-19T10:31:00.000,Street Light Out,Closed,Bengaluru,12.968615,77.570742
61653904,2025-09-15T20:24:00.000,2025-09-18T11:22:00.000,Street Light Out,Closed,Mangaluru,12.86362,74.86814
61653946,2025-09-15T20:54:00.000,2025-09-30T12:54:11.000,Street Light Out,Closed,Mysuru,12.309089,76.656523
61653954,2025-09-15T21:36:00.000,2025-09-26T10:34:00.000,Street Light Out,Closed,Shivamogga,13.922275,75.568668
61654035,2025-09-15T21:43:00.000,2025-09-26T12:15:00.000,Street Light Out,Closed,Bengaluru,12.981874,77.622817
61654216,2025-09-15T21:52:00.000,2025-09-17T17:35:00.000,Lamppost Damaged,Closed,Mangaluru,12.884748,74.844856
61654229,2025-09-15T23:19:00.000,2025-09-20T13:12:44.000,Street Light Out,Closed,Shivamogga,13.958752,75.567432
61654718,2025-09-15T23:44:00.000,2025-09-17T08:14:00.000,Street Light Out,Closed,Bengaluru,12.97566,77.627206
61655194,2025-09-15T23:50:00.000,2025-10-05T14:13:11.000,Street Light Out,Closed,Belagavi,15.849315,74.476966
61655535,2025-09-16T07:29:00.000,2025-09-18T16:37:00.000,Street Light Out,Closed,Mangaluru,12.892427,74.840963
61655618,2025-09-16T09:17:00.000,2025-09-20T15:35:00.000,Street Light Out,Closed,Tumakuru,13.35278,77.074837
61655663,2025-09-16T09:19:00.000,2025-09-18T11:58:00.000,Street Light Out,Closed,Bengaluru,13.016055,77.60129
61655942,2025-09-16T09:47:00.000,2025-09-26T12:57:00.000,Street Light Dim,Closed,Mysuru,12.275962,76.643027
61656494,2025-09-16T10:09:00.000,2025-10-03T09:49:24.000,Street Light Out,Closed,Bengaluru,12.948928,77.542566
61656554,2025-09-16T10:31:00.000,2025-09-26T16:17:16.000,Street Light Out,Closed,Belagavi,15.844009,74.556211
61656615,2025-09-16T10:49:00.000,2025-09-25T11:03:11.000,Street Light Out,Closed,Mangaluru,12.889739,74.879277
61657123,2025-09-16T12:06:00.000,2025-09-24T10:50:00.000,Street Light Out,Closed,Mangaluru,12.900529,74.847039
61657154,2025-09-16T15:19:00.000,2025-09-18T08:14:00.000,Street Light Out,Closed,Mangaluru,12.872566,74.850903
61657187,2025-09-16T17:36:00.000,2025-09-19T11:20:50.000,Street Light Out,Closed,Tumakuru,13.326335,77.097171
61657286,2025-09-16T18:20:00.000,2025-09-20T08:32:07.000,Street Light Out,Closed,Mangaluru,12.890108,74.843345
61657305,2025-09-16T18:48:00.000,2025-09-19T08:10:00.000,Street Light Out,Closed,Mangaluru,12.917525,74.850689
61657324,2025-09-16T18:54:00.000,2025-09-18T09:55:00.000,Street Light Out,Closed,Bengaluru,12.96256,77.581814
61657354,2025-09-16T18:57:00.000,2025-10-11T11:46:00.000,Street Light Out,Closed,Mysuru,12.305593,76.666666
61657423,2025-09-16T19:12:00.000,2025-10-17T18:23:28.000,Street Light Out,Closed,Belagavi,15.848485,74.497188
61657429,2025-09-16T19:25:00.000,2025-09-18T11:20:00.000,Street Light Out,Closed,Hubballi,15.342969,75.167857
61657463,2025-09-16T19:34:00.000,2025-09-25T08:10:14.000,Street Light Out,Closed,Hubballi,15.3646,75.131764
61657551,2025-09-16T19:38:00.000,2025-09-22T18:52:00.000,Street Light Out,Closed,Hubballi,15.350784,75.103059
61657618,2025-09-16T19:42:00.000,2025-09-21T15:43:00.000,Street Light Out,Closed,Bengaluru,12.998243,77.613937
61658074,2025-09-16T21:37:00.000,2025-10-18T14:11:33.000,Street Light Out,Closed,Belagavi,15.841656,74.558803
61658157,2025-09-17T06:21:00.000,2025-09-18T08:08:09.000,Street Light Out,Closed,Mangaluru,12.874465,74.849231
61658198,2025-09-17T06:59:00.000,2025-09-22T14:07:00.000,Lamppost Damaged,Closed,Belagavi,15.851483,74.487836
61658291,2025-09-17T07:12:00.000,2025-09-28T11:18:56.000,Street Light Out,Closed,Tumakuru,13.339107,77.111248
61658343,2025-09-17T09:36:00.000,2025-09-20T09:40:00.000,Street Light Out,Closed,Mangaluru,12.879974,74.868079
61658505,2025-09-17T09:41:00.000,2025-10-11T13:57:00.000,Street Light Out,Closed,Hubballi,15.364477,75.124078
61658625,2025-09-17T09:44:00.000,2025-09-20T15:12:00.000,Street Light Dim,Closed,Bengaluru,13.036122,77.492527
61658636,2025-09-17T11:24:00.000,2025-09-27T10:18:00.000,Street Light Out,Closed,Shivamogga,13.900508,75.567302
61658690,2025-09-17T11:56:00.000,2025-09-28T18:13:00.000,Street Light Out,Closed,Bengaluru,12.968705,77.732402
61658969,2025-09-17T13:20:00.000,2025-09-23T09:05:28.000,Street Light Out,Closed,Belagavi,15.858317,74.480554
61659010,2025-09-17T17:10:00.000,2025-09-21T13:52:34.000,Street Light Out,Closed,Belagavi,15.847924,74.509271
61659036,2025-09-17T17:41:00.000,2025-10-02T10:55:00.000,Street Light Cycling,Closed,Shivamogga,13.94126,75.567585
61659064,2025-09-17T18:36:00.000,2025-09-28T15:16:09.000,Street Light Out,Closed,Tumakuru,13.338495,77.106446
61659070,2025-09-17T18:50:00.000,2025-09-26T18:09:13.000,Street Light Out,Closed,Bengaluru,13.070168,77.543924
61659204,2025-09-17T19:38:00.000,2025-09-23T13:28:00.000,Street Light Out,Closed,Hubballi,15.346077,75.13246
61659452,2025-09-17T20:19:00.000,2025-09-18T13:20:31.000,Street Light Out,Closed,Bengaluru,12.976086,77.591537
61659534,2025-09-17T20:34:00.000,2025-09-24T16:41:16.000,Street Light Out,Closed,Hubballi,15.361687,75.145454
61659549,2025-09-17T21:36:00.000,2025-11-16T13:37:00.000,Street Light Out,Closed,Bengaluru,12.99487,77.642702
61659640,2025-09-17T21:50:00.000,2025-09-22T18:21:00.000,Street Light Out,Closed,Tumakuru,13.327209,77.110356
61659664,2025-09-17T21:56:00.000,2025-09-20T16:48:56.000,Street Light Out,Closed,Bengaluru,12.981108,77.639547
61659831,2025-09-17T23:45:00.000,2025-09-24T18:12:00.000,Street Light Out,Closed,Bengaluru,12.946423,77.597067
61659850,2025-09-18T00:36:00.000,2025-09-19T12:27:03.000,Street Light Out,Closed,Mangaluru,12.887954,74.857344
61659915,2025-09-18T00:54:00.000,2025-09-20T10:16:00.000,Street Light Out,Closed,Mysuru,12.304429,76.665749
61659940,2025-09-18T00:56:00.000,2025-09-24T18:35:00.000,Street Light Out,Closed,Hubballi,15.390449,75.120225
61660173,2025-09-18T07:10:00.000,2025-09-21T18:47:17.000,Street Light Out,Closed,Shivamogga,13.916019,75.571808
61660251,2025-09-18T08:58:00.000,2025-10-05T09:53:00.000,Street Light Out,Closed,Mysuru,12.313336,76.692451
61660335,2025-09-18T09:19:00.000,2025-09-20T15:51:00.000,Street Light Out,Closed,Bengaluru,13.004126,77.632832
61660360,2025-09-18T09:38:00.000,2025-09-25T18:34:00.000,Street Light Out,Closed,Mangaluru,12.872631,74.850915
61660373,2025-09-18T11:26:00.000,2025-09-25T13:26:00.000,Street Light Out,Closed,Belagavi,15.84876,74.548228
61660412,2025-09-18T11:33:00.000,2025-10-16T17:38:31.000,Street Light Out,Closed,Bengaluru,12.963625,77.586341
61660723,2025-09-18T11:56:00.000,2025-09-29T09:52:00.000,Street Light Out,Closed,Tumakuru,13.345879,77.090737
61660748,2025-09-18T12:10:00.000,2025-09-24T10:17:00.000,Street Light Out,Closed,Shivamogga,13.9413,75.578351
61660845,2025-09-18T12:24:00.000,2025-09-23T16:07:32.000,Street Light Out,Closed,Bengaluru,12.974187,77.523044
61660969,2025-09-18T12:51:00.000,2025-09-19T13:12:57.000,Street Light Out,Closed,Bengaluru,12.94562,77.526146
61660973,2025-09-18T14:11:00.000,2025-09-21T12:52:57.000,Street Light Out,Closed,Mysuru,12.34611,76.655893
61661017,2025-09-18T16:29:00.000,2025-09-21T11:00:00.000,Street Light Out,Closed,Shivamogga,13.889803,75.55624
61661067,2025-09-18T18:14:00.000,2025-11-19T09:36:00.000,Street Light Cycling,Closed,Mysuru,12.321984,76.707237
61661108,2025-09-18T19:13:00.000,2025-09-20T09:28:00.000,Street Light Out,Closed,Tumakuru,13.340943,77.110225
61661223,2025-09-18T20:29:00.000,2025-09-24T13:15:00.000,Street Light Out,Closed,Bengaluru,13.016635,77.610444
61661241,2025-09-18T20:35:00.000,2025-09-23T10:57:00.000,Street Light Out,Closed,Hubballi,15.365172,75.133673
61661285,2025-09-18T21:02:00.000,2025-09-27T10:26:57.000,Street Light Cycling,Closed,Belagavi,15.883097,74.501432
61661339,2025-09-18T21:22:00.000,2025-09-20T18:15:14.000,Street Light Dayburning,Closed,Bengaluru,12.980178,77.610805
61661429,2025-09-18T21:28:00.000,2025-10-16T14:26:05.000,Street Light Out,Closed,Shivamogga,13.962473,75.520798
61661514,2025-09-18T21:35:00.000,2025-10-01T10:03:24.000,Street Light Out,Closed,Belagavi,15.837233,74.492283
61661801,2025-09-18T21:59:00.000,2025-09-23T09:20:52.000,Street Light Out,Closed,Tumakuru,13.340295,77.107382
61661957,2025-09-18T22:26:00.000,2025-09-22T09:17:42.000,Street Light Out,Closed,Belagavi,15.877435,74.499003
61661988,2025-09-18T23:53:00.000,2025-09-21T08:43:14.000,Street Light Out,Closed,Shivamogga,13.922461,75.568522
61662659,2025-09-18T23:57:00.000,2025-09-21T08:06:00.000,Street Light Out,Closed,Belagavi,15.850444,74.554264
61662705,2025-09-19T04:14:00.000,2025-09-24T08:04:10.000,Street Light Out,Closed,Mysuru,12.315315,76.632202
61662706,2025-09-19T05:04:00.000,2025-09-30T18:15:01.000,Street Light Out,Closed,Mysuru,12.30683,76.654924
61662923,2025-09-19T05:49:00.000,2025-09-24T14:12:00.000,Street Light Out,Closed,Mangaluru,12.889976,74.858553
61662962,2025-09-19T07:45:00.000,2025-09-22T14:07:23.000,Street Light Out,Closed,Mangaluru,12.884731,74.844832
61663478,2025-09-19T08:52:00.000,2025-09-19T18:24:09.000,Street Light Cycling,Closed,Tumakuru,13.339669,77.109793
61663633,2025-09-19T09:18:00.000,2025-10-03T13:05:00.000,Street Light Out,Closed,Hubballi,15.347018,75.123107
61663732,2025-09-19T09:42:00.000,2025-11-02T12:30:00.000,Street Light Out,Closed,Belagavi,15.863951,74.479861
61663969,2025-09-19T09:45:00.000,2025-09-25T18:40:21.000,Street Light Out,Closed,Mangaluru,12.883024,74.846644
61663982,2025-09-19T09:50:00.000,2025-09-24T14:27:00.000,Street Light Out,Closed,Mysuru,12.3033,76.628034
61664023,2025-09-19T10:16:00.000,2025-09-21T14:35:00.000,Street Light Out,Closed,Mangaluru,12.902224,74.886501
61664074,2025-09-19T11:51:00.000,2025-11-14T12:00:43.000,Street Light Cycling,Closed,Shivamogga,13.972413,75.561094
61664192,2025-09-19T11:58:00.000,2025-09-22T17:10:11.000,Street Light Dayburning,Closed,Mangaluru,12.899621,74.861471
61664218,2025-09-19T12:09:00.000,2025-09-20T18:39:01.000,Street Light Out,Closed,Mangaluru,12.889125,74.852178
61664371,2025-09-19T12:46:00.000,2025-09-26T15:45:00.000,Street Light Out,Closed,Hubballi,15.360632,75.114048
61664373,2025-09-19T14:01:00.000,2025-09-22T12:03:00.000,Street Light Out,Closed,Bengaluru,13.014711,77.633594
61664381,2025-09-19T16:53:00.000,2025-09-25T15:28:11.000,Street Light Out,Closed,Shivamogga,13.917924,75.572112
61664493,2025-09-19T17:54:00.000,2025-09-26T15:09:00.000,Street Light Cycling,Closed,Mysuru,12.258879,76.661098
61664734,2025-09-19T18:06:00.000,2025-10-01T13:22:00.000,Street Light Out,Closed,Mangaluru,12.893185,74.860855
61664958,2025-09-19T18:44:00.000,2025-09-21T12:46:56.000,Street Light Dim,Closed,Mysuru,12.281498,76.639986
61665117,2025-09-19T18:47:00.000,2025-09-26T14:33:00.000,Street Light Out,Closed,Bengaluru,12.867875,77.605996
61665162,2025-09-19T19:12:00.000,2025-09-25T15:17:00.000,Street Light Out,Closed,Hubballi,15.356428,75.156024
61665165,2025-09-19T19:13:00.000,2025-09-25T11:50:00.000,Street Light Out,Closed,Mangaluru,12.866767,74.851203
61665419,2025-09-19T19:38:00.000,2025-09-22T18:00:18.000,Street Light Out,Closed,Tumakuru,13.34905,77.099982
61665493,2025-09-19T19:59:00.000,2025-09-25T08:01:08.000,Street Light Out,Closed,Mysuru,12.346148,76.658656
61665535,2025-09-19T20:12:00.000,2025-09-24T15:59:00.000,Street Light Out,Closed,Mangaluru,12.884192,74.83839
61665620,2025-09-19T20:17:00.000,2025-10-23T15:15:00.000,Street Light Out,Closed,Bengaluru,12.946835,77.656202
61665773,2025-09-19T20:49:00.000,2025-09-25T15:32:00.000,Street Light Out,Closed,Mangaluru,12.892754,74.858215
61666121,2025-09-19T20:50:00.000,2025-10-09T17:19:57.000,Street Light Out,Closed,Bengaluru,12.989088,77.625708
61666257,2025-09-19T21:05:00.000,2025-09-23T11:43:19.000,Street Light Out,Closed,Belagavi,15.847475,74.507624
61666258,2025-09-19T21:11:00.000,2025-09-29T17:21:00.000,Lamppost Damaged,Closed,Mangaluru,12.886258,74.877224
61666333,2025-09-19T21:18:00.000,2025-10-02T08:28:00.000,Street Light Out,Closed,Shivamogga,13.92737,75.572159
61666399,2025-09-19T21:24:00.000,2025-09-25T12:02:00.000,Street Light Out,Closed,Mangaluru,12.888041,74.843245
61666852,2025-09-19T21:29:00.000,2025-10-03T08:19:21.000,Street Light Out,Closed,Mysuru,12.305278,76.664653
61666902,2025-09-19T21:43:00.000,2025-09-24T12:29:33.000,Street Light Out,Closed,Shivamogga,13.913416,75.562916
61667100,2025-09-19T21:49:00.000,2025-09-22T14:33:00.000,Street Light Out,Closed,Mysuru,12.31035,76.672571
61667207,2025-09-19T22:02:00.000,2025-09-22T08:08:00.000,Street Light Out,Closed,Hubballi,15.356821,75.113991
61667356,2025-09-19T22:15:00.000,2025-10-13T18:05:31.000,Street Light Out,Closed,Mysuru,12.30874,76.666489
61667797,2025-09-19T23:09:00.000,2025-10-06T18:18:00.000,Street Light Dayburning,Closed,Belagavi,15.873423,74.523622
61668039,2025-09-19T23:51:00.000,2025-09-26T10:36:58.000,Street Light Out,Closed,Bengaluru,12.863546,77.488474
61668108,2025-09-20T00:34:00.000,2025-09-30T13:27:00.000,Street Light Out,Closed,Mangaluru,12.891458,74.840309
61668337,2025-09-20T04:06:00.000,2025-10-06T12:32:00.000,Street Light Out,Closed,Belagavi,15.846689,74.547008
61668479,2025-09-20T07:05:00.000,2025-09-26T09:04:26.000,Street Light Out,Closed,Mangaluru,12.892523,74.841073
61668492,2025-09-20T08:03:00.000,2025-09-21T08:54:00.000,Street Light Out,Closed,Mangaluru,12.914453,74.85474
61668536,2025-09-20T08:24:00.000,2025-10-06T09:45:00.000,Street Light Out,Closed,Shivamogga,13.924369,75.555282
61668772,2025-09-20T08:35:00.000,2025-09-22T10:56:00.000,Street Light Cycling,Closed,Mangaluru,12.894221,74.847464
61669284,2025-09-20T08:46:00.000,2025-09-21T14:19:00.000,Street Light Cycling,Closed,Bengaluru,12.898472,77.507926
61669434,2025-09-20T09:15:00.000,2025-09-23T16:16:44.000,Street Light Out,Closed,Bengaluru,12.973903,77.579488
61669469,2025-09-20T09:57:00.000,2025-09-26T13:00:00.000,Street Light Out,Closed,Belagavi,15.846711,74.554048
61669551,2025-09-20T10:11:00.000,2025-09-25T17:36:00.000,Street Light Out,Closed,Hubballi,15.332232,75.119821
61669627,2025-09-20T10:17:00.000,2025-09-23T10:15:57.000,Street Light Out,Closed,Mangaluru,12.871303,74.854103
61669866,2025-09-20T10:38:00.000,2025-09-24T12:20:28.000,Street Light Out,Closed,Shivamogga,13.914707,75.564543
61670116,2025-09-20T10:44:00.000,2025-10-01T14:35:00.000,Street Light Cycling,Closed,Mangaluru,12.881402,74.838986
61670239,2025-09-20T12:57:00.000,2025-09-30T08:44:00.000,Street Light Out,Closed,Mangaluru,12.878158,74.872915
61670408,2025-09-20T17:08:00.000,2025-09-25T13:24:00.000,Street Light Out,Closed,Mangaluru,12.899726,74.857979
61670455,2025-09-20T19:27:00.000,2025-09-26T08:57:00.000,Street Light Out,Closed,Mysuru,12.34929,76.657756
61670735,2025-09-20T20:25:00.000,2025-10-17T16:02:02.000,Street Light Out,Closed,Bengaluru,13.057996,77.556075
61670858,2025-09-20T20:31:00.000,2025-09-27T13:17:29.000,Street Light Cycling,Closed,Hubballi,15.349717,75.134109
61671042,2025-09-20T20:37:00.000,2025-10-03T11:28:00.000,Street Light Cycling,Closed,Bengaluru,12.987778,77.671281
61671353,2025-09-20T20:56:00.000,2025-09-25T14:43:00.000,Street Light Out,Closed,Tumakuru,13.319929,77.116305
61671551,2025-09-20T21:58:00.000,2025-10-16T15:25:29.000,Street Light Out,Closed,Bengaluru,13.098688,77.539723
61671620,2025-09-20T22:00:00.000,2025-09-27T08:25:00.000,Street Light Out,Closed,Bengaluru,12.976551,77.589883
61671983,2025-09-20T23:41:00.000,2025-09-22T11:32:29.000,Street Light Out,Closed,Mangaluru,12.889263,74.848612
61672074,2025-09-21T01:39:00.000,2025-09-24T15:57:03.000,Street Light Dayburning,Closed,Tumakuru,13.339505,77.106713
61672100,2025-09-21T03:20:00.000,2025-10-28T16:39:26.000,Street Light Out,Closed,Hubballi,15.400017,75.13703
61672119,2025-09-21T04:34:00.000,2025-09-26T14:25:00.000,Street Light Out,Closed,Mangaluru,12.892549,74.89216
61672190,2025-09-21T06:00:00.000,2025-09-22T12:24:00.000,Street Light Out,Closed,Hubballi,15.341503,75.142143
61672219,2025-09-21T08:21:00.000,2025-09-25T08:00:00.000,Street Light Out,Closed,Bengaluru,12.960281,77.578189
61672223,2025-09-21T08:45:00.000,2025-09-28T08:20:19.000,Street Light Out,Closed,Shivamogga,13.943913,75.549631
61672379,2025-09-21T08:55:00.000,2025-09-22T15:34:35.000,Street Light Out,Closed,Belagavi,15.844867,74.550523
61672558,2025-09-21T09:10:00.000,2025-09-23T18:00:00.000,Street Light Out,Closed,Bengaluru,12.958652,77.560143
61672815,2025-09-21T09:44:00.000,2025-09-22T13:54:18.000,Street Light Out,Closed,Belagavi,15.844346,74.506735
61672827,2025-09-21T10:46:00.000,2025-10-04T16:11:00.000,Street Light Out,Closed,Bengaluru,12.952148,77.739793
61672939,2025-09-21T11:19:00.000,2025-10-05T18:35:00.000,Street Light Out,Closed,Bengaluru,12.955493,77.575376
61673334,2025-09-21T11:23:00.000,2025-10-11T08:42:00.000,Lamppost Damaged,Closed,Mysuru,12.310012,76.672209
61673672,2025-09-21T13:18:00.000,2025-09-25T10:36:00.000,Street Light Out,Closed,Belagavi,15.849688,74.513409
61673739,2025-09-21T17:19:00.000,2025-09-23T08:19:00.000,Street Light Out,Closed,Mysuru,12.303505,76.663273
61673748,2025-09-21T19:11:00.000,2025-10-18T15:00:00.000,Street Light Out,Closed,Shivamogga,13.92079,75.558211
61674006,2025-09-21T19:19:00.000,2025-09-23T09:23:00.000,Street Light Out,Closed,Mangaluru,12.898943,74.840278
61674139,2025-09-21T19:34:00.000,2025-09-26T09:42:00.000,Street Light Out,Closed,Mangaluru,12.869952,74.850097
61674150,2025-09-21T19:35:00.000,2025-10-14T17:58:42.000,Street Light Out,Closed,Bengaluru,12.956396,77.645032
61674324,2025-09-21T20:22:00.000,2025-09-27T14:35:56.000,Street Light Out,Closed,Hubballi,15.342243,75.126879
61674512,2025-09-21T20:24:00.000,2025-09-23T13:47:19.000,Street Light Out,Closed,Hubballi,15.393507,75.13484
61674674,2025-09-21T20:33:00.000,2025-09-25T17:52:00.000,Street Light Out,Closed,Belagavi,15.843535,74.553043
61675130,2025-09-21T20:42:00.000,2025-09-24T09:11:39.000,Street Light Out,Closed,Bengaluru,12.982483,77.549014
61675206,2025-09-21T20:52:00.000,2025-10-08T17:29:10.000,Street Light Out,Closed,Belagavi,15.865821,74.53173
61675329,2025-09-21T21:28:00.000,2025-09-23T10:59:00.000,Street Light Cycling,Closed,Bengaluru,12.995986,77.633889
61675379,2025-09-21T23:12:00.000,2025-10-29T08:45:55.000,Street Light Out,Closed,Mangaluru,12.900883,74.922345
61675393,2025-09-22T00:42:00.000,2025-09-26T14:20:00.000,Street Light Dayburning,Closed,Mangaluru,12.873206,74.862311
61675412,2025-09-22T01:26:00.000,2025-09-27T10:57:00.000,Street Light Out,Closed,Mangaluru,12.87775,74.8539
61675699,2025-09-22T07:37:00.000,2025-10-10T15:30:00.000,Street Light Out,Closed,Mangaluru,12.87069,74.89359
61675779,2025-09-22T08:13:00.000,2025-10-02T10:04:15.000,Street Light Out,Closed,Shivamogga,13.919338,75.559366
61675891,2025-09-22T08:24:00.000,2025-09-23T14:59:50.000,Street Light Out,Closed,Belagavi,15.857262,74.489812
61675907,2025-09-22T09:14:00.000,2025-09-28T09:47:00.000,Street Light Dim,Closed,Mangaluru,12.874931,74.863921
61676136,2025-09-22T09:19:00.000,2025-09-28T15:19:34.000,Street Light Out,Closed,Tumakuru,13.341546,77.106491
61676150,2025-09-22T09:35:00.000,2025-09-30T17:32:00.000,Street Light Out,Closed,Tumakuru,13.341249,77.101528
61676159,2025-09-22T10:05:00.000,2025-09-28T18:58:00.000,Street Light Out,Closed,Bengaluru,12.999725,77.62545
61676277,2025-09-22T10:40:00.000,2025-09-29T10:25:53.000,Street Light Out,Closed,Hubballi,15.355683,75.135607
61676397,2025-09-22T11:42:00.000,2025-09-25T18:32:00.000,Street Light Out,Closed,Mangaluru,12.919419,74.853194
61676789,2025-09-22T12:00:00.000,2025-10-19T11:18:00.000,Street Light Out,Closed,Mangaluru,12.87331,74.846373
61676823,2025-09-22T12:46:00.000,2025-10-02T13:08:16.000,Street Light Out,Closed,Bengaluru,12.946023,77.655109
61676869,2025-09-22T15:41:00.000,2025-10-28T10:49:00.000,Street Light Out,Closed,Bengaluru,12.995856,77.625265
61676872,2025-09-22T19:29:00.000,2025-09-23T14:39:00.000,Street Light Out,Closed,Hubballi,15.353843,75.134071
61676907,2025-09-22T19:42:00.000,2025-09-28T15:39:00.000,Street Light Out,Closed,Mangaluru,12.874391,74.851134
61677159,2025-09-22T20:05:00.000,2025-10-28T18:09:00.000,Street Light Out,Closed,Belagavi,15.851083,74.556009
61677225,2025-09-22T20:14:00.000,2025-09-24T15:37:00.000,Street Light Out,Closed,Mangaluru,12.887849,74.850075
61677391,2025-09-22T20:34:00.000,2025-10-05T11:20:00.000,Lamppost Damaged,Closed,Hubballi,15.359243,75.148499
61677500,2025-09-22T20:40:00.000,2025-10-06T14:56:00.000,Street Light Out,Closed,Tumakuru,13.348667,77.10388
61677556,2025-09-22T20:51:00.000,2025-09-26T17:26:00.000,Street Light Out,Closed,Mangaluru,12.889172,74.852214
61677723,2025-09-22T20:59:00.000,2025-09-23T17:15:24.000,Street Light Out,Closed,Mangaluru,12.874391,74.852513
61677856,2025-09-22T21:48:00.000,2025-09-24T10:00:45.000,Street Light Out,Closed,Mangaluru,12.872143,74.846781
61677934,2025-09-22T22:50:00.000,2025-10-30T11:15:12.000,Street Light Out,Closed,Shivamogga,13.940158,75.605204
61678163,2025-09-22T23:10:00.000,2025-10-03T15:44:35.000,Street Light Out,Closed,Bengaluru,13.020461,77.604412
61678272,2025-09-23T00:25:00.000,2025-10-03T18:37:00.000,Street Light Out,Closed,Shivamogga,13.954979,75.5902
61678680,2025-09-23T03:54:00.000,2025-09-27T12:04:00.000,Street Light Out,Closed,Bengaluru,12.982231,77.58497
61678688,2025-09-23T04:16:00.000,2025-10-14T15:37:55.000,Street Light Out,Closed,Shivamogga,13.911476,75.576071
61678714,2025-09-23T04:26:00.000,2025-09-26T11:54:00.000,Street Light Out,Closed,Bengaluru,12.965146,77.58115
61678733,2025-09-23T05:23:00.000,2025-09-25T09:58:00.000,Street Light Out,Closed,Bengaluru,12.878277,77.535462
61678903,2025-09-23T06:58:00.000,2025-09-28T17:51:00.000,Street Light Out,Closed,Mangaluru,12.874176,74.844121
61678955,2025-09-23T08:26:00.000,2025-10-07T16:46:00.000,Street Light Cycling,Closed,Mangaluru,12.900296,74.8438
61679021,2025-09-23T08:50:00.000,2025-09-26T14:31:00.000,Street Light Out,Closed,Shivamogga,13.922035,75.563493
61679022,2025-09-23T09:25:00.000,2025-09-26T16:28:37.000,Street Light Out,Closed,Mysuru,12.300284,76.663058
61679043,2025-09-23T09:35:00.000,2025-09-27T16:14:14.000,Street Light Out,Closed,Belagavi,15.870114,74.510521
61679260,2025-09-23T10:03:00.000,2025-09-29T08:57:32.000,Street Light Out,Closed,Mangaluru,12.885448,74.840429
61679392,2025-09-23T10:12:00.000,2025-09-30T16:29:56.000,Street Light Out,Closed,Hubballi,15.362938,75.153428
61679489,2025-09-23T17:21:00.000,2025-09-28T11:50:10.000,Street Light Out,Closed,Mysuru,12.31516,76.720378
61679602,2025-09-23T18:23:00.000,2025-10-05T15:54:00.000,Street Light Out,Closed,Belagavi,15.841983,74.512766
61680047,2025-09-23T19:21:00.000,2025-10-17T10:04:59.000,Street Light Out,Closed,Belagavi,15.862648,74.488443
61680153,2025-09-23T20:31:00.000,2025-09-26T13:09:00.000,Street Light Dayburning,Closed,Hubballi,15.360289,75.148695
61680218,2025-09-23T21:02:00.000,2025-11-14T15:43:00.000,Street Light Out,Closed,Mangaluru,12.862694,74.845668
61680245,2025-09-23T21:15:00.000,2025-09-29T11:20:00.000,Street Light Out,Closed,Hubballi,15.293419,75.140121
61680332,2025-09-23T21:43:00.000,2025-10-05T10:40:00.000,Street Light Out,Closed,Tumakuru,13.324298,77.115059
61680354,2025-09-23T22:05:00.000,2025-09-28T16:31:00.000,Street Light Out,Closed,Bengaluru,12.974971,77.587042
61680464,2025-09-23T23:26:00.000,2025-09-25T15:39:00.000,Street Light Out,Closed,Bengaluru,12.956079,77.589529
61680716,2025-09-24T05:29:00.000,2025-10-16T09:59:00.000,Street Light Cycling,Closed,Mangaluru,12.882716,74.859552
61680787,2025-09-24T06:25:00.000,2025-10-05T15:10:00.000,Street Light Out,Closed,Shivamogga,13.912086,75.601102
61680899,2025-09-24T06:43:00.000,2025-09-26T09:54:00.000,Street Light Out,Closed,Mangaluru,12.87621,74.875516
61681128,2025-09-24T06:54:00.000,2025-09-27T08:43:13.000,Street Light Out,Closed,Mysuru,12.293442,76.652358
61681277,2025-09-24T09:15:00.000,2025-09-28T14:38:04.000,Street Light Out,Closed,Tumakuru,13.34098,77.104418
61681390,2025-09-24T09:20:00.000,2025-10-11T14:19:00.000,Street Light Out,Closed,Tumakuru,13.343951,77.111221
61681411,2025-09-24T09:20:00.000,2025-09-26T16:14:01.000,Street Light Out,Closed,Mysuru,12.309411,76.658739
61681502,2025-09-24T09:57:00.000,2025-09-29T13:00:00.000,Street Light Out,Closed,Bengaluru,13.043729,77.52869
61681515,2025-09-24T10:45:00.000,2025-09-27T11:51:00.000,Street Light Out,Closed,Belagavi,15.847963,74.509298
61681688,2025-09-24T10:52:00.000,2025-10-01T15:37:00.000,Street Light Out,Closed,Mangaluru,12.850972,74.848337
61681911,2025-09-24T16:38:00.000,2025-09-28T17:36:37.000,Street Light Out,Closed,Bengaluru,12.967989,77.578249
61681972,2025-09-24T18:14:00.000,2025-09-27T18:42:00.000,Street Light Out,Closed,Hubballi,15.323539,75.14181
61682019,2025-09-24T19:22:00.000,2025-09-29T18:34:57.000,Street Light Out,Closed,Tumakuru,13.323065,77.10481
61682034,2025-09-24T19:26:00.000,2025-09-27T15:23:40.000,Street Light Out,Closed,Tumakuru,13.313133,77.095837
61682076,2025-09-24T19:51:00.000,2025-09-30T11:58:00.000,Street Light Out,Closed,Hubballi,15.363557,75.153502
61682134,2025-09-24T20:02:00.000,2025-09-28T10:40:00.000,Street Light Out,Closed,Bengaluru,13.036586,77.558168
61682173,2025-09-24T20:48:00.000,2025-09-30T08:18:25.000,Street Light Dim,Closed,Mysuru,12.289383,76.68628
61682196,2025-09-24T21:12:00.000,2025-09-30T12:21:06.000,Street Light Out,Closed,Belagavi,15.863113,74.485311
61682325,2025-09-24T21:16:00.000,2025-09-28T18:31:00.000,Street Light Out,Closed,Shivamogga,13.92154,75.550657
61682392,2025-09-24T21:43:00.000,2025-09-27T08:02:23.000,Street Light Out,Closed,Belagavi,15.84858,74.555997
61682559,2025-09-24T22:11:00.000,2025-09-30T16:38:00.000,Street Light Out,Closed,Mangaluru,12.893305,74.849474
61682626,2025-09-24T22:12:00.000,2025-10-02T16:24:30.000,Street Light Out,Closed,Mangaluru,12.878697,74.846134
61682850,2025-09-24T22:56:00.000,2025-09-27T09:06:55.000,Street Light Out,Closed,Mangaluru,12.906943,74.849732
61682862,2025-09-24T22:56:00.000,2025-09-28T10:18:00.000,Street Light Out,Closed,Hubballi,15.373804,75.114287
61682880,2025-09-24T23:26:00.000,2025-10-08T13:04:00.000,Street Light Out,Closed,Shivamogga,13.914363,75.567677
61683005,2025-09-25T00:26:00.000,2025-10-18T18:01:00.000,Street Light Out,Closed,Belagavi,15.890444,74.488486
61683006,2025-09-25T06:07:00.000,2025-09-28T17:52:00.000,Street Light Out,Closed,Mysuru,12.258414,76.667253
61683113,2025-09-25T08:24:00.000,2025-10-28T17:49:00.000,Street Light Out,Closed,Hubballi,15.354803,75.131806
61683168,2025-09-25T10:30:00.000,2025-09-29T11:27:00.000,Street Light Out,Closed,Shivamogga,13.941128,75.554867
61683184,2025-09-25T14:06:00.000,2025-10-06T08:38:00.000,Street Light Out,Closed,Mysuru,12.35207,76.635524
61683445,2025-09-25T17:12:00.000,2025-10-01T16:49:00.000,Street Light Out,Closed,Mysuru,12.344044,76.654869
61683514,2025-09-25T19:12:00.000,2025-09-29T08:22:00.000,Street Light Out,Closed,Bengaluru,12.910028,77.533387
61683519,2025-09-25T19:49:00.000,2025-09-30T17:29:00.000,Street Light Out,Closed,Belagavi,15.826988,74.480316
61683554,2025-09-25T19:58:00.000,2025-10-25T11:31:00.000,Street Light Out,Closed,Mysuru,12.339195,76.648844
61683596,2025-09-25T20:03:00.000,2025-09-26T14:15:41.000,Street Light Out,Closed,Shivamogga,13.932609,75.575411
61683712,2025-09-25T23:45:00.000,2025-10-02T15:07:00.000,Street Light Out,Closed,Hubballi,15.366787,75.147967
61683860,2025-09-26T00:59:00.000,2025-10-04T14:38:00.000,Street Light Out,Closed,Hubballi,15.356888,75.113954
61684014,2025-09-26T02:39:00.000,2025-10-03T18:12:14.000,Street Light Out,Closed,Mysuru,12.304714,76.663665
61684251,2025-09-26T10:36:00.000,2025-09-29T14:23:00.000,Street Light Out,Closed,Mysuru,12.267466,76.662639
61684259,2025-09-26T11:49:00.000,2025-09-28T13:49:23.000,Street Light Out,Closed,Mangaluru,12.88736,74.846645
61684555,2025-09-26T12:20:00.000,2025-10-30T14:04:22.000,Street Light Out,Closed,Mysuru,12.261863,76.659824
61684618,2025-09-26T12:48:00.000,2025-10-02T15:48:11.000,Street Light Out,Closed,Shivamogga,13.9413,75.578303
61684735,2025-09-26T14:34:00.000,2025-10-02T08:29:34.000,Street Light Out,Closed,Bengaluru,12.920849,77.601231
61684811,2025-09-26T15:54:00.000,2025-10-13T10:32:05.000,Lamppost Damaged,Closed,Bengaluru,12.986442,77.575417
61684863,2025-09-26T16:25:00.000,2025-09-27T18:05:00.000,Street Light Out,Closed,Mangaluru,12.916587,74.855934
61684930,2025-09-26T16:27:00.000,2025-10-11T18:13:00.000,Street Light Out,Closed,Mangaluru,12.871133,74.841392
61685003,2025-09-26T17:58:00.000,2025-10-02T08:39:04.000,Street Light Out,Closed,Shivamogga,13.88865,75.548617
61685241,2025-09-26T18:26:00.000,2025-10-01T13:06:00.000,Street Light Out,Closed,Mysuru,12.307619,76.632657
61685312,2025-09-26T19:01:00.000,2025-10-06T11:56:02.000,Street Light Out,Closed,Mangaluru,12.905001,74.879879
61685324,2025-09-26T19:54:00.000,2025-11-01T18:29:47.000,Street Light Out,Closed,Belagavi,15.849887,74.557999
61685407,2025-09-26T20:10:00.000,2025-09-28T08:25:41.000,Street Light Out,Closed,Hubballi,15.355658,75.16825
61685414,2025-09-26T20:15:00.000,2025-10-02T10:14:00.000,Street Light Cycling,Closed,Bengaluru,12.844495,77.59984
61685477,2025-09-26T21:12:00.000,2025-09-29T18:57:00.000,Street Light Out,Closed,Belagavi,15.844689,74.551968
61685513,2025-09-26T21:13:00.000,2025-10-14T11:04:00.000,Street Light Out,Closed,Bengaluru,13.079617,77.620175
61685596,2025-09-26T21:42:00.000,2025-09-30T17:31:30.000,Street Light Out,Closed,Hubballi,15.352865,75.136606
61685713,2025-09-26T21:43:00.000,2025-10-01T12:09:36.000,Street Light Out,Closed,Bengaluru,12.980362,77.565147
61685876,2025-09-26T23:41:00.000,2025-10-13T18:26:01.000,Street Light Out,Closed,Belagavi,15.845301,74.550737
61685894,2025-09-27T04:53:00.000,2025-10-06T08:17:00.000,Street Light Dayburning,Closed,Shivamogga,13.914123,75.579623
61685906,2025-09-27T05:10:00.000,2025-09-29T10:26:22.000,Street Light Cycling,Closed,Mangaluru,12.906702,74.850295
61686397,2025-09-27T09:35:00.000,2025-10-19T11:42:03.000,Street Light Out,Closed,Belagavi,15.815562,74.532233
61686414,2025-09-27T09:51:00.000,2025-10-02T09:49:41.000,Street Light Out,Closed,Hubballi,15.346977,75.127565
61686711,2025-09-27T10:04:00.000,2025-10-07T10:59:00.000,Street Light Out,Closed,Belagavi,15.850387,74.551777
61686768,2025-09-27T10:25:00.000,2025-10-02T11:32:00.000,Street Light Out,Closed,Mangaluru,12.892467,74.840987
61687109,2025-09-27T11:13:00.000,2025-10-05T15:27:38.000,Street Light Out,Closed,Mysuru,12.32593,76.596378
61687139,2025-09-27T11:43:00.000,2025-10-05T16:58:13.000,Street Light Dayburning,Closed,Mangaluru,12.922031,74.873248
61687152,2025-09-27T13:24:00.000,2025-10-03T10:50:00.000,Street Light Out,Closed,Bengaluru,12.974146,77.523008
61687239,2025-09-27T13:44:00.000,2025-10-02T17:16:56.000,Street Light Cycling,Closed,Mysuru,12.316342,76.691091
61687299,2025-09-27T17:17:00.000,2025-09-29T08:06:00.000,Street Light Out,Closed,Bengaluru,12.974687,77.576975
61687385,2025-09-27T17:20:00.000,2025-10-02T15:59:00.000,Street Light Out,Closed,Mangaluru,12.872644,74.850904
61687410,2025-09-27T17:34:00.000,2025-10-22T13:52:00.000,Street Light Out,Closed,Belagavi,15.847802,74.554936
61687534,2025-09-27T18:06:00.000,2025-10-05T17:21:00.000,Street Light Out,Closed,Mangaluru,12.871129,74.843262
61687601,2025-09-27T18:27:00.000,2025-09-30T14:04:00.000,Street Light Out,Closed,Tumakuru,13.37974,77.116746
61687902,2025-09-27T18:45:00.000,2025-09-29T13:50:00.000,Street Light Out,Closed,Mangaluru,12.861197,74.880138
61687979,2025-09-27T18:55:00.000,2025-09-28T17:07:00.000,Street Light Out,Closed,Hubballi,15.34507,75.142636
61688034,2025-09-27T18:59:00.000,2025-09-30T15:25:00.000,Street Light Out,Closed,Mangaluru,12.852979,74.863617
61688697,2025-09-27T19:03:00.000,2025-10-02T13:29:00.000,Street Light Out,Closed,Mangaluru,12.879368,74.8413
61688760,2025-09-27T19:29:00.000,2025-09-29T15:41:31.000,Street Light Out,Closed,Mysuru,12.302297,76.67415
61688787,2025-09-27T19:41:00.000,2025-10-07T08:06:00.000,Street Light Out,Closed,Bengaluru,12.935773,77.56829
61689049,2025-09-27T20:49:00.000,2025-10-07T08:42:00.000,Lamppost Damaged,Closed,Tumakuru,13.345107,77.117623
61689090,2025-09-27T20:55:00.000,2025-09-30T12:46:00.000,Street Light Out,Closed,Bengaluru,13.000618,77.631824
61689091,2025-09-27T21:19:00.000,2025-10-06T17:24:00.000,Street Light Cycling,Closed,Bengaluru,12.964712,77.574293
61689097,2025-09-27T21:22:00.000,2025-09-29T11:22:00.000,Street Light Cycling,Closed,Mangaluru,12.87755,74.854272
61689843,2025-09-27T21:35:00.000,2025-09-30T11:28:00.000,Street Light Out,Closed,Shivamogga,13.92353,75.542523
61689884,2025-09-27T21:42:00.000,2025-10-31T13:02:00.000,Street Light Out,Closed,Shivamogga,13.895824,75.553529
61689921,2025-09-27T21:59:00.000,2025-10-22T15:31:51.000,Street Light Out,Closed,Hubballi,15.370036,75.147271
61689961,2025-09-28T02:45:00.000,2025-10-05T15:47:00.000,Street Light Out,Closed,Bengaluru,12.957836,77.578865
61690041,2025-09-28T04:03:00.000,2025-10-04T18:35:00.000,Street Light Out,Closed,Tumakuru,13.369252,77.096297
61690152,2025-09-28T05:53:00.000,2025-09-29T17:46:44.000,Street Light Out,Closed,Mangaluru,12.910695,74.852327
61690174,2025-09-28T07:01:00.000,2025-10-04T08:06:34.000,Street Light Dayburning,Closed,Shivamogga,13.928,75.553807
61690199,2025-09-28T07:16:00.000,2025-10-06T11:08:00.000,Street Light Out,Closed,Bengaluru,12.972821,77.585484
61690220,2025-09-28T08:56:00.000,2025-10-04T10:35:00.000,Street Light Out,Closed,Bengaluru,13.082741,77.539585
61690269,2025-09-28T09:00:00.000,2025-10-01T09:52:47.000,Street Light Out,Closed,Mysuru,12.282063,76.692904
61690334,2025-09-28T11:26:00.000,2025-10-02T14:24:23.000,Street Light Out,Closed,Mysuru,12.321836,76.704745
61690407,2025-09-28T11:57:00.000,2025-10-16T17:59:00.000,Street Light Cycling,Closed,Belagavi,15.843554,74.554017
61690540,2025-09-28T13:02:00.000,2025-10-04T13:15:21.000,Street Light Out,Closed,Mangaluru,12.880528,74.856812
61690589,2025-09-28T14:40:00.000,2025-10-01T15:02:00.000,Street Light Out,Closed,Mysuru,12.306011,76.663013
61690612,2025-09-28T15:52:00.000,2025-10-05T15:23:00.000,Street Light Out,Closed,Bengaluru,13.031821,77.550562
61690634,2025-09-28T17:50:00.000,2025-10-06T16:23:00.000,Street Light Out,Closed,Shivamogga,13.924088,75.570885
61690667,2025-09-28T18:14:00.000,2025-10-05T13:55:06.000,Street Light Out,Closed,Bengaluru,13.016998,77.604036
61690846,2025-09-28T18:19:00.000,2025-10-01T13:33:00.000,Street Light Out,Closed,Hubballi,15.359378,75.118508
61691079,2025-09-28T18:45:00.000,2025-09-29T15:03:00.000,Street Light Out,Closed,Mysuru,12.303516,76.663357
61691158,2025-09-28T18:55:00.000,2025-10-02T09:01:00.000,Street Light Out,Closed,Mangaluru,12.869151,74.838574
61691197,2025-09-28T19:47:00.000,2025-10-07T14:59:00.000,Street Light Out,Closed,Mangaluru,12.927419,74.846994
61691250,2025-09-28T20:38:00.000,2025-10-01T15:06:01.000,Street Light Out,Closed,Mangaluru,12.894143,74.847292
61691464,2025-09-28T20:48:00.000,2025-10-01T13:06:54.000,Street Light Out,Closed,Bengaluru,12.96622,77.593628
61691499,2025-09-28T21:18:00.000,2025-10-01T10:07:00.000,Lamppost Damaged,Closed,Bengaluru,12.996991,77.613916
61692148,2025-09-28T21:30:00.000,2025-09-30T18:19:11.000,Street Light Out,Closed,Belagavi,15.852903,74.522621
61692226,2025-09-28T21:52:00.000,2025-10-01T13:15:59.000,Street Light Out,Closed,Mangaluru,12.88216,74.885878
61692250,2025-09-28T22:08:00.000,2025-10-17T16:57:21.000,Street Light Out,Closed,Bengaluru,12.975528,77.573216
61692624,2025-09-28T22:34:00.000,2025-10-02T12:18:52.000,Street Light Cycling,Closed,Hubballi,15.356042,75.149781
61692645,2025-09-28T23:02:00.000,2025-10-10T17:44:00.000,Street Light Out,Closed,Mysuru,12.305278,76.672512
61692860,2025-09-28T23:30:00.000,2025-10-23T13:34:00.000,Street Light Out,Closed,Tumakuru,13.313324,77.103596
61693202,2025-09-28T23:54:00.000,2025-10-08T08:19:00.000,Street Light Out,Closed,Belagavi,15.846716,74.556671
61693327,2025-09-29T00:04:00.000,2025-10-04T11:10:32.000,Street Light Out,Closed,Mangaluru,12.859659,74.871442
61693375,2025-09-29T06:17:00.000,2025-11-06T12:09:00.000,Street Light Out,Closed,Bengaluru,12.974752,77.612177
61693559,2025-09-29T10:10:00.000,2025-09-30T16:05:00.000,Street Light Out,Closed,Hubballi,15.353773,75.132924
61693840,2025-09-29T10:17:00.000,2025-10-02T17:39:00.000,Street Light Out,Closed,Shivamogga,13.932613,75.575408
61693842,2025-09-29T10:55:00.000,2025-10-02T15:05:00.000,Street Light Out,Closed,Mangaluru,12.906964,74.84978
61693905,2025-09-29T11:11:00.000,2025-09-30T14:53:02.000,Lamppost Damaged,Closed,Mangaluru,12.894296,74.852618
61693996,2025-09-29T12:24:00.000,2025-10-02T12:15:00.000,Street Light Out,Closed,Hubballi,15.348308,75.093788
61694151,2025-09-29T13:02:00.000,2025-10-05T09:16:57.000,Street Light Out,Closed,Bengaluru,13.013417,77.547275
61694482,2025-09-29T16:17:00.000,2025-10-07T09:55:45.000,Street Light Out,Closed,Mangaluru,12.890053,74.856625
61694689,2025-09-29T16:51:00.000,2025-10-01T17:50:00.000,Street Light Out,Closed,Mangaluru,12.889102,74.852187
61694690,2025-09-29T17:04:00.000,2025-10-03T17:39:30.000,Street Light Out,Closed,Bengaluru,12.913137,77.650088
61694721,2025-09-29T17:32:00.000,2025-10-11T17:49:37.000,Street Light Out,Closed,Tumakuru,13.39012,77.127408
61694864,2025-09-29T17:36:00.000,2025-10-02T11:00:41.000,Street Light Out,Closed,Mangaluru,12.874714,74.846276
61694873,2025-09-29T19:31:00.000,2025-10-03T09:41:00.000,Street Light Out,Closed,Shivamogga,13.930047,75.558464
61694974,2025-09-29T19:44:00.000,2025-10-02T18:32:00.000,Street Light Out,Closed,Belagavi,15.859797,74.515923
61695142,2025-09-29T20:21:00.000,2025-10-02T15:11:14.000,Street Light Out,Closed,Mangaluru,12.883037,74.850588
61695407,2025-09-29T20:29:00.000,2025-10-05T13:30:00.000,Street Light Out,Closed,Tumakuru,13.346041,77.090788
61695529,2025-09-29T20:43:00.000,2025-10-18T16:36:00.000,Street Light Out,Closed,Mangaluru,12.874226,74.84403
61695733,2025-09-29T21:03:00.000,2025-10-13T12:14:21.000,Street Light Out,Closed,Mysuru,12.295469,76.664289
61695786,2025-09-29T21:50:00.000,2025-10-08T11:29:00.000,Street Light Out,Closed,Hubballi,15.352984,75.14736
61695950,2025-09-29T22:05:00.000,2025-10-16T10:22:29.000,Street Light Out,Closed,Bengaluru,13.024497,77.514548
61696007,2025-09-29T22:08:00.000,2025-10-02T13:33:41.000,Street Light Out,Closed,Mysuru,12.295158,76.665016
61696039,2025-09-29T22:21:00.000,2025-11-26T10:04:59.000,Street Light Out,Closed,Bengaluru,12.973033,77.594291
61696052,2025-09-30T02:17:00.000,2025-10-05T11:13:28.000,Street Light Cycling,Closed,Tumakuru,13.374,77.083432
61696283,2025-09-30T06:55:00.000,2025-10-07T14:18:00.000,Street Light Cycling,Closed,Bengaluru,12.914362,77.572312
61696295,2025-09-30T07:10:00.000,2025-10-17T14:32:00.000,Street Light Dayburning,Closed,Mysuru,12.350022,76.65168
61696297,2025-09-30T07:27:00.000,2025-10-07T13:51:44.000,Street Light Out,Closed,Bengaluru,12.98839,77.576227
61696345,2025-09-30T09:33:00.000,2025-10-01T10:34:48.000,Street Light Out,Closed,Bengaluru,12.999554,77.556953
61696406,2025-09-30T11:07:00.000,2025-10-03T12:26:11.000,Street Light Out,Closed,Bengaluru,12.967338,77.597218
61696562,2025-09-30T11:47:00.000,2025-10-08T10:32:00.000,Street Light Cycling,Closed,Mangaluru,12.898093,74.882963
61696579,2025-09-30T11:50:00.000,2025-10-02T11:55:00.000,Street Light Out,Closed,Hubballi,15.293421,75.140204
61696599,2025-09-30T11:56:00.000,2025-10-02T13:56:00.000,Street Light Out,Closed,Shivamogga,13.918588,75.55226
61696636,2025-09-30T12:31:00.000,2025-10-05T18:34:00.000,Street Light Out,Closed,Bengaluru,12.975643,77.627197
61696754,2025-09-30T18:18:00.000,2025-10-17T15:24:00.000,Street Light Out,Closed,Mysuru,12.305256,76.666521
61696991,2025-09-30T18:46:00.000,2025-10-02T14:06:40.000,Street Light Out,Closed,Belagavi,15.852937,74.522641
61697011,2025-09-30T19:36:00.000,2025-10-03T15:26:17.000,Street Light Out,Closed,Belagavi,15.85663,74.518444
61697114,2025-09-30T20:19:00.000,2025-10-03T10:16:00.000,Street Light Out,Closed,Mangaluru,12.863815,74.86323
61697327,2025-09-30T20:29:00.000,2025-10-21T10:01:14.000,Street Light Out,Closed,Shivamogga,13.933383,75.548208
61697508,2025-09-30T20:30:00.000,2025-10-01T13:39:00.000,Street Light Out,Closed,Mangaluru,12.891458,74.840339
61697632,2025-09-30T20:31:00.000,2025-10-02T16:10:08.000,Street Light Out,Closed,Hubballi,15.32661,75.148065
61697692,2025-09-30T21:17:00.000,2025-10-10T11:53:00.000,Street Light Cycling,Closed,Mangaluru,12.9251,74.877557
61697773,2025-09-30T21:22:00.000,2025-10-11T16:45:00.000,Street Light Out,Closed,Tumakuru,13.342997,77.113173
61697813,2025-09-30T21:47:00.000,2025-10-08T09:41:00.000,Street Light Out,Closed,Mysuru,12.304234,76.670309
61698116,2025-09-30T23:11:00.000,2025-10-06T16:36:09.000,Street Light Out,Closed,Shivamogga,13.95405,75.553785
61698214,2025-09-30T23:51:00.000,2025-10-07T13:20:17.000,Street Light Out,Closed,Mangaluru,12.916983,74.886769
61698247,2025-10-01T00:28:00.000,2025-10-04T13:18:00.000,Street Light Out,Closed,Belagavi,15.857112,74.518131
61698318,2025-10-01T01:50:00.000,2025-10-05T08:18:00.000,Street Light Out,Closed,Hubballi,15.365349,75.142152
61698329,2025-10-01T07:50:00.000,2025-10-18T16:32:00.000,Street Light Out,Closed,Shivamogga,13.916317,75.57346
61698453,2025-10-01T07:51:00.000,2025-10-07T14:00:35.000,Street Light Out,Closed,Mangaluru,12.893281,74.849431
61698519,2025-10-01T08:43:00.000,2025-10-08T09:28:43.000,Street Light Out,Closed,Belagavi,15.847477,74.551474
61698526,2025-10-01T09:58:00.000,2025-10-09T12:13:00.000,Street Light Dayburning,Closed,Bengaluru,12.947888,77.578367
61698650,2025-10-01T10:14:00.000,2025-10-20T15:28:41.000,Street Light Out,Closed,Mysuru,12.27153,76.6786
61698719,2025-10-01T15:01:00.000,2025-11-06T16:22:13.000,Street Light Out,Closed,Belagavi,15.83479,74.518971
61698773,2025-10-01T16:17:00.000,2025-10-08T13:25:05.000,Street Light Out,Closed,Mangaluru,12.887246,74.852488
61698795,2025-10-01T17:13:00.000,2025-10-07T13:35:58.000,Street Light Out,Closed,Mangaluru,12.878814,74.845267
61698904,2025-10-01T17:36:00.000,2025-10-12T17:53:03.000,Street Light Out,Closed,Mangaluru,12.895391,74.845953
61698961,2025-10-01T19:14:00.000,2025-10-04T16:11:08.000,Street Light Out,Closed,Shivamogga,13.915303,75.562096
61698962,2025-10-01T20:05:00.000,2025-10-13T14:55:00.000,Street Light Out,Closed,Hubballi,15.343156,75.107532
61699294,2025-10-01T20:08:00.000,2025-10-07T08:08:00.000,Street Light Out,Closed,Shivamogga,13.921984,75.56357
61699464,2025-10-01T20:33:00.000,2025-10-03T09:14:01.000,Street Light Out,Closed,Mysuru,12.317404,76.651098
61699494,2025-10-01T20:46:00.000,2025-10-02T18:40:52.000,Street Light Out,Closed,Bengaluru,12.971768,77.620793
61699533,2025-10-01T20:48:00.000,2025-10-06T10:00:00.000,Street Light Out,Closed,Bengaluru,12.970587,77.587634
61699552,2025-10-01T22:49:00.000,2025-10-04T09:45:00.000,Street Light Out,Closed,Mangaluru,12.894159,74.847381
61699573,2025-10-01T23:33:00.000,2025-10-16T13:08:00.000,Street Light Out,Closed,Hubballi,15.356286,75.111305
61699585,2025-10-02T02:43:00.000,2025-10-02T08:48:20.000,Street Light Out,Closed,Hubballi,15.343626,75.15887
61699732,2025-10-02T04:57:00.000,2025-10-07T17:05:00.000,Street Light Out,Closed,Hubballi,15.344874,75.133672
61700087,2025-10-02T09:00:00.000,2025-10-03T13:55:15.000,Street Light Out,Closed,Mangaluru,12.884247,74.876839
61700104,2025-10-02T10:16:00.000,2025-10-15T15:07:00.000,Street Light Cycling,Closed,Mysuru,12.28945,76.660791
61700276,2025-10-02T11:14:00.000,2025-10-07T17:47:00.000,Street Light Out,Closed,Shivamogga,13.941156,75.554881
61700294,2025-10-02T12:04:00.000,2025-10-04T15:43:10.000,Street Light Out,Closed,Mangaluru,12.894322,74.85264
61700317,2025-10-02T17:19:00.000,2025-10-08T11:06:00.000,Street Light Out,Closed,Tumakuru,13.355728,77.06435
61700835,2025-10-02T21:11:00.000,2025-10-04T16:10:00.000,Street Light Out,Closed,Bengaluru,13.043733,77.528737
61700856,2025-10-02T21:18:00.000,2025-10-06T13:18:00.000,Street Light Dayburning,Closed,Bengaluru,12.974971,77.587109
61700974,2025-10-02T21:19:00.000,2025-10-08T15:58:00.000,Street Light Out,Closed,Hubballi,15.373613,75.164766
61701230,2025-10-02T22:19:00.000,2025-10-10T17:44:45.000,Street Light Out,Closed,Shivamogga,13.925956,75.557877
61701414,2025-10-02T22:29:00.000,2025-10-06T18:32:58.000,Street Light Dayburning,Closed,Shivamogga,13.926189,75.574793
61701419,2025-10-02T22:51:00.000,2025-10-06T16:40:20.000,Street Light Out,Closed,Mangaluru,12.887481,74.840424
61701572,2025-10-02T23:02:00.000,2025-10-10T17:03:00.000,Street Light Out,Closed,Tumakuru,13.371566,77.095774
61701770,2025-10-03T00:10:00.000,2025-10-16T08:04:00.000,Street Light Out,Closed,Mangaluru,12.878728,74.846202
61701816,2025-10-03T08:06:00.000,2025-10-05T10:21:00.000,Street Light Out,Closed,Bengaluru,12.844416,77.599776
61701948,2025-10-03T08:17:00.000,2025-10-04T12:29:19.000,Street Light Out,Closed,Bengaluru,12.976093,77.591471
61702230,2025-10-03T08:23:00.000,2025-10-11T13:00:00.000,Street Light Out,Closed,Bengaluru,13.017152,77.561818
61702242,2025-10-03T09:37:00.000,2025-10-08T17:38:00.000,Street Light Out,Closed,Shivamogga,13.89695,75.563868
61702600,2025-10-03T11:21:00.000,2025-10-07T17:24:00.000,Street Light Out,Closed,Bengaluru,12.955741,77.587224
61702612,2025-10-03T14:03:00.000,2025-10-06T09:29:23.000,Street Light Out,Closed,Mysuru,12.289401,76.686245
61702827,2025-10-03T17:16:00.000,2025-10-21T08:25:00.000,Street Light Out,Closed,Hubballi,15.339945,75.139565
61703126,2025-10-03T19:23:00.000,2025-10-10T15:59:00.000,Street Light Out,Closed,Tumakuru,13.32199,77.086565
61703241,2025-10-03T19:54:00.000,2025-10-09T10:12:00.000,Street Light Out,Closed,Mysuru,12.31466,76.696327
61703328,2025-10-03T20:43:00.000,2025-10-08T09:59:06.000,Street Light Out,Closed,Mysuru,12.305925,76.662926
61703472,2025-10-03T21:33:00.000,2025-10-22T16:52:00.000,Street Light Out,Closed,Hubballi,15.369593,75.15728
61703490,2025-10-03T22:10:00.000,2025-11-04T18:01:00.000,Street Light Out,Closed,Shivamogga,13.917101,75.57482
61703516,2025-10-03T22:45:00.000,2025-10-08T12:11:11.000,Street Light Out,Closed,Mysuru,12.259176,76.658164
61703681,2025-10-03T22:59:00.000,2025-10-07T13:47:51.000,Street Light Out,Closed,Bengaluru,12.981935,77.593952
61703884,2025-10-04T08:42:00.000,2025-10-11T13:10:49.000,Street Light Out,Closed,Tumakuru,13.331281,77.118404
61703903,2025-10-04T10:14:00.000,2025-10-07T13:05:00.000,Street Light Out,Closed,Tumakuru,13.340369,77.107318
61703952,2025-10-04T10:52:00.000,2025-10-07T10:03:19.000,Street Light Out,Closed,Hubballi,15.35273,75.130267
61704099,2025-10-04T12:07:00.000,2025-10-14T18:08:57.000,Street Light Out,Closed,Mangaluru,12.901166,74.851486
61704127,2025-10-04T13:15:00.000,2025-10-12T09:12:25.000,Street Light Out,Closed,Mangaluru,12.869573,74.849591
61704379,2025-10-04T13:18:00.000,2025-10-05T14:05:10.000,Street Light Out,Closed,Bengaluru,12.973862,77.579502
61704425,2025-10-04T13:47:00.000,2025-10-29T12:28:00.000,Street Light Out,Closed,Tumakuru,13.32752,77.115729
61704466,2025-10-04T15:08:00.000,2025-10-08T15:17:00.000,Street Light Out,Closed,Hubballi,15.352291,75.123612
61704482,2025-10-04T15:24:00.000,2025-10-06T15:14:00.000,Street Light Out,Closed,Bengaluru,12.980893,77.580299
61704534,2025-10-04T17:04:00.000,2025-10-12T10:45:00.000,Street Light Out,Closed,Mangaluru,12.888146,74.878518
61704578,2025-10-04T17:28:00.000,2025-10-11T11:27:00.000,Street Light Cycling,Closed,Mangaluru,12.876337,74.859463
61704684,2025-10-04T18:20:00.000,2025-10-06T14:08:00.000,Street Light Out,Closed,Mangaluru,12.873326,74.85147
61704783,2025-10-04T20:30:00.000,2025-10-06T11:29:54.000,Street Light Out,Closed,Mangaluru,12.87518,74.862314
61704837,2025-10-04T22:42:00.000,2025-10-17T08:18:24.000,Street Light Out,Closed,Bengaluru,13.077348,77.638046
61705579,2025-10-05T00:11:00.000,2025-10-07T08:07:33.000,Street Light Out,Closed,Bengaluru,12.980764,77.590528
61705805,2025-10-05T01:14:00.000,2025-10-06T14:21:00.000,Street Light Out,Closed,Mangaluru,12.879424,74.841364
61705846,2025-10-05T09:30:00.000,2025-10-06T16:36:00.000,Street Light Out,Closed,Mysuru,12.298541,76.637673
61706103,2025-10-05T14:57:00.000,2025-11-30T18:11:27.000,Street Light Out,Closed,Mysuru,12.265293,76.65547
61706117,2025-10-05T15:45:00.000,2025-10-24T12:20:42.000,Street Light Out,Closed,Belagavi,15.843035,74.55472
61706166,2025-10-05T19:04:00.000,2025-10-11T13:15:44.000,Street Light Out,Closed,Hubballi,15.36035,75.14458
61706180,2025-10-05T19:09:00.000,2025-10-18T15:30:00.000,Street Light Out,Closed,Mangaluru,12.884264,74.876869
61706408,2025-10-05T19:16:00.000,2025-10-09T18:16:00.000,Street Light Out,Closed,Hubballi,15.337217,75.15895
61706615,2025-10-05T22:15:00.000,2025-10-14T12:03:17.000,Street Light Out,Closed,Belagavi,15.888316,74.500978
61706730,2025-10-05T22:32:00.000,2025-10-11T08:54:00.000,Street Light Out,Closed,Hubballi,15.351787,75.118112
61706837,2025-10-06T04:36:00.000,2025-10-27T13:43:00.000,Street Light Out,Closed,Mangaluru,12.87489,74.884297
61706974,2025-10-06T06:16:00.000,2025-10-08T13:03:00.000,Street Light Out,Closed,Belagavi,15.885112,74.50151
61707500,2025-10-06T06:58:00.000,2025-10-07T11:29:43.000,Street Light Out,Closed,Mysuru,12.303448,76.663281
61707534,2025-10-06T08:08:00.000,2025-10-08T10:10:36.000,Street Light Out,Closed,Bengaluru,12.912545,77.681657
61707745,2025-10-06T08:39:00.000,2025-10-11T17:42:18.000,Street Light Out,Closed,Mangaluru,12.880088,74.84179
61707927,2025-10-06T09:04:00.000,2025-10-09T16:55:00.000,Lamppost Damaged,Closed,Mangaluru,12.889307,74.850988
61707992,2025-10-06T10:46:00.000,2025-10-09T18:34:00.000,Street Light Dayburning,Closed,Mysuru,12.305173,76.663507
61708189,2025-10-06T18:53:00.000,2025-10-08T09:21:31.000,Street Light Cycling,Closed,Hubballi,15.351345,75.131666
61708213,2025-10-06T19:14:00.000,2025-10-10T10:31:00.000,Street Light Out,Closed,Mysuru,12.281485,76.639984
61708318,2025-10-06T21:41:00.000,2025-10-25T08:00:03.000,Street Light Cycling,Closed,Mangaluru,12.887986,74.884193
61708423,2025-10-06T21:43:00.000,2025-10-12T13:47:47.000,Street Light Out,Closed,Bengaluru,12.978812,77.575679
61708529,2025-10-06T22:03:00.000,2025-10-12T16:37:31.000,Street Light Out,Closed,Shivamogga,13.95,75.545133
61708695,2025-10-06T22:46:00.000,2025-10-14T10:06:00.000,Street Light Dim,Closed,Tumakuru,13.373947,77.08347
61708728,2025-10-06T23:36:00.000,2025-10-10T09:38:00.000,Street Light Out,Closed,Mysuru,12.255834,76.65929
61708891,2025-10-07T06:26:00.000,2025-10-08T08:07:07.000,Street Light Out,Closed,Hubballi,15.356452,75.102905
61708945,2025-10-07T09:52:00.000,2025-10-11T11:52:00.000,Street Light Out,Closed,Mangaluru,12.866773,74.851197
61708968,2025-10-07T12:41:00.000,2025-10-16T17:04:35.000,Street Light Out,Closed,Hubballi,15.350637,75.143095
61709105,2025-10-07T15:16:00.000,2025-10-15T09:31:00.000,Street Light Out,Closed,Mangaluru,12.852689,74.873765
61709108,2025-10-07T17:04:00.000,2025-10-12T18:13:00.000,Street Light Out,Closed,Belagavi,15.844402,74.54814
61709194,2025-10-07T18:20:00.000,2025-10-11T16:53:00.000,Street Light Dayburning,Closed,Mangaluru,12.88487,74.849335
61709215,2025-10-07T19:13:00.000,2025-10-15T09:46:28.000,Street Light Cycling,Closed,Bengaluru,12.96026,77.578233
61709541,2025-10-07T19:36:00.000,2025-10-12T10:23:00.000,Street Light Out,Closed,Belagavi,15.838694,74.47342
61709657,2025-10-07T19:44:00.000,2025-10-10T15:14:00.000,Street Light Out,Closed,Bengaluru,12.98532,77.539223
61709675,2025-10-07T20:14:00.000,2025-10-10T09:01:00.000,Street Light Out,Closed,Shivamogga,13.927353,75.572182
61709685,2025-10-07T20:43:00.000,2025-10-15T11:25:55.000,Street Light Out,Closed,Hubballi,15.35263,75.117517
61709815,2025-10-07T21:02:00.000,2025-10-09T15:07:14.000,Street Light Out,Closed,Mangaluru,12.861197,74.880157
61709869,2025-10-07T21:45:00.000,2025-10-17T17:17:00.000,Street Light Out,Closed,Mysuru,12.352248,76.644792
61709871,2025-10-07T22:40:00.000,2025-10-17T10:52:31.000,Street Light Dim,Closed,Hubballi,15.318682,75.099538
61709969,2025-10-07T23:58:00.000,2025-10-14T17:00:12.000,Street Light Out,Closed,Bengaluru,12.853513,77.490809
61710150,2025-10-08T00:50:00.000,2025-10-10T14:04:00.000,Street Light Out,Closed,Bengaluru,12.952629,77.598983
61710467,2025-10-08T00:53:00.000,2025-10-18T17:06:57.000,Street Light Out,Closed,Belagavi,15.812055,74.558671
61710474,2025-10-08T01:57:00.000,2025-10-14T14:34:00.000,Street Light Out,Closed,Mangaluru,12.915191,74.851955
61710678,2025-10-08T04:16:00.000,2025-10-14T16:03:00.000,Street Light Out,Closed,Mangaluru,12.859646,74.88463
61710827,2025-10-08T07:29:00.000,2025-10-16T11:30:00.000,Street Light Out,Closed,Mangaluru,12.905443,74.851774
61710953,2025-10-08T07:53:00.000,2025-10-10T08:54:00.000,Street Light Out,Closed,Shivamogga,13.927638,75.555737
61711261,2025-10-08T08:26:00.000,2025-10-15T10:08:54.000,Street Light Out,Closed,Hubballi,15.349781,75.126014
61711273,2025-10-08T09:33:00.000,2025-11-15T09:41:05.000,Street Light Out,Closed,Mangaluru,12.860285,74.8778
61711281,2025-10-08T10:59:00.000,2025-11-12T09:06:38.000,Street Light Out,Closed,Mysuru,12.341214,76.635235
61711301,2025-10-08T11:15:00.000,2025-10-17T15:49:20.000,Street Light Out,Closed,Tumakuru,13.314203,77.12271
61711366,2025-10-08T15:53:00.000,2025-10-16T10:54:21.000,Street Light Out,Closed,Mangaluru,12.874902,74.863918
61711387,2025-10-08T17:39:00.000,2025-10-12T18:17:00.000,Street Light Out,Closed,Shivamogga,13.954939,75.590205
61711390,2025-10-08T17:43:00.000,2025-10-12T13:20:00.000,Street Light Out,Closed,Mangaluru,12.910446,74.86288
61711463,2025-10-08T19:13:00.000,2025-10-09T15:59:14.000,Street Light Dayburning,Closed,Tumakuru,13.341519,77.109336
61711683,2025-10-08T19:47:00.000,2025-10-17T14:01:00.000,Street Light Out,Closed,Shivamogga,13.92315,75.564158
61711711,2025-10-08T20:05:00.000,2025-10-23T10:53:00.000,Street Light Out,Closed,Hubballi,15.354898,75.142498
61711733,2025-10-08T20:10:00.000,2025-11-03T16:15:24.000,Street Light Cycling,Closed,Mysuru,12.316941,76.705664
61712383,2025-10-08T20:30:00.000,2025-10-11T12:31:58.000,Street Light Dayburning,Closed,Mangaluru,12.893371,74.865598
61712479,2025-10-08T20:48:00.000,2025-11-28T12:19:15.000,Street Light Out,Closed,Hubballi,15.344644,75.115959
61712577,2025-10-08T21:54:00.000,2025-10-14T14:03:17.000,Street Light Dayburning,Closed,Bengaluru,12.931815,77.590026
61712590,2025-10-08T22:10:00.000,2025-10-26T17:00:00.000,Street Light Out,Closed,Hubballi,15.365368,75.135013
61712889,2025-10-08T23:42:00.000,2025-10-12T10:26:00.000,Street Light Out,Closed,Mangaluru,12.861515,74.867251
61712984,2025-10-09T00:39:00.000,2025-10-16T14:09:40.000,Street Light Out,Closed,Shivamogga,13.932612,75.575407
61713278,2025-10-09T07:42:00.000,2025-10-15T13:34:22.000,Street Light Out,Closed,Mangaluru,12.873306,74.851495
61713429,2025-10-09T08:19:00.000,2025-10-15T17:56:00.000,Street Light Out,Closed,Hubballi,15.332015,75.157556
61713471,2025-10-09T09:13:00.000,2025-10-18T13:20:34.000,Street Light Cycling,Closed,Mangaluru,12.904949,74.849539
61713651,2025-10-09T10:32:00.000,2025-10-15T16:53:00.000,Street Light Out,Closed,Mangaluru,12.888891,74.853044
61713728,2025-10-09T10:49:00.000,2025-10-17T15:08:37.000,Street Light Cycling,Closed,Bengaluru,12.969747,77.591367
61713898,2025-10-09T11:27:00.000,2025-10-11T09:07:31.000,Street Light Out,Closed,Bengaluru,12.992628,77.635391
61714130,2025-10-09T17:15:00.000,2025-10-11T08:07:41.000,Street Light Out,Closed,Hubballi,15.347121,75.128824
61714193,2025-10-09T17:28:00.000,2025-10-14T12:35:00.000,Street Light Out,Closed,Tumakuru,13.340152,77.097859
61714293,2025-10-09T18:41:00.000,2025-10-28T09:32:46.000,Street Light Out,Closed,Mangaluru,12.898075,74.882989
61714370,2025-10-09T19:16:00.000,2025-10-17T11:25:00.000,Street Light Out,Closed,Tumakuru,13.340339,77.107369
61714508,2025-10-09T20:14:00.000,2025-10-16T09:58:49.000,Street Light Cycling,Closed,Belagavi,15.846775,74.556661
61714597,2025-10-09T21:50:00.000,2025-10-12T12:56:00.000,Street Light Out,Closed,Mysuru,12.303695,76.664785
61714623,2025-10-09T21:59:00.000,2025-10-18T15:36:55.000,Street Light Out,Closed,Bengaluru,12.97909,77.578406
61714786,2025-10-09T22:18:00.000,2025-10-11T08:30:00.000,Street Light Out,Closed,Tumakuru,13.335282,77.068913
61714810,2025-10-10T01:17:00.000,2025-10-14T18:51:00.000,Street Light Out,Closed,Hubballi,15.343341,75.137513
61714822,2025-10-10T02:38:00.000,2025-10-22T09:22:00.000,Street Light Out,Closed,Belagavi,15.886418,74.499717
61714840,2025-10-10T03:59:00.000,2025-10-13T16:15:19.000,Street Light Out,Closed,Shivamogga,13.919526,75.548958
61715122,2025-10-10T08:09:00.000,2025-10-12T16:23:00.000,Street Light Out,Closed,Shivamogga,13.930878,75.54649
61715155,2025-10-10T09:02:00.000,2025-10-13T11:32:00.000,Street Light Out,Closed,Shivamogga,13.922927,75.574237
61715358,2025-10-10T09:38:00.000,2025-10-13T11:16:00.000,Street Light Out,Closed,Hubballi,15.352462,75.1153
61715371,2025-10-10T09:51:00.000,2025-11-23T11:48:00.000,Street Light Out,Closed,Mangaluru,12.899596,74.861581
61715625,2025-10-10T12:20:00.000,2025-11-16T08:11:17.000,Street Light Out,Closed,Shivamogga,13.961423,75.570049
61715643,2025-10-10T16:36:00.000,2025-10-16T08:48:00.000,Street Light Out,Closed,Bengaluru,12.978874,77.622065
61715676,2025-10-10T16:42:00.000,2025-10-15T18:46:00.000,Street Light Out,Closed,Mangaluru,12.882968,74.846657
61715701,2025-10-10T16:59:00.000,2025-10-24T11:23:09.000,Street Light Out,Closed,Shivamogga,13.916626,75.546597
61715772,2025-10-10T17:03:00.000,2025-10-13T16:18:00.000,Street Light Out,Closed,Mysuru,12.305131,76.663508
61716137,2025-10-10T17:26:00.000,2025-10-12T09:26:15.000,Street Light Out,Closed,Mysuru,12.35087,76.651058
61716267,2025-10-10T19:20:00.000,2025-10-11T17:58:32.000,Street Light Out,Closed,Belagavi,15.857599,74.516132
61716342,2025-10-10T19:28:00.000,2025-10-15T12:34:02.000,Street Light Out,Closed,Mangaluru,12.855782,74.88532
61716524,2025-10-10T19:57:00.000,2025-10-20T09:20:00.000,Street Light Out,Closed,Bengaluru,13.036996,77.506254
61716639,2025-10-10T22:26:00.000,2025-10-26T15:03:22.000,Street Light Out,Closed,Mangaluru,12.886309,74.877242
61716737,2025-10-10T23:57:00.000,2025-10-23T10:49:15.000,Street Light Out,Closed,Tumakuru,13.323068,77.104768
61716874,2025-10-11T05:25:00.000,2025-10-13T09:12:12.000,Street Light Out,Closed,Shivamogga,13.879375,75.573096
61716878,2025-10-11T16:21:00.000,2025-10-19T15:58:00.000,Street Light Out,Closed,Tumakuru,13.32374,77.075284
61717075,2025-10-11T17:45:00.000,2025-11-14T16:42:42.000,Street Light Out,Closed,Mysuru,12.30333,76.663992
61717121,2025-10-11T23:51:00.000,2025-10-16T09:33:58.000,Street Light Out,Closed,Bengaluru,12.966726,77.518385
61717231,2025-10-12T00:52:00.000,2025-10-17T16:47:17.000,Street Light Out,Closed,Mangaluru,12.868135,74.854995
61717262,2025-10-12T05:45:00.000,2025-10-13T12:38:00.000,Street Light Out,Closed,Tumakuru,13.345322,77.089237
61717365,2025-10-12T07:02:00.000,2025-10-15T18:47:00.000,Street Light Out,Closed,Mangaluru,12.893183,74.860905
61717390,2025-10-12T08:34:00.000,2025-10-16T16:34:00.000,Street Light Cycling,Closed,Mangaluru,12.893636,74.861577
61717395,2025-10-12T10:46:00.000,2025-10-14T12:03:00.000,Street Light Dayburning,Closed,Shivamogga,13.945107,75.58391
61717416,2025-10-12T10:57:00.000,2025-10-15T15:45:00.000,Street Light Out,Closed,Mangaluru,12.900219,74.848992
61717447,2025-10-12T11:28:00.000,2025-10-16T18:54:00.000,Street Light Out,Closed,Mysuru,12.305267,76.664656
61717527,2025-10-12T12:33:00.000,2025-10-19T16:34:00.000,Street Light Out,Closed,Mangaluru,12.884255,74.838556
61717730,2025-10-12T13:18:00.000,2025-10-15T14:27:00.000,Street Light Out,Closed,Tumakuru,13.34136,77.100428
61717910,2025-10-12T16:51:00.000,2025-10-22T13:51:33.000,Street Light Out,Closed,Belagavi,15.857989,74.512277
61718079,2025-10-12T17:52:00.000,2025-10-30T09:52:00.000,Street Light Out,Closed,Belagavi,15.84468,74.555403
61718096,2025-10-12T18:48:00.000,2025-10-17T13:37:00.000,Street Light Out,Closed,Tumakuru,13.354819,77.099352
61718121,2025-10-12T19:24:00.000,2025-11-07T18:52:20.000,Street Light Out,Closed,Mangaluru,12.871076,74.841284
61718216,2025-10-12T19:40:00.000,2025-10-20T13:10:13.000,Street Light Out,Closed,Mangaluru,12.892823,74.850994
61718235,2025-10-12T21:00:00.000,2025-10-24T13:28:00.000,Street Light Dayburning,Closed,Tumakuru,13.348343,77.104103
61718325,2025-10-12T22:30:00.000,2025-10-16T08:59:00.000,Street Light Dayburning,Closed,Shivamogga,13.922219,75.568741
61718344,2025-10-12T23:41:00.000,2025-10-21T16:36:00.000,Street Light Out,Closed,Bengaluru,12.977592,77.576899
61718424,2025-10-12T23:58:00.000,2025-10-15T18:05:43.000,Street Light Out,Closed,Mangaluru,12.872634,74.86179
61718428,2025-10-13T02:16:00.000,2025-10-17T11:20:29.000,Street Light Out,Closed,Mangaluru,12.8838,74.849559
61718502,2025-10-13T03:11:00.000,2025-10-20T13:00:00.000,Street Light Cycling,Closed,Shivamogga,13.897749,75.551833
61718516,2025-10-13T08:22:00.000,2025-10-17T09:52:00.000,Street Light Out,Closed,Tumakuru,13.36145,77.097994
61718877,2025-10-13T10:43:00.000,2025-10-25T15:31:00.000,Street Light Out,Closed,Belagavi,15.869951,74.491097
61718986,2025-10-13T10:50:00.000,2025-10-16T17:57:27.000,Street Light Out,Closed,Mangaluru,12.91237,74.852986
61719343,2025-10-13T11:20:00.000,2025-10-15T10:49:00.000,Lamppost Damaged,Closed,Tumakuru,13.340788,77.107704
61719358,2025-10-13T11:35:00.000,2025-10-16T09:52:46.000,Street Light Out,Closed,Tumakuru,13.341467,77.107344
61719420,2025-10-13T11:37:00.000,2025-10-25T09:41:00.000,Street Light Out,Closed,Belagavi,15.895016,74.528209
61719607,2025-10-13T15:40:00.000,2025-10-19T08:53:00.000,Street Light Out,Closed,Belagavi,15.848358,74.50976
61719621,2025-10-13T16:41:00.000,2025-10-19T18:39:00.000,Street Light Out,Closed,Bengaluru,13.015647,77.62542
61719688,2025-10-13T17:49:00.000,2025-10-19T11:45:00.000,Street Light Out,Closed,Belagavi,15.857239,74.504991
61719914,2025-10-13T18:12:00.000,2025-10-17T17:18:00.000,Street Light Out,Closed,Mangaluru,12.872212,74.854273
61720246,2025-10-13T18:16:00.000,2025-10-15T08:20:00.000,Street Light Out,Closed,Hubballi,15.347932,75.12784
61720323,2025-10-13T18:37:00.000,2025-10-19T08:04:00.000,Street Light Out,Closed,Mysuru,12.340724,76.677289
61720365,2025-10-13T18:53:00.000,2025-10-27T15:07:00.000,Street Light Out,Closed,Tumakuru,13.36422,77.090426
61720557,2025-10-13T23:27:00.000,2025-10-20T10:15:00.000,Street Light Out,Closed,Bengaluru,12.935797,77.568263
61720632,2025-10-14T00:05:00.000,2025-10-22T09:58:41.000,Street Light Out,Closed,Belagavi,15.831114,74.499756
61720720,2025-10-14T01:31:00.000,2025-10-15T14:57:06.000,Street Light Cycling,Closed,Bengaluru,12.999344,77.560807
61720784,2025-10-14T03:35:00.000,2025-10-15T09:03:00.000,Street Light Out,Closed,Hubballi,15.327547,75.108852
61720859,2025-10-14T06:09:00.000,2025-10-30T12:42:23.000,Street Light Out,Closed,Belagavi,15.846293,74.552397
61720917,2025-10-14T08:58:00.000,2025-10-15T10:40:43.000,Street Light Out,Closed,Tumakuru,13.348728,77.103912
61721203,2025-10-14T09:15:00.000,2025-10-17T11:21:00.000,Street Light Out,Closed,Mangaluru,12.894574,74.885228
61721238,2025-10-14T09:53:00.000,2025-10-22T13:39:00.000,Street Light Out,Closed,Tumakuru,13.341543,77.110897
61721360,2025-10-14T10:11:00.000,2025-10-25T12:24:00.000,Street Light Out,Closed,Mangaluru,12.916221,74.867294
61721434,2025-10-14T10:27:00.000,2025-10-22T12:00:01.000,Street Light Out,Closed,Belagavi,15.850034,74.493106
61721490,2025-10-14T11:35:00.000,2025-10-20T12:14:00.000,Street Light Out,Closed,Mysuru,12.297657,76.668197
61721598,2025-10-14T12:26:00.000,2025-10-21T09:56:48.000,Street Light Out,Closed,Mangaluru,12.884742,74.839834
61721610,2025-10-14T13:00:00.000,2025-10-15T18:35:19.000,Street Light Out,Closed,Mangaluru,12.895856,74.887729
61721641,2025-10-14T14:17:00.000,2025-10-19T08:01:11.000,Street Light Out,Closed,Mysuru,12.348877,76.655463
61721678,2025-10-14T15:09:00.000,2025-11-02T12:20:44.000,Street Light Out,Closed,Mysuru,12.299624,76.656627
61721732,2025-10-14T16:06:00.000,2025-10-17T18:35:22.000,Street Light Out,Closed,Shivamogga,13.913378,75.56231
61721759,2025-10-14T17:17:00.000,2025-10-17T16:55:00.000,Street Light Cycling,Closed,Hubballi,15.365311,75.126845
61721844,2025-10-14T17:57:00.000,2025-11-23T08:22:49.000,Street Light Out,Closed,Tumakuru,13.353765,77.105667
61721960,2025-10-14T19:40:00.000,2025-10-23T16:42:49.000,Street Light Out,Closed,Bengaluru,12.988322,77.576285
61722069,2025-10-14T20:56:00.000,2025-11-02T08:45:08.000,Street Light Out,Closed,Bengaluru,13.022209,77.582213
61722140,2025-10-14T22:00:00.000,2025-10-17T17:14:19.000,Street Light Out,Closed,Hubballi,15.345737,75.13918
61722194,2025-10-14T22:16:00.000,2025-10-18T12:34:02.000,Street Light Out,Closed,Mysuru,12.31637,76.702713
61722370,2025-10-14T22:27:00.000,2025-10-17T13:08:49.000,Street Light Out,Closed,Mangaluru,12.89362,74.854038
61722507,2025-10-14T23:09:00.000,2025-10-17T09:51:00.000,Street Light Out,Closed,Mangaluru,12.89946,74.862234
61722648,2025-10-15T07:09:00.000,2025-10-27T08:40:00.000,Street Light Out,Closed,Bengaluru,12.857629,77.494091
61722689,2025-10-15T08:12:00.000,2025-10-24T15:46:00.000,Street Light Out,Closed,Mysuru,12.312229,76.691392
61722791,2025-10-15T08:41:00.000,2025-12-04T14:36:00.000,Street Light Out,Closed,Shivamogga,13.914101,75.56281
61722924,2025-10-15T08:55:00.000,2025-10-31T16:19:00.000,Street Light Dayburning,Closed,Tumakuru,13.345775,77.078984
61722956,2025-10-15T09:04:00.000,2025-10-20T13:51:00.000,Street Light Out,Closed,Mangaluru,12.88419,74.83838
61723054,2025-10-15T09:50:00.000,2025-10-17T11:10:00.000,Street Light Out,Closed,Tumakuru,13.349814,77.11744
61723226,2025-10-15T10:54:00.000,2025-10-21T12:45:00.000,Street Light Out,Closed,Tumakuru,13.343654,77.108816
61723262,2025-10-15T11:28:00.000,2025-10-26T18:37:00.000,Street Light Cycling,Closed,Bengaluru,12.972451,77.57313
61723335,2025-10-15T11:55:00.000,2025-11-06T11:15:44.000,Street Light Out,Closed,Mangaluru,12.910502,74.886632
61723433,2025-10-15T14:08:00.000,2025-11-21T13:08:30.000,Street Light Out,Closed,Shivamogga,13.913589,75.541643
61724073,2025-10-15T14:50:00.000,2025-10-24T14:26:00.000,Street Light Out,Closed,Shivamogga,13.939934,75.535944
61724078,2025-10-15T19:00:00.000,2025-10-21T17:59:00.000,Street Light Out,Closed,Bengaluru,13.031509,77.551068
61724181,2025-10-15T22:23:00.000,2025-10-20T15:31:57.000,Street Light Out,Closed,Hubballi,15.348383,75.128133
61724315,2025-10-15T22:33:00.000,2025-10-18T11:45:00.000,Street Light Out,Closed,Mangaluru,12.867918,74.851483
61724607,2025-10-16T03:06:00.000,2025-10-19T14:56:14.000,Street Light Dayburning,Closed,Mangaluru,12.927375,74.846906
61724639,2025-10-16T09:30:00.000,2025-10-23T12:46:00.000,Street Light Out,Closed,Bengaluru,12.952303,77.606648
61724712,2025-10-16T11:02:00.000,2025-10-18T08:23:00.000,Street Light Out,Closed,Belagavi,15.848864,74.5602
61724824,2025-10-16T11:51:00.000,2025-10-19T09:10:38.000,Street Light Out,Closed,Mangaluru,12.916546,74.856004
61724883,2025-10-16T17:01:00.000,2025-11-13T18:34:00.000,Street Light Out,Closed,Belagavi,15.837215,74.492293
61724954,2025-10-16T18:28:00.000,2025-10-19T12:12:00.000,Street Light Out,Closed,Tumakuru,13.321875,77.142774
61725235,2025-10-16T19:02:00.000,2025-10-25T10:24:45.000,Street Light Out,Closed,Tumakuru,13.337483,77.100904
61725293,2025-10-16T20:25:00.000,2025-10-19T12:01:00.000,Street Light Out,Closed,Bengaluru,12.981117,77.637261
61725368,2025-10-16T20:38:00.000,2025-10-21T18:54:49.000,Street Light Out,Closed,Bengaluru,12.91651,77.648918
61725530,2025-10-16T21:00:00.000,2025-10-20T09:45:08.000,Street Light Out,Closed,Bengaluru,12.976896,77.535686
61725603,2025-10-16T21:09:00.000,2025-10-22T13:21:38.000,Street Light Out,Closed,Bengaluru,13.015807,77.446665
61725850,2025-10-16T21:33:00.000,2025-10-31T14:24:00.000,Street Light Out,Closed,Shivamogga,13.926205,75.574811
61726313,2025-10-17T00:48:00.000,2025-10-17T13:16:14.000,Street Light Out,Closed,Belagavi,15.85898,74.476245
61726364,2025-10-17T02:15:00.000,2025-10-29T15:22:00.000,Street Light Out,Closed,Mangaluru,12.892251,74.855869
61726637,2025-10-17T03:30:00.000,2025-10-19T15:28:41.000,Street Light Out,Closed,Tumakuru,13.352144,77.10723
61726816,2025-10-17T08:41:00.000,2025-10-31T14:52:00.000,Street Light Out,Closed,Mysuru,12.325007,76.65473
61727007,2025-10-17T08:46:00.000,2025-10-19T08:32:00.000,Street Light Out,Closed,Mysuru,12.347886,76.661084
61727025,2025-10-17T10:10:00.000,2025-10-23T18:39:00.000,Street Light Out,Closed,Mangaluru,12.890859,74.849428
61727033,2025-10-17T11:10:00.000,2025-10-19T15:47:12.000,Street Light Out,Closed,Shivamogga,13.951929,75.564296
61727046,2025-10-17T11:16:00.000,2025-10-26T09:23:00.000,Street Light Out,Closed,Tumakuru,13.331588,77.113507
61727057,2025-10-17T14:28:00.000,2025-10-29T08:07:07.000,Street Light Out,Closed,Hubballi,15.354388,75.12634
61727063,2025-10-17T18:32:00.000,2025-10-26T08:30:00.000,Street Light Out,Closed,Mysuru,12.345001,76.652306
61727069,2025-10-17T19:08:00.000,2025-10-19T13:07:00.000,Street Light Out,Closed,Mysuru,12.346049,76.655877
61727078,2025-10-17T19:28:00.000,2025-10-27T10:16:00.000,Street Light Out,Closed,Bengaluru,12.865259,77.500868
61727239,2025-10-17T19:32:00.000,2025-10-21T08:44:00.000,Street Light Out,Closed,Hubballi,15.356121,75.147373
61727300,2025-10-17T19:41:00.000,2025-10-20T13:10:00.000,Street Light Out,Closed,Mangaluru,12.870593,74.849353
61727360,2025-10-17T21:21:00.000,2025-10-25T16:50:19.000,Street Light Out,Closed,Bengaluru,13.041043,77.537739
61727366,2025-10-17T21:49:00.000,2025-10-23T10:20:00.000,Street Light Cycling,Closed,Shivamogga,13.929112,75.556668
61727457,2025-10-17T22:52:00.000,2025-10-25T10:15:54.000,Street Light Out,Closed,Shivamogga,13.916626,75.577318
61727833,2025-10-18T00:11:00.000,2025-10-25T10:41:00.000,Street Light Out,Closed,Mysuru,12.258874,76.661118
61727843,2025-10-18T00:28:00.000,2025-11-01T16:49:00.000,Street Light Out,Closed,Tumakuru,13.353751,77.07933
61728140,2025-10-18T05:08:00.000,2025-10-26T14:50:31.000,Street Light Out,Closed,Bengaluru,13.013211,77.611338
61728473,2025-10-18T06:33:00.000,2025-10-26T17:28:10.000,Street Light Out,Closed,Shivamogga,13.915682,75.545188
61728516,2025-10-18T07:40:00.000,2025-10-20T08:41:00.000,Street Light Out,Closed,Tumakuru,13.340367,77.10738
61728621,2025-10-18T10:12:00.000,2025-10-22T09:47:00.000,Street Light Out,Closed,Bengaluru,13.04872,77.503041
61728637,2025-10-18T15:21:00.000,2025-10-27T14:34:30.000,Street Light Out,Closed,Bengaluru,13.000422,77.593455
61728638,2025-10-18T16:56:00.000,2025-10-28T13:48:24.000,Street Light Out,Closed,Bengaluru,13.087516,77.605644
61728794,2025-10-18T17:43:00.000,2025-12-08T15:58:00.000,Street Light Out,Closed,Hubballi,15.364168,75.165076
61729039,2025-10-18T17:54:00.000,2025-10-23T13:34:10.000,Street Light Out,Closed,Tumakuru,13.316516,77.144407
61729274,2025-10-18T18:17:00.000,2025-10-22T10:26:26.000,Lamppost Damaged,Closed,Mangaluru,12.8668,74.851267
61729330,2025-10-18T18:21:00.000,2025-10-22T13:14:17.000,Street Light Out,Closed,Shivamogga,13.922783,75.554317
61729433,2025-10-18T18:28:00.000,2025-10-21T11:56:04.000,Street Light Dim,Closed,Mysuru,12.313846,76.709541
61729511,2025-10-18T19:14:00.000,2025-10-27T13:25:00.000,Street Light Out,Closed,Shivamogga,13.926204,75.567026
61729843,2025-10-18T20:01:00.000,2025-10-21T09:00:00.000,Street Light Out,Closed,Mangaluru,12.894433,74.870606
61729943,2025-10-18T20:14:00.000,2025-11-06T15:39:00.000,Street Light Cycling,Closed,Tumakuru,13.351582,77.098752
61730155,2025-10-18T21:36:00.000,2025-10-22T10:11:00.000,Street Light Out,Closed,Mysuru,12.303678,76.664731
61730168,2025-10-18T22:48:00.000,2025-10-24T17:18:00.000,Street Light Out,Closed,Mangaluru,12.867907,74.851526
61730591,2025-10-18T22:49:00.000,2025-10-24T15:18:00.000,Street Light Out,Closed,Mysuru,12.348473,76.654277
61730801,2025-10-19T01:57:00.000,2025-10-30T14:33:00.000,Street Light Out,Closed,Belagavi,15.863116,74.485286
61731203,2025-10-19T02:52:00.000,2025-10-21T17:52:00.000,Street Light Out,Closed,Hubballi,15.351342,75.160605
61731429,2025-10-19T03:39:00.000,2025-10-28T15:53:00.000,Street Light Out,Closed,Hubballi,15.355172,75.120842
61731500,2025-10-19T05:57:00.000,2025-10-28T08:56:00.000,Street Light Out,Closed,Mangaluru,12.890538,74.87662
61731717,2025-10-19T05:59:00.000,2025-10-30T14:45:21.000,Street Light Out,Closed,Hubballi,15.350088,75.158979
61731880,2025-10-19T06:01:00.000,2025-11-03T08:48:00.000,Street Light Out,Closed,Belagavi,15.879391,74.522453
61732172,2025-10-19T07:22:00.000,2025-10-20T16:11:22.000,Street Light Out,Closed,Bengaluru,12.946411,77.597049
61732173,2025-10-19T09:14:00.000,2025-10-20T16:12:56.000,Street Light Out,Closed,Mysuru,12.264223,76.665895
61732242,2025-10-19T09:28:00.000,2025-10-24T08:08:00.000,Street Light Out,Closed,Shivamogga,13.909943,75.5652
61732247,2025-10-19T15:46:00.000,2025-10-27T15:17:44.000,Street Light Out,Closed,Mangaluru,12.886199,74.84475
61732268,2025-10-19T16:10:00.000,2025-10-26T09:07:03.000,Street Light Out,Closed,Mangaluru,12.869488,74.849627
61732289,2025-10-19T19:27:00.000,2025-10-25T10:29:09.000,Street Light Out,Closed,Mangaluru,12.880101,74.841678
61732294,2025-10-19T19:31:00.000,2025-10-22T15:43:00.000,Street Light Out,Closed,Hubballi,15.353453,75.118762
61732532,2025-10-19T20:35:00.000,2025-10-24T15:11:00.000,Street Light Out,Closed,Mysuru,12.352091,76.644799
61732821,2025-10-19T20:37:00.000,2025-11-21T13:14:35.000,Street Light Out,Closed,Mangaluru,12.887217,74.85251
61732922,2025-10-19T21:13:00.000,2025-10-29T15:20:47.000,Street Light Out,Closed,Mangaluru,12.880558,74.856881
61732986,2025-10-19T22:04:00.000,2025-12-20T12:46:06.000,Street Light Out,Closed,Hubballi,15.332039,75.157517
61733050,2025-10-19T23:22:00.000,2025-10-25T18:03:00.000,Street Light Out,Closed,Mangaluru,12.892923,74.849138
61733295,2025-10-20T00:55:00.000,2025-10-26T16:27:00.000,Street Light Out,Closed,Bengaluru,12.853428,77.490865
61733320,2025-10-20T04:00:00.000,2025-10-23T14:22:03.000,Street Light Out,Closed,Tumakuru,13.33133,77.118392
61733495,2025-10-20T09:34:00.000,2025-10-20T18:03:12.000,Street Light Out,Closed,Bengaluru,13.002076,77.559436
61734175,2025-10-20T10:08:00.000,2025-10-26T14:39:32.000,Street Light Out,Closed,Bengaluru,12.954761,77.589336
61734346,2025-10-20T10:36:00.000,2025-11-27T11:28:00.000,Street Light Out,Closed,Bengaluru,12.976529,77.589951
61734565,2025-10-20T17:23:00.000,2025-10-23T08:09:00.000,Street Light Out,Closed,Belagavi,15.843512,74.553027
61734698,2025-10-20T18:58:00.000,2025-10-21T16:17:48.000,Street Light Out,Closed,Mangaluru,12.842195,74.86948
61734740,2025-10-20T20:12:00.000,2025-10-31T13:47:25.000,Street Light Out,Closed,Belagavi,15.848335,74.509701
61734800,2025-10-20T21:16:00.000,2025-10-24T14:18:00.000,Street Light Dayburning,Closed,Belagavi,15.849927,74.556565
61734894,2025-10-20T22:07:00.000,2025-10-23T08:48:00.000,Street Light Out,Closed,Belagavi,15.850616,74.490799
61735119,2025-10-20T23:22:00.000,2025-10-26T13:52:46.000,Street Light Dim,Closed,Mangaluru,12.881653,74.876202
61735262,2025-10-21T00:58:00.000,2025-10-22T12:28:00.000,Street Light Dim,Closed,Mangaluru,12.873595,74.843839
61735317,2025-10-21T02:43:00.000,2025-10-24T14:11:10.000,Street Light Out,Closed,Belagavi,15.848498,74.497146
61735353,2025-10-21T03:02:00.000,2025-10-22T12:09:00.000,Street Light Out,Closed,Mangaluru,12.91659,74.856017
61735378,2025-10-21T06:15:00.000,2025-10-28T18:57:00.000,Street Light Out,Closed,Hubballi,15.352941,75.153427
61735579,2025-10-21T08:03:00.000,2025-10-26T11:38:00.000,Street Light Cycling,Closed,Belagavi,15.846155,74.492717
61735852,2025-10-21T08:44:00.000,2025-10-24T13:38:44.000,Street Light Out,Closed,Hubballi,15.352112,75.110456
61736186,2025-10-21T11:48:00.000,2025-11-01T15:25:00.000,Street Light Out,Closed,Bengaluru,12.9576,77.571494
61736223,2025-10-21T11:51:00.000,2025-10-25T11:08:00.000,Street Light Out,Closed,Shivamogga,13.924873,75.57047
61736261,2025-10-21T12:07:00.000,2025-12-31T08:17:00.000,Street Light Out,Closed,Belagavi,15.857568,74.516085
61736297,2025-10-21T12:38:00.000,2025-10-26T13:06:00.000,Street Light Out,Closed,Bengaluru,13.029251,77.611129
61736401,2025-10-21T13:41:00.000,2025-11-10T11:15:00.000,Street Light Out,Closed,Bengaluru,13.035146,77.524774
61736425,2025-10-21T16:26:00.000,2025-10-24T15:45:00.000,Street Light Out,Closed,Mangaluru,12.871127,74.862389
61736529,2025-10-21T18:09:00.000,2025-11-01T08:08:00.000,Street Light Out,Closed,Mangaluru,12.865826,74.845648
61736756,2025-10-21T18:23:00.000,2025-11-02T17:23:18.000,Street Light Out,Closed,Mysuru,12.310014,76.672155
61736791,2025-10-21T19:12:00.000,2025-11-04T11:17:56.000,Street Light Out,Closed,Belagavi,15.814796,74.567009
61737051,2025-10-21T19:23:00.000,2025-10-25T16:05:00.000,Street Light Out,Closed,Bengaluru,13.017184,77.561758
61737319,2025-10-21T19:25:00.000,2025-11-19T14:59:00.000,Street Light Out,Closed,Hubballi,15.365257,75.156409
61737396,2025-10-21T19:43:00.000,2025-10-23T13:20:08.000,Street Light Out,Closed,Mangaluru,12.888245,74.852305
61737438,2025-10-21T20:19:00.000,2025-10-23T14:24:00.000,Street Light Out,Closed,Bengaluru,12.979569,77.621703
61737544,2025-10-21T20:22:00.000,2025-11-08T09:13:00.000,Street Light Out,Closed,Hubballi,15.390402,75.14628
61737684,2025-10-21T20:53:00.000,2025-10-24T18:57:00.000,Street Light Out,Closed,Mysuru,12.310399,76.630164
61738150,2025-10-21T21:41:00.000,2025-10-25T14:19:00.000,Lamppost Damaged,Closed,Mysuru,12.30695,76.673502
61738310,2025-10-21T21:53:00.000,2025-10-24T16:41:00.000,Street Light Out,Closed,Hubballi,15.366164,75.148846
61738376,2025-10-21T21:55:00.000,2025-10-23T18:49:13.000,Street Light Out,Closed,Mangaluru,12.880795,74.876831
61738583,2025-10-21T23:52:00.000,2025-10-24T16:05:00.000,Street Light Out,Closed,Bengaluru,12.955569,77.594289
61738631,2025-10-22T00:00:00.000,2025-10-29T11:40:00.000,Street Light Out,Closed,Belagavi,15.844271,74.483061
61738640,2025-10-22T04:47:00.000,2025-10-27T11:27:57.000,Street Light Out,Closed,Bengaluru,12.943048,77.538493
61738681,2025-10-22T06:18:00.000,2025-11-09T13:17:00.000,Street Light Out,Closed,Hubballi,15.361667,75.14539
61738727,2025-10-22T06:23:00.000,2025-10-23T10:46:12.000,Street Light Out,Closed,Mysuru,12.321869,76.667718
61738820,2025-10-22T06:34:00.000,2025-10-24T14:17:38.000,Street Light Out,Closed,Mangaluru,12.870088,74.894819
61739225,2025-10-22T07:22:00.000,2025-10-25T15:45:00.000,Street Light Out,Closed,Shivamogga,13.915081,75.563593
61739344,2025-10-22T07:26:00.000,2025-11-01T08:52:00.000,Street Light Out,Closed,Mangaluru,12.891646,74.849467
61739372,2025-10-22T09:10:00.000,2025-11-01T15:19:00.000,Street Light Out,Closed,Bengaluru,12.853416,77.486092
61739928,2025-10-22T10:31:00.000,2025-12-12T15:06:00.000,Street Light Out,Closed,Mysuru,12.302544,76.665037
61740081,2025-10-22T11:03:00.000,2025-11-07T16:03:00.000,Street Light Out,Closed,Hubballi,15.35931,75.148615
61740114,2025-10-22T12:22:00.000,2025-10-30T16:26:00.000,Street Light Out,Closed,Mysuru,12.297802,76.703166
61740116,2025-10-22T12:32:00.000,2025-11-01T11:46:15.000,Street Light Out,Closed,Shivamogga,13.922393,75.568573
61740357,2025-10-22T17:20:00.000,2025-11-16T18:34:00.000,Street Light Dayburning,Closed,Hubballi,15.35549,75.108543
61740399,2025-10-22T17:30:00.000,2025-10-29T18:03:57.000,Street Light Out,Closed,Mangaluru,12.872272,74.854175
61740406,2025-10-22T18:56:00.000,2025-10-24T11:31:40.000,Street Light Out,Closed,Shivamogga,13.923101,75.582287
61740473,2025-10-22T19:02:00.000,2025-10-31T11:25:00.000,Street Light Out,Closed,Tumakuru,13.369259,77.096297
61740634,2025-10-22T19:08:00.000,2025-10-31T17:37:00.000,Street Light Out,Closed,Tumakuru,13.344507,77.110278
61740655,2025-10-22T19:33:00.000,2025-11-06T11:56:06.000,Street Light Out,Closed,Shivamogga,13.925565,75.555626
61740744,2025-10-22T21:13:00.000,2025-11-03T11:14:00.000,Street Light Out,Closed,Hubballi,15.352701,75.109948
61741014,2025-10-23T00:14:00.000,2025-10-30T12:53:00.000,Street Light Out,Closed,Belagavi,15.846627,74.546969
61741026,2025-10-23T04:52:00.000,2025-10-27T12:17:00.000,Street Light Out,Closed,Mysuru,12.309031,76.690638
61741198,2025-10-23T07:10:00.000,2025-10-29T15:34:06.000,Street Light Out,Closed,Belagavi,15.849786,74.550259
61741322,2025-10-23T07:12:00.000,2025-10-27T09:57:04.000,Street Light Out,Closed,Bengaluru,12.974775,77.5753
61741378,2025-10-23T09:08:00.000,2025-10-24T12:05:23.000,Street Light Out,Closed,Mysuru,12.336389,76.654706
61741538,2025-10-23T18:48:00.000,2025-10-27T09:28:35.000,Street Light Out,Closed,Shivamogga,13.900202,75.554511
61741642,2025-10-23T19:26:00.000,2025-10-29T11:12:24.000,Street Light Out,Closed,Tumakuru,13.34305,77.103007
61741720,2025-10-23T20:11:00.000,2025-10-28T14:48:00.000,Street Light Out,Closed,Mysuru,12.307939,76.660939
61741794,2025-10-23T21:09:00.000,2025-10-26T08:13:00.000,Street Light Out,Closed,Bengaluru,13.016666,77.61546
61742088,2025-10-23T21:19:00.000,2025-10-30T09:35:00.000,Street Light Out,Closed,Belagavi,15.852999,74.52262
61742347,2025-10-23T22:04:00.000,2025-10-29T12:13:32.000,Street Light Out,Closed,Shivamogga,13.933545,75.550617
61742394,2025-10-23T22:12:00.000,2025-10-28T16:25:38.000,Street Light Out,Closed,Bengaluru,12.908663,77.566377
61742401,2025-10-24T01:34:00.000,2025-10-27T11:49:00.000,Street Light Out,Closed,Bengaluru,13.05785,77.515282
61742471,2025-10-24T04:00:00.000,2025-10-29T08:10:00.000,Street Light Out,Closed,Tumakuru,13.350661,77.09269
61742585,2025-10-24T05:32:00.000,2025-10-26T14:44:00.000,Street Light Out,Closed,Shivamogga,13.912037,75.601142
61742732,2025-10-24T06:35:00.000,2025-11-07T09:54:00.000,Street Light Out,Closed,Mangaluru,12.910719,74.852256
61742936,2025-10-24T09:57:00.000,2025-10-26T16:06:17.000,Street Light Out,Closed,Mangaluru,12.894183,74.847367
61743193,2025-10-24T10:16:00.000,2025-10-28T12:40:55.000,Street Light Out,Closed,Mangaluru,12.875412,74.852821
61743207,2025-10-24T11:03:00.000,2025-10-26T18:10:33.000,Street Light Out,Closed,Mysuru,12.348789,76.658046
61743510,2025-10-24T12:29:00.000,2025-11-09T09:40:39.000,Street Light Out,Closed,Bengaluru,12.980212,77.545727
61743626,2025-10-24T15:44:00.000,2025-11-01T16:50:00.000,Street Light Out,Closed,Belagavi,15.843738,74.554235
61743805,2025-10-24T17:32:00.000,2025-10-25T10:58:00.000,Street Light Out,Closed,Mangaluru,12.881466,74.8389
61743846,2025-10-24T17:44:00.000,2025-10-29T17:39:24.000,Street Light Out,Closed,Mangaluru,12.877464,74.847708
61743859,2025-10-24T17:46:00.000,2025-10-30T11:26:32.000,Street Light Out,Closed,Shivamogga,13.904094,75.553095
61743895,2025-10-24T18:13:00.000,2025-11-02T14:22:00.000,Street Light Out,Closed,Belagavi,15.857126,74.520097
61743967,2025-10-24T19:10:00.000,2025-11-05T10:19:05.000,Street Light Out,Closed,Mangaluru,12.872872,74.84364
61744165,2025-10-24T19:22:00.000,2025-10-31T12:09:51.000,Street Light Out,Closed,Bengaluru,12.981519,77.617599
61744355,2025-10-24T20:44:00.000,2025-10-28T18:38:09.000,Street Light Cycling,Closed,Mangaluru,12.889626,74.858297
61744761,2025-10-24T21:18:00.000,2025-10-30T11:24:48.000,Street Light Out,Closed,Shivamogga,13.926285,75.558121
61744796,2025-10-24T22:21:00.000,2025-10-31T13:11:00.000,Street Light Out,Closed,Belagavi,15.841684,74.558812
61744898,2025-10-24T22:25:00.000,2025-11-06T16:30:00.000,Street Light Out,Closed,Shivamogga,13.888111,75.56392
61744915,2025-10-24T23:12:00.000,2025-10-28T17:07:20.000,Street Light Out,Closed,Tumakuru,13.318554,77.112405
61745061,2025-10-24T23:20:00.000,2025-10-27T13:17:00.000,Street Light Cycling,Closed,Hubballi,15.366078,75.146994
61745069,2025-10-25T07:06:00.000,2025-10-29T12:10:09.000,Street Light Out,Closed,Bengaluru,13.003746,77.61958
61745098,2025-10-25T08:47:00.000,2025-10-31T15:11:00.000,Street Light Out,Closed,Shivamogga,13.962507,75.520768
61745139,2025-10-25T08:52:00.000,2025-12-23T14:33:23.000,Street Light Out,Closed,Bengaluru,13.056777,77.593724
61745300,2025-10-25T11:08:00.000,2025-10-29T18:13:00.000,Street Light Out,Closed,Mangaluru,12.887432,74.841762
61745326,2025-10-25T12:11:00.000,2025-10-26T13:20:38.000,Street Light Out,Closed,Mysuru,12.304378,76.663456
61745344,2025-10-25T12:22:00.000,2025-11-03T08:09:00.000,Street Light Out,Closed,Tumakuru,13.356486,77.073285
61745385,2025-10-25T13:06:00.000,2025-11-02T14:15:00.000,Street Light Out,Closed,Mangaluru,12.852532,74.873711
61745465,2025-10-25T15:55:00.000,2025-10-27T08:14:48.000,Street Light Out,Closed,Shivamogga,13.916633,75.558303
61745491,2025-10-25T17:36:00.000,2025-10-27T18:14:00.000,Street Light Cycling,Closed,Mysuru,12.296988,76.661384
61745499,2025-10-25T19:24:00.000,2025-11-05T12:25:00.000,Street Light Out,Closed,Mysuru,12.309438,76.689303
61745642,2025-10-25T19:29:00.000,2025-10-28T10:51:25.000,Street Light Out,Closed,Hubballi,15.358035,75.127487
61745691,2025-10-25T20:40:00.000,2025-12-22T08:05:00.000,Street Light Out,Closed,Bengaluru,13.033042,77.525936
61745776,2025-10-25T20:52:00.000,2025-10-27T11:31:00.000,Street Light Out,Closed,Hubballi,15.348925,75.142805
61745805,2025-10-25T21:11:00.000,2025-11-02T16:18:00.000,Street Light Out,Closed,Shivamogga,13.916563,75.564328
61745888,2025-10-25T21:11:00.000,2025-10-29T14:05:30.000,Street Light Dayburning,Closed,Belagavi,15.850571,74.490804
61746109,2025-10-25T21:48:00.000,,Street Light Out,Open,Shivamogga,13.965147,75.551928
61746177,2025-10-25T22:06:00.000,2025-10-29T14:33:02.000,Street Light Out,Closed,Bengaluru,12.926684,77.621761
61746647,2025-10-26T01:19:00.000,2025-10-28T15:10:39.000,Street Light Out,Closed,Mangaluru,12.870478,74.848739
61747076,2025-10-26T07:15:00.000,2025-10-27T11:38:18.000,Street Light Out,Closed,Mangaluru,12.871657,74.855389
61747101,2025-10-26T08:19:00.000,2025-11-03T12:03:25.000,Street Light Out,Closed,Bengaluru,12.975026,77.57894
61747149,2025-10-26T10:53:00.000,2025-10-27T11:33:00.000,Street Light Out,Closed,Mangaluru,12.891466,74.840323
61747158,2025-10-26T14:48:00.000,2025-10-27T12:29:00.000,Street Light Dim,Closed,Shivamogga,13.921314,75.582431
61747169,2025-10-26T15:08:00.000,2025-11-04T14:19:00.000,Street Light Out,Closed,Tumakuru,13.331271,77.118307
61747194,2025-10-26T19:39:00.000,2025-10-27T17:43:03.000,Street Light Out,Closed,Shivamogga,13.942282,75.546213
61747331,2025-10-26T19:39:00.000,2025-10-31T15:58:00.000,Street Light Dayburning,Closed,Belagavi,15.850382,74.55182
61747468,2025-10-26T20:25:00.000,2025-10-28T08:22:00.000,Street Light Out,Closed,Hubballi,15.352048,75.110406
61747519,2025-10-26T21:51:00.000,2025-10-28T14:04:00.000,Street Light Out,Closed,Bengaluru,12.998323,77.613917
61747575,2025-10-26T23:05:00.000,2025-12-13T15:56:07.000,Street Light Out,Closed,Mangaluru,12.904058,74.877823
61747649,2025-10-27T00:58:00.000,2025-12-24T18:36:00.000,Street Light Out,Closed,Mangaluru,12.885819,74.84484
61747799,2025-10-27T07:37:00.000,2025-10-29T13:38:35.000,Street Light Out,Closed,Hubballi,15.351812,75.1411
61747868,2025-10-27T12:30:00.000,2025-11-24T08:41:00.000,Street Light Out,Closed,Hubballi,15.39722,75.13863
61747872,2025-10-27T15:12:00.000,2025-11-08T17:14:24.000,Street Light Out,Closed,Mangaluru,12.876067,74.84143
61748018,2025-10-27T15:28:00.000,2025-11-02T12:06:10.000,Street Light Out,Closed,Tumakuru,13.348351,77.144401
61748038,2025-10-27T17:52:00.000,2025-11-02T15:52:19.000,Street Light Out,Closed,Mangaluru,12.886144,74.869845
61748059,2025-10-27T18:28:00.000,2025-11-15T16:45:13.000,Lamppost Damaged,Closed,Bengaluru,12.971267,77.60306
61748255,2025-10-27T18:37:00.000,2025-11-10T09:18:00.000,Street Light Out,Closed,Shivamogga,13.92324,75.564115
61748492,2025-10-27T18:53:00.000,2025-10-29T11:02:00.000,Street Light Cycling,Closed,Belagavi,15.850982,74.498457
61748534,2025-10-27T19:06:00.000,2025-11-05T16:21:07.000,Street Light Cycling,Closed,Shivamogga,13.917838,75.551079
61748658,2025-10-27T19:13:00.000,2025-10-31T14:22:00.000,Lamppost Damaged,Closed,Mangaluru,12.890537,74.838496
61748691,2025-10-27T19:30:00.000,2025-11-07T09:47:31.000,Street Light Out,Closed,Belagavi,15.851345,74.493689
61748948,2025-10-27T20:05:00.000,2025-11-05T09:15:05.000,Street Light Out,Closed,Mangaluru,12.874182,74.844034
61749239,2025-10-27T20:10:00.000,2025-10-28T14:24:40.000,Street Light Out,Closed,Mangaluru,12.896505,74.867617
61749347,2025-10-27T20:17:00.000,2025-11-16T16:07:04.000,Street Light Out,Closed,Shivamogga,13.906591,75.554581
61749365,2025-10-27T20:25:00.000,2025-10-31T18:22:00.000,Street Light Out,Closed,Mangaluru,12.919274,74.853241
61749392,2025-10-27T21:01:00.000,2025-11-12T18:14:15.000,Street Light Out,Closed,Bengaluru,12.852618,77.492943
61749533,2025-10-27T21:21:00.000,2025-11-02T16:22:00.000,Street Light Out,Closed,Hubballi,15.365877,75.143292
61749573,2025-10-27T21:42:00.000,2025-10-29T12:07:45.000,Street Light Out,Closed,Hubballi,15.405853,75.143233
61749659,2025-10-27T21:49:00.000,2025-11-01T11:22:00.000,Street Light Out,Closed,Hubballi,15.364346,75.150016
61749893,2025-10-27T22:12:00.000,2025-11-09T11:14:00.000,Lamppost Damaged,Closed,Tumakuru,13.338884,77.105892
61750197,2025-10-28T01:41:00.000,2025-11-01T13:51:00.000,Street Light Cycling,Closed,Mangaluru,12.847697,74.876722
61750232,2025-10-28T01:53:00.000,2025-10-30T13:56:00.000,Street Light Out,Closed,Bengaluru,13.008617,77.679016
61750279,2025-10-28T03:42:00.000,2025-10-31T09:54:00.000,Street Light Out,Closed,Hubballi,15.356342,75.130336
61750761,2025-10-28T07:19:00.000,2025-11-01T15:02:12.000,Street Light Out,Closed,Belagavi,15.849196,74.491774
61750832,2025-10-28T08:40:00.000,2025-10-31T17:55:04.000,Street Light Out,Closed,Belagavi,15.856552,74.518556
61750907,2025-10-28T09:34:00.000,2025-11-06T12:25:00.000,Street Light Out,Closed,Mysuru,12.251619,76.654511
61751081,2025-10-28T10:02:00.000,2025-11-02T08:02:00.000,Street Light Out,Closed,Shivamogga,13.896925,75.563897
61751191,2025-10-28T10:29:00.000,2025-11-14T11:00:00.000,Street Light Out,Closed,Mangaluru,12.875957,74.874395
61751200,2025-10-28T10:59:00.000,2025-11-09T10:43:00.000,Street Light Out,Closed,Hubballi,15.351715,75.148137
61751231,2025-10-28T11:21:00.000,2025-11-03T13:04:00.000,Street Light Out,Closed,Mangaluru,12.884197,74.838398
61751371,2025-10-28T12:59:00.000,2025-11-04T16:41:44.000,Street Light Out,Closed,Mangaluru,12.915163,74.852031
61751396,2025-10-28T14:16:00.000,2025-11-01T08:36:00.000,Street Light Out,Closed,Bengaluru,12.86789,77.606013
61751607,2025-10-28T17:45:00.000,2025-10-30T10:37:00.000,Street Light Out,Closed,Mangaluru,12.899556,74.862183
61751695,2025-10-28T18:55:00.000,2025-11-02T17:00:56.000,Street Light Out,Closed,Shivamogga,13.916087,75.57186
61752026,2025-10-28T20:29:00.000,2025-11-07T18:44:00.000,Street Light Out,Closed,Bengaluru,12.947915,77.561829
61752105,2025-10-28T21:09:00.000,2025-10-30T17:53:00.000,Street Light Out,Closed,Bengaluru,12.85195,77.497166
61752185,2025-10-28T22:02:00.000,2025-10-30T13:42:00.000,Street Light Out,Closed,Belagavi,15.85031,74.517328
61752210,2025-10-28T23:35:00.000,2025-11-08T18:37:16.000,Street Light Out,Closed,Hubballi,15.360593,75.113983
61752639,2025-10-29T00:14:00.000,2025-12-26T12:56:50.000,Street Light Out,Closed,Shivamogga,13.921063,75.575683
61752721,2025-10-29T07:54:00.000,2025-11-06T10:18:00.000,Street Light Out,Closed,Shivamogga,13.958798,75.567418
61752722,2025-10-29T08:51:00.000,2025-11-07T15:10:00.000,Street Light Out,Closed,Bengaluru,12.973708,77.577032
61752735,2025-10-29T09:40:00.000,2025-11-02T10:35:26.000,Street Light Out,Closed,Mysuru,12.309072,76.656552
61752905,2025-10-29T11:52:00.000,2025-10-31T12:36:00.000,Street Light Dayburning,Closed,Tumakuru,13.324138,77.112406
61753004,2025-10-29T15:36:00.000,2025-11-02T18:46:00.000,Street Light Out,Closed,Mangaluru,12.89418,74.847374
61753309,2025-10-29T17:15:00.000,2025-11-03T15:00:00.000,Street Light Out,Closed,Mangaluru,12.890534,74.877741
61753320,2025-10-29T17:28:00.000,2025-11-06T18:12:00.000,Street Light Out,Closed,Mangaluru,12.87875,74.846158
61753661,2025-10-29T18:38:00.000,2025-11-13T14:40:00.000,Street Light Out,Closed,Bengaluru,12.952426,77.533641
61753787,2025-10-29T18:46:00.000,2025-11-09T12:52:00.000,Street Light Out,Closed,Tumakuru,13.390031,77.127486
61754045,2025-10-29T20:02:00.000,2025-11-01T16:36:00.000,Street Light Out,Closed,Bengaluru,12.953878,77.653412
61754081,2025-10-29T20:10:00.000,2025-11-24T10:31:00.000,Street Light Out,Closed,Bengaluru,12.918968,77.694201
61754244,2025-10-29T20:21:00.000,2025-11-04T08:23:00.000,Street Light Out,Closed,Bengaluru,13.00614,77.526731
61754704,2025-10-29T21:03:00.000,2025-11-08T13:53:47.000,Street Light Out,Closed,Mangaluru,12.871481,74.846334
61754837,2025-10-29T21:04:00.000,2025-10-31T14:40:33.000,Street Light Dayburning,Closed,Mangaluru,12.872262,74.854171
61754958,2025-10-30T03:04:00.000,2025-11-04T16:05:24.000,Street Light Out,Closed,Bengaluru,12.988883,77.436725
61755024,2025-10-30T03:27:00.000,2025-11-10T12:06:00.000,Street Light Out,Closed,Bengaluru,12.977607,77.576983
61755165,2025-10-30T04:19:00.000,2025-11-02T16:26:37.000,Street Light Out,Closed,Shivamogga,13.932614,75.575378
61755242,2025-10-30T04:28:00.000,2025-12-14T17:42:43.000,Street Light Out,Closed,Belagavi,15.844295,74.482985
61755289,2025-10-30T05:57:00.000,2025-11-05T08:14:00.000,Street Light Out,Closed,Bengaluru,12.971243,77.609174
61755372,2025-10-30T08:51:00.000,2025-10-31T10:07:53.000,Street Light Out,Closed,Tumakuru,13.364245,77.090475
61755413,2025-10-30T09:31:00.000,2025-11-03T09:35:00.000,Street Light Out,Closed,Belagavi,15.847873,74.509345
61755739,2025-10-30T09:54:00.000,2025-11-13T11:23:00.000,Street Light Out,Closed,Mysuru,12.306884,76.671967
61755769,2025-10-30T10:41:00.000,2025-11-02T14:42:00.000,Street Light Out,Closed,Mangaluru,12.893271,74.849387
61755827,2025-10-30T10:53:00.000,2025-11-05T18:00:00.000,Street Light Out,Closed,Mangaluru,12.905408,74.854801
61755833,2025-10-30T12:47:00.000,2025-11-05T10:16:07.000,Street Light Out,Closed,Bengaluru,12.935485,77.655164
61755946,2025-10-30T18:07:00.000,2025-11-03T17:33:14.000,Street Light Out,Closed,Mysuru,12.350067,76.651749
61756040,2025-10-30T18:43:00.000,2025-10-31T10:59:00.000,Street Light Out,Closed,Mysuru,12.309626,76.651494
61756082,2025-10-30T19:26:00.000,2025-11-03T10:32:00.000,Street Light Out,Closed,Bengaluru,12.989778,77.582876
61756410,2025-10-30T20:06:00.000,2025-10-31T13:21:01.000,Street Light Dayburning,Closed,Tumakuru,13.360353,77.092674
61756437,2025-10-30T20:12:00.000,2025-11-02T16:45:00.000,Street Light Out,Closed,Bengaluru,13.009012,77.448163
61756502,2025-10-30T20:12:00.000,2025-11-02T08:27:47.000,Street Light Out,Closed,Bengaluru,13.020016,77.444009
61756530,2025-10-30T20:58:00.000,2025-11-04T13:34:23.000,Street Light Out,Closed,Mangaluru,12.891525,74.852674
61756747,2025-10-30T21:04:00.000,2025-11-02T14:54:28.000,Street Light Out,Closed,Hubballi,15.293387,75.140182
61756759,2025-10-30T22:33:00.000,2025-11-04T17:56:44.000,Street Light Out,Closed,Hubballi,15.343618,75.158838
61757224,2025-10-31T00:16:00.000,2025-11-03T14:32:00.000,Street Light Out,Closed,Bengaluru,13.001115,77.616345
61757232,2025-10-31T02:10:00.000,2025-11-01T18:36:15.000,Street Light Out,Closed,Tumakuru,13.322915,77.103035
61757281,2025-10-31T02:37:00.000,2025-11-17T13:22:00.000,Lamppost Damaged,Closed,Shivamogga,13.913502,75.562885
61757285,2025-10-31T05:21:00.000,2025-11-06T14:40:00.000,Street Light Out,Closed,Tumakuru,13.344092,77.109124
61757299,2025-10-31T05:42:00.000,2025-11-01T13:53:00.000,Street Light Out,Closed,Hubballi,15.358734,75.144679
61757370,2025-10-31T05:50:00.000,2025-12-23T17:23:00.000,Street Light Cycling,Closed,Mangaluru,12.886179,74.844838
61757373,2025-10-31T06:10:00.000,2025-11-05T08:10:28.000,Lamppost Damaged,Closed,Mangaluru,12.859674,74.871504
61757443,2025-10-31T08:38:00.000,2025-11-01T17:01:00.000,Street Light Out,Closed,Shivamogga,13.920081,75.552541
61757542,2025-10-31T09:54:00.000,2025-11-12T14:33:00.000,Street Light Out,Closed,Shivamogga,13.902023,75.558726
61757558,2025-10-31T10:36:00.000,2025-11-11T08:30:44.000,Street Light Out,Closed,Mangaluru,12.914438,74.854784
61757735,2025-10-31T11:22:00.000,2025-11-17T10:20:09.000,Street Light Out,Closed,Mysuru,12.302273,76.674272
61757863,2025-10-31T11:32:00.000,2025-11-04T18:07:00.000,Street Light Out,Closed,Belagavi,15.815655,74.532065
61757891,2025-10-31T14:48:00.000,2025-11-14T08:42:00.000,Street Light Cycling,Closed,Mangaluru,12.854714,74.871756
61758199,2025-10-31T15:30:00.000,2025-11-06T18:21:00.000,Street Light Out,Closed,Hubballi,15.348508,75.131952
61758216,2025-10-31T15:38:00.000,2025-11-04T11:28:37.000,Street Light Out,Closed,Hubballi,15.369575,75.157205
61758437,2025-10-31T15:41:00.000,2025-11-04T16:44:00.000,Street Light Out,Closed,Hubballi,15.356695,75.147798
61758720,2025-10-31T17:23:00.000,2025-11-08T17:43:00.000,Street Light Out,Closed,Mysuru,12.305403,76.665567
61758830,2025-10-31T17:40:00.000,2025-11-11T14:52:35.000,Street Light Out,Closed,Bengaluru,12.938391,77.655666
61758908,2025-10-31T18:24:00.000,2025-11-12T10:59:00.000,Street Light Out,Closed,Hubballi,15.362692,75.130845
61758922,2025-10-31T19:38:00.000,2025-11-05T17:21:00.000,Street Light Out,Closed,Bengaluru,12.962397,77.597861
61758969,2025-10-31T19:52:00.000,2025-11-06T17:09:39.000,Street Light Out,Closed,Shivamogga,13.942064,75.610552
61759027,2025-10-31T20:27:00.000,2025-11-13T08:14:00.000,Street Light Out,Closed,Mangaluru,12.867401,74.889116
61759028,2025-10-31T20:27:00.000,2025-11-02T17:41:00.000,Street Light Out,Closed,Mangaluru,12.855815,74.885335
61759053,2025-10-31T20:53:00.000,2025-11-02T09:20:00.000,Street Light Out,Closed,Hubballi,15.339976,75.135059
61759261,2025-10-31T21:18:00.000,2025-11-05T08:28:00.000,Street Light Out,Closed,Belagavi,15.828274,74.549444
61759322,2025-10-31T22:26:00.000,2025-11-06T14:03:01.000,Street Light Dayburning,Closed,Mangaluru,12.850958,74.84841
61759355,2025-10-31T22:54:00.000,2025-11-04T16:54:00.000,Street Light Out,Closed,Mangaluru,12.882064,74.858251
61759423,2025-10-31T23:33:00.000,2025-11-03T12:45:59.000,Street Light Out,Closed,Hubballi,15.368015,75.116001
61759508,2025-10-31T23:40:00.000,2025-11-05T08:29:05.000,Street Light Out,Closed,Tumakuru,13.344568,77.096182
61759657,2025-11-01T01:48:00.000,2025-11-10T11:44:34.000,Street Light Out,Closed,Bengaluru,12.993321,77.614387
61760492,2025-11-01T08:07:00.000,2025-11-05T13:02:00.000,Street Light Out,Closed,Bengaluru,12.980942,77.580447
61760550,2025-11-01T08:18:00.000,2025-12-29T10:16:13.000,Street Light Cycling,Closed,Tumakuru,13.340914,77.115198
61760589,2025-11-01T09:40:00.000,2025-11-05T17:25:00.000,Street Light Out,Closed,Mangaluru,12.91649,74.856051
61760697,2025-11-01T09:50:00.000,2025-11-03T15:39:55.000,Street Light Out,Closed,Mangaluru,12.889344,74.847742
61760778,2025-11-01T15:07:00.000,2025-11-03T13:16:00.000,Street Light Out,Closed,Mangaluru,12.87143,74.852574
61761083,2025-11-01T17:00:00.000,2025-11-04T18:12:00.000,Street Light Out,Closed,Mangaluru,12.86828,74.851329
61761157,2025-11-01T17:13:00.000,2025-11-14T17:37:00.000,Street Light Out,Closed,Belagavi,15.882153,74.500089
61761215,2025-11-01T17:37:00.000,2025-11-05T16:28:45.000,Street Light Out,Closed,Shivamogga,13.924836,75.550783
61761279,2025-11-01T17:58:00.000,2025-11-03T13:30:08.000,Street Light Out,Closed,Hubballi,15.349317,75.150942
61761440,2025-11-01T18:02:00.000,2025-11-02T17:21:26.000,Street Light Out,Closed,Bengaluru,12.931871,77.589986
61761522,2025-11-01T18:23:00.000,2025-11-06T08:26:15.000,Street Light Out,Closed,Mangaluru,12.903496,74.879649
61761540,2025-11-01T19:53:00.000,2025-11-05T13:34:06.000,Street Light Out,Closed,Shivamogga,13.951936,75.564209
61761772,2025-11-01T21:10:00.000,2025-11-06T09:11:00.000,Street Light Out,Closed,Hubballi,15.34314,75.107532
61761815,2025-11-01T21:11:00.000,2025-11-09T17:07:00.000,Street Light Out,Closed,Hubballi,15.351147,75.158232
61761996,2025-11-01T21:17:00.000,2025-11-05T16:37:09.000,Street Light Out,Closed,Bengaluru,13.025233,77.630129
61762055,2025-11-01T22:01:00.000,2025-11-11T14:33:48.000,Street Light Out,Closed,Mysuru,12.300955,76.667141
61762069,2025-11-01T22:20:00.000,2025-11-08T09:53:19.000,Street Light Out,Closed,Hubballi,15.371151,75.137265
61762150,2025-11-01T22:47:00.000,2025-11-07T11:55:55.000,Street Light Out,Closed,Shivamogga,13.956291,75.562547
61762393,2025-11-01T23:45:00.000,2025-11-09T17:15:00.000,Street Light Out,Closed,Mangaluru,12.87227,74.854219
61762573,2025-11-02T01:27:00.000,2025-11-05T15:02:00.000,Street Light Out,Closed,Belagavi,15.842298,74.554121
61762735,2025-11-02T09:14:00.000,2025-11-29T11:18:12.000,Street Light Out,Closed,Hubballi,15.396045,75.141043
61763056,2025-11-02T09:35:00.000,2025-11-04T12:14:51.000,Street Light Out,Closed,Bengaluru,12.966748,77.518312
61763084,2025-11-02T12:21:00.000,2025-11-07T12:43:00.000,Street Light Out,Closed,Bengaluru,12.95047,77.575753
61763188,2025-11-02T15:05:00.000,2025-11-05T18:51:00.000,Street Light Out,Closed,Mangaluru,12.872161,74.846301
61763265,2025-11-02T15:17:00.000,2025-11-06T13:00:00.000,Street Light Out,Closed,Bengaluru,12.985054,77.586761
61763273,2025-11-02T15:18:00.000,2025-11-07T13:14:24.000,Street Light Out,Closed,Shivamogga,13.926274,75.558209
61763455,2025-11-02T18:52:00.000,2025-11-06T11:01:44.000,Street Light Out,Closed,Bengaluru,13.060052,77.593933
61763553,2025-11-02T18:53:00.000,2025-11-12T08:55:35.000,Street Light Out,Closed,Belagavi,15.869809,74.507097
61763764,2025-11-02T20:35:00.000,2025-11-09T09:37:40.000,Street Light Out,Closed,Hubballi,15.352291,75.129942
61763842,2025-11-02T20:50:00.000,2025-11-23T12:46:00.000,Street Light Out,Closed,Mangaluru,12.917152,74.882322
61764089,2025-11-02T21:38:00.000,2025-11-11T13:57:20.000,Street Light Dim,Closed,Mangaluru,12.884799,74.853592
61764196,2025-11-02T21:50:00.000,2025-11-05T11:23:12.000,Street Light Out,Closed,Belagavi,15.883844,74.498819
61764205,2025-11-02T22:52:00.000,2025-11-09T18:59:57.000,Street Light Out,Closed,Hubballi,15.307819,75.14728
61764496,2025-11-03T04:48:00.000,2025-11-05T14:31:00.000,Street Light Cycling,Closed,Mangaluru,12.891458,74.840302
61764499,2025-11-03T06:59:00.000,2025-11-16T09:35:00.000,Street Light Out,Closed,Shivamogga,13.916542,75.564284
61764709,2025-11-03T08:14:00.000,2025-11-07T15:19:00.000,Street Light Out,Closed,Bengaluru,12.975855,77.578
61764967,2025-11-03T10:37:00.000,2025-11-06T14:44:00.000,Street Light Out,Closed,Bengaluru,12.985203,77.596801
61765162,2025-11-03T11:11:00.000,2025-11-07T17:26:51.000,Street Light Out,Closed,Belagavi,15.846012,74.551386
61765201,2025-11-03T12:39:00.000,2025-11-05T08:52:00.000,Street Light Out,Closed,Shivamogga,13.906121,75.565663
61765488,2025-11-03T16:21:00.000,2025-11-30T11:44:53.000,Street Light Out,Closed,Bengaluru,12.954774,77.589346
61765639,2025-11-03T17:19:00.000,2025-11-11T09:18:00.000,Street Light Out,Closed,Hubballi,15.347924,75.109873
61765790,2025-11-03T19:07:00.000,2025-11-05T15:22:00.000,Street Light Dayburning,Closed,Hubballi,15.357987,75.165363
61765887,2025-11-03T19:24:00.000,2025-11-05T14:21:18.000,Street Light Out,Closed,Shivamogga,13.91634,75.573439
61765894,2025-11-03T19:29:00.000,2025-12-31T18:29:35.000,Street Light Out,Closed,Mangaluru,12.855755,74.885286
61765899,2025-11-03T20:54:00.000,2025-11-06T16:39:16.000,Street Light Out,Closed,Mangaluru,12.885962,74.850347
61766286,2025-11-03T21:38:00.000,2025-12-21T15:32:00.000,Street Light Out,Closed,Bengaluru,12.987315,77.589498
61767133,2025-11-03T23:38:00.000,2025-11-08T10:19:00.000,Street Light Cycling,Closed,Bengaluru,12.944232,77.529746
61767160,2025-11-04T07:19:00.000,2025-11-10T17:47:00.000,Street Light Dayburning,Closed,Shivamogga,13.922496,75.549407
61767592,2025-11-04T07:21:00.000,2025-11-10T18:55:00.000,Street Light Out,Closed,Tumakuru,13.340269,77.12809
61768010,2025-11-04T08:46:00.000,2025-12-31T18:22:00.000,Street Light Out,Closed,Tumakuru,13.355707,77.064385
61768191,2025-11-04T12:54:00.000,2025-11-08T13:18:00.000,Street Light Out,Closed,Mangaluru,12.882056,74.858682
61768227,2025-11-04T17:23:00.000,2025-11-09T14:08:27.000,Street Light Out,Closed,Mangaluru,12.880094,74.841678
61768254,2025-11-04T20:47:00.000,2025-11-05T17:33:46.000,Street Light Out,Closed,Hubballi,15.344593,75.114004
61768258,2025-11-04T21:17:00.000,2025-11-17T18:40:00.000,Street Light Dayburning,Closed,Tumakuru,13.367064,77.086679
61768489,2025-11-04T23:26:00.000,2025-11-18T10:19:00.000,Street Light Out,Closed,Shivamogga,13.924828,75.570442
61768499,2025-11-05T00:11:00.000,2025-11-21T14:32:00.000,Lamppost Damaged,Closed,Mangaluru,12.847878,74.867298
61768622,2025-11-05T03:26:00.000,2025-11-23T18:20:00.000,Street Light Out,Closed,Bengaluru,12.964081,77.549552
61768691,2025-11-05T03:37:00.000,2025-11-05T12:54:34.000,Street Light Out,Closed,Bengaluru,12.977599,77.58706
61768947,2025-11-05T08:28:00.000,2025-11-18T12:15:25.000,Street Light Out,Closed,Belagavi,15.879791,74.479282
61769305,2025-11-05T10:38:00.000,2025-11-08T13:46:00.000,Street Light Out,Closed,Bengaluru,12.98778,77.671297
61769373,2025-11-05T10:53:00.000,2025-11-08T11:18:00.000,Street Light Out,Closed,Mysuru,12.313357,76.692461
61769480,2025-11-05T11:21:00.000,2025-11-06T09:41:00.000,Street Light Out,Closed,Mangaluru,12.884718,74.847524
61769494,2025-11-05T12:50:00.000,2025-11-13T14:34:00.000,Street Light Out,Closed,Shivamogga,13.917969,75.563886
61769538,2025-11-05T13:21:00.000,2025-11-09T12:19:00.000,Street Light Out,Closed,Belagavi,15.836105,74.510974
61769821,2025-11-05T14:12:00.000,,Street Light Out,In Progress,Mysuru,12.263784,76.656279
61769949,2025-11-05T17:14:00.000,2025-11-20T09:19:00.000,Street Light Dayburning,Closed,Shivamogga,13.920076,75.552545
61769980,2025-11-05T17:57:00.000,2025-11-20T08:43:53.000,Street Light Out,Closed,Tumakuru,13.335707,77.139021
61770034,2025-11-05T18:02:00.000,2025-11-16T14:41:08.000,Street Light Out,Closed,Mysuru,12.29072,76.636925
61770185,2025-11-05T18:30:00.000,2025-11-18T10:05:00.000,Street Light Out,Closed,Mangaluru,12.880133,74.841529
61770403,2025-11-05T20:22:00.000,2025-11-28T11:00:34.000,Street Light Out,Closed,Belagavi,15.843499,74.553066
61770499,2025-11-05T20:25:00.000,2025-11-09T08:32:05.000,Street Light Dim,Closed,Belagavi,15.845018,74.515745
61770744,2025-11-05T21:28:00.000,2025-11-10T11:03:33.000,Street Light Out,Closed,Mangaluru,12.877214,74.843206
61770799,2025-11-05T22:05:00.000,2025-11-14T10:24:00.000,Lamppost Damaged,Closed,Belagavi,15.845442,74.550532
61771038,2025-11-05T22:48:00.000,2025-11-19T18:52:00.000,Street Light Out,Closed,Mangaluru,12.881706,74.854721
61771047,2025-11-06T00:19:00.000,2025-11-21T13:59:00.000,Street Light Out,Closed,Hubballi,15.351341,75.151945
61771055,2025-11-06T02:18:00.000,2025-11-13T17:57:03.000,Street Light Out,Closed,Mysuru,12.332479,76.641475
61771124,2025-11-06T08:36:00.000,2025-11-09T11:15:00.000,Street Light Out,Closed,Shivamogga,13.918168,75.56787
61771229,2025-11-06T09:23:00.000,2025-11-09T13:31:00.000,Street Light Out,Closed,Belagavi,15.842307,74.554249
61771244,2025-11-06T10:18:00.000,2025-11-28T12:55:18.000,Street Light Out,Closed,Shivamogga,13.925949,75.557852
61771340,2025-11-06T11:03:00.000,2025-11-13T09:17:00.000,Street Light Out,Closed,Bengaluru,12.874572,77.527217
61771499,2025-11-06T11:38:00.000,2025-11-29T17:10:00.000,Street Light Out,Closed,Bengaluru,13.009074,77.448252
61771543,2025-11-06T14:11:00.000,2025-11-12T08:56:00.000,Street Light Out,Closed,Mysuru,12.321802,76.648597
61771669,2025-11-06T18:03:00.000,2025-11-10T08:55:00.000,Street Light Out,Closed,Belagavi,15.848642,74.510053
61771856,2025-11-06T18:49:00.000,2025-11-10T13:33:04.000,Street Light Out,Closed,Shivamogga,13.932982,75.574039
61771913,2025-11-06T20:26:00.000,2025-11-07T15:10:45.000,Street Light Out,Closed,Mangaluru,12.870628,74.893604
61771965,2025-11-06T21:15:00.000,2025-12-08T12:33:40.000,Street Light Out,Closed,Bengaluru,12.948721,77.602955
61772190,2025-11-06T22:05:00.000,2025-11-09T13:52:38.000,Street Light Out,Closed,Mangaluru,12.880704,74.857542
61772268,2025-11-06T22:55:00.000,2025-11-16T18:05:17.000,Street Light Out,Closed,Tumakuru,13.354707,77.099365
61772311,2025-11-06T23:24:00.000,2025-11-11T10:22:43.000,Street Light Out,Closed,Mangaluru,12.874533,74.853764
61772663,2025-11-07T05:48:00.000,2025-11-12T11:15:59.000,Street Light Out,Closed,Hubballi,15.357091,75.139384
61772756,2025-11-07T06:42:00.000,2025-12-17T12:00:00.000,Street Light Out,Closed,Tumakuru,13.321855,77.10603
61772782,2025-11-07T07:10:00.000,2025-11-08T15:31:21.000,Street Light Out,Closed,Bengaluru,12.967543,77.600909
61772799,2025-11-07T08:57:00.000,2025-11-16T12:47:00.000,Street Light Out,Closed,Belagavi,15.881419,74.523777
61772807,2025-11-07T10:54:00.000,2025-11-17T16:02:00.000,Street Light Out,Closed,Hubballi,15.390487,75.13902
61772943,2025-11-07T11:29:00.000,2025-11-10T11:24:17.000,Street Light Dim,Closed,Shivamogga,13.950465,75.555815
61773065,2025-11-07T17:13:00.000,2025-11-09T12:32:00.000,Street Light Out,Closed,Mangaluru,12.876157,74.875554
61773080,2025-11-07T19:01:00.000,2025-11-09T08:41:08.000,Street Light Out,Closed,Mysuru,12.329282,76.627101
61773081,2025-11-07T20:36:00.000,2025-11-13T15:25:00.000,Street Light Out,Closed,Tumakuru,13.3403,77.115983
61773284,2025-11-07T21:12:00.000,2025-12-16T09:35:00.000,Street Light Out,Closed,Mangaluru,12.898125,74.838137
61773461,2025-11-07T21:14:00.000,2025-12-16T09:51:36.000,Street Light Out,Closed,Belagavi,15.843711,74.554246
61773470,2025-11-07T22:01:00.000,2025-11-13T15:12:00.000,Street Light Out,Closed,Bengaluru,12.969725,77.624508
61773500,2025-11-07T22:52:00.000,2025-11-24T08:04:00.000,Street Light Out,Closed,Shivamogga,13.913412,75.562265
61773532,2025-11-07T23:27:00.000,2025-11-11T12:36:56.000,Street Light Out,Closed,Mangaluru,12.874012,74.853273
61773615,2025-11-08T00:54:00.000,2025-11-14T10:15:00.000,Street Light Out,Closed,Mangaluru,12.904628,74.845373
61773642,2025-11-08T01:45:00.000,2025-11-24T11:59:00.000,Street Light Out,Closed,Mysuru,12.305259,76.664697
61773647,2025-11-08T05:08:00.000,2025-11-12T10:00:00.000,Street Light Out,Closed,Bengaluru,12.975852,77.570348
61773836,2025-11-08T06:39:00.000,2025-11-09T14:28:59.000,Street Light Out,Closed,Mangaluru,12.886731,74.844853
61774106,2025-11-08T07:17:00.000,2025-11-11T08:48:00.000,Street Light Out,Closed,Tumakuru,13.351578,77.098791
61774461,2025-11-08T08:44:00.000,2025-11-16T17:39:56.000,Street Light Out,Closed,Mangaluru,12.904961,74.84953
61774561,2025-11-08T09:54:00.000,2025-11-29T15:38:00.000,Street Light Cycling,Closed,Mangaluru,12.889246,74.848613
61774602,2025-11-08T10:49:00.000,2025-12-23T12:52:00.000,Street Light Out,Closed,Tumakuru,13.331242,77.104899
61774688,2025-11-08T11:57:00.000,2025-11-18T15:13:00.000,Street Light Out,Closed,Tumakuru,13.342817,77.108023
61775027,2025-11-08T12:12:00.000,2025-11-13T16:35:54.000,Street Light Out,Closed,Hubballi,15.351319,75.131578
61775051,2025-11-08T12:50:00.000,2025-11-11T16:30:00.000,Street Light Out,Closed,Bengaluru,12.988053,77.571765
61775102,2025-11-08T12:56:00.000,2025-11-11T13:24:00.000,Street Light Out,Closed,Mangaluru,12.870627,74.89359
61775625,2025-11-08T14:56:00.000,2025-11-11T14:16:00.000,Street Light Out,Closed,Mangaluru,12.902256,74.886482
61775654,2025-11-08T16:18:00.000,2025-11-09T14:06:44.000,Street Light Out,Closed,Mangaluru,12.891639,74.849448
61775722,2025-11-08T16:39:00.000,2025-11-10T11:21:59.000,Street Light Cycling,Closed,Mysuru,12.336364,76.654728
61775768,2025-11-08T16:54:00.000,2025-11-10T13:51:35.000,Lamppost Damaged,Closed,Bengaluru,12.938017,77.556621
61776087,2025-11-08T18:00:00.000,2025-11-14T11:26:55.000,Street Light Dayburning,Closed,Tumakuru,13.348829,77.103878
61776401,2025-11-08T18:23:00.000,2025-11-20T15:45:00.000,Street Light Out,Closed,Mysuru,12.332444,76.644028
61776537,2025-11-08T19:16:00.000,2025-11-10T12:56:00.000,Street Light Out,Closed,Mangaluru,12.893706,74.861024
61776589,2025-11-08T20:04:00.000,2025-11-20T11:43:10.000,Street Light Out,Closed,Mangaluru,12.920715,74.886198
61777001,2025-11-08T20:05:00.000,2025-12-05T15:16:00.000,Street Light Out,Closed,Tumakuru,13.34576,77.078993
61777389,2025-11-08T20:54:00.000,2025-11-13T13:35:00.000,Street Light Dayburning,Closed,Bengaluru,12.935823,77.568218
61777789,2025-11-08T21:27:00.000,2025-11-16T14:41:27.000,Street Light Out,Closed,Shivamogga,13.923499,75.533196
61777853,2025-11-08T23:07:00.000,2025-11-12T12:13:00.000,Street Light Out,Closed,Hubballi,15.351962,75.139696
61778008,2025-11-08T23:31:00.000,2025-11-13T14:25:04.000,Street Light Out,Closed,Tumakuru,13.341474,77.109394
61778257,2025-11-09T00:21:00.000,2025-11-11T11:37:27.000,Street Light Out,Closed,Shivamogga,13.906923,75.559431
61778266,2025-11-09T01:26:00.000,2025-11-11T13:19:15.000,Street Light Out,Closed,Hubballi,15.355657,75.135611
61778316,2025-11-09T03:57:00.000,2025-11-12T18:32:38.000,Street Light Out,Closed,Bengaluru,12.965938,77.584485
61778393,2025-11-09T07:24:00.000,2025-11-11T13:37:00.000,Lamppost Damaged,Closed,Mangaluru,12.873349,74.851505
61778438,2025-11-09T07:46:00.000,2025-11-26T08:26:58.000,Street Light Out,Closed,Mysuru,12.297632,76.652308
61778486,2025-11-09T09:34:00.000,2025-11-13T08:07:00.000,Street Light Out,Closed,Mangaluru,12.876708,74.854819
61778488,2025-11-09T10:44:00.000,2025-11-11T17:48:39.000,Street Light Out,Closed,Bengaluru,12.972513,77.573189
61778582,2025-11-09T11:16:00.000,2025-11-16T14:22:00.000,Street Light Out,Closed,Belagavi,15.880536,74.495795
61778858,2025-11-09T12:34:00.000,2025-11-13T17:04:00.000,Street Light Out,Closed,Mangaluru,12.910451,74.88654
61779036,2025-11-09T16:29:00.000,2025-11-19T17:02:00.000,Street Light Out,Closed,Mangaluru,12.913029,74.870659
61779136,2025-11-09T18:32:00.000,2025-11-13T14:08:00.000,Street Light Dayburning,Closed,Hubballi,15.3469,75.139717
61779210,2025-11-09T19:44:00.000,2025-11-12T15:21:51.000,Street Light Out,Closed,Tumakuru,13.345123,77.103708
61779328,2025-11-09T20:18:00.000,2025-11-12T08:23:01.000,Street Light Out,Closed,Bengaluru,12.983759,77.589301
61779557,2025-11-09T21:41:00.000,2025-11-14T11:51:00.000,Street Light Out,Closed,Mangaluru,12.884209,74.838412
61779855,2025-11-09T21:46:00.000,2025-11-13T09:32:00.000,Street Light Out,Closed,Mangaluru,12.87368,74.843843
61779861,2025-11-09T22:49:00.000,2025-11-15T08:45:29.000,Street Light Cycling,Closed,Bengaluru,12.879807,77.684628
61779904,2025-11-09T22:56:00.000,2025-11-21T12:25:44.000,Street Light Out,Closed,Bengaluru,12.987714,77.594149
61779931,2025-11-10T01:21:00.000,2025-11-12T13:48:49.000,Street Light Out,Closed,Bengaluru,13.027367,77.56443
61779955,2025-11-10T04:04:00.000,2025-11-12T08:50:00.000,Street Light Out,Closed,Mangaluru,12.886105,74.84586
61780087,2025-11-10T07:04:00.000,2025-11-13T16:04:00.000,Street Light Out,Closed,Shivamogga,13.922654,75.554323
61780203,2025-11-10T07:10:00.000,2025-11-11T15:11:00.000,Street Light Out,Closed,Mangaluru,12.872223,74.85425
61780454,2025-11-10T07:19:00.000,2025-11-14T13:23:00.000,Street Light Out,Closed,Mangaluru,12.874068,74.852367
61780465,2025-11-10T07:25:00.000,2025-11-17T11:22:00.000,Street Light Out,Closed,Belagavi,15.882329,74.501382
61780526,2025-11-10T08:03:00.000,2025-11-12T08:15:00.000,Street Light Out,Closed,Mysuru,12.305672,76.689747
61780713,2025-11-10T08:13:00.000,2025-11-13T13:27:50.000,Street Light Out,Closed,Tumakuru,13.314154,77.122691
61780775,2025-11-10T08:58:00.000,2025-11-17T18:10:00.000,Street Light Out,Closed,Mangaluru,12.852566,74.873681
61780794,2025-11-10T10:32:00.000,2025-11-12T14:09:00.000,Street Light Out,Closed,Tumakuru,13.337606,77.108233
61780833,2025-11-10T10:50:00.000,2025-11-18T18:47:39.000,Street Light Out,Closed,Tumakuru,13.341566,77.099882
61780865,2025-11-10T10:59:00.000,2025-11-16T17:41:05.000,Street Light Out,Closed,Bengaluru,13.016487,77.610397
61781084,2025-11-10T11:18:00.000,,Street Light Out,In Progress,Shivamogga,13.912466,75.616451
61781133,2025-11-10T14:06:00.000,2025-11-13T17:06:00.000,Street Light Out,Closed,Mangaluru,12.875347,74.85279
61781437,2025-11-10T15:38:00.000,2025-11-13T15:33:00.000,Street Light Out,Closed,Bengaluru,12.975255,77.609176
61781600,2025-11-10T17:08:00.000,2025-11-13T13:27:00.000,Street Light Out,Closed,Hubballi,15.352752,75.136493
61781643,2025-11-10T17:53:00.000,2025-11-13T12:18:00.000,Street Light Out,Closed,Mangaluru,12.884676,74.839873
61781702,2025-11-10T18:51:00.000,2025-11-14T15:24:50.000,Street Light Out,Closed,Shivamogga,13.92627,75.558165
61781814,2025-11-10T19:24:00.000,2025-11-16T18:40:18.000,Street Light Out,Closed,Mangaluru,12.890061,74.856624
61781846,2025-11-10T20:33:00.000,2025-11-14T08:49:45.000,Street Light Out,Closed,Shivamogga,13.917897,75.587718
61781898,2025-11-10T20:46:00.000,2025-11-17T10:01:00.000,Street Light Cycling,Closed,Mangaluru,12.882191,74.847817
61782096,2025-11-10T21:14:00.000,2025-12-25T09:24:39.000,Street Light Out,Closed,Bengaluru,12.974984,77.59412
61782349,2025-11-10T22:23:00.000,2025-11-13T16:48:00.000,Street Light Out,Closed,Mangaluru,12.886728,74.844835
61782426,2025-11-10T23:53:00.000,2025-11-15T10:34:00.000,Street Light Out,Closed,Hubballi,15.357354,75.126885
61782516,2025-11-11T00:25:00.000,2025-11-15T09:02:12.000,Street Light Out,Closed,Bengaluru,12.986373,77.575463
61782744,2025-11-11T00:48:00.000,2025-11-14T16:30:43.000,Street Light Out,Closed,Shivamogga,13.918486,75.551642
61782795,2025-11-11T01:05:00.000,2025-11-16T08:27:00.000,Street Light Out,Closed,Hubballi,15.343643,75.158873
61782824,2025-11-11T03:48:00.000,2025-11-18T11:05:08.000,Street Light Out,Closed,Belagavi,15.850375,74.554333
61782905,2025-11-11T06:08:00.000,2025-11-13T12:00:14.000,Street Light Out,Closed,Shivamogga,13.927666,75.555702
61783013,2025-11-11T06:31:00.000,2025-11-15T12:30:42.000,Street Light Out,Closed,Shivamogga,13.939936,75.535998
61783175,2025-11-11T06:58:00.000,2025-11-28T16:52:00.000,Street Light Out,Closed,Belagavi,15.872475,74.477976
61783220,2025-11-11T07:48:00.000,2025-11-13T18:11:00.000,Street Light Out,Closed,Mangaluru,12.872563,74.850888
61783339,2025-11-11T08:10:00.000,2025-11-12T09:03:40.000,Street Light Out,Closed,Bengaluru,13.097962,77.586787
61783429,2025-11-11T09:37:00.000,2025-11-26T17:42:15.000,Street Light Out,Closed,Bengaluru,12.851978,77.497202
61783534,2025-11-11T10:35:00.000,2025-11-29T18:22:00.000,Street Light Out,Closed,Hubballi,15.394994,75.140124
61783541,2025-11-11T14:26:00.000,2025-11-16T10:03:31.000,Street Light Out,Closed,Belagavi,15.846911,74.550456
61783681,2025-11-11T15:58:00.000,2025-11-23T15:35:17.000,Street Light Out,Closed,Bengaluru,13.081997,77.547026
61783712,2025-11-11T17:44:00.000,2025-11-16T18:20:59.000,Street Light Out,Closed,Mysuru,12.352567,76.661451
61783884,2025-11-11T18:47:00.000,2025-11-14T09:47:00.000,Street Light Out,Closed,Tumakuru,13.341386,77.106532
61783988,2025-11-11T19:15:00.000,2025-11-23T17:43:00.000,Street Light Out,Closed,Bengaluru,12.885793,77.560658
61784053,2025-11-11T19:26:00.000,2025-11-19T08:21:20.000,Street Light Out,Closed,Belagavi,15.815707,74.532212
61784185,2025-11-11T19:55:00.000,2025-11-12T15:41:03.000,Street Light Out,Closed,Mangaluru,12.880073,74.852747
61784257,2025-11-11T21:03:00.000,2025-11-14T17:37:02.000,Street Light Out,Closed,Mangaluru,12.872061,74.851562
61784508,2025-11-11T21:12:00.000,2025-11-13T17:43:00.000,Street Light Out,Closed,Shivamogga,13.915524,75.579133
61784677,2025-11-11T21:48:00.000,2025-11-13T13:58:08.000,Street Light Out,Closed,Bengaluru,12.978327,77.585194
61785013,2025-11-11T21:53:00.000,2025-12-07T16:00:19.000,Street Light Cycling,Closed,Hubballi,15.34513,75.131804
61785034,2025-11-11T22:27:00.000,2025-12-06T11:40:00.000,Street Light Out,Closed,Hubballi,15.321304,75.137655
61785096,2025-11-11T23:39:00.000,2025-11-13T12:49:00.000,Street Light Out,Closed,Mysuru,12.294238,76.660093
61785250,2025-11-12T05:26:00.000,2025-11-14T14:46:04.000,Street Light Out,Closed,Hubballi,15.293403,75.140188
61785269,2025-11-12T07:46:00.000,2025-11-26T13:44:00.000,Street Light Out,Closed,Belagavi,15.840699,74.47917
61785307,2025-11-12T08:19:00.000,2025-11-14T11:25:00.000,Street Light Out,Closed,Tumakuru,13.340785,77.132104
61785413,2025-11-12T08:29:00.000,2025-11-15T18:03:00.000,Street Light Out,Closed,Bengaluru,12.967979,77.571164
61785464,2025-11-12T09:10:00.000,2025-12-13T14:39:00.000,Street Light Out,Closed,Shivamogga,13.912035,75.60119
61785519,2025-11-12T12:23:00.000,2025-11-15T17:10:00.000,Street Light Out,Closed,Bengaluru,12.96229,77.602325
61785640,2025-11-12T17:50:00.000,2025-11-17T14:18:13.000,Street Light Out,Closed,Bengaluru,12.988011,77.571834
61785817,2025-11-12T18:30:00.000,2025-11-15T12:46:00.000,Street Light Out,Closed,Hubballi,15.352536,75.120288
61785840,2025-11-12T18:47:00.000,2025-11-17T09:41:00.000,Street Light Out,Closed,Mangaluru,12.866948,74.853145
61786275,2025-11-12T19:15:00.000,2025-11-18T09:43:04.000,Street Light Out,Closed,Hubballi,15.346697,75.15337
61786328,2025-11-12T20:04:00.000,2025-11-14T10:48:00.000,Street Light Out,Closed,Mangaluru,12.921906,74.875308
61786724,2025-11-12T20:44:00.000,2025-11-18T09:29:13.000,Street Light Out,Closed,Hubballi,15.36545,75.154462
61786878,2025-11-12T20:55:00.000,2025-11-19T08:54:00.000,Street Light Out,Closed,Hubballi,15.347259,75.137799
61786900,2025-11-12T21:22:00.000,2025-11-20T18:28:01.000,Street Light Out,Closed,Bengaluru,12.856538,77.501155
61787325,2025-11-12T21:31:00.000,2025-11-14T17:29:19.000,Street Light Dayburning,Closed,Hubballi,15.352524,75.115265
61787390,2025-11-12T21:49:00.000,2025-11-20T18:12:19.000,Street Light Out,Closed,Bengaluru,13.009713,77.617244
61787558,2025-11-12T22:41:00.000,2025-11-20T08:22:00.000,Street Light Out,Closed,Mangaluru,12.903857,74.85658
61787700,2025-11-12T23:01:00.000,2025-11-21T18:01:00.000,Street Light Out,Closed,Mangaluru,12.916536,74.855998
61787734,2025-11-12T23:20:00.000,2025-11-23T13:15:53.000,Street Light Out,Closed,Mangaluru,12.915168,74.851942
61787883,2025-11-12T23:42:00.000,2025-11-16T12:13:00.000,Street Light Out,Closed,Shivamogga,13.928814,75.563028
61787904,2025-11-13T05:45:00.000,2025-11-16T14:51:49.000,Street Light Out,Closed,Bengaluru,12.974147,77.523065
61788055,2025-11-13T08:18:00.000,2025-11-22T09:45:00.000,Street Light Out,Closed,Belagavi,15.859872,74.515936
61788224,2025-11-13T08:27:00.000,2025-11-19T15:58:00.000,Street Light Out,Closed,Bengaluru,12.994782,77.578842
61788572,2025-11-13T09:17:00.000,2025-11-19T17:46:02.000,Street Light Out,Closed,Mysuru,12.306221,76.68611
61788848,2025-11-13T09:36:00.000,2025-11-16T15:55:57.000,Street Light Out,Closed,Shivamogga,13.911506,75.576038
61789056,2025-11-13T11:38:00.000,2025-11-30T16:59:03.000,Street Light Out,Closed,Mangaluru,12.892971,74.863497
61789063,2025-11-13T12:04:00.000,2025-11-15T08:35:38.000,Street Light Dim,Closed,Hubballi,15.365188,75.133665
61789071,2025-11-13T13:48:00.000,2025-12-02T15:30:00.000,Street Light Out,Closed,Shivamogga,13.898893,75.550467
61789203,2025-11-13T18:20:00.000,2025-11-16T17:12:05.000,Street Light Out,Closed,Belagavi,15.844375,74.515801
61789477,2025-11-13T19:00:00.000,2025-11-15T12:31:05.000,Street Light Out,Closed,Bengaluru,13.006928,77.579176
61789725,2025-11-13T19:13:00.000,2025-11-17T08:19:31.000,Street Light Out,Closed,Tumakuru,13.337683,77.099546
61789808,2025-11-13T19:23:00.000,2025-11-14T12:27:17.000,Street Light Out,Closed,Shivamogga,13.916077,75.571891
61790151,2025-11-13T20:02:00.000,2025-11-19T08:24:01.000,Street Light Out,Closed,Shivamogga,13.932616,75.575406
61790223,2025-11-13T20:37:00.000,2025-11-18T12:42:27.000,Street Light Out,Closed,Mangaluru,12.882757,74.859575
61790332,2025-11-13T20:43:00.000,2025-12-31T12:51:28.000,Street Light Out,Closed,Belagavi,15.841967,74.549412
61790455,2025-11-13T20:46:00.000,2025-11-17T17:26:46.000,Street Light Out,Closed,Bengaluru,13.013534,77.63396
61790456,2025-11-13T21:05:00.000,2025-11-26T17:05:04.000,Street Light Out,Closed,Hubballi,15.355646,75.16842
61790677,2025-11-13T21:47:00.000,2025-12-08T10:46:00.000,Street Light Out,Closed,Belagavi,15.845267,74.550782
61790755,2025-11-13T22:32:00.000,2025-11-15T11:43:03.000,Street Light Out,Closed,Bengaluru,13.080831,77.541227
61790827,2025-11-14T00:01:00.000,2025-11-15T15:28:00.000,Street Light Out,Closed,Hubballi,15.365781,75.143244
61790870,2025-11-14T00:58:00.000,2025-11-19T18:40:00.000,Street Light Out,Closed,Shivamogga,13.926213,75.574808
61791197,2025-11-14T02:38:00.000,2025-11-24T09:12:06.000,Street Light Out,Closed,Shivamogga,13.932056,75.546554
61791282,2025-11-14T04:46:00.000,2025-11-19T12:48:00.000,Street Light Out,Closed,Shivamogga,13.953641,75.559603
61791326,2025-11-14T05:39:00.000,2025-11-15T13:23:57.000,Street Light Out,Closed,Mangaluru,12.917034,74.886768
61791393,2025-11-14T06:14:00.000,2025-11-27T11:42:00.000,Street Light Out,Closed,Belagavi,15.846033,74.551339
61791445,2025-11-14T06:28:00.000,2025-11-17T10:30:52.000,Street Light Out,Closed,Hubballi,15.348821,75.132832
61791554,2025-11-14T07:29:00.000,2025-11-17T08:29:41.000,Street Light Dim,Closed,Bengaluru,12.990217,77.572048
61791826,2025-11-14T08:44:00.000,2025-11-23T17:20:00.000,Street Light Out,Closed,Hubballi,15.349172,75.114654
61791965,2025-11-14T09:30:00.000,2025-11-19T08:38:00.000,Street Light Out,Closed,Mysuru,12.294597,76.666568
61792152,2025-11-14T10:07:00.000,2025-11-19T14:59:00.000,Street Light Out,Closed,Tumakuru,13.318563,77.122148
61792242,2025-11-14T10:22:00.000,2025-12-07T18:01:00.000,Street Light Out,Closed,Mangaluru,12.881421,74.838989
61792629,2025-11-14T10:25:00.000,2025-11-16T18:41:00.000,Street Light Out,Closed,Tumakuru,13.341427,77.107398
61792822,2025-11-14T12:13:00.000,2025-11-17T11:33:00.000,Street Light Out,Closed,Shivamogga,13.918308,75.560344
61792975,2025-11-14T12:18:00.000,2025-11-16T12:54:00.000,Street Light Out,Closed,Belagavi,15.845047,74.55725
61793310,2025-11-14T15:29:00.000,2025-11-22T15:05:33.000,Street Light Out,Closed,Mysuru,12.343475,76.658958
61793320,2025-11-14T16:45:00.000,,Street Light Out,In Progress,Mangaluru,12.916691,74.846814
61793403,2025-11-14T18:26:00.000,2025-11-17T15:42:24.000,Street Light Out,Closed,Mangaluru,12.874412,74.853685
61794314,2025-11-14T18:28:00.000,2025-11-17T12:19:00.000,Street Light Cycling,Closed,Mangaluru,12.898265,74.890111
61794368,2025-11-14T18:42:00.000,2025-11-16T13:45:00.000,Street Light Out,Closed,Bengaluru,12.904241,77.599006
61794375,2025-11-14T19:41:00.000,2025-11-20T10:24:06.000,Street Light Out,Closed,Hubballi,15.364464,75.124118
61794658,2025-11-14T19:55:00.000,2025-11-18T09:03:00.000,Street Light Out,Closed,Mangaluru,12.91937,74.853241
61794674,2025-11-14T20:27:00.000,2025-11-18T16:50:48.000,Street Light Out,Closed,Hubballi,15.356514,75.094388
61794698,2025-11-14T21:00:00.000,2025-11-28T14:29:31.000,Street Light Out,Closed,Bengaluru,12.976998,77.617897
61794833,2025-11-14T21:24:00.000,2025-11-19T09:51:00.000,Street Light Out,Closed,Bengaluru,12.964547,77.593413
61794896,2025-11-14T21:46:00.000,2025-11-22T11:46:00.000,Street Light Out,Closed,Mysuru,12.299521,76.68557
61795039,2025-11-14T21:54:00.000,2025-12-14T15:08:00.000,Street Light Out,Closed,Bengaluru,12.93732,77.526266
61795382,2025-11-14T22:59:00.000,2025-11-18T18:34:15.000,Street Light Out,Closed,Belagavi,15.871797,74.492222
61795430,2025-11-15T06:43:00.000,2025-11-16T13:57:06.000,Street Light Out,Closed,Hubballi,15.352262,75.123578
61795705,2025-11-15T08:52:00.000,2025-11-26T17:08:39.000,Street Light Out,Closed,Mangaluru,12.863053,74.850764
61795837,2025-11-15T09:16:00.000,2025-12-07T09:12:00.000,Lamppost Damaged,Closed,Belagavi,15.859062,74.476253
61796318,2025-11-15T10:13:00.000,2025-11-19T17:04:03.000,Street Light Out,Closed,Mangaluru,12.89023,74.853705
61796448,2025-11-15T10:26:00.000,,Street Light Out,Open,Mangaluru,12.870629,74.893578
61796716,2025-11-15T11:32:00.000,2025-11-22T14:25:00.000,Street Light Out,Closed,Mangaluru,12.880551,74.85688
61796827,2025-11-15T14:22:00.000,2025-11-16T13:25:00.000,Street Light Out,Closed,Bengaluru,12.978503,77.623615
61796897,2025-11-15T14:49:00.000,2025-11-17T12:40:47.000,Street Light Out,Closed,Mangaluru,12.878763,74.846162
61796997,2025-11-15T15:29:00.000,2025-11-30T09:20:22.000,Street Light Out,Closed,Bengaluru,13.016601,77.615468
61797233,2025-11-15T16:49:00.000,2025-11-23T15:43:05.000,Street Light Out,Closed,Hubballi,15.356047,75.149801
61797276,2025-11-15T17:38:00.000,2025-11-17T10:18:11.000,Street Light Out,Closed,Mangaluru,12.878101,74.851372
61797424,2025-11-15T18:42:00.000,2025-11-20T09:58:51.000,Street Light Out,Closed,Bengaluru,13.016183,77.519732
61797518,2025-11-15T19:18:00.000,2025-11-20T11:59:00.000,Street Light Out,Closed,Hubballi,15.354802,75.131848
61797673,2025-11-15T19:58:00.000,2025-11-19T09:28:24.000,Street Light Out,Closed,Mangaluru,12.885958,74.850867
61797681,2025-11-15T21:13:00.000,2025-11-20T15:43:35.000,Street Light Dim,Closed,Belagavi,15.846841,74.553095
61797715,2025-11-15T22:34:00.000,,Street Light Out,Open,Mangaluru,12.872625,74.868602
61797797,2025-11-15T22:40:00.000,2025-11-19T17:20:55.000,Street Light Out,Closed,Mysuru,12.302141,76.629232
61798049,2025-11-16T02:34:00.000,2025-11-19T15:46:54.000,Street Light Dayburning,Closed,Bengaluru,12.98984,77.582918
61798389,2025-11-16T05:29:00.000,2025-11-28T12:51:00.000,Street Light Out,Closed,Mysuru,12.333737,76.642721
61798437,2025-11-16T05:32:00.000,2025-11-18T15:18:00.000,Street Light Out,Closed,Tumakuru,13.340319,77.128058
61798462,2025-11-16T06:18:00.000,2025-11-22T18:32:00.000,Street Light Out,Closed,Shivamogga,13.920844,75.56654
61798603,2025-11-16T07:43:00.000,2025-12-11T11:23:00.000,Street Light Dayburning,Closed,Bengaluru,12.979264,77.560601
61798618,2025-11-16T07:51:00.000,2025-11-20T08:03:35.000,Street Light Out,Closed,Mysuru,12.238666,76.643254
61798631,2025-11-16T08:46:00.000,2025-11-27T09:52:46.000,Street Light Out,Closed,Mangaluru,12.872884,74.843653
61798715,2025-11-16T08:52:00.000,2025-11-20T10:57:22.000,Street Light Out,Closed,Tumakuru,13.339195,77.081562
61799285,2025-11-16T10:23:00.000,2025-11-23T16:31:00.000,Street Light Out,Closed,Mangaluru,12.90059,74.847024
61799325,2025-11-16T12:42:00.000,2025-11-18T15:32:54.000,Street Light Out,Closed,Mysuru,12.257781,76.656699
61799597,2025-11-16T16:34:00.000,2025-11-25T11:38:00.000,Street Light Out,Closed,Mangaluru,12.893005,74.855206
61799602,2025-11-16T18:05:00.000,2025-11-19T14:53:25.000,Street Light Out,Closed,Hubballi,15.342244,75.126875
61799764,2025-11-16T18:55:00.000,2025-11-21T12:49:49.000,Street Light Out,Closed,Mangaluru,12.869248,74.857566
61799915,2025-11-16T19:49:00.000,2025-11-19T15:59:00.000,Street Light Out,Closed,Bengaluru,12.983878,77.567474
61799992,2025-11-16T21:15:00.000,2025-11-19T16:50:00.000,Street Light Out,Closed,Bengaluru,13.000711,77.631923
61800024,2025-11-16T22:10:00.000,2025-11-21T10:46:00.000,Street Light Out,Closed,Tumakuru,13.337251,77.129442
61800122,2025-11-16T22:24:00.000,2025-11-21T08:01:01.000,Street Light Out,Closed,Mangaluru,12.894737,74.853516
61800188,2025-11-16T22:36:00.000,2025-12-18T10:15:00.000,Street Light Out,Closed,Hubballi,15.346733,75.130012
61800405,2025-11-16T23:07:00.000,2025-11-27T12:19:00.000,Street Light Dayburning,Closed,Bengaluru,12.950495,77.575722
61800594,2025-11-16T23:34:00.000,2025-11-18T09:12:33.000,Street Light Out,Closed,Shivamogga,13.923088,75.582213
61800661,2025-11-17T00:25:00.000,2025-11-19T14:57:49.000,Street Light Dim,Closed,Shivamogga,13.939564,75.567947
61800802,2025-11-17T00:42:00.000,2025-12-25T15:28:00.000,Street Light Out,Closed,Bengaluru,12.974645,77.576974
61800838,2025-11-17T06:34:00.000,2025-12-07T18:36:00.000,Street Light Out,Closed,Mysuru,12.339093,76.62922
61800968,2025-11-17T09:27:00.000,2025-12-28T17:20:00.000,Street Light Out,Closed,Mangaluru,12.874924,74.863975
61801003,2025-11-17T10:32:00.000,2025-11-21T17:26:00.000,Street Light Out,Closed,Belagavi,15.888414,74.501025
61801031,2025-11-17T19:56:00.000,2025-11-20T14:53:00.000,Street Light Cycling,Closed,Mangaluru,12.866771,74.851241
61801074,2025-11-17T20:07:00.000,2025-11-19T16:06:00.000,Street Light Out,Closed,Mangaluru,12.906991,74.849747
61801445,2025-11-17T20:26:00.000,2025-11-19T08:10:00.000,Street Light Out,Closed,Mangaluru,12.873993,74.853251
61801450,2025-11-17T21:02:00.000,2025-11-22T11:18:00.000,Street Light Out,Closed,Shivamogga,13.920969,75.555168
61801492,2025-11-17T21:16:00.000,2025-11-19T15:27:00.000,Lamppost Damaged,Closed,Mangaluru,12.898984,74.840314
61801671,2025-11-17T21:17:00.000,2025-11-22T18:12:00.000,Street Light Out,Closed,Belagavi,15.883304,74.504535
61801775,2025-11-17T22:49:00.000,2025-11-26T10:07:00.000,Street Light Out,Closed,Mysuru,12.277379,76.658839
61801823,2025-11-17T23:09:00.000,2025-11-19T16:49:55.000,Street Light Out,Closed,Mysuru,12.293522,76.65179
61801918,2025-11-18T00:02:00.000,2025-11-21T12:58:35.000,Street Light Out,Closed,Bengaluru,12.973598,77.576806
61802014,2025-11-18T00:05:00.000,2025-11-21T10:11:00.000,Street Light Cycling,Closed,Belagavi,15.886425,74.499848
61802125,2025-11-18T01:14:00.000,2025-11-21T13:45:21.000,Street Light Out,Closed,Mangaluru,12.90033,74.860674
61802521,2025-11-18T06:42:00.000,2025-11-30T09:59:00.000,Street Light Out,Closed,Shivamogga,13.910298,75.557319
61802624,2025-11-18T09:48:00.000,2025-11-20T15:54:00.000,Street Light Out,Closed,Mangaluru,12.867352,74.889112
61802725,2025-11-18T10:54:00.000,2025-11-22T18:18:00.000,Street Light Out,Closed,Mysuru,12.329421,76.636983
61803226,2025-11-18T11:38:00.000,2025-11-29T09:30:00.000,Street Light Out,Closed,Shivamogga,13.913431,75.56297
61803272,2025-11-18T12:26:00.000,2025-12-01T12:43:00.000,Street Light Out,Closed,Hubballi,15.343305,75.133528
61803458,2025-11-18T13:16:00.000,2025-11-24T11:13:00.000,Street Light Out,Closed,Shivamogga,13.911422,75.576048
61803772,2025-11-18T18:12:00.000,2025-11-30T11:07:12.000,Street Light Out,Closed,Mangaluru,12.890653,74.885684
61803915,2025-11-18T19:09:00.000,2025-11-26T09:48:00.000,Street Light Dayburning,Closed,Shivamogga,13.906721,75.556057
61804173,2025-11-18T19:32:00.000,2025-11-27T11:25:00.000,Street Light Out,Closed,Belagavi,15.84979,74.513377
61804178,2025-11-18T19:54:00.000,2025-11-23T09:28:00.000,Street Light Out,Closed,Bengaluru,12.933741,77.480545
61804212,2025-11-18T21:04:00.000,2025-11-20T14:25:00.000,Street Light Out,Closed,Mangaluru,12.914426,74.854773
61804252,2025-11-18T21:56:00.000,2025-11-20T14:54:43.000,Street Light Out,Closed,Bengaluru,12.950261,77.537374
61804420,2025-11-18T23:59:00.000,2025-11-28T09:40:55.000,Street Light Out,Closed,Mangaluru,12.874212,74.844018
61804860,2025-11-19T00:54:00.000,2025-11-24T10:33:00.000,Street Light Out,Closed,Bengaluru,12.853577,77.49864
61804976,2025-11-19T00:59:00.000,2025-11-22T12:22:48.000,Street Light Out,Closed,Bengaluru,12.976995,77.576059
61805220,2025-11-19T05:25:00.000,2025-11-22T13:34:08.000,Street Light Out,Closed,Mysuru,12.342969,76.654078
61805320,2025-11-19T08:31:00.000,2025-11-21T13:37:51.000,Street Light Out,Closed,Mangaluru,12.878817,74.845293
61805404,2025-11-19T10:17:00.000,2025-11-23T09:30:00.000,Street Light Out,Closed,Mangaluru,12.875966,74.874402
61805408,2025-11-19T11:02:00.000,2025-11-21T10:51:00.000,Street Light Cycling,Closed,Mangaluru,12.873335,74.850485
61805420,2025-11-19T11:04:00.000,2025-11-23T15:58:00.000,Street Light Dayburning,Closed,Belagavi,15.866633,74.499934
61805496,2025-11-19T14:15:00.000,2025-11-25T17:49:16.000,Street Light Out,Closed,Hubballi,15.420472,75.136203
61805544,2025-11-19T18:19:00.000,2025-11-24T09:29:00.000,Street Light Out,Closed,Belagavi,15.848325,74.556301
61805864,2025-11-19T20:57:00.000,2025-12-06T13:41:00.000,Street Light Cycling,Closed,Shivamogga,13.9326,75.575463
61805951,2025-11-19T21:00:00.000,,Street Light Out,In Progress,Shivamogga,13.927548,75.555005
61806039,2025-11-19T21:17:00.000,2025-11-21T10:42:37.000,Street Light Out,Closed,Mangaluru,12.880829,74.845793
61806160,2025-11-19T22:06:00.000,2025-11-24T13:51:00.000,Street Light Out,Closed,Shivamogga,13.930143,75.567553
61806174,2025-11-19T23:23:00.000,2025-11-25T10:18:00.000,Street Light Out,Closed,Hubballi,15.362769,75.13856
61806450,2025-11-20T00:28:00.000,2025-11-23T16:08:07.000,Street Light Cycling,Closed,Hubballi,15.341807,75.120354
61806935,2025-11-20T02:15:00.000,2025-11-27T09:17:00.000,Street Light Out,Closed,Bengaluru,12.9695,77.495625
61806946,2025-11-20T04:57:00.000,2025-11-22T08:11:00.000,Street Light Out,Closed,Bengaluru,12.97217,77.629765
61807166,2025-11-20T05:17:00.000,2025-11-21T11:22:34.000,Street Light Out,Closed,Mangaluru,12.893301,74.849452
61807187,2025-11-20T05:53:00.000,2025-11-21T11:04:26.000,Street Light Out,Closed,Mysuru,12.31606,76.643417
61807542,2025-11-20T10:04:00.000,2025-11-29T10:52:00.000,Street Light Out,Closed,Hubballi,15.341496,75.14221
61807594,2025-11-20T10:11:00.000,2025-11-28T12:13:00.000,Street Light Out,Closed,Hubballi,15.363599,75.153543
61807599,2025-11-20T10:18:00.000,2025-11-25T08:26:00.000,Street Light Out,Closed,Bengaluru,12.982239,77.588095
61807622,2025-11-20T10:30:00.000,2025-11-28T17:40:24.000,Street Light Out,Closed,Hubballi,15.371815,75.146786
61807952,2025-11-20T17:30:00.000,2025-12-08T09:22:00.000,Street Light Out,Closed,Mangaluru,12.902232,74.886492
61808061,2025-11-20T18:49:00.000,2025-11-25T09:31:00.000,Street Light Out,Closed,Belagavi,15.844365,74.515801
61808126,2025-11-20T18:53:00.000,2025-12-09T13:14:00.000,Street Light Out,Closed,Mangaluru,12.924944,74.87284
61808148,2025-11-20T19:06:00.000,2025-11-21T10:42:49.000,Street Light Out,Closed,Bengaluru,13.020562,77.601996
61808190,2025-11-20T19:44:00.000,2025-11-28T16:08:00.000,Street Light Out,Closed,Mangaluru,12.88199,74.885948
61808215,2025-11-20T19:46:00.000,,Street Light Out,Open,Bengaluru,13.024492,77.514533
61808298,2025-11-20T20:28:00.000,2025-12-11T08:30:13.000,Street Light Out,Closed,Mangaluru,12.903473,74.879712
61808439,2025-11-20T20:28:00.000,2025-11-29T16:22:57.000,Street Light Out,Closed,Hubballi,15.35793,75.165344
61808616,2025-11-20T22:37:00.000,2025-11-22T11:33:18.000,Street Light Out,Closed,Bengaluru,12.9748,77.493602
61808625,2025-11-21T03:03:00.000,2025-11-21T18:47:40.000,Street Light Out,Closed,Mangaluru,12.872938,74.842765
61808634,2025-11-21T03:54:00.000,2025-11-27T11:55:00.000,Street Light Out,Closed,Shivamogga,13.922629,75.554278
61808969,2025-11-21T07:23:00.000,2025-11-27T13:05:00.000,Street Light Out,Closed,Mangaluru,12.898164,74.890113
61809043,2025-11-21T08:41:00.000,2025-11-25T10:28:24.000,Street Light Out,Closed,Mysuru,12.309088,76.656503
61809049,2025-11-21T09:08:00.000,,Street Light Dayburning,Open,Belagavi,15.841184,74.551517
61809050,2025-11-21T09:45:00.000,2025-11-27T10:23:00.000,Street Light Out,Closed,Mangaluru,12.872801,74.851933
61809178,2025-11-21T10:32:00.000,2025-11-23T15:54:28.000,Street Light Out,Closed,Bengaluru,12.985687,77.606453
61809498,2025-11-21T11:31:00.000,2025-11-30T14:20:00.000,Street Light Out,Closed,Shivamogga,13.922438,75.56859
61809507,2025-11-21T11:33:00.000,2025-11-23T18:55:00.000,Street Light Out,Closed,Hubballi,15.352479,75.11533
61809519,2025-11-21T11:44:00.000,2025-11-24T18:19:33.000,Street Light Dayburning,Closed,Hubballi,15.365079,75.139273
61809558,2025-11-21T11:59:00.000,,Street Light Out,In Progress,Mangaluru,12.872092,74.851638
61809716,2025-11-21T12:24:00.000,2025-11-24T10:32:39.000,Street Light Out,Closed,Tumakuru,13.339573,77.109856
61810103,2025-11-21T15:26:00.000,2025-11-22T08:54:21.000,Street Light Out,Closed,Mangaluru,12.917557,74.846672
61810234,2025-11-21T17:55:00.000,2025-12-06T13:21:00.000,Street Light Dayburning,Closed,Mangaluru,12.815581,74.849398
61810552,2025-11-21T19:12:00.000,2025-11-24T08:44:00.000,Street Light Out,Closed,Belagavi,15.844006,74.556202
61810644,2025-11-21T20:30:00.000,2025-12-01T17:42:00.000,Street Light Out,Closed,Belagavi,15.855926,74.513824
61811229,2025-11-21T20:37:00.000,2025-11-25T09:30:10.000,Street Light Out,Closed,Tumakuru,13.344488,77.096203
61811464,2025-11-21T20:42:00.000,2025-11-22T18:21:28.000,Street Light Out,Closed,Mysuru,12.294594,76.666448
61811490,2025-11-21T21:33:00.000,2025-11-25T10:29:08.000,Street Light Out,Closed,Mangaluru,12.917093,74.886751
61811613,2025-11-21T21:39:00.000,2025-11-28T12:07:26.000,Street Light Out,Closed,Bengaluru,12.933858,77.531384
61811680,2025-11-21T22:16:00.000,2025-11-25T08:43:00.000,Street Light Out,Closed,Bengaluru,12.972536,77.59977
61811710,2025-11-21T22:21:00.000,2025-11-27T08:19:00.000,Lamppost Damaged,Closed,Belagavi,15.848348,74.509842
61811885,2025-11-21T23:27:00.000,2025-11-27T10:47:16.000,Street Light Out,Closed,Bengaluru,12.972703,77.590432
61812037,2025-11-22T00:58:00.000,2025-12-07T15:53:44.000,Street Light Out,Closed,Hubballi,15.349742,75.126015
61812077,2025-11-22T07:18:00.000,2025-12-08T17:51:00.000,Street Light Out,Closed,Hubballi,15.352312,75.12359
61812185,2025-11-22T07:58:00.000,2025-12-05T08:31:00.000,Street Light Out,Closed,Tumakuru,13.33894,77.121278
61812493,2025-11-22T08:27:00.000,2025-12-01T14:51:00.000,Street Light Out,Closed,Bengaluru,12.970192,77.584447
61813218,2025-11-22T08:53:00.000,2025-11-30T08:50:00.000,Street Light Out,Closed,Mangaluru,12.885957,74.847388
61813978,2025-11-22T09:39:00.000,2025-11-28T15:02:45.000,Street Light Out,Closed,Mangaluru,12.87994,74.868027
61814153,2025-11-22T09:39:00.000,2025-11-27T08:18:00.000,Street Light Out,Closed,Mysuru,12.291993,76.672978
61814225,2025-11-22T11:28:00.000,2025-12-12T11:48:45.000,Street Light Out,Closed,Shivamogga,13.926116,75.574692
61814386,2025-11-22T11:57:00.000,2025-11-25T08:05:00.000,Street Light Out,Closed,Mangaluru,12.89395,74.848604
61814413,2025-11-22T12:08:00.000,2025-11-28T15:24:00.000,Street Light Out,Closed,Bengaluru,12.994625,77.579112
61814418,2025-11-22T13:30:00.000,2025-11-27T10:07:37.000,Street Light Out,Closed,Shivamogga,13.916579,75.577373
61814428,2025-11-22T14:46:00.000,,Street Light Dim,Open,Hubballi,15.355346,75.111623
61814596,2025-11-22T15:20:00.000,2025-12-01T08:01:03.000,Street Light Out,Closed,Bengaluru,12.931706,77.676705
61814868,2025-11-22T17:01:00.000,2025-11-24T18:48:00.000,Street Light Out,Closed,Mysuru,12.304272,76.663387
61814886,2025-11-22T20:08:00.000,2025-11-26T10:22:00.000,Street Light Out,Closed,Hubballi,15.341942,75.111934
61814989,2025-11-22T21:39:00.000,2025-11-25T13:58:00.000,Street Light Out,Closed,Mangaluru,12.896288,74.869919
61815071,2025-11-22T22:21:00.000,2025-11-26T16:34:00.000,Street Light Out,Closed,Tumakuru,13.345948,77.090805
61815192,2025-11-22T23:08:00.000,2025-11-27T10:22:00.000,Street Light Out,Closed,Bengaluru,13.043692,77.557276
61815212,2025-11-22T23:15:00.000,2025-11-24T15:03:00.000,Lamppost Damaged,Closed,Bengaluru,12.984634,77.595484
61815445,2025-11-22T23:42:00.000,2025-11-27T13:33:00.000,Street Light Out,Closed,Shivamogga,13.923603,75.542583
61815579,2025-11-23T05:15:00.000,2025-11-25T16:11:58.000,Street Light Out,Closed,Tumakuru,13.342272,77.108826
61815606,2025-11-23T05:22:00.000,2025-12-12T09:27:25.000,Street Light Out,Closed,Belagavi,15.859821,74.47322
61815696,2025-11-23T06:44:00.000,2025-11-28T09:55:12.000,Street Light Out,Closed,Shivamogga,13.907048,75.552142
61815826,2025-11-23T07:58:00.000,2025-12-24T14:33:00.000,Street Light Out,Closed,Belagavi,15.847763,74.554913
61815856,2025-11-23T08:23:00.000,2025-11-27T10:35:07.000,Street Light Out,Closed,Belagavi,15.823405,74.485098
61816090,2025-11-23T09:14:00.000,2025-11-29T17:15:56.000,Street Light Out,Closed,Bengaluru,13.025249,77.668978
61816174,2025-11-23T12:32:00.000,2025-11-24T14:02:01.000,Street Light Out,Closed,Belagavi,15.849725,74.508589
61816306,2025-11-23T12:44:00.000,2025-11-30T11:15:38.000,Street Light Cycling,Closed,Mangaluru,12.928112,74.878014
61816314,2025-11-23T16:25:00.000,2025-11-26T10:23:00.000,Street Light Out,Closed,Hubballi,15.347876,75.109861
61816416,2025-11-23T17:42:00.000,,Street Light Out,In Progress,Bengaluru,13.054661,77.545223
61816460,2025-11-23T18:21:00.000,2025-12-07T11:58:00.000,Street Light Out,Closed,Mangaluru,12.926259,74.872158
61816798,2025-11-23T19:15:00.000,2025-11-25T12:17:27.000,Street Light Out,Closed,Bengaluru,13.006141,77.526719
61816870,2025-11-23T20:23:00.000,2025-11-26T15:10:43.000,Street Light Out,Closed,Bengaluru,12.983892,77.567558
61816918,2025-11-23T21:45:00.000,2025-11-30T08:56:56.000,Street Light Out,Closed,Shivamogga,13.923284,75.54465
61816995,2025-11-23T22:55:00.000,2025-11-27T14:12:47.000,Street Light Out,Closed,Belagavi,15.858014,74.507223
61817089,2025-11-24T06:17:00.000,2025-12-03T15:54:00.000,Lamppost Damaged,Closed,Shivamogga,13.92155,75.550707
61817090,2025-11-24T10:44:00.000,2025-12-06T18:54:56.000,Street Light Out,Closed,Mangaluru,12.864591,74.883371
61817282,2025-11-24T12:49:00.000,2025-11-25T09:43:52.000,Street Light Dayburning,Closed,Hubballi,15.352132,75.110379
61817617,2025-11-24T13:25:00.000,2025-11-30T16:09:00.000,Street Light Out,Closed,Mangaluru,12.874465,74.853755
61817727,2025-11-24T15:11:00.000,2025-12-12T13:42:45.000,Street Light Out,Closed,Shivamogga,13.92872,75.559501
61817747,2025-11-24T16:53:00.000,2025-11-27T15:43:00.000,Street Light Out,Closed,Mangaluru,12.866767,74.851235
61817785,2025-11-24T17:47:00.000,2025-11-30T11:59:39.000,Street Light Out,Closed,Tumakuru,13.339744,77.113867
61817872,2025-11-24T22:27:00.000,2025-11-30T09:00:00.000,Street Light Cycling,Closed,Mangaluru,12.892909,74.849024
61817884,2025-11-24T22:53:00.000,2025-12-15T14:17:00.000,Street Light Out,Closed,Tumakuru,13.341548,77.10646
61818161,2025-11-25T09:40:00.000,2025-11-29T09:48:09.000,Street Light Out,Closed,Mysuru,12.322897,76.632328
61818224,2025-11-25T09:58:00.000,2025-11-29T18:36:47.000,Street Light Dim,Closed,Tumakuru,13.35397,77.101515
61818229,2025-11-25T10:52:00.000,2025-12-18T09:45:00.000,Street Light Out,Closed,Mysuru,12.257746,76.658322
61818312,2025-11-25T11:35:00.000,2025-11-26T15:30:32.000,Street Light Out,Closed,Hubballi,15.348277,75.129259
61818362,2025-11-25T13:03:00.000,2025-11-29T12:31:14.000,Street Light Dayburning,Closed,Belagavi,15.879393,74.522523
61818547,2025-11-25T19:12:00.000,2025-12-07T11:40:51.000,Street Light Dayburning,Closed,Bengaluru,12.942153,77.685779
61818828,2025-11-25T19:19:00.000,2025-11-26T15:16:08.000,Street Light Out,Closed,Mangaluru,12.869949,74.850087
61819087,2025-11-25T19:44:00.000,2025-12-03T10:30:07.000,Street Light Out,Closed,Mangaluru,12.893285,74.849405
61819312,2025-11-25T20:14:00.000,2025-11-27T08:35:00.000,Street Light Out,Closed,Belagavi,15.851001,74.492587
61819350,2025-11-25T20:14:00.000,2025-12-03T18:55:36.000,Street Light Out,Closed,Mangaluru,12.920714,74.88624
61819419,2025-11-25T20:17:00.000,2025-12-01T13:50:00.000,Street Light Out,Closed,Hubballi,15.351841,75.160276
61819497,2025-11-25T20:31:00.000,2025-11-29T16:23:04.000,Street Light Out,Closed,Mangaluru,12.88054,74.856868
61819632,2025-11-25T21:02:00.000,2025-12-18T09:07:00.000,Street Light Out,Closed,Bengaluru,12.955515,77.606096
61819930,2025-11-25T21:51:00.000,2025-12-29T16:24:00.000,Street Light Out,Closed,Belagavi,15.846897,74.554431
61819938,2025-11-26T00:21:00.000,2025-12-11T08:41:45.000,Street Light Out,Closed,Shivamogga,13.961428,75.570061
61819991,2025-11-26T02:52:00.000,2025-12-03T17:54:00.000,Street Light Out,Closed,Shivamogga,13.917851,75.56173
61820098,2025-11-26T07:36:00.000,2025-12-04T14:01:00.000,Street Light Out,Closed,Hubballi,15.356562,75.147255
61820245,2025-11-26T08:58:00.000,2025-11-28T18:26:00.000,Street Light Out,Closed,Mangaluru,12.892889,74.855663
61820270,2025-11-26T09:03:00.000,,Street Light Out,Open,Belagavi,15.857318,74.505068
61820297,2025-11-26T09:20:00.000,2025-12-02T18:15:00.000,Street Light Out,Closed,Mysuru,12.332459,76.644025
61820463,2025-11-26T10:13:00.000,2025-12-02T15:08:00.000,Street Light Out,Closed,Mysuru,12.307609,76.632587
61820542,2025-11-26T14:35:00.000,2025-12-22T09:27:02.000,Street Light Out,Closed,Tumakuru,13.335233,77.068955
61820681,2025-11-26T19:33:00.000,2025-12-26T14:50:41.000,Street Light Out,Closed,Hubballi,15.403383,75.136143
61820713,2025-11-26T19:46:00.000,2025-12-03T13:36:13.000,Street Light Out,Closed,Bengaluru,12.968988,77.524773
61820745,2025-11-26T20:06:00.000,2025-11-29T09:53:00.000,Street Light Out,Closed,Bengaluru,12.965931,77.618476
61820905,2025-11-26T20:46:00.000,2025-12-03T15:49:24.000,Street Light Out,Closed,Mangaluru,12.887181,74.852499
61821026,2025-11-26T21:05:00.000,2025-11-28T16:39:28.000,Street Light Out,Closed,Mangaluru,12.881147,74.863463
61821117,2025-11-26T21:32:00.000,2025-11-29T16:32:45.000,Street Light Out,Closed,Mangaluru,12.881697,74.854686
61821204,2025-11-26T21:45:00.000,2025-12-04T14:11:21.000,Street Light Out,Closed,Shivamogga,13.919398,75.559305
61821219,2025-11-26T23:02:00.000,2025-12-03T09:00:00.000,Street Light Out,Closed,Mangaluru,12.904586,74.912598
61821345,2025-11-27T06:45:00.000,,Street Light Out,Open,Belagavi,15.882147,74.500094
61821466,2025-11-27T08:47:00.000,2025-12-08T11:30:00.000,Street Light Out,Closed,Mangaluru,12.87874,74.846123
61821532,2025-11-27T09:06:00.000,2025-12-01T10:54:00.000,Street Light Out,Closed,Bengaluru,12.984142,77.601325
61821549,2025-11-27T09:54:00.000,2025-11-29T13:28:00.000,Street Light Out,Closed,Mangaluru,12.873931,74.855362
61821578,2025-11-27T09:54:00.000,2025-11-28T15:51:21.000,Street Light Out,Closed,Mangaluru,12.895724,74.847341
61821585,2025-11-27T10:24:00.000,2025-11-29T15:36:00.000,Street Light Out,Closed,Bengaluru,13.028825,77.52585
61821874,2025-11-27T10:30:00.000,2025-12-15T15:25:00.000,Street Light Out,Closed,Hubballi,15.413543,75.17935
61821928,2025-11-27T11:37:00.000,2025-11-29T13:19:00.000,Street Light Out,Closed,Mysuru,12.299054,76.663049
61821948,2025-11-27T16:15:00.000,2025-12-15T12:47:56.000,Street Light Out,Closed,Bengaluru,12.977773,77.568904
61822160,2025-11-27T16:19:00.000,2025-12-02T14:18:01.000,Street Light Out,Closed,Belagavi,15.849956,74.551561
61822474,2025-11-27T17:06:00.000,2025-12-03T14:00:00.000,Street Light Out,Closed,Mysuru,12.260908,76.655002
61822542,2025-11-27T18:24:00.000,2025-11-29T09:30:00.000,Street Light Out,Closed,Shivamogga,13.928935,75.546618
61822635,2025-11-27T18:27:00.000,2025-12-02T10:51:38.000,Street Light Out,Closed,Hubballi,15.352639,75.13161
61822918,2025-11-27T18:41:00.000,2025-11-29T11:01:02.000,Street Light Out,Closed,Mysuru,12.26094,76.655184
61822933,2025-11-27T18:56:00.000,2025-12-01T11:29:29.000,Street Light Out,Closed,Mangaluru,12.890114,74.843266
61822993,2025-11-27T19:09:00.000,2025-11-28T08:13:29.000,Street Light Out,Closed,Mysuru,12.297665,76.65233
61823016,2025-11-27T19:58:00.000,2025-12-03T17:29:19.000,Street Light Out,Closed,Bengaluru,12.996487,77.537861
61823390,2025-11-27T20:03:00.000,2025-12-06T17:58:00.000,Street Light Out,Closed,Mysuru,12.318579,76.707934
61823428,2025-11-27T22:07:00.000,2025-12-13T11:19:00.000,Street Light Out,Closed,Tumakuru,13.381424,77.106981
61823456,2025-11-27T22:32:00.000,2025-11-30T08:07:06.000,Street Light Out,Closed,Bengaluru,12.982178,77.599771
61823670,2025-11-27T23:56:00.000,2025-12-02T10:52:00.000,Street Light Out,Closed,Mangaluru,12.877377,74.847741
61823774,2025-11-28T00:49:00.000,2025-12-01T18:54:00.000,Lamppost Damaged,Closed,Bengaluru,12.978416,77.623541
61823930,2025-11-28T07:26:00.000,2025-11-29T09:47:00.000,Street Light Out,Closed,Mangaluru,12.90545,74.854864
61824950,2025-11-28T08:00:00.000,2025-11-30T11:52:41.000,Street Light Out,Closed,Mangaluru,12.921913,74.873307
61824986,2025-11-28T08:06:00.000,2025-12-03T12:35:00.000,Street Light Dayburning,Closed,Mangaluru,12.894754,74.859909
61825229,2025-11-28T09:58:00.000,2025-12-03T16:44:00.000,Lamppost Damaged,Closed,Belagavi,15.856493,74.504282
61825652,2025-11-28T11:09:00.000,2025-12-05T11:18:00.000,Street Light Out,Closed,Bengaluru,12.87934,77.507578
61825751,2025-11-28T12:07:00.000,2025-12-05T17:29:21.000,Street Light Out,Closed,Hubballi,15.350269,75.130047
61825860,2025-11-28T12:13:00.000,2025-12-08T11:30:50.000,Street Light Out,Closed,Bengaluru,12.940158,77.65121
61826219,2025-11-28T14:59:00.000,2025-12-08T14:54:59.000,Street Light Out,Closed,Shivamogga,13.920074,75.552547
61826244,2025-11-28T17:06:00.000,2025-12-02T10:29:31.000,Street Light Dim,Closed,Mysuru,12.312325,76.692142
61826408,2025-11-28T17:11:00.000,2025-12-06T13:58:14.000,Street Light Out,Closed,Belagavi,15.858988,74.516954
61826445,2025-11-28T18:19:00.000,2025-12-01T15:41:00.000,Street Light Out,Closed,Hubballi,15.357232,75.135908
61826459,2025-11-28T18:58:00.000,2025-12-02T17:59:00.000,Street Light Dim,Closed,Mangaluru,12.87869,74.84637
61826647,2025-11-28T19:56:00.000,2025-12-04T12:44:48.000,Street Light Out,Closed,Belagavi,15.860182,74.481623
61826936,2025-11-28T20:14:00.000,2025-12-02T11:29:00.000,Street Light Out,Closed,Mangaluru,12.888256,74.852359
61827338,2025-11-28T21:11:00.000,2025-12-06T16:11:00.000,Street Light Out,Closed,Belagavi,15.866538,74.499866
61827404,2025-11-28T21:51:00.000,2025-12-07T11:59:00.000,Street Light Out,Closed,Hubballi,15.366612,75.135605
61827537,2025-11-28T21:55:00.000,2025-12-04T10:46:00.000,Street Light Out,Closed,Bengaluru,12.982115,77.585026
61827676,2025-11-28T22:01:00.000,2025-11-30T18:52:30.000,Street Light Out,Closed,Bengaluru,12.946411,77.597104
61827953,2025-11-29T09:56:00.000,2025-12-02T09:10:20.000,Street Light Out,Closed,Belagavi,15.849144,74.491736
61828096,2025-11-29T10:27:00.000,2025-12-05T08:08:38.000,Street Light Out,Closed,Shivamogga,13.944008,75.549586
61828178,2025-11-29T17:34:00.000,2025-12-09T12:43:00.000,Street Light Out,Closed,Shivamogga,13.920213,75.565571
61828192,2025-11-29T18:49:00.000,2025-12-12T11:30:00.000,Street Light Out,Closed,Mysuru,12.256545,76.654513
61828193,2025-11-29T18:58:00.000,2025-12-03T15:38:00.000,Street Light Dim,Closed,Hubballi,15.347741,75.128915
61828289,2025-11-29T19:51:00.000,2025-12-11T18:06:24.000,Street Light Dayburning,Closed,Belagavi,15.834969,74.52996
61828406,2025-11-29T22:05:00.000,2025-12-05T14:35:56.000,Lamppost Damaged,Closed,Hubballi,15.374633,75.139549
61828547,2025-11-29T22:29:00.000,2025-12-07T15:10:59.000,Street Light Out,Closed,Mysuru,12.351849,76.652603
61828605,2025-11-29T22:31:00.000,2025-12-02T11:03:00.000,Street Light Out,Closed,Mangaluru,12.876237,74.875488
61829567,2025-11-30T00:26:00.000,2025-12-06T18:15:00.000,Street Light Out,Closed,Bengaluru,12.855336,77.490301
61829646,2025-11-30T00:42:00.000,2025-12-02T13:39:00.000,Street Light Out,Closed,Mangaluru,12.891559,74.852767
61829655,2025-11-30T04:47:00.000,2025-12-10T08:45:00.000,Street Light Out,Closed,Shivamogga,13.926288,75.554621
61829681,2025-11-30T08:39:00.000,2025-12-02T09:43:25.000,Street Light Out,Closed,Bengaluru,12.940557,77.601296
61829692,2025-11-30T09:04:00.000,2025-12-01T09:17:00.000,Street Light Out,Closed,Tumakuru,13.336198,77.080971
61829832,2025-11-30T09:57:00.000,2025-12-02T17:09:00.000,Street Light Cycling,Closed,Bengaluru,12.984731,77.595231
61829851,2025-11-30T14:22:00.000,2025-12-04T11:44:35.000,Street Light Out,Closed,Tumakuru,13.340911,77.104316
61829911,2025-11-30T16:30:00.000,2025-12-05T13:14:00.000,Street Light Out,Closed,Mangaluru,12.891756,74.84949
61829971,2025-11-30T17:45:00.000,2025-12-04T17:44:00.000,Street Light Out,Closed,Bengaluru,12.951879,77.601179
61830070,2025-11-30T18:12:00.000,2025-12-06T15:03:00.000,Street Light Out,Closed,Bengaluru,12.988272,77.593669
61830194,2025-11-30T19:20:00.000,2025-12-01T09:54:00.000,Street Light Out,Closed,Mangaluru,12.886718,74.844895
61830588,2025-11-30T19:33:00.000,2025-12-04T16:58:00.000,Street Light Out,Closed,Belagavi,15.848696,74.551619
61830667,2025-11-30T19:59:00.000,2025-12-07T15:00:00.000,Street Light Out,Closed,Hubballi,15.353992,75.117303
61831174,2025-11-30T20:31:00.000,2025-12-05T15:37:00.000,Street Light Out,Closed,Hubballi,15.349144,75.131319
61831185,2025-11-30T21:26:00.000,2025-12-07T17:27:00.000,Street Light Out,Closed,Shivamogga,13.911989,75.597504
61831190,2025-11-30T21:46:00.000,2025-12-13T14:10:00.000,Street Light Cycling,Closed,Tumakuru,13.33162,77.113522
61831250,2025-11-30T21:48:00.000,2025-12-02T16:51:34.000,Street Light Out,Closed,Belagavi,15.857775,74.512222
61831577,2025-11-30T23:38:00.000,2025-12-07T13:55:00.000,Street Light Out,Closed,Bengaluru,12.852045,77.497266
61831694,2025-11-30T23:56:00.000,2025-12-13T11:21:06.000,Street Light Out,Closed,Bengaluru,12.984988,77.586739
61831821,2025-12-01T04:21:00.000,2025-12-03T17:20:00.000,Street Light Out,Closed,Bengaluru,12.981992,77.593875
61832127,2025-12-01T06:31:00.000,2025-12-16T16:29:00.000,Street Light Out,Closed,Bengaluru,12.952411,77.60671
61832144,2025-12-01T07:31:00.000,2025-12-08T09:41:00.000,Street Light Out,Closed,Mangaluru,12.899653,74.847719
61832177,2025-12-01T09:04:00.000,2025-12-05T15:46:00.000,Street Light Out,Closed,Tumakuru,13.341557,77.1094
61832375,2025-12-01T09:48:00.000,2025-12-07T08:45:09.000,Street Light Out,Closed,Mangaluru,12.880243,74.841524
61832474,2025-12-01T10:04:00.000,2025-12-14T13:29:19.000,Street Light Dim,Closed,Bengaluru,13.029356,77.545279
61832552,2025-12-01T12:14:00.000,2025-12-04T08:27:56.000,Street Light Dayburning,Closed,Bengaluru,12.931801,77.590014
61832577,2025-12-01T15:39:00.000,2025-12-04T12:42:00.000,Street Light Out,Closed,Bengaluru,12.966497,77.597427
61832638,2025-12-01T19:04:00.000,2025-12-05T14:25:00.000,Street Light Out,Closed,Shivamogga,13.917084,75.574789
61832899,2025-12-01T19:17:00.000,2025-12-04T09:51:18.000,Street Light Out,Closed,Bengaluru,12.982011,77.622806
61832944,2025-12-01T19:21:00.000,2025-12-03T13:39:52.000,Street Light Out,Closed,Mangaluru,12.900276,74.84379
61832984,2025-12-01T19:23:00.000,2025-12-04T13:35:28.000,Street Light Out,Closed,Mangaluru,12.874107,74.852567
61833696,2025-12-01T20:29:00.000,2025-12-06T13:25:00.000,Street Light Out,Closed,Mangaluru,12.904872,74.849524
61833736,2025-12-01T22:29:00.000,2025-12-17T08:40:00.000,Street Light Out,Closed,Tumakuru,13.319889,77.116227
61833750,2025-12-01T22:32:00.000,2025-12-04T14:56:59.000,Street Light Out,Closed,Mysuru,12.284618,76.682078
61833777,2025-12-01T22:56:00.000,2025-12-08T14:35:25.000,Street Light Cycling,Closed,Bengaluru,12.999383,77.541674
61833859,2025-12-01T23:22:00.000,2025-12-25T08:46:00.000,Street Light Out,Closed,Bengaluru,13.078869,77.544862
61833993,2025-12-01T23:29:00.000,2025-12-05T10:42:00.000,Street Light Out,Closed,Mysuru,12.304393,76.670248
61834305,2025-12-01T23:45:00.000,2025-12-06T17:43:19.000,Street Light Out,Closed,Shivamogga,13.907077,75.552131
61834737,2025-12-02T04:32:00.000,2025-12-04T16:10:00.000,Street Light Out,Closed,Shivamogga,13.942247,75.546186
61834803,2025-12-02T07:52:00.000,2025-12-05T13:44:57.000,Street Light Out,Closed,Bengaluru,12.988086,77.636323
61835349,2025-12-02T08:14:00.000,2025-12-05T14:33:16.000,Street Light Out,Closed,Mysuru,12.29686,76.665403
61835441,2025-12-02T08:14:00.000,2025-12-05T14:14:00.000,Street Light Out,Closed,Belagavi,15.847895,74.50926
61835586,2025-12-02T08:17:00.000,,Street Light Out,Open,Belagavi,15.84405,74.496242
61835673,2025-12-02T08:20:00.000,2025-12-14T17:42:27.000,Street Light Out,Closed,Mangaluru,12.917464,74.850672
61835806,2025-12-02T09:31:00.000,2025-12-06T12:11:00.000,Street Light Out,Closed,Mangaluru,12.886099,74.865026
61836279,2025-12-02T10:29:00.000,2025-12-12T08:07:00.000,Street Light Out,Closed,Tumakuru,13.34405,77.109099
61836428,2025-12-02T10:54:00.000,2025-12-10T13:21:00.000,Street Light Out,Closed,Tumakuru,13.318862,77.119045
61836780,2025-12-02T12:45:00.000,2025-12-07T15:15:00.000,Street Light Out,Closed,Tumakuru,13.349102,77.083225
61836834,2025-12-02T14:27:00.000,2025-12-19T15:21:41.000,Street Light Out,Closed,Mangaluru,12.871317,74.854058
61836935,2025-12-02T17:29:00.000,2025-12-04T17:07:02.000,Street Light Out,Closed,Bengaluru,12.977671,77.587132
61836986,2025-12-02T18:31:00.000,2025-12-05T13:59:00.000,Street Light Out,Closed,Mangaluru,12.889525,74.846075
61837388,2025-12-02T19:42:00.000,2025-12-07T18:52:02.000,Street Light Out,Closed,Mangaluru,12.924092,74.872629
61837521,2025-12-02T20:19:00.000,2025-12-09T11:51:08.000,Street Light Out,Closed,Belagavi,15.814928,74.470927
61837662,2025-12-02T20:27:00.000,2025-12-19T17:03:18.000,Street Light Out,Closed,Bengaluru,12.978281,77.585191
61837820,2025-12-02T20:59:00.000,2025-12-04T10:59:00.000,Street Light Out,Closed,Belagavi,15.88651,74.497414
61837902,2025-12-02T21:04:00.000,2025-12-03T11:35:57.000,Street Light Out,Closed,Bengaluru,12.97962,77.601648
61838021,2025-12-02T21:12:00.000,2025-12-15T14:30:53.000,Street Light Out,Closed,Tumakuru,13.339089,77.111287
61838202,2025-12-02T22:37:00.000,2025-12-07T12:52:28.000,Lamppost Damaged,Closed,Mangaluru,12.866765,74.85128
61838249,2025-12-02T23:38:00.000,2025-12-04T09:59:00.000,Lamppost Damaged,Closed,Mangaluru,12.900322,74.860695
61838403,2025-12-03T00:16:00.000,2025-12-11T15:30:00.000,Street Light Out,Closed,Belagavi,15.824748,74.477972
61838732,2025-12-03T07:17:00.000,2025-12-05T11:24:00.000,Street Light Out,Closed,Tumakuru,13.356858,77.12897
61839031,2025-12-03T09:00:00.000,2025-12-09T08:11:06.000,Street Light Out,Closed,Mangaluru,12.924591,74.869729
61839084,2025-12-03T09:12:00.000,2025-12-10T11:27:13.000,Street Light Out,Closed,Mangaluru,12.905462,74.844271
61839244,2025-12-03T09:45:00.000,2025-12-05T14:19:00.000,Street Light Out,Closed,Mangaluru,12.883714,74.849539
61839456,2025-12-03T15:08:00.000,2025-12-12T13:53:00.000,Street Light Out,Closed,Tumakuru,13.337343,77.088724
61839686,2025-12-03T17:06:00.000,2025-12-04T16:22:25.000,Street Light Out,Closed,Mangaluru,12.873346,74.850528
61839831,2025-12-03T17:48:00.000,2025-12-15T18:26:27.000,Street Light Out,Closed,Hubballi,15.36096,75.153046
61840169,2025-12-03T18:06:00.000,2025-12-10T11:11:18.000,Street Light Out,Closed,Mangaluru,12.880075,74.86807
61840530,2025-12-03T19:01:00.000,2025-12-16T14:42:00.000,Street Light Out,Closed,Mysuru,12.259343,76.658191
61840543,2025-12-03T19:18:00.000,2025-12-12T08:24:00.000,Street Light Out,Closed,Shivamogga,13.920882,75.565639
61840660,2025-12-03T19:50:00.000,2025-12-12T15:23:00.000,Street Light Out,Closed,Mangaluru,12.898198,74.890161
61840703,2025-12-03T19:56:00.000,2025-12-07T15:53:10.000,Street Light Out,Closed,Bengaluru,12.930285,77.577544
61840749,2025-12-03T20:23:00.000,2025-12-06T12:01:02.000,Street Light Out,Closed,Mangaluru,12.861188,74.880082
61840954,2025-12-03T20:27:00.000,2025-12-09T15:22:00.000,Street Light Out,Closed,Bengaluru,12.975755,77.600757
61841003,2025-12-03T21:25:00.000,2025-12-18T17:19:26.000,Street Light Out,Closed,Bengaluru,12.998253,77.609412
61841041,2025-12-03T21:56:00.000,,Street Light Out,Open,Tumakuru,13.354682,77.09923
61841299,2025-12-03T23:15:00.000,2025-12-08T08:47:00.000,Street Light Out,Closed,Belagavi,15.871415,74.49524
61841605,2025-12-03T23:23:00.000,2025-12-10T17:36:00.000,Street Light Out,Closed,Mangaluru,12.876071,74.841403
61841613,2025-12-03T23:55:00.000,2025-12-06T16:34:55.000,Street Light Out,Closed,Mysuru,12.305268,76.664625
61841676,2025-12-04T02:10:00.000,2025-12-05T13:09:13.000,Street Light Out,Closed,Shivamogga,13.927393,75.572253
61841751,2025-12-04T04:40:00.000,2025-12-10T12:03:00.000,Street Light Out,Closed,Mangaluru,12.86807,74.875348
61841774,2025-12-04T08:54:00.000,2025-12-06T15:30:05.000,Street Light Dim,Closed,Shivamogga,13.920765,75.566601
61841791,2025-12-04T09:10:00.000,2025-12-06T11:01:55.000,Street Light Out,Closed,Bengaluru,12.973778,77.592843
61841911,2025-12-04T09:17:00.000,,Street Light Out,Open,Bengaluru,12.913148,77.650099
61842052,2025-12-04T10:45:00.000,2025-12-24T11:02:00.000,Street Light Out,Closed,Bengaluru,12.946176,77.669757
61842123,2025-12-04T12:45:00.000,2025-12-14T17:15:07.000,Street Light Out,Closed,Bengaluru,12.957564,77.587754
61842286,2025-12-04T16:57:00.000,2025-12-07T14:59:00.000,Street Light Out,Closed,Shivamogga,13.91606,75.560638
61842745,2025-12-04T17:10:00.000,2025-12-07T10:09:00.000,Street Light Out,Closed,Belagavi,15.860512,74.498848
61843045,2025-12-04T18:03:00.000,2025-12-06T09:42:00.000,Street Light Out,Closed,Bengaluru,12.91661,77.649039
61843149,2025-12-04T18:54:00.000,2025-12-06T16:20:26.000,Street Light Out,Closed,Mysuru,12.344301,76.656846
61843499,2025-12-04T19:07:00.000,2025-12-07T08:54:00.000,Street Light Out,Closed,Mangaluru,12.877096,74.84315
61843706,2025-12-04T19:32:00.000,2025-12-06T11:39:04.000,Street Light Out,Closed,Mysuru,12.312856,76.675682
61843984,2025-12-04T20:38:00.000,2025-12-05T18:05:21.000,Street Light Out,Closed,Hubballi,15.357779,75.134371
61844039,2025-12-04T20:54:00.000,2025-12-08T12:22:00.000,Street Light Out,Closed,Belagavi,15.857201,74.489816
61844152,2025-12-05T00:30:00.000,2025-12-12T13:37:00.000,Street Light Out,Closed,Hubballi,15.400162,75.144544
61844389,2025-12-05T01:36:00.000,2025-12-07T16:07:51.000,Street Light Out,Closed,Bengaluru,12.985434,77.595826
61844491,2025-12-05T06:03:00.000,2025-12-12T09:42:17.000,Street Light Dayburning,Closed,Hubballi,15.360572,75.114005
61844514,2025-12-05T06:17:00.000,2025-12-17T12:55:00.000,Street Light Out,Closed,Tumakuru,13.336774,77.101567
61844766,2025-12-05T06:18:00.000,2025-12-08T18:54:09.000,Street Light Out,Closed,Mangaluru,12.87615,74.875438
61844867,2025-12-05T06:44:00.000,2025-12-11T16:23:00.000,Street Light Out,Closed,Bengaluru,12.892343,77.647743
61844984,2025-12-05T08:00:00.000,2025-12-27T12:12:00.000,Street Light Out,Closed,Bengaluru,12.853367,77.505621
61845306,2025-12-05T09:51:00.000,2025-12-13T13:08:00.000,Street Light Dayburning,Closed,Mysuru,12.301939,76.588901
61845374,2025-12-05T11:51:00.000,2025-12-10T10:33:42.000,Street Light Out,Closed,Mangaluru,12.882082,74.88594
61845382,2025-12-05T13:39:00.000,2025-12-09T11:17:00.000,Street Light Dim,Closed,Bengaluru,13.08072,77.541159
61845688,2025-12-05T16:15:00.000,2025-12-25T11:33:00.000,Street Light Out,Closed,Belagavi,15.857881,74.516962
61845833,2025-12-05T17:46:00.000,2025-12-07T09:48:00.000,Street Light Out,Closed,Bengaluru,12.980933,77.580352
61846280,2025-12-05T19:27:00.000,2025-12-13T15:41:19.000,Lamppost Damaged,Closed,Bengaluru,12.974213,77.537195
61846410,2025-12-05T21:10:00.000,2025-12-08T14:07:45.000,Street Light Out,Closed,Mangaluru,12.884751,74.849334
61846681,2025-12-05T22:46:00.000,2025-12-15T14:19:00.000,Street Light Out,Closed,Tumakuru,13.334993,77.109455
61846760,2025-12-06T07:13:00.000,,Street Light Out,Open,Hubballi,15.353831,75.13414
61846882,2025-12-06T10:25:00.000,2025-12-29T13:23:32.000,Street Light Out,Closed,Shivamogga,13.9166,75.5466
61846921,2025-12-06T10:55:00.000,2025-12-11T13:18:00.000,Street Light Out,Closed,Hubballi,15.36647,75.164912
61847116,2025-12-06T11:54:00.000,2025-12-09T09:11:52.000,Street Light Out,Closed,Tumakuru,13.349181,77.101375
61847250,2025-12-06T14:11:00.000,2025-12-10T17:48:00.000,Street Light Out,Closed,Bengaluru,12.989634,77.592534
61847259,2025-12-06T16:32:00.000,2025-12-09T09:41:10.000,Street Light Out,Closed,Belagavi,15.848567,74.510026
61847296,2025-12-06T16:55:00.000,2025-12-27T14:34:00.000,Street Light Out,Closed,Belagavi,15.843989,74.477272
61847342,2025-12-06T17:59:00.000,2025-12-12T15:49:00.000,Street Light Out,Closed,Bengaluru,12.993108,77.634626
61847392,2025-12-06T18:21:00.000,2025-12-14T16:47:09.000,Street Light Out,Closed,Belagavi,15.818248,74.504718
61847404,2025-12-06T18:56:00.000,2025-12-10T11:54:35.000,Street Light Out,Closed,Bengaluru,13.045479,77.702598
61847662,2025-12-06T19:34:00.000,2025-12-14T16:06:00.000,Street Light Out,Closed,Mangaluru,12.878765,74.846424
61847744,2025-12-06T19:43:00.000,2025-12-09T11:31:00.000,Street Light Out,Closed,Shivamogga,13.940202,75.605203
61847903,2025-12-06T20:18:00.000,2025-12-08T10:07:00.000,Street Light Out,Closed,Bengaluru,12.971337,77.619609
61847934,2025-12-06T20:21:00.000,2025-12-12T17:06:57.000,Street Light Out,Closed,Belagavi,15.853246,74.484518
61847951,2025-12-06T22:12:00.000,2025-12-09T11:49:00.000,Street Light Out,Closed,Shivamogga,13.942032,75.610584
61847976,2025-12-06T22:28:00.000,2025-12-11T12:08:53.000,Street Light Out,Closed,Bengaluru,12.948939,77.663828
61848054,2025-12-07T01:26:00.000,2025-12-08T18:30:26.000,Street Light Out,Closed,Mangaluru,12.867086,74.85239
61848071,2025-12-07T01:56:00.000,2025-12-13T16:39:00.000,Street Light Out,Closed,Mangaluru,12.881402,74.847956
61848190,2025-12-07T07:22:00.000,2025-12-11T10:03:31.000,Street Light Out,Closed,Mangaluru,12.8901,74.856787
61848447,2025-12-07T08:49:00.000,2025-12-08T14:31:21.000,Street Light Out,Closed,Hubballi,15.354476,75.126381
61848585,2025-12-07T09:14:00.000,2025-12-15T13:46:00.000,Street Light Out,Closed,Mangaluru,12.880308,74.841471
61848616,2025-12-07T10:11:00.000,2025-12-12T10:44:16.000,Street Light Out,Closed,Belagavi,15.869925,74.491193
61848792,2025-12-07T10:16:00.000,2025-12-14T14:42:20.000,Lamppost Damaged,Closed,Mangaluru,12.890545,74.877693
61848958,2025-12-07T12:08:00.000,2025-12-11T13:32:21.000,Street Light Out,Closed,Shivamogga,13.927353,75.572171
61848989,2025-12-07T13:34:00.000,2025-12-08T08:15:00.000,Street Light Out,Closed,Belagavi,15.882687,74.50527
61849031,2025-12-07T17:55:00.000,2025-12-20T18:16:30.000,Street Light Out,Closed,Mangaluru,12.889113,74.852133
61849267,2025-12-07T20:10:00.000,2025-12-26T14:28:00.000,Street Light Dayburning,Closed,Belagavi,15.846762,74.556695
61849271,2025-12-07T20:15:00.000,2025-12-09T08:26:00.000,Lamppost Damaged,Closed,Belagavi,15.842595,74.550432
61849565,2025-12-07T21:32:00.000,2025-12-12T18:45:37.000,Street Light Out,Closed,Mysuru,12.302337,76.674233
61849732,2025-12-07T22:55:00.000,2025-12-17T14:38:22.000,Street Light Out,Closed,Hubballi,15.349322,75.150905
61849800,2025-12-08T00:41:00.000,2025-12-18T16:15:36.000,Street Light Out,Closed,Mangaluru,12.853783,74.846623
61850096,2025-12-08T01:08:00.000,2025-12-09T14:47:00.000,Street Light Out,Closed,Tumakuru,13.313309,77.103524
61850123,2025-12-08T06:06:00.000,2025-12-10T13:38:12.000,Street Light Out,Closed,Mangaluru,12.871619,74.855427
61850131,2025-12-08T07:03:00.000,2025-12-25T17:39:00.000,Street Light Out,Closed,Bengaluru,12.987049,77.608618
61850227,2025-12-08T08:52:00.000,2025-12-13T10:25:00.000,Street Light Out,Closed,Bengaluru,12.968028,77.614194
61850310,2025-12-08T08:56:00.000,,Street Light Out,Open,Belagavi,15.846243,74.54676
61850388,2025-12-08T09:03:00.000,2025-12-11T15:51:00.000,Street Light Out,Closed,Mangaluru,12.895889,74.887656
61850527,2025-12-08T09:17:00.000,2025-12-17T14:09:00.000,Street Light Out,Closed,Mangaluru,12.889569,74.844659
61850606,2025-12-08T09:35:00.000,2025-12-10T16:49:00.000,Street Light Out,Closed,Hubballi,15.327563,75.108837
61851010,2025-12-08T11:18:00.000,2025-12-10T15:21:00.000,Street Light Out,Closed,Mangaluru,12.899724,74.857987
61851094,2025-12-08T16:50:00.000,2025-12-12T12:00:00.000,Street Light Out,Closed,Shivamogga,13.915361,75.537571
61851747,2025-12-08T17:28:00.000,2025-12-19T13:40:50.000,Street Light Out,Closed,Mysuru,12.347027,76.660524
61851785,2025-12-08T19:01:00.000,2025-12-12T14:39:00.000,Street Light Out,Closed,Mangaluru,12.900592,74.847076
61852057,2025-12-08T19:29:00.000,2025-12-10T14:49:00.000,Street Light Dayburning,Closed,Hubballi,15.355636,75.168217
61852266,2025-12-08T21:18:00.000,2025-12-14T17:08:25.000,Street Light Out,Closed,Hubballi,15.342876,75.168011
61852307,2025-12-08T21:47:00.000,2025-12-23T08:12:00.000,Street Light Out,Closed,Hubballi,15.346724,75.153394
61852380,2025-12-08T22:05:00.000,2025-12-14T12:37:12.000,Street Light Out,Closed,Belagavi,15.852937,74.522596
61852403,2025-12-08T22:31:00.000,2025-12-13T17:59:04.000,Street Light Out,Closed,Bengaluru,12.982228,77.588093
61852745,2025-12-09T02:54:00.000,2025-12-16T12:08:00.000,Street Light Out,Closed,Mangaluru,12.876336,74.859443
61852869,2025-12-09T07:28:00.000,2025-12-28T13:48:00.000,Street Light Out,Closed,Belagavi,15.812288,74.479031
61852889,2025-12-09T08:11:00.000,2025-12-15T13:10:00.000,Street Light Out,Closed,Mangaluru,12.866788,74.85122
61853053,2025-12-09T09:33:00.000,2025-12-16T18:43:00.000,Street Light Out,Closed,Tumakuru,13.329322,77.105458
61853307,2025-12-09T10:29:00.000,2025-12-13T15:20:00.000,Street Light Cycling,Closed,Mangaluru,12.871004,74.8624
61853360,2025-12-09T10:35:00.000,2025-12-11T09:07:13.000,Street Light Out,Closed,Mysuru,12.2991,76.663015
61853373,2025-12-09T11:19:00.000,2025-12-16T13:07:00.000,Street Light Out,Closed,Mangaluru,12.88102,74.843284
61853417,2025-12-09T12:09:00.000,2025-12-22T15:53:22.000,Street Light Out,Closed,Shivamogga,13.924348,75.555345
61853429,2025-12-09T17:38:00.000,2025-12-13T17:35:00.000,Street Light Out,Closed,Bengaluru,12.967292,77.597139
61853650,2025-12-09T17:48:00.000,2025-12-18T16:32:00.000,Street Light Out,Closed,Belagavi,15.876782,74.504202
61853717,2025-12-09T19:37:00.000,2025-12-13T13:17:09.000,Street Light Out,Closed,Shivamogga,13.950432,75.55589
61853826,2025-12-09T21:49:00.000,2025-12-11T17:33:00.000,Street Light Out,Closed,Mysuru,12.339962,76.646839
61853842,2025-12-09T22:01:00.000,2025-12-12T12:28:00.000,Street Light Out,Closed,Bengaluru,13.017183,77.606388
61853882,2025-12-09T23:11:00.000,2025-12-21T10:08:00.000,Street Light Out,Closed,Tumakuru,13.3218,77.142833
61854073,2025-12-09T23:13:00.000,2025-12-14T09:12:12.000,Street Light Out,Closed,Bengaluru,13.016602,77.610467
61854092,2025-12-10T04:51:00.000,2025-12-13T10:41:00.000,Street Light Out,Closed,Tumakuru,13.34017,77.091341
61854197,2025-12-10T05:01:00.000,2025-12-13T09:20:00.000,Street Light Out,Closed,Hubballi,15.32122,75.137682
61854259,2025-12-10T07:28:00.000,2025-12-13T13:06:57.000,Street Light Out,Closed,Shivamogga,13.937312,75.578737
61854372,2025-12-10T11:24:00.000,2025-12-18T10:01:00.000,Street Light Out,Closed,Belagavi,15.882262,74.501425
61854424,2025-12-10T15:24:00.000,2025-12-14T17:55:00.000,Street Light Out,Closed,Belagavi,15.859776,74.5159
61854798,2025-12-10T17:12:00.000,2025-12-12T14:25:00.000,Street Light Out,Closed,Hubballi,15.351458,75.131551
61854917,2025-12-10T17:30:00.000,2025-12-14T18:12:00.000,Street Light Out,Closed,Hubballi,15.293424,75.14017
61854934,2025-12-10T18:16:00.000,2025-12-15T16:33:53.000,Street Light Out,Closed,Shivamogga,13.927647,75.555743
61854944,2025-12-10T20:25:00.000,2025-12-11T18:14:14.000,Street Light Out,Closed,Bengaluru,12.975497,77.59045
61855027,2025-12-10T20:47:00.000,2025-12-22T10:00:00.000,Street Light Out,Closed,Mangaluru,12.870074,74.894817
61855035,2025-12-10T22:49:00.000,,Street Light Out,Open,Bengaluru,12.932291,77.651934
61855159,2025-12-10T22:51:00.000,2025-12-30T08:00:00.000,Street Light Out,Closed,Mangaluru,12.854734,74.871723
61855326,2025-12-10T23:59:00.000,2025-12-30T18:24:28.000,Street Light Out,Closed,Bengaluru,13.003788,77.619533
61855360,2025-12-11T01:00:00.000,2025-12-15T14:03:20.000,Street Light Out,Closed,Bengaluru,13.01216,77.59869
61855406,2025-12-11T01:07:00.000,2025-12-25T15:36:00.000,Street Light Out,Closed,Mysuru,12.349283,76.657742
61855591,2025-12-11T08:00:00.000,2025-12-15T15:13:00.000,Street Light Dim,Closed,Shivamogga,13.929251,75.560478
61855638,2025-12-11T08:49:00.000,2025-12-13T10:56:00.000,Street Light Out,Closed,Bengaluru,12.98902,77.625573
61855760,2025-12-11T10:36:00.000,2025-12-15T13:47:00.000,Street Light Out,Closed,Shivamogga,13.942101,75.610556
61855829,2025-12-11T10:55:00.000,2025-12-18T09:48:00.000,Street Light Out,Closed,Belagavi,15.850444,74.5543
61855880,2025-12-11T15:46:00.000,2025-12-15T17:46:54.000,Street Light Cycling,Closed,Shivamogga,13.92119,75.572355
61855902,2025-12-11T17:01:00.000,2025-12-13T15:26:00.000,Street Light Out,Closed,Mangaluru,12.852682,74.847187
61856279,2025-12-11T17:59:00.000,2025-12-19T15:26:00.000,Street Light Out,Closed,Shivamogga,13.957703,75.575371
61856469,2025-12-11T18:28:00.000,2025-12-16T11:00:00.000,Street Light Cycling,Closed,Shivamogga,13.933369,75.548156
61856496,2025-12-11T18:32:00.000,2025-12-13T16:04:27.000,Street Light Out,Closed,Hubballi,15.351754,75.143546
61856571,2025-12-11T19:03:00.000,2025-12-16T12:52:00.000,Street Light Out,Closed,Mangaluru,12.867395,74.889113
61856698,2025-12-11T19:18:00.000,2025-12-15T12:51:00.000,Street Light Cycling,Closed,Mangaluru,12.9169,74.886792
61856732,2025-12-11T20:18:00.000,2025-12-25T18:05:13.000,Street Light Out,Closed,Belagavi,15.879843,74.479255
61857137,2025-12-11T20:29:00.000,2025-12-13T15:30:00.000,Street Light Out,Closed,Mysuru,12.314156,76.663736
61857364,2025-12-11T20:41:00.000,2025-12-13T16:31:00.000,Street Light Out,Closed,Belagavi,15.861141,74.493891
61857424,2025-12-11T20:51:00.000,2025-12-19T09:58:00.000,Street Light Out,Closed,Belagavi,15.845358,74.550798
61857733,2025-12-11T20:55:00.000,2025-12-14T15:22:00.000,Street Light Out,Closed,Mangaluru,12.869874,74.852603
61857877,2025-12-11T21:31:00.000,2025-12-18T13:27:37.000,Street Light Out,Closed,Bengaluru,12.958129,77.599308
61857894,2025-12-11T22:35:00.000,2025-12-16T13:53:27.000,Street Light Out,Closed,Shivamogga,13.907065,75.55219
61858052,2025-12-12T05:51:00.000,2025-12-16T14:14:00.000,Street Light Out,Closed,Mangaluru,12.893023,74.855323
61858056,2025-12-12T07:42:00.000,2025-12-27T09:58:00.000,Street Light Out,Closed,Bengaluru,12.984954,77.590416
61858415,2025-12-12T08:29:00.000,2025-12-27T11:18:00.000,Street Light Out,Closed,Mangaluru,12.871094,74.841408
61858633,2025-12-12T09:02:00.000,2025-12-18T13:34:00.000,Street Light Out,Closed,Mangaluru,12.901145,74.851522
61858645,2025-12-12T17:16:00.000,2025-12-16T16:36:00.000,Street Light Out,Closed,Hubballi,15.348367,75.093711
61858680,2025-12-12T18:20:00.000,2025-12-15T10:32:00.000,Street Light Out,Closed,Bengaluru,12.975235,77.592006
61858763,2025-12-12T21:48:00.000,2025-12-18T08:06:50.000,Street Light Cycling,Closed,Shivamogga,13.918159,75.56783
61858969,2025-12-12T22:39:00.000,,Street Light Out,In Progress,Shivamogga,13.927276,75.572248
61859534,2025-12-12T22:45:00.000,2025-12-19T11:27:00.000,Street Light Out,Closed,Mangaluru,12.885763,74.848767
61859767,2025-12-12T23:53:00.000,2025-12-23T12:30:26.000,Street Light Out,Closed,Belagavi,15.842034,74.512722
61859889,2025-12-13T00:46:00.000,2025-12-18T12:22:01.000,Street Light Out,Closed,Bengaluru,12.992383,77.588727
61859902,2025-12-13T01:27:00.000,2025-12-18T11:10:15.000,Street Light Out,Closed,Hubballi,15.360323,75.144674
61859926,2025-12-13T07:46:00.000,,Street Light Out,In Progress,Mangaluru,12.900361,74.883116
61859934,2025-12-13T09:00:00.000,2025-12-14T10:21:02.000,Street Light Out,Closed,Bengaluru,12.947123,77.605426
61860361,2025-12-13T09:10:00.000,2025-12-15T09:29:22.000,Street Light Out,Closed,Shivamogga,13.911201,75.558754
61860471,2025-12-13T18:05:00.000,2025-12-15T08:16:46.000,Street Light Out,Closed,Tumakuru,13.339876,77.079334
61860518,2025-12-13T18:21:00.000,2025-12-29T10:35:00.000,Street Light Out,Closed,Mangaluru,12.884824,74.853655
61860566,2025-12-13T19:05:00.000,2025-12-20T08:56:00.000,Street Light Out,Closed,Hubballi,15.344433,75.121971
61860613,2025-12-13T19:48:00.000,2025-12-25T18:17:55.000,Street Light Out,Closed,Mysuru,12.312506,76.680169
61860791,2025-12-13T20:16:00.000,2025-12-22T13:20:00.000,Street Light Out,Closed,Shivamogga,13.962509,75.520843
61860807,2025-12-13T20:42:00.000,,Street Light Out,In Progress,Belagavi,15.852826,74.503387
61861419,2025-12-13T21:29:00.000,2025-12-17T13:54:00.000,Street Light Out,Closed,Bengaluru,13.024052,77.611137
61861483,2025-12-13T21:54:00.000,2025-12-15T16:41:00.000,Street Light Out,Closed,Mysuru,12.319623,76.682819
61861501,2025-12-13T22:10:00.000,2025-12-16T14:55:00.000,Street Light Out,Closed,Mangaluru,12.902106,74.906027
61861547,2025-12-14T00:01:00.000,2025-12-16T15:10:00.000,Street Light Out,Closed,Mysuru,12.329228,76.627081
61861741,2025-12-14T00:43:00.000,2025-12-28T11:58:46.000,Street Light Out,Closed,Mangaluru,12.873243,74.862249
61861899,2025-12-14T02:54:00.000,2025-12-17T17:36:58.000,Street Light Out,Closed,Mysuru,12.305313,76.66469
61862045,2025-12-14T06:31:00.000,2025-12-19T13:31:00.000,Street Light Out,Closed,Mangaluru,12.875307,74.870979
61862074,2025-12-14T07:36:00.000,2025-12-27T18:16:00.000,Street Light Out,Closed,Mangaluru,12.863054,74.850759
61862508,2025-12-14T08:23:00.000,2025-12-20T17:11:51.000,Street Light Out,Closed,Tumakuru,13.35391,77.096832
61862525,2025-12-14T09:07:00.000,2025-12-17T18:31:17.000,Street Light Out,Closed,Mysuru,12.340299,76.652149
61862530,2025-12-14T09:28:00.000,2025-12-18T16:22:00.000,Street Light Out,Closed,Mangaluru,12.886266,74.877229
61862799,2025-12-14T09:33:00.000,2025-12-15T12:49:11.000,Street Light Out,Closed,Tumakuru,13.313356,77.103621
61862930,2025-12-14T11:22:00.000,2025-12-15T12:40:43.000,Street Light Out,Closed,Mysuru,12.25707,76.649967
61862946,2025-12-14T16:23:00.000,2025-12-23T16:48:18.000,Street Light Out,Closed,Belagavi,15.846707,74.553964
61863043,2025-12-14T17:00:00.000,2025-12-21T16:05:00.000,Street Light Out,Closed,Hubballi,15.363667,75.114795
61863235,2025-12-14T17:58:00.000,2025-12-23T10:05:00.000,Street Light Out,Closed,Mangaluru,12.898286,74.890217
61863350,2025-12-14T19:26:00.000,2025-12-18T10:16:00.000,Street Light Out,Closed,Mangaluru,12.918611,74.876903
61863950,2025-12-14T19:38:00.000,2025-12-22T16:21:41.000,Street Light Out,Closed,Tumakuru,13.339592,77.10667
61864116,2025-12-14T19:53:00.000,2025-12-16T08:35:47.000,Street Light Out,Closed,Bengaluru,13.00978,77.617262
61864119,2025-12-14T20:10:00.000,,Street Light Out,Open,Belagavi,15.848631,74.510076
61864146,2025-12-14T21:14:00.000,2025-12-15T11:53:36.000,Street Light Out,Closed,Bengaluru,12.972607,77.590377
61864471,2025-12-14T22:02:00.000,2025-12-16T15:01:00.000,Street Light Out,Closed,Bengaluru,12.947404,77.590136
61864646,2025-12-14T22:41:00.000,2025-12-18T16:37:25.000,Street Light Out,Closed,Mangaluru,12.881117,74.867611
61864681,2025-12-14T23:21:00.000,2025-12-22T10:08:00.000,Street Light Out,Closed,Bengaluru,13.0289,77.616366
61865046,2025-12-15T02:09:00.000,2025-12-26T15:54:00.000,Street Light Out,Closed,Bengaluru,13.03698,77.506224
61865162,2025-12-15T04:50:00.000,,Street Light Out,In Progress,Shivamogga,13.919139,75.549912
61865258,2025-12-15T05:33:00.000,2025-12-17T17:22:41.000,Street Light Out,Closed,Shivamogga,13.92617,75.574803
61865322,2025-12-15T07:04:00.000,2025-12-21T14:37:00.000,Street Light Out,Closed,Belagavi,15.84355,74.55298
61865361,2025-12-15T08:31:00.000,2025-12-19T11:59:29.000,Street Light Out,Closed,Mysuru,12.303684,76.664788
61865461,2025-12-15T09:32:00.000,2025-12-20T13:24:00.000,Street Light Out,Closed,Mysuru,12.303327,76.660178
61865635,2025-12-15T09:56:00.000,2025-12-20T08:15:00.000,Street Light Out,Closed,Mysuru,12.288708,76.6434
61865815,2025-12-15T15:11:00.000,2025-12-20T13:21:33.000,Street Light Out,Closed,Shivamogga,13.942189,75.610541
61866202,2025-12-15T17:58:00.000,,Street Light Out,In Progress,Tumakuru,13.340747,77.107561
61866353,2025-12-15T18:00:00.000,2025-12-19T15:16:00.000,Street Light Out,Closed,Belagavi,15.853046,74.498592
61866364,2025-12-15T18:14:00.000,2025-12-21T15:30:00.000,Street Light Out,Closed,Mangaluru,12.90537,74.854855
61866371,2025-12-15T22:00:00.000,2025-12-20T11:01:00.000,Street Light Out,Closed,Bengaluru,12.946234,77.600911
61866755,2025-12-15T22:13:00.000,2025-12-18T09:08:00.000,Street Light Out,Closed,Bengaluru,12.968145,77.600024
61866791,2025-12-16T00:04:00.000,2025-12-19T14:23:00.000,Street Light Out,Closed,Mysuru,12.310297,76.672641
61866918,2025-12-16T09:24:00.000,2025-12-22T17:23:00.000,Street Light Out,Closed,Shivamogga,13.929082,75.556667
61867143,2025-12-16T09:32:00.000,2025-12-30T11:53:00.000,Street Light Out,Closed,Belagavi,15.823936,74.511684
61867149,2025-12-16T09:44:00.000,2025-12-27T09:02:00.000,Street Light Out,Closed,Mangaluru,12.891552,74.854837
61867256,2025-12-16T09:51:00.000,2025-12-19T08:05:18.000,Street Light Out,Closed,Mangaluru,12.872555,74.850906
61867396,2025-12-16T10:59:00.000,2025-12-30T14:59:41.000,Street Light Out,Closed,Bengaluru,12.852879,77.560753
61867436,2025-12-16T15:51:00.000,2025-12-18T15:59:59.000,Street Light Out,Closed,Mangaluru,12.872382,74.850152
61867586,2025-12-16T16:23:00.000,2025-12-18T16:00:00.000,Street Light Out,Closed,Bengaluru,12.94659,77.601665
61867690,2025-12-16T18:25:00.000,2025-12-19T15:40:20.000,Street Light Out,Closed,Mysuru,12.25758,76.665923
61867696,2025-12-16T19:04:00.000,2025-12-19T08:51:00.000,Street Light Out,Closed,Hubballi,15.339809,75.123322
61867829,2025-12-16T21:02:00.000,,Street Light Out,In Progress,Mysuru,12.314162,76.671804
61867855,2025-12-16T22:13:00.000,2025-12-20T15:46:57.000,Street Light Out,Closed,Mangaluru,12.889218,74.851527
61867887,2025-12-16T22:14:00.000,2025-12-28T17:46:58.000,Street Light Out,Closed,Mysuru,12.257808,76.659552
61868190,2025-12-16T22:22:00.000,2025-12-31T16:10:00.000,Street Light Cycling,Closed,Bengaluru,13.098337,77.518757
61868361,2025-12-16T22:25:00.000,2025-12-25T14:22:28.000,Street Light Out,Closed,Mangaluru,12.865437,74.8516
61868635,2025-12-16T22:43:00.000,2025-12-22T17:14:00.000,Street Light Out,Closed,Mysuru,12.255639,76.657509
61868753,2025-12-16T23:52:00.000,2025-12-28T13:23:00.000,Street Light Out,Closed,Mangaluru,12.88788,74.852546
61868969,2025-12-17T00:00:00.000,2025-12-19T13:10:43.000,Street Light Out,Closed,Tumakuru,13.381424,77.106969
61869106,2025-12-17T00:57:00.000,,Street Light Out,Open,Hubballi,15.350411,75.132181
61869191,2025-12-17T03:30:00.000,2025-12-27T17:50:46.000,Street Light Out,Closed,Hubballi,15.357556,75.167073
61869256,2025-12-17T08:09:00.000,2025-12-22T14:27:09.000,Street Light Out,Closed,Tumakuru,13.32424,77.115061
61869631,2025-12-17T08:49:00.000,2025-12-22T12:21:00.000,Street Light Out,Closed,Tumakuru,13.342324,77.13187
61869653,2025-12-17T10:36:00.000,,Street Light Dayburning,Open,Belagavi,15.851081,74.492929
61869902,2025-12-17T12:18:00.000,2025-12-21T13:36:00.000,Street Light Dayburning,Closed,Hubballi,15.355007,75.145163
61869988,2025-12-17T13:31:00.000,2025-12-21T13:46:51.000,Street Light Out,Closed,Mangaluru,12.880162,74.85267
61870151,2025-12-17T13:57:00.000,2025-12-19T14:11:00.000,Street Light Out,Closed,Hubballi,15.365264,75.156415
61870229,2025-12-17T14:52:00.000,2025-12-31T17:14:00.000,Street Light Out,Closed,Mysuru,12.319612,76.682734
61870273,2025-12-17T17:50:00.000,2025-12-22T17:24:00.000,Street Light Out,Closed,Mangaluru,12.876375,74.859375
61870313,2025-12-17T18:30:00.000,2025-12-19T18:40:29.000,Street Light Out,Closed,Mysuru,12.336354,76.654736
61870352,2025-12-17T19:18:00.000,2025-12-20T13:46:30.000,Street Light Out,Closed,Mysuru,12.326912,76.642526
61870384,2025-12-17T19:20:00.000,2025-12-20T09:21:30.000,Street Light Out,Closed,Belagavi,15.908337,74.488557
61870418,2025-12-17T19:22:00.000,2025-12-25T11:30:18.000,Street Light Out,Closed,Tumakuru,13.340343,77.10735
61870479,2025-12-17T19:27:00.000,,Street Light Dim,Open,Bengaluru,12.969242,77.616358
61870571,2025-12-17T19:50:00.000,2025-12-19T11:42:00.000,Street Light Out,Closed,Shivamogga,13.920808,75.566538
61870668,2025-12-17T20:11:00.000,2025-12-27T12:41:00.000,Street Light Out,Closed,Belagavi,15.850374,74.551837
61870723,2025-12-17T21:27:00.000,2025-12-20T18:36:54.000,Street Light Dim,Closed,Mangaluru,12.894526,74.885223
61870791,2025-12-17T21:50:00.000,2025-12-29T16:50:32.000,Street Light Out,Closed,Bengaluru,13.032937,77.612876
61870905,2025-12-17T21:58:00.000,2025-12-21T08:55:20.000,Street Light Out,Closed,Mysuru,12.316707,76.628923
61870942,2025-12-17T22:05:00.000,2025-12-22T08:18:31.000,Street Light Out,Closed,Bengaluru,12.973686,77.577053
61871201,2025-12-17T22:30:00.000,2025-12-20T18:13:00.000,Lamppost Damaged,Closed,Bengaluru,12.982862,77.595117
61871317,2025-12-17T23:41:00.000,2025-12-30T16:18:16.000,Street Light Out,Closed,Belagavi,15.84663,74.547061
61871326,2025-12-18T00:09:00.000,2025-12-18T18:35:20.000,Street Light Out,Closed,Hubballi,15.349479,75.125084
61871556,2025-12-18T04:30:00.000,2025-12-23T11:08:00.000,Street Light Out,Closed,Bengaluru,12.980202,77.567038
61871573,2025-12-18T06:45:00.000,2025-12-20T08:48:23.000,Street Light Out,Closed,Hubballi,15.338907,75.139823
61871716,2025-12-18T10:46:00.000,2025-12-22T10:55:06.000,Street Light Out,Closed,Shivamogga,13.942699,75.558387
61871891,2025-12-18T11:22:00.000,2025-12-22T13:42:00.000,Street Light Dim,Closed,Mangaluru,12.917034,74.886771
61872050,2025-12-18T11:51:00.000,2025-12-31T13:20:28.000,Street Light Out,Closed,Mangaluru,12.880158,74.860901
61872070,2025-12-18T17:26:00.000,2025-12-26T13:17:00.000,Street Light Out,Closed,Hubballi,15.387757,75.14335
61872278,2025-12-18T18:39:00.000,2025-12-26T13:25:23.000,Street Light Dayburning,Closed,Bengaluru,12.97091,77.621467
61872448,2025-12-18T19:33:00.000,2025-12-27T11:46:00.000,Street Light Out,Closed,Mangaluru,12.893279,74.849424
61873040,2025-12-18T19:52:00.000,2025-12-22T09:16:27.000,Street Light Out,Closed,Tumakuru,13.341495,77.109432
61873071,2025-12-18T20:54:00.000,2025-12-25T09:32:16.000,Street Light Out,Closed,Mysuru,12.285021,76.707499
61873241,2025-12-18T21:40:00.000,2025-12-28T10:37:00.000,Street Light Out,Closed,Shivamogga,13.914762,75.592415
61873327,2025-12-18T21:44:00.000,2025-12-23T11:33:00.000,Street Light Out,Closed,Mangaluru,12.912161,74.855371
61873450,2025-12-19T07:00:00.000,2025-12-20T15:33:37.000,Street Light Out,Closed,Mangaluru,12.892892,74.849088
61873673,2025-12-19T07:03:00.000,2025-12-21T15:38:00.000,Street Light Out,Closed,Shivamogga,13.932687,75.575368
61873751,2025-12-19T08:02:00.000,2025-12-20T14:22:49.000,Street Light Out,Closed,Tumakuru,13.356705,77.089395
61873828,2025-12-19T08:40:00.000,2025-12-23T12:36:00.000,Street Light Out,Closed,Bengaluru,12.984812,77.639206
61873839,2025-12-19T09:55:00.000,2025-12-21T14:01:27.000,Street Light Out,Closed,Bengaluru,13.031759,77.563943
61874023,2025-12-19T10:58:00.000,2025-12-22T14:05:00.000,Street Light Out,Closed,Bengaluru,13.017175,77.561715
61874083,2025-12-19T14:52:00.000,,Street Light Out,Open,Mysuru,12.310331,76.672565
61874151,2025-12-19T15:47:00.000,2025-12-31T12:31:00.000,Street Light Out,Closed,Mangaluru,12.880089,74.84161
61874175,2025-12-19T17:17:00.000,2025-12-21T15:06:27.000,Street Light Out,Closed,Mysuru,12.309889,76.682064
61874235,2025-12-19T18:15:00.000,,Street Light Out,In Progress,Mysuru,12.307884,76.660959
61874362,2025-12-19T18:17:00.000,,Street Light Out,Open,Tumakuru,13.334998,77.110598
61874457,2025-12-19T19:16:00.000,2025-12-21T15:34:00.000,Street Light Out,Closed,Hubballi,15.293418,75.140221
61874675,2025-12-19T19:25:00.000,2025-12-22T13:39:00.000,Street Light Out,Closed,Belagavi,15.890297,74.499903
61874768,2025-12-19T19:45:00.000,2025-12-25T13:29:51.000,Street Light Out,Closed,Tumakuru,13.334873,77.10918
61874850,2025-12-19T21:09:00.000,,Street Light Out,In Progress,Bengaluru,12.850622,77.491887
61874862,2025-12-19T21:38:00.000,,Street Light Out,Open,Hubballi,15.388122,75.133521
61875167,2025-12-19T21:40:00.000,2025-12-29T18:24:00.000,Street Light Out,Closed,Mysuru,12.25615,76.663062
61875231,2025-12-19T21:48:00.000,2025-12-25T11:31:00.000,Street Light Out,Closed,Shivamogga,13.923829,75.584427
61875263,2025-12-19T22:46:00.000,2025-12-23T13:49:16.000,Street Light Out,Closed,Hubballi,15.365341,75.14218
61875282,2025-12-20T04:57:00.000,2025-12-23T08:38:00.000,Street Light Out,Closed,Shivamogga,13.919413,75.559369
61875296,2025-12-20T08:11:00.000,2025-12-24T11:48:39.000,Street Light Out,Closed,Mangaluru,12.847926,74.867322
61875396,2025-12-20T08:43:00.000,,Street Light Out,Open,Shivamogga,13.916081,75.571833
61875467,2025-12-20T08:59:00.000,2025-12-29T15:26:00.000,Street Light Out,Closed,Shivamogga,13.921427,75.589463
61875518,2025-12-20T09:37:00.000,2025-12-22T13:58:19.000,Street Light Out,Closed,Mangaluru,12.887894,74.841124
61875623,2025-12-20T10:15:00.000,2025-12-22T16:55:00.000,Street Light Out,Closed,Mysuru,12.305359,76.66467
61875707,2025-12-20T17:00:00.000,2025-12-21T17:51:45.000,Street Light Out,Closed,Mangaluru,12.886902,74.840506
61875780,2025-12-20T19:03:00.000,2025-12-22T18:34:00.000,Street Light Out,Closed,Bengaluru,12.983535,77.601962
61876092,2025-12-20T19:37:00.000,2025-12-23T14:02:00.000,Street Light Out,Closed,Shivamogga,13.920927,75.55521
61876110,2025-12-20T21:50:00.000,2025-12-23T15:19:00.000,Street Light Dim,Closed,Mangaluru,12.868182,74.85497
61876169,2025-12-20T22:23:00.000,2025-12-22T11:46:43.000,Street Light Out,Closed,Bengaluru,12.958229,77.599232
61876187,2025-12-20T23:03:00.000,2025-12-23T16:47:00.000,Street Light Out,Closed,Mangaluru,12.890538,74.838511
61876195,2025-12-21T00:06:00.000,2025-12-25T10:06:00.000,Lamppost Damaged,Closed,Belagavi,15.84837,74.553591
61876241,2025-12-21T00:14:00.000,2025-12-23T18:01:05.000,Street Light Cycling,Closed,Belagavi,15.837959,74.507981
61876244,2025-12-21T07:29:00.000,2025-12-26T11:19:00.000,Street Light Out,Closed,Mangaluru,12.914504,74.897196
61876730,2025-12-21T07:53:00.000,2025-12-30T12:44:52.000,Street Light Out,Closed,Mangaluru,12.884727,74.839848
61876918,2025-12-21T07:54:00.000,2025-12-26T17:03:00.000,Street Light Out,Closed,Tumakuru,13.360419,77.092581
61877103,2025-12-21T08:40:00.000,2025-12-29T12:30:00.000,Street Light Out,Closed,Tumakuru,13.31855,77.112417
61877290,2025-12-21T09:11:00.000,2025-12-22T15:17:00.000,Street Light Cycling,Closed,Bengaluru,12.986866,77.581538
61877324,2025-12-21T09:20:00.000,2025-12-25T16:36:00.000,Street Light Dim,Closed,Hubballi,15.353591,75.126766
61877557,2025-12-21T11:50:00.000,2025-12-23T10:00:58.000,Street Light Out,Closed,Bengaluru,12.922066,77.529646
61877574,2025-12-21T14:15:00.000,2025-12-25T18:53:00.000,Street Light Out,Closed,Belagavi,15.847852,74.558062
61877649,2025-12-21T16:18:00.000,2025-12-30T12:13:09.000,Street Light Out,Closed,Belagavi,15.843346,74.520629
61877751,2025-12-21T16:54:00.000,2025-12-23T17:51:07.000,Street Light Out,Closed,Mangaluru,12.884963,74.843779
61878013,2025-12-21T17:09:00.000,2025-12-31T12:05:00.000,Street Light Out,Closed,Tumakuru,13.336173,77.101539
61878122,2025-12-21T19:48:00.000,2025-12-23T15:24:17.000,Lamppost Damaged,Closed,Bengaluru,12.968083,77.604237
61878123,2025-12-21T19:53:00.000,2025-12-29T10:20:17.000,Street Light Out,Closed,Belagavi,15.858312,74.480535
61878137,2025-12-21T20:13:00.000,2025-12-22T14:07:32.000,Street Light Out,Closed,Bengaluru,12.94099,77.651025
61878525,2025-12-21T22:00:00.000,2025-12-28T13:08:00.000,Street Light Out,Closed,Bengaluru,13.020045,77.444106
61878624,2025-12-21T22:43:00.000,2025-12-27T16:21:00.000,Street Light Out,Closed,Mysuru,12.297143,76.661979
61878807,2025-12-21T22:46:00.000,2025-12-28T11:13:02.000,Street Light Out,Closed,Mangaluru,12.911014,74.851658
61878936,2025-12-21T23:53:00.000,2025-12-24T10:16:08.000,Street Light Out,Closed,Bengaluru,13.082753,77.539691
61878948,2025-12-22T02:04:00.000,2025-12-24T10:41:00.000,Street Light Out,Closed,Hubballi,15.351812,75.143667
61878953,2025-12-22T07:01:00.000,2025-12-25T11:56:26.000,Street Light Out,Closed,Mysuru,12.259498,76.656684
61879001,2025-12-22T08:09:00.000,2025-12-23T17:10:00.000,Street Light Out,Closed,Mangaluru,12.886306,74.842881
61879269,2025-12-22T08:49:00.000,2025-12-23T18:44:45.000,Street Light Out,Closed,Shivamogga,13.919461,75.593669
61879295,2025-12-22T08:53:00.000,2025-12-24T12:04:00.000,Street Light Out,Closed,Bengaluru,12.965546,77.570854
61879315,2025-12-22T09:31:00.000,2025-12-26T18:21:14.000,Street Light Out,Closed,Mysuru,12.347061,76.660476
61879580,2025-12-22T09:42:00.000,2025-12-24T13:50:00.000,Street Light Out,Closed,Bengaluru,12.964588,77.593396
61879621,2025-12-22T10:24:00.000,2025-12-28T14:46:00.000,Street Light Out,Closed,Shivamogga,13.922475,75.549472
61879823,2025-12-22T10:51:00.000,2025-12-24T12:43:22.000,Street Light Out,Closed,Mysuru,12.278932,76.657134
61879881,2025-12-22T15:23:00.000,2025-12-26T14:10:30.000,Street Light Out,Closed,Bengaluru,12.958498,77.595967
61880177,2025-12-22T19:19:00.000,,Street Light Out,Open,Belagavi,15.851142,74.555922
61880232,2025-12-22T19:23:00.000,,Street Light Out,Open,Mangaluru,12.876401,74.859405
61880277,2025-12-22T20:14:00.000,2025-12-28T14:18:00.000,Street Light Out,Closed,Mangaluru,12.866736,74.851162
61880309,2025-12-22T20:16:00.000,,Street Light Out,Open,Tumakuru,13.349196,77.103809
61880346,2025-12-22T20:28:00.000,,Street Light Out,In Progress,Belagavi,15.837157,74.492241
61880409,2025-12-22T21:18:00.000,2025-12-24T10:32:00.000,Street Light Out,Closed,Mangaluru,12.891504,74.840326
61880419,2025-12-22T21:42:00.000,2025-12-25T18:41:54.000,Street Light Out,Closed,Shivamogga,13.92228,75.568712
61880616,2025-12-22T21:54:00.000,2025-12-25T09:57:00.000,Street Light Out,Closed,Mysuru,12.315505,76.697335
61880708,2025-12-22T21:59:00.000,2025-12-27T08:39:18.000,Street Light Out,Closed,Mysuru,12.316276,76.691081
61880882,2025-12-22T22:16:00.000,2025-12-28T13:46:04.000,Street Light Out,Closed,Tumakuru,13.334025,77.113905
61881049,2025-12-22T22:25:00.000,2025-12-24T14:05:14.000,Street Light Out,Closed,Shivamogga,13.920209,75.56555
61881209,2025-12-22T22:52:00.000,2025-12-25T08:26:00.000,Street Light Out,Closed,Shivamogga,13.895326,75.558807
61881255,2025-12-22T23:21:00.000,2025-12-31T11:20:06.000,Street Light Out,Closed,Mangaluru,12.859648,74.871471
61881625,2025-12-23T00:02:00.000,,Street Light Out,In Progress,Mysuru,12.260881,76.655007
61881834,2025-12-23T05:54:00.000,2025-12-27T18:15:00.000,Street Light Out,Closed,Mangaluru,12.875351,74.852813
61881845,2025-12-23T09:12:00.000,2025-12-25T16:58:00.000,Street Light Out,Closed,Mangaluru,12.895529,74.845958
61882091,2025-12-23T10:01:00.000,2025-12-26T18:51:00.000,Street Light Out,Closed,Mysuru,12.302313,76.674259
61882497,2025-12-23T11:26:00.000,2025-12-27T13:56:00.000,Street Light Out,Closed,Mangaluru,12.866884,74.853154
61882841,2025-12-23T16:10:00.000,2025-12-30T18:55:35.000,Street Light Dayburning,Closed,Hubballi,15.351505,75.142012
61882867,2025-12-23T18:47:00.000,2025-12-28T17:54:00.000,Street Light Out,Closed,Bengaluru,12.982594,77.596391
61883333,2025-12-23T19:01:00.000,2025-12-28T17:20:44.000,Street Light Out,Closed,Mangaluru,12.861504,74.867219
61883371,2025-12-23T19:03:00.000,,Street Light Out,Open,Mangaluru,12.918528,74.844091
61883908,2025-12-23T20:07:00.000,2025-12-25T11:53:00.000,Street Light Out,Closed,Mysuru,12.332512,76.641529
61883950,2025-12-23T20:23:00.000,,Street Light Cycling,Open,Bengaluru,13.000395,77.593443
61883956,2025-12-23T20:40:00.000,2025-12-29T12:18:30.000,Street Light Out,Closed,Mangaluru,12.874217,74.844015
61884251,2025-12-23T22:37:00.000,,Street Light Out,Open,Shivamogga,13.919536,75.593739
61884355,2025-12-23T22:51:00.000,2025-12-25T08:51:00.000,Street Light Out,Closed,Hubballi,15.350256,75.12999
61884479,2025-12-23T23:01:00.000,2025-12-27T16:12:25.000,Street Light Cycling,Closed,Shivamogga,13.94133,75.578331
61884500,2025-12-23T23:46:00.000,,Street Light Out,In Progress,Bengaluru,12.963545,77.499758
61884540,2025-12-24T00:57:00.000,,Street Light Out,In Progress,Mangaluru,12.887448,74.840453
61884646,2025-12-24T01:06:00.000,,Street Light Out,Open,Shivamogga,13.913401,75.56231
61884715,2025-12-24T03:31:00.000,2025-12-27T18:03:00.000,Street Light Out,Closed,Mangaluru,12.874063,74.852498
61884736,2025-12-24T06:03:00.000,2025-12-28T08:45:00.000,Street Light Out,Closed,Bengaluru,12.890236,77.671587
61884804,2025-12-24T08:10:00.000,,Street Light Out,In Progress,Mangaluru,12.87259,74.861825
61884847,2025-12-24T18:59:00.000,2025-12-27T17:47:00.000,Street Light Out,Closed,Bengaluru,12.979965,77.567442
61885005,2025-12-24T19:03:00.000,2025-12-27T11:43:46.000,Street Light Out,Closed,Bengaluru,13.022378,77.536647
61885023,2025-12-24T20:42:00.000,2025-12-31T12:57:00.000,Street Light Cycling,Closed,Belagavi,15.858387,74.499942
61885110,2025-12-24T20:54:00.000,2025-12-29T09:32:39.000,Street Light Out,Closed,Bengaluru,12.986842,77.581494
61885199,2025-12-24T21:30:00.000,2025-12-28T17:20:34.000,Street Light Out,Closed,Shivamogga,13.924276,75.55529
61885202,2025-12-24T22:17:00.000,,Street Light Out,In Progress,Belagavi,15.879385,74.522484
61885456,2025-12-24T22:24:00.000,,Street Light Out,Open,Mangaluru,12.878754,74.846177
61885541,2025-12-24T22:35:00.000,2025-12-30T16:47:00.000,Street Light Out,Closed,Bengaluru,12.90999,77.533293
61885810,2025-12-24T22:48:00.000,,Street Light Out,Open,Belagavi,15.88025,74.500756
61885821,2025-12-25T02:17:00.000,,Street Light Out,In Progress,Hubballi,15.342229,75.126883
61885891,2025-12-25T04:12:00.000,2025-12-27T14:05:13.000,Street Light Out,Closed,Mangaluru,12.877248,74.871128
61886070,2025-12-25T04:14:00.000,2025-12-29T14:46:00.000,Street Light Out,Closed,Hubballi,15.347907,75.109854
61886357,2025-12-25T07:24:00.000,2025-12-28T18:12:00.000,Street Light Out,Closed,Mangaluru,12.917585,74.850666
61886425,2025-12-25T08:19:00.000,,Street Light Out,Open,Mangaluru,12.900715,74.92234
61886503,2025-12-25T09:08:00.000,2025-12-31T13:31:26.000,Street Light Out,Closed,Hubballi,15.356287,75.130329
61886555,2025-12-25T10:21:00.000,2025-12-30T17:26:15.000,Street Light Out,Closed,Hubballi,15.344597,75.114064
61886558,2025-12-25T12:47:00.000,2025-12-27T13:14:00.000,Street Light Out,Closed,Mangaluru,12.91518,74.851948
61886640,2025-12-25T17:31:00.000,,Street Light Out,Open,Bengaluru,13.098662,77.539717
61886666,2025-12-25T18:54:00.000,2025-12-27T14:37:00.000,Street Light Out,Closed,Hubballi,15.355169,75.120807
61886732,2025-12-25T19:03:00.000,,Street Light Out,Open,Mangaluru,12.873325,74.859832
61886811,2025-12-25T19:40:00.000,2025-12-28T10:27:00.000,Street Light Out,Closed,Bengaluru,12.97562,77.635715
61886818,2025-12-25T19:57:00.000,,Street Light Out,Open,Mangaluru,12.87332,74.851479
61886823,2025-12-25T22:06:00.000,,Street Light Out,Open,Bengaluru,13.020801,77.518654
61887017,2025-12-25T22:38:00.000,,Street Light Out,In Progress,Bengaluru,12.954336,77.614409
61887102,2025-12-25T23:48:00.000,,Street Light Out,In Progress,Shivamogga,13.917863,75.58773
61887120,2025-12-26T07:08:00.000,2025-12-30T08:04:00.000,Street Light Out,Closed,Mangaluru,12.868255,74.854925
61887125,2025-12-26T07:37:00.000,,Street Light Out,Open,Belagavi,15.857971,74.507268
61887174,2025-12-26T07:55:00.000,2025-12-29T18:44:00.000,Street Light Out,Closed,Belagavi,15.844254,74.55148
61887326,2025-12-26T09:43:00.000,2025-12-27T18:25:03.000,Street Light Out,Closed,Mangaluru,12.892959,74.849091
61887361,2025-12-26T09:44:00.000,2025-12-29T13:21:00.000,Street Light Out,Closed,Bengaluru,12.981287,77.48171
61887463,2025-12-26T09:53:00.000,2025-12-30T18:59:35.000,Street Light Out,Closed,Mysuru,12.299037,76.663037
61887506,2025-12-26T09:59:00.000,,Street Light Out,Open,Mysuru,12.353508,76.654658
61887552,2025-12-26T10:19:00.000,2025-12-30T15:35:02.000,Street Light Out,Closed,Mysuru,12.298543,76.637702
61887650,2025-12-26T16:39:00.000,,Street Light Out,Open,Mangaluru,12.869849,74.858833
61887713,2025-12-26T17:43:00.000,,Street Light Out,Open,Shivamogga,13.918008,75.563837
61887789,2025-12-26T18:10:00.000,2025-12-30T17:47:23.000,Street Light Out,Closed,Mysuru,12.314757,76.696377
61888130,2025-12-26T19:13:00.000,2025-12-28T12:01:00.000,Street Light Out,Closed,Mangaluru,12.881018,74.843273
61888243,2025-12-26T19:17:00.000,,Street Light Out,Open,Belagavi,15.848613,74.555835
61888362,2025-12-26T20:07:00.000,2025-12-29T18:38:00.000,Street Light Out,Closed,Hubballi,15.344624,75.175076
61888507,2025-12-26T20:51:00.000,2025-12-31T14:03:05.000,Street Light Out,Closed,Mangaluru,12.892897,74.855649
61888588,2025-12-26T20:57:00.000,2025-12-27T09:08:39.000,Street Light Out,Closed,Hubballi,15.3548,75.131829
61888707,2025-12-26T21:00:00.000,,Street Light Out,Open,Bengaluru,12.898432,77.507934
61888717,2025-12-26T21:06:00.000,2025-12-31T17:28:00.000,Street Light Cycling,Closed,Mysuru,12.305587,76.601722
61888996,2025-12-26T21:26:00.000,,Street Light Out,In Progress,Mysuru,12.259632,76.65591
61889050,2025-12-26T22:58:00.000,,Lamppost Damaged,In Progress,Mysuru,12.26143,76.655181
61889183,2025-12-26T23:42:00.000,,Street Light Out,In Progress,Belagavi,15.846827,74.556192
61889704,2025-12-27T02:10:00.000,2025-12-31T11:39:00.000,Street Light Out,Closed,Bengaluru,12.993071,77.634649
61889934,2025-12-27T05:44:00.000,2025-12-29T16:54:00.000,Street Light Out,Closed,Bengaluru,12.949683,77.607443
61890202,2025-12-27T08:24:00.000,,Street Light Out,Open,Mangaluru,12.869084,74.838679
61890322,2025-12-27T09:13:00.000,2025-12-30T13:19:29.000,Street Light Out,Closed,Bengaluru,12.976525,77.58989
61890323,2025-12-27T10:02:00.000,,Street Light Out,Open,Mangaluru,12.892202,74.855801
61890422,2025-12-27T11:56:00.000,2025-12-29T18:39:27.000,Street Light Out,Closed,Mangaluru,12.927487,74.846884
61890432,2025-12-27T12:33:00.000,,Street Light Out,In Progress,Shivamogga,13.945064,75.583821
61890495,2025-12-27T13:30:00.000,2025-12-29T13:50:00.000,Street Light Out,Closed,Hubballi,15.3451,75.131804
61890647,2025-12-27T17:33:00.000,2025-12-29T12:30:00.000,Street Light Out,Closed,Bengaluru,12.967893,77.62927
61890675,2025-12-27T17:48:00.000,,Street Light Out,Open,Mangaluru,12.878137,74.872787
61890770,2025-12-27T19:40:00.000,,Street Light Out,In Progress,Mysuru,12.31885,76.640349
61890824,2025-12-27T19:51:00.000,,Street Light Out,In Progress,Mangaluru,12.893278,74.849406
61891175,2025-12-27T20:05:00.000,,Street Light Out,In Progress,Shivamogga,13.912052,75.59755
61891193,2025-12-27T20:47:00.000,2025-12-29T10:28:09.000,Street Light Out,Closed,Shivamogga,13.925218,75.568407
61891317,2025-12-27T21:53:00.000,,Street Light Out,Open,Bengaluru,12.945593,77.526279
61891467,2025-12-27T22:10:00.000,,Street Light Out,In Progress,Hubballi,15.339769,75.107379
61891505,2025-12-28T00:19:00.000,,Street Light Dayburning,In Progress,Mangaluru,12.872423,74.850197
61891606,2025-12-28T00:23:00.000,,Street Light Out,Open,Tumakuru,13.343705,77.108774
61891878,2025-12-28T00:35:00.000,,Street Light Out,In Progress,Bengaluru,12.986118,77.558579
61891979,2025-12-28T07:33:00.000,2025-12-30T11:26:08.000,Street Light Out,Closed,Bengaluru,13.047423,77.514047
61892002,2025-12-28T07:52:00.000,2025-12-29T13:25:55.000,Street Light Out,Closed,Tumakuru,13.319375,77.10862
61892041,2025-12-28T09:29:00.000,,Street Light Cycling,Open,Belagavi,15.843682,74.554241
61892067,2025-12-28T09:35:00.000,,Street Light Out,Open,Mangaluru,12.871688,74.855525
61892123,2025-12-28T10:32:00.000,2025-12-29T15:59:14.000,Street Light Out,Closed,Hubballi,15.337324,75.158877
61892173,2025-12-28T10:51:00.000,2025-12-30T14:15:41.000,Street Light Out,Closed,Shivamogga,13.920096,75.552557
61892417,2025-12-28T11:23:00.000,,Street Light Out,Open,Mysuru,12.314155,76.663795
61892428,2025-12-28T15:55:00.000,2025-12-31T18:10:45.000,Street Light Out,Closed,Shivamogga,13.974965,75.576596
61892458,2025-12-28T18:05:00.000,,Street Light Out,Open,Tumakuru,13.323044,77.113745
61892466,2025-12-28T19:10:00.000,2025-12-30T08:12:43.000,Street Light Out,Closed,Mangaluru,12.86987,74.852633
61892469,2025-12-28T20:41:00.000,,Street Light Dayburning,Open,Shivamogga,13.95619,75.562594
61892668,2025-12-28T20:58:00.000,2025-12-31T10:35:57.000,Street Light Cycling,Closed,Mysuru,12.349654,76.622164
61892696,2025-12-28T22:32:00.000,,Street Light Out,Open,Hubballi,15.403405,75.136132
61892707,2025-12-28T22:45:00.000,,Street Light Out,In Progress,Hubballi,15.36096,75.115873
61893050,2025-12-28T23:08:00.000,,Street Light Out,Open,Hubballi,15.34402,75.139172
61893485,2025-12-29T00:13:00.000,,Street Light Out,In Progress,Hubballi,15.413652,75.179413
61893513,2025-12-29T00:52:00.000,,Street Light Out,In Progress,Mysuru,12.308899,76.690708
61893811,2025-12-29T09:01:00.000,,Street Light Out,Open,Hubballi,15.353433,75.162114
61894244,2025-12-29T09:17:00.000,,Street Light Out,In Progress,Mangaluru,12.87748,74.847727
61894254,2025-12-29T11:11:00.000,2025-12-31T09:48:58.000,Street Light Out,Closed,Mysuru,12.299896,76.665371
61894539,2025-12-29T11:41:00.000,,Street Light Out,Open,Mangaluru,12.919354,74.853212
61894658,2025-12-29T13:35:00.000,,Street Light Out,Open,Hubballi,15.355714,75.168443
61894725,2025-12-29T14:30:00.000,,Street Light Out,Open,Bengaluru,12.940212,77.651308
61894751,2025-12-29T18:01:00.000,,Street Light Out,Open,Mangaluru,12.902159,74.905895
61894764,2025-12-29T18:38:00.000,2025-12-30T15:01:24.000,Street Light Out,Closed,Bengaluru,12.982832,77.594973
61894825,2025-12-29T21:44:00.000,,Street Light Out,Open,Shivamogga,13.930467,75.559951
61894851,2025-12-30T00:13:00.000,,Street Light Out,Open,Belagavi,15.882285,74.501452
61895203,2025-12-30T01:15:00.000,2025-12-31T17:48:00.000,Street Light Out,Closed,Mysuru,12.345028,76.65233
61895591,2025-12-30T04:24:00.000,,Street Light Dim,In Progress,Tumakuru,13.316785,77.118324
61895692,2025-12-30T11:06:00.000,2025-12-31T08:15:00.000,Street Light Out,Closed,Mangaluru,12.875197,74.857672
61895836,2025-12-30T11:18:00.000,,Street Light Out,In Progress,Shivamogga,13.916559,75.564198
61895856,2025-12-30T12:48:00.000,,Street Light Out,Open,Mangaluru,12.889625,74.854607
61896095,2025-12-30T12:56:00.000,,Street Light Out,In Progress,Tumakuru,13.327867,77.096196
61896500,2025-12-30T16:59:00.000,,Street Light Out,In Progress,Mysuru,12.329354,76.636967
61896522,2025-12-30T17:58:00.000,,Street Light Cycling,Open,Belagavi,15.852867,74.522705
61896567,2025-12-30T18:12:00.000,,Street Light Out,Open,Tumakuru,13.337504,77.100901
61896819,2025-12-30T18:48:00.000,,Street Light Out,In Progress,Mangaluru,12.871042,74.862402
61896870,2025-12-30T19:09:00.000,,Street Light Dim,Open,Mangaluru,12.885517,74.8523
61896906,2025-12-30T19:44:00.000,,Street Light Out,In Progress,Tumakuru,13.348745,77.103907
61896958,2025-12-30T22:14:00.000,,Street Light Out,In Progress,Shivamogga,13.892266,75.554882
61896978,2025-12-30T22:50:00.000,,Street Light Out,In Progress,Mangaluru,12.886151,74.844788
61897010,2025-12-31T01:57:00.000,,Street Light Out,Open,Mangaluru,12.904569,74.912541
61897038,2025-12-31T08:21:00.000,,Street Light Out,In Progress,Mangaluru,12.921888,74.875254
61897071,2025-12-31T08:32:00.000,,Street Light Out,Open,Mangaluru,12.873366,74.85043
61897276,2025-12-31T09:12:00.000,,Street Light Out,In Progress,Bengaluru,13.056778,77.593729
61897290,2025-12-31T09:43:00.000,,Street Light Out,Open,Belagavi,15.849067,74.555993
61897513,2025-12-31T10:11:00.000,,Street Light Out,In Progress,Belagavi,15.861196,74.486038
61897852,2025-12-31T11:27:00.000,,Street Light Out,Open,Belagavi,15.846893,74.487409
61897857,2025-12-31T16:33:00.000,,Street Light Out,Open,Hubballi,15.352258,75.123584
61898133,2025-12-31T18:34:00.000,,Street Light Out,In Progress,Mangaluru,12.87606,74.841426
61898262,2025-12-31T18:40:00.000,,Lamppost Damaged,In Progress,Hubballi,15.365276,75.126874
61898391,2025-12-31T18:43:00.000,,Street Light Out,In Progress,Tumakuru,13.350051,77.105412
61898446,2025-12-31T18:48:00.000,,Street Light Out,Open,Mysuru,12.3005,76.669048
61898477,2025-12-31T19:46:00.000,,Street Light Out,Open,Bengaluru,12.823615,77.61573
61898647,2025-12-31T22:09:00.000,,Street Light Out,In Progress,Belagavi,15.846923,74.550484
61898982,2025-12-31T22:48:00.000,,Street Light Out,In Progress,Belagavi,15.850276,74.517384
61899385,2025-12-31T23:10:00.000,,Street Light Out,Open,Belagavi,15.849209,74.491766
61899557,2025-12-31T23:45:00.000,,Street Light Out,Open,Tumakuru,13.390106,77.127405
