unique_key,created_date,closed_date,descriptor,status,borough,latitude,longitude
61000008,2025-01-01T02:10:00.000,2025-01-09T14:30:22.000,Street Light Out,Closed,Mangaluru,12.903024,74.856697
61000123,2025-01-01T06:51:00.000,2025-01-04T08:42:16.000,Street Light Out,Closed,Mysuru,12.292882,76.641254
61000139,2025-01-01T07:02:00.000,2025-01-03T18:04:19.000,Street Light Out,Closed,Bengaluru,12.951649,77.606834
61000197,2025-01-01T08:27:00.000,2025-01-08T12:00:00.000,Street Light Out,Closed,Hubballi,15.356586,75.132213
61000373,2025-01-01T08:58:00.000,2025-01-13T10:52:00.000,Street Light Out,Closed,Belagavi,15.846901,74.461463
61000676,2025-01-01T10:49:00.000,2025-01-08T11:33:00.000,Street Light Out,Closed,Mysuru,12.309993,76.655031
61000863,2025-01-01T14:56:00.000,2025-01-13T08:03:44.000,Street Light Out,Closed,Mysuru,12.309223,76.656552
61001188,2025-01-01T16:17:00.000,2025-01-06T15:21:00.000,Street Light Out,Closed,Belagavi,15.820245,74.555333
61001218,2025-01-01T18:05:00.000,2025-02-10T09:34:00.000,Street Light Cycling,Closed,Hubballi,15.357674,75.144123
61001300,2025-01-01T18:50:00.000,2025-01-09T10:52:44.000,Street Light Out,Closed,Tumakuru,13.332945,77.125469
61001376,2025-01-01T19:44:00.000,2025-01-05T18:36:00.000,Street Light Out,Closed,Bengaluru,12.931485,77.606217
61001843,2025-01-01T20:02:00.000,2025-01-10T13:40:00.000,Street Light Out,Closed,Hubballi,15.349373,75.136401
61002236,2025-01-01T20:03:00.000,2025-01-09T17:22:18.000,Street Light Out,Closed,Mangaluru,12.870012,74.858919
61002252,2025-01-01T21:25:00.000,2025-01-08T13:03:00.000,Street Light Out,Closed,Mysuru,12.317448,76.635756
61002475,2025-01-01T21:47:00.000,2025-01-04T13:35:00.000,Street Light Out,Closed,Bengaluru,12.963044,77.595637
61002520,2025-01-01T22:15:00.000,2025-01-13T09:04:00.000,Street Light Dim,Closed,Shivamogga,13.925081,75.577155
61002636,2025-01-01T22:54:00.000,2025-01-19T15:27:08.000,Lamppost Damaged,Closed,Mangaluru,12.880676,74.862255
61002639,2025-01-01T22:54:00.000,2025-01-04T17:45:00.000,Street Light Out,Closed,Mangaluru,12.856124,74.895198
61002771,2025-01-01T23:07:00.000,2025-01-08T12:06:00.000,Street Light Out,Closed,Bengaluru,12.923429,77.641312
61002863,2025-01-02T03:26:00.000,2025-01-06T15:58:20.000,Street Light Out,Closed,Mysuru,12.350816,76.69257
61002873,2025-01-02T07:26:00.000,2025-01-07T14:29:00.000,Street Light Out,Closed,Mangaluru,12.887834,74.866643
61003012,2025-01-02T07:56:00.000,2025-01-09T16:32:00.000,Street Light Out,Closed,Mysuru,12.295383,76.652821
61003050,2025-01-02T08:51:00.000,2025-01-20T15:46:46.000,Street Light Dayburning,Closed,Belagavi,15.848419,74.489949
61003096,2025-01-02T09:28:00.000,2025-01-08T10:36:00.000,Street Light Out,Closed,Mangaluru,12.917105,74.846939
61003130,2025-01-02T09:29:00.000,2025-01-04T10:48:37.000,Street Light Out,Closed,Bengaluru,12.965781,77.578889
61003153,2025-01-02T11:44:00.000,2025-01-08T10:33:49.000,Street Light Out,Closed,Shivamogga,13.923875,75.57364
61003325,2025-01-02T12:09:00.000,2025-01-07T14:17:00.000,Street Light Out,Closed,Tumakuru,13.323743,77.146229
61003327,2025-01-02T14:26:00.000,2025-01-07T09:29:00.000,Street Light Out,Closed,Mysuru,12.29749,76.659801
61003403,2025-01-02T18:31:00.000,2025-01-09T10:23:00.000,Street Light Out,Closed,Shivamogga,13.954306,75.593063
61003675,2025-01-02T19:12:00.000,2025-01-07T18:21:53.000,Street Light Out,Closed,Bengaluru,13.012743,77.502468
61003705,2025-01-02T20:19:00.000,2025-01-06T18:13:33.000,Street Light Out,Closed,Hubballi,15.371322,75.123255
61003867,2025-01-02T20:37:00.000,2025-03-05T09:15:00.000,Street Light Dim,Closed,Belagavi,15.880678,74.487933
61004128,2025-01-02T20:44:00.000,2025-01-25T08:33:00.000,Street Light Out,Closed,Bengaluru,12.970825,77.593349
61004197,2025-01-02T21:20:00.000,2025-01-05T10:30:10.000,Street Light Out,Closed,Belagavi,15.876663,74.494868
61004329,2025-01-02T22:39:00.000,2025-01-20T14:33:43.000,Street Light Out,Closed,Mangaluru,12.875423,74.8588
61004495,2025-01-02T23:02:00.000,2025-01-07T09:48:00.000,Street Light Out,Closed,Shivamogga,13.91972,75.583999
61004611,2025-01-02T23:07:00.000,2025-01-05T11:51:00.000,Street Light Out,Closed,Bengaluru,13.048327,77.633875
61004723,2025-01-02T23:41:00.000,2025-01-04T14:50:00.000,Street Light Out,Closed,Tumakuru,13.347355,77.084842
61004739,2025-01-02T23:59:00.000,2025-01-04T11:25:00.000,Street Light Out,Closed,Bengaluru,13.001473,77.598972
61005250,2025-01-03T06:27:00.000,2025-01-04T17:33:00.000,Street Light Out,Closed,Bengaluru,12.975993,77.571787
61005407,2025-01-03T07:14:00.000,2025-01-10T14:45:00.000,Street Light Out,Closed,Bengaluru,12.927868,77.616291
61005526,2025-01-03T08:35:00.000,2025-01-07T16:30:00.000,Street Light Out,Closed,Belagavi,15.870485,74.51702
61005666,2025-01-03T09:04:00.000,2025-01-05T18:41:00.000,Street Light Out,Closed,Tumakuru,13.336692,77.100486
61005784,2025-01-03T10:10:00.000,2025-01-05T11:38:06.000,Street Light Out,Closed,Bengaluru,12.957037,77.558134
61005845,2025-01-03T10:15:00.000,2025-01-13T13:48:00.000,Street Light Out,Closed,Mysuru,12.291416,76.582889
61006119,2025-01-03T10:22:00.000,2025-01-05T11:46:00.000,Street Light Out,Closed,Mangaluru,12.893071,74.863858
61006312,2025-01-03T10:38:00.000,2025-01-09T15:10:00.000,Street Light Out,Closed,Belagavi,15.882717,74.476891
61006367,2025-01-03T16:06:00.000,2025-01-06T16:28:00.000,Street Light Out,Closed,Mangaluru,12.879279,74.870934
61006438,2025-01-03T16:20:00.000,2025-01-15T11:54:00.000,Street Light Out,Closed,Mangaluru,12.876256,74.850695
61006745,2025-01-03T18:06:00.000,2025-01-06T15:22:35.000,Street Light Out,Closed,Tumakuru,13.347254,77.105531
61006795,2025-01-03T18:50:00.000,2025-01-04T11:22:42.000,Street Light Out,Closed,Bengaluru,12.939751,77.563241
61007061,2025-01-03T18:55:00.000,2025-01-12T13:04:00.000,Street Light Out,Closed,Mangaluru,12.875388,74.856652
61007223,2025-01-03T21:49:00.000,2025-01-08T12:32:23.000,Street Light Out,Closed,Hubballi,15.378926,75.114455
61007373,2025-01-03T21:57:00.000,2025-01-08T17:56:00.000,Street Light Out,Closed,Bengaluru,12.979445,77.588109
61007473,2025-01-03T22:47:00.000,2025-01-06T14:03:00.000,Street Light Cycling,Closed,Bengaluru,12.973525,77.587424
61007513,2025-01-04T07:35:00.000,2025-01-06T13:14:13.000,Street Light Out,Closed,Shivamogga,13.907084,75.554416
61007685,2025-01-04T08:29:00.000,2025-01-11T17:27:00.000,Street Light Dayburning,Closed,Mangaluru,12.895477,74.899256
61008047,2025-01-04T12:29:00.000,2025-01-12T16:22:07.000,Street Light Out,Closed,Mysuru,12.299495,76.62596
61008214,2025-01-04T12:49:00.000,2025-01-15T11:02:00.000,Street Light Out,Closed,Shivamogga,13.925887,75.572404
61008301,2025-01-04T17:40:00.000,2025-01-10T09:02:00.000,Street Light Out,Closed,Mangaluru,12.838152,74.883567
61008534,2025-01-04T22:12:00.000,2025-01-10T18:24:00.000,Street Light Out,Closed,Tumakuru,13.365328,77.137593
61008577,2025-01-04T22:27:00.000,2025-01-08T17:31:35.000,Street Light Out,Closed,Mysuru,12.299309,76.641861
61008718,2025-01-04T22:58:00.000,2025-01-09T15:02:00.000,Street Light Out,Closed,Bengaluru,12.98915,77.57109
61008728,2025-01-04T23:09:00.000,2025-01-07T09:27:00.000,Street Light Out,Closed,Mysuru,12.306531,76.643739
61008929,2025-01-04T23:28:00.000,2025-01-05T17:23:56.000,Street Light Out,Closed,Bengaluru,12.915417,77.646026
61008976,2025-01-05T08:48:00.000,2025-01-13T17:05:42.000,Street Light Out,Closed,Belagavi,15.886531,74.483138
61009033,2025-01-05T10:11:00.000,2025-01-07T13:40:50.000,Street Light Out,Closed,Bengaluru,12.95877,77.586332
61009123,2025-01-05T10:42:00.000,2025-01-11T16:45:00.000,Street Light Out,Closed,Hubballi,15.356209,75.150115
61009224,2025-01-05T12:50:00.000,2025-01-07T14:24:00.000,Street Light Out,Closed,Hubballi,15.358326,75.148702
61009443,2025-01-05T13:37:00.000,2025-01-15T10:20:25.000,Street Light Out,Closed,Mysuru,12.277578,76.695919
61009471,2025-01-05T14:41:00.000,2025-01-17T09:53:00.000,Street Light Out,Closed,Shivamogga,13.943041,75.571903
61009579,2025-01-05T16:32:00.000,2025-01-13T16:57:01.000,Street Light Out,Closed,Mangaluru,12.890818,74.855059
61009620,2025-01-05T17:34:00.000,2025-01-06T17:38:53.000,Street Light Out,Closed,Bengaluru,12.987762,77.597372
61009713,2025-01-05T18:07:00.000,2025-01-16T18:20:00.000,Street Light Out,Closed,Mysuru,12.262513,76.629793
61009856,2025-01-05T18:19:00.000,2025-01-09T12:30:00.000,Street Light Dayburning,Closed,Belagavi,15.834027,74.468086
61010556,2025-01-05T19:48:00.000,2025-01-09T08:24:00.000,Street Light Out,Closed,Hubballi,15.355773,75.139333
61010578,2025-01-05T19:56:00.000,2025-01-07T08:43:00.000,Street Light Out,Closed,Bengaluru,12.851323,77.604783
61010808,2025-01-05T20:19:00.000,2025-01-15T10:12:00.000,Street Light Out,Closed,Mangaluru,12.917114,74.858846
61010917,2025-01-05T20:33:00.000,2025-02-08T15:48:12.000,Street Light Cycling,Closed,Shivamogga,13.893678,75.578723
61011074,2025-01-05T20:38:00.000,2025-01-09T16:09:00.000,Street Light Cycling,Closed,Belagavi,15.842474,74.489624
61011183,2025-01-05T20:42:00.000,2025-01-13T08:09:46.000,Street Light Out,Closed,Tumakuru,13.342274,77.102433
61011258,2025-01-05T21:26:00.000,2025-01-10T13:25:00.000,Street Light Out,Closed,Mangaluru,12.856176,74.883295
61011346,2025-01-05T22:43:00.000,2025-01-13T08:04:00.000,Street Light Out,Closed,Tumakuru,13.342873,77.088805
61011781,2025-01-05T23:05:00.000,2025-02-20T09:50:00.000,Street Light Out,Closed,Mysuru,12.292776,76.671779
61011800,2025-01-06T00:37:00.000,2025-01-25T08:44:00.000,Street Light Out,Closed,Bengaluru,12.969359,77.594893
61011896,2025-01-06T02:47:00.000,2025-01-08T10:27:00.000,Street Light Out,Closed,Bengaluru,12.981606,77.640847
61012361,2025-01-06T08:43:00.000,2025-01-09T17:00:00.000,Street Light Out,Closed,Hubballi,15.365365,75.130176
61012769,2025-01-06T10:19:00.000,2025-01-22T10:40:00.000,Street Light Out,Closed,Tumakuru,13.37293,77.13518
61012855,2025-01-06T12:07:00.000,2025-01-13T14:27:00.000,Street Light Out,Closed,Shivamogga,13.952916,75.537504
61012885,2025-01-06T13:01:00.000,2025-01-14T18:26:36.000,Street Light Out,Closed,Hubballi,15.380089,75.119814
61012963,2025-01-06T13:25:00.000,2025-01-11T17:14:25.000,Street Light Out,Closed,Belagavi,15.881503,74.519733
61013145,2025-01-06T16:41:00.000,2025-01-14T14:52:59.000,Street Light Out,Closed,Tumakuru,13.342764,77.111164
61013236,2025-01-06T17:08:00.000,2025-01-09T10:43:39.000,Street Light Out,Closed,Mysuru,12.310836,76.645932
61013273,2025-01-06T17:57:00.000,2025-01-16T09:44:00.000,Street Light Cycling,Closed,Belagavi,15.84694,74.485863
61013279,2025-01-06T20:02:00.000,2025-01-11T11:01:00.000,Street Light Out,Closed,Bengaluru,13.008579,77.575537
61013348,2025-01-06T20:42:00.000,2025-01-13T09:21:12.000,Street Light Out,Closed,Tumakuru,13.339235,77.10163
61013613,2025-01-06T21:02:00.000,2025-01-17T13:23:00.000,Street Light Out,Closed,Hubballi,15.383902,75.130685
61013674,2025-01-06T21:22:00.000,2025-01-16T18:29:06.000,Street Light Out,Closed,Bengaluru,12.984107,77.539473
61013705,2025-01-06T21:46:00.000,2025-01-15T14:07:39.000,Street Light Out,Closed,Mysuru,12.274647,76.681664
61013740,2025-01-06T22:04:00.000,2025-01-09T11:37:00.000,Street Light Out,Closed,Shivamogga,13.947286,75.536095
61013866,2025-01-07T00:39:00.000,2025-01-08T16:12:00.000,Street Light Out,Closed,Bengaluru,12.911028,77.675182
61013906,2025-01-07T06:22:00.000,2025-03-03T17:37:11.000,Street Light Out,Closed,Hubballi,15.359063,75.12307
61014136,2025-01-07T06:56:00.000,2025-01-11T18:36:00.000,Street Light Out,Closed,Bengaluru,12.97045,77.620889
61014303,2025-01-07T08:30:00.000,2025-01-18T16:15:13.000,Street Light Out,Closed,Bengaluru,12.979601,77.592404
61014718,2025-01-07T10:12:00.000,2025-01-13T15:35:00.000,Street Light Out,Closed,Mysuru,12.310243,76.67056
61014750,2025-01-07T10:20:00.000,2025-01-17T16:02:43.000,Street Light Out,Closed,Hubballi,15.351233,75.120876
61014855,2025-01-07T11:19:00.000,2025-01-16T11:04:03.000,Street Light Out,Closed,Hubballi,15.367036,75.16208
61014857,2025-01-07T12:21:00.000,2025-01-14T12:30:00.000,Street Light Dim,Closed,Bengaluru,12.95013,77.551349
61015027,2025-01-07T13:08:00.000,2025-01-24T16:53:10.000,Street Light Out,Closed,Belagavi,15.892685,74.510066
61015070,2025-01-07T17:21:00.000,2025-01-20T08:27:58.000,Street Light Out,Closed,Shivamogga,13.960777,75.551131
61015413,2025-01-07T17:36:00.000,2025-01-21T12:54:29.000,Street Light Out,Closed,Mangaluru,12.879711,74.849153
61015583,2025-01-07T17:39:00.000,2025-01-12T12:49:38.000,Street Light Cycling,Closed,Mangaluru,12.876689,74.87836
61015616,2025-01-07T17:41:00.000,2025-01-16T17:50:47.000,Street Light Out,Closed,Mangaluru,12.872488,74.859604
61015855,2025-01-07T18:04:00.000,2025-01-19T17:28:20.000,Street Light Out,Closed,Shivamogga,13.938457,75.591485
61016474,2025-01-07T18:39:00.000,2025-01-09T09:03:50.000,Street Light Out,Closed,Mysuru,12.299523,76.659856
61016511,2025-01-07T19:27:00.000,2025-01-19T08:09:02.000,Street Light Out,Closed,Belagavi,15.837387,74.480925
61016545,2025-01-07T19:39:00.000,2025-01-16T10:38:58.000,Street Light Out,Closed,Bengaluru,12.968989,77.582331
61016679,2025-01-07T22:34:00.000,2025-01-26T11:57:00.000,Street Light Out,Closed,Mysuru,12.262497,76.692294
61016822,2025-01-07T22:50:00.000,2025-01-14T18:27:48.000,Street Light Out,Closed,Bengaluru,13.063792,77.462371
61016931,2025-01-08T00:47:00.000,2025-01-18T13:18:25.000,Street Light Out,Closed,Mysuru,12.316987,76.665476
61016996,2025-01-08T01:48:00.000,2025-01-17T17:39:20.000,Street Light Out,Closed,Mangaluru,12.874507,74.867623
61017183,2025-01-08T05:28:00.000,2025-01-13T16:35:00.000,Street Light Out,Closed,Mangaluru,12.88246,74.85852
61017703,2025-01-08T08:54:00.000,2025-01-10T09:53:00.000,Street Light Out,Closed,Tumakuru,13.346511,77.12112
61017783,2025-01-08T09:17:00.000,2025-01-10T14:44:00.000,Street Light Dayburning,Closed,Bengaluru,12.974577,77.616822
61017852,2025-01-08T11:15:00.000,2025-01-16T10:53:00.000,Street Light Out,Closed,Belagavi,15.826133,74.557645
61018082,2025-01-08T11:17:00.000,2025-01-10T17:41:00.000,Street Light Out,Closed,Bengaluru,12.945928,77.561024
61018311,2025-01-08T12:14:00.000,2025-01-12T17:31:00.000,Street Light Out,Closed,Tumakuru,13.345688,77.122358
61018330,2025-01-08T12:23:00.000,2025-01-12T18:23:00.000,Street Light Out,Closed,Belagavi,15.850337,74.487085
61018372,2025-01-08T19:31:00.000,2025-01-18T10:38:00.000,Street Light Out,Closed,Tumakuru,13.341273,77.098473
61018395,2025-01-08T20:19:00.000,2025-01-10T11:17:11.000,Street Light Out,Closed,Bengaluru,12.996111,77.636175
61018456,2025-01-08T20:23:00.000,2025-01-12T14:23:03.000,Street Light Out,Closed,Mysuru,12.291537,76.638617
61018464,2025-01-08T21:28:00.000,2025-01-22T08:08:00.000,Street Light Out,Closed,Bengaluru,12.97058,77.578732
61018536,2025-01-08T22:40:00.000,2025-01-25T17:41:22.000,Street Light Out,Closed,Tumakuru,13.349468,77.108075
61018544,2025-01-08T22:41:00.000,2025-01-11T16:41:00.000,Street Light Out,Closed,Tumakuru,13.317733,77.123896
61018821,2025-01-08T23:43:00.000,2025-01-24T18:03:00.000,Street Light Out,Closed,Mangaluru,12.884606,74.85613
61018822,2025-01-09T06:29:00.000,2025-01-11T08:50:00.000,Street Light Dayburning,Closed,Bengaluru,12.92181,77.593135
61018892,2025-01-09T07:10:00.000,2025-01-21T12:20:38.000,Street Light Out,Closed,Shivamogga,13.932811,75.552705
61018978,2025-01-09T08:27:00.000,2025-01-13T15:18:25.000,Street Light Out,Closed,Mysuru,12.35395,76.710187
61019069,2025-01-09T08:29:00.000,2025-04-09T08:29:00.000,Street Light Out,Closed,Tumakuru,13.328745,77.100759
61019116,2025-01-09T09:06:00.000,2025-01-13T10:36:00.000,Street Light Cycling,Closed,Belagavi,15.872293,74.507493
61019308,2025-01-09T10:02:00.000,2025-01-15T15:40:37.000,Street Light Dim,Closed,Hubballi,15.356424,75.144593
61019874,2025-01-09T10:34:00.000,2025-01-12T11:02:00.000,Street Light Out,Closed,Mangaluru,12.895405,74.868701
61019891,2025-01-09T11:10:00.000,2025-01-11T13:48:00.000,Street Light Out,Closed,Bengaluru,12.945011,77.617571
61020014,2025-01-09T11:36:00.000,2025-01-13T18:19:00.000,Street Light Out,Closed,Mangaluru,12.878215,74.858756
61020113,2025-01-09T11:56:00.000,2025-01-23T10:59:57.000,Street Light Out,Closed,Tumakuru,13.335908,77.121039
61020254,2025-01-09T17:28:00.000,2025-01-14T14:12:00.000,Street Light Cycling,Closed,Tumakuru,13.356075,77.112579
61020485,2025-01-09T19:17:00.000,2025-01-20T17:42:41.000,Street Light Out,Closed,Tumakuru,13.344958,77.078095
61020641,2025-01-09T19:37:00.000,2025-01-12T14:06:00.000,Street Light Out,Closed,Bengaluru,12.989058,77.571306
61020656,2025-01-09T19:50:00.000,2025-01-13T09:49:35.000,Street Light Dayburning,Closed,Tumakuru,13.340793,77.097674
61020664,2025-01-09T20:11:00.000,2025-01-12T16:14:00.000,Street Light Dayburning,Closed,Bengaluru,12.97606,77.571751
61020834,2025-01-09T20:15:00.000,2025-01-13T18:04:00.000,Street Light Out,Closed,Bengaluru,12.968294,77.611388
61021219,2025-01-09T21:14:00.000,2025-02-02T11:28:41.000,Street Light Out,Closed,Mysuru,12.30971,76.649491
61021380,2025-01-09T21:40:00.000,2025-03-05T14:30:00.000,Street Light Out,Closed,Bengaluru,12.951861,77.617039
61021569,2025-01-09T21:42:00.000,2025-01-11T12:18:00.000,Street Light Out,Closed,Bengaluru,13.007964,77.613111
61021910,2025-01-09T21:44:00.000,2025-01-14T14:30:00.000,Street Light Out,Closed,Bengaluru,12.98735,77.572964
61021923,2025-01-09T21:49:00.000,2025-01-17T11:05:50.000,Street Light Out,Closed,Bengaluru,12.976998,77.601265
61022048,2025-01-09T21:51:00.000,2025-02-03T08:41:51.000,Street Light Out,Closed,Shivamogga,13.927072,75.55912
61022074,2025-01-09T22:34:00.000,2025-01-15T14:39:00.000,Street Light Out,Closed,Bengaluru,12.978466,77.589346
61022353,2025-01-09T22:53:00.000,2025-01-11T11:57:00.000,Street Light Out,Closed,Bengaluru,12.93485,77.630167
61022473,2025-01-09T23:47:00.000,2025-01-22T16:31:00.000,Street Light Out,Closed,Bengaluru,12.955558,77.606901
61022512,2025-01-10T00:15:00.000,2025-01-16T10:43:42.000,Street Light Out,Closed,Mysuru,12.317732,76.674302
61022523,2025-01-10T02:22:00.000,2025-01-22T08:41:46.000,Street Light Out,Closed,Belagavi,15.87229,74.515198
61022855,2025-01-10T05:41:00.000,2025-01-23T09:44:20.000,Lamppost Damaged,Closed,Bengaluru,12.982568,77.58615
61022893,2025-01-10T07:52:00.000,2025-02-08T14:50:33.000,Street Light Out,Closed,Bengaluru,13.01299,77.548808
61023024,2025-01-10T08:48:00.000,2025-01-19T15:12:00.000,Street Light Out,Closed,Hubballi,15.358394,75.130996
61023125,2025-01-10T10:46:00.000,2025-01-12T18:57:42.000,Street Light Out,Closed,Bengaluru,12.946242,77.631595
61023165,2025-01-10T11:33:00.000,2025-01-13T09:12:00.000,Street Light Out,Closed,Hubballi,15.353465,75.136346
61023446,2025-01-10T15:56:00.000,2025-01-14T17:52:00.000,Street Light Out,Closed,Bengaluru,12.950437,77.634093
61023583,2025-01-10T16:14:00.000,2025-01-13T18:20:38.000,Street Light Out,Closed,Hubballi,15.345,75.133055
61023608,2025-01-10T17:17:00.000,2025-01-14T12:52:02.000,Street Light Out,Closed,Mysuru,12.309963,76.658469
61023626,2025-01-10T18:04:00.000,2025-01-17T14:09:00.000,Street Light Out,Closed,Mangaluru,12.888674,74.885743
61023668,2025-01-10T19:22:00.000,2025-02-07T11:43:00.000,Street Light Out,Closed,Bengaluru,13.005608,77.486028
61023709,2025-01-10T19:49:00.000,2025-01-18T17:26:21.000,Street Light Out,Closed,Belagavi,15.870034,74.493313
61023907,2025-01-10T20:09:00.000,2025-01-13T08:39:02.000,Street Light Out,Closed,Tumakuru,13.352786,77.106566
61024014,2025-01-10T20:45:00.000,2025-01-18T18:35:00.000,Street Light Out,Closed,Bengaluru,12.965719,77.664123
61024312,2025-01-10T22:43:00.000,2025-01-16T08:34:00.000,Street Light Cycling,Closed,Mysuru,12.303666,76.671319
61024356,2025-01-11T06:29:00.000,2025-01-22T18:18:04.000,Street Light Out,Closed,Shivamogga,13.914458,75.576414
61024485,2025-01-11T08:02:00.000,2025-01-23T15:53:00.000,Street Light Out,Closed,Bengaluru,12.896577,77.635073
61024524,2025-01-11T08:38:00.000,2025-01-16T10:19:23.000,Street Light Out,Closed,Hubballi,15.352355,75.135836
61024550,2025-01-11T09:02:00.000,2025-02-27T15:17:00.000,Street Light Out,Closed,Mangaluru,12.873867,74.861514
61024625,2025-01-11T10:09:00.000,2025-01-27T15:25:00.000,Street Light Out,Closed,Bengaluru,12.986546,77.592184
61024763,2025-01-11T12:22:00.000,2025-01-27T10:22:05.000,Street Light Out,Closed,Belagavi,15.82662,74.555684
61024884,2025-01-11T12:23:00.000,2025-02-14T08:35:24.000,Street Light Out,Closed,Bengaluru,12.977645,77.608022
61024904,2025-01-11T16:22:00.000,2025-01-16T10:21:21.000,Street Light Out,Closed,Tumakuru,13.342789,77.116674
61025451,2025-01-11T20:14:00.000,2025-01-15T11:55:00.000,Street Light Dayburning,Closed,Tumakuru,13.341546,77.121162
61026021,2025-01-11T20:29:00.000,2025-01-13T16:32:16.000,Street Light Out,Closed,Bengaluru,12.969532,77.610597
61026368,2025-01-11T20:53:00.000,2025-02-18T11:23:08.000,Street Light Out,Closed,Bengaluru,13.069677,77.580927
61026494,2025-01-11T21:01:00.000,2025-03-08T14:43:00.000,Street Light Cycling,Closed,Hubballi,15.368673,75.13332
61026757,2025-01-11T21:37:00.000,2025-01-13T11:06:27.000,Street Light Out,Closed,Belagavi,15.843076,74.519696
61026888,2025-01-11T23:06:00.000,2025-01-13T12:19:00.000,Street Light Dim,Closed,Mysuru,12.321752,76.631401
61027105,2025-01-11T23:58:00.000,2025-01-16T10:37:48.000,Street Light Out,Closed,Hubballi,15.360168,75.139286
61027269,2025-01-12T04:40:00.000,2025-01-25T11:43:36.000,Street Light Out,Closed,Hubballi,15.330388,75.090751
61027294,2025-01-12T08:24:00.000,2025-01-14T18:13:49.000,Street Light Out,Closed,Shivamogga,13.927518,75.559921
61027316,2025-01-12T10:48:00.000,2025-01-15T08:07:00.000,Street Light Out,Closed,Bengaluru,12.99118,77.66138
61027371,2025-01-12T10:49:00.000,2025-01-27T10:04:52.000,Street Light Out,Closed,Mangaluru,12.875784,74.880532
61028081,2025-01-12T11:12:00.000,2025-01-28T10:54:00.000,Street Light Out,Closed,Tumakuru,13.367959,77.143521
61028268,2025-01-12T11:21:00.000,2025-01-19T16:51:31.000,Street Light Out,Closed,Shivamogga,13.92936,75.5508
61028302,2025-01-12T11:22:00.000,2025-01-14T11:09:00.000,Street Light Out,Closed,Bengaluru,12.966561,77.601097
61028341,2025-01-12T11:58:00.000,2025-01-16T15:26:00.000,Street Light Out,Closed,Mysuru,12.300848,76.634417
61028422,2025-01-12T14:07:00.000,2025-01-15T14:07:00.000,Street Light Out,Closed,Hubballi,15.35298,75.128233
61028443,2025-01-12T15:45:00.000,2025-01-29T14:18:00.000,Street Light Out,Closed,Hubballi,15.377888,75.120035
61028509,2025-01-12T17:25:00.000,2025-01-16T16:41:00.000,Street Light Out,Closed,Mysuru,12.315464,76.663292
61028606,2025-01-12T18:28:00.000,2025-01-18T10:05:08.000,Street Light Out,Closed,Tumakuru,13.347972,77.103923
61028829,2025-01-12T19:34:00.000,2025-01-14T16:27:00.000,Street Light Out,Closed,Bengaluru,12.991787,77.635809
61028960,2025-01-12T20:32:00.000,2025-01-14T08:23:30.000,Street Light Out,Closed,Bengaluru,12.954905,77.625828
61029163,2025-01-12T20:41:00.000,2025-01-15T17:52:41.000,Street Light Out,Closed,Belagavi,15.842142,74.536617
61029223,2025-01-12T20:58:00.000,2025-01-20T15:54:00.000,Street Light Out,Closed,Mysuru,12.254841,76.627344
61029232,2025-01-13T01:18:00.000,2025-01-15T16:03:00.000,Street Light Out,Closed,Bengaluru,12.979065,77.553415
61029285,2025-01-13T06:20:00.000,2025-01-18T10:48:00.000,Street Light Out,Closed,Mysuru,12.342476,76.679046
61029601,2025-01-13T10:07:00.000,2025-01-15T09:15:11.000,Street Light Out,Closed,Bengaluru,12.985699,77.563701
61029723,2025-01-13T10:34:00.000,2025-01-24T13:13:19.000,Street Light Out,Closed,Shivamogga,13.921521,75.588947
61030103,2025-01-13T12:27:00.000,2025-01-20T18:45:00.000,Street Light Out,Closed,Bengaluru,12.994652,77.543179
61030166,2025-01-13T16:45:00.000,2025-01-19T15:00:00.000,Street Light Dim,Closed,Shivamogga,13.958201,75.555218
61030262,2025-01-13T18:03:00.000,2025-01-16T12:01:39.000,Street Light Out,Closed,Mysuru,12.317528,76.659103
61030352,2025-01-13T19:18:00.000,2025-01-17T14:06:00.000,Street Light Out,Closed,Hubballi,15.360174,75.145945
61030495,2025-01-13T19:19:00.000,2025-01-18T10:19:00.000,Street Light Out,Closed,Bengaluru,12.962096,77.618121
61030640,2025-01-13T19:39:00.000,2025-01-17T18:54:00.000,Street Light Out,Closed,Belagavi,15.875019,74.484849
61030703,2025-01-13T19:47:00.000,2025-01-18T09:42:00.000,Street Light Out,Closed,Mysuru,12.322958,76.666335
61030961,2025-01-13T21:54:00.000,2025-01-16T15:58:48.000,Street Light Out,Closed,Bengaluru,12.960917,77.655356
61030999,2025-01-13T22:27:00.000,2025-01-18T18:27:00.000,Street Light Out,Closed,Mysuru,12.313205,76.6491
61031187,2025-01-13T22:44:00.000,2025-01-20T18:44:00.000,Street Light Out,Closed,Mangaluru,12.882847,74.851589
61031392,2025-01-13T22:49:00.000,2025-01-16T12:29:00.000,Street Light Out,Closed,Bengaluru,12.98252,77.613936
61031418,2025-01-13T22:50:00.000,2025-01-18T16:13:00.000,Street Light Out,Closed,Hubballi,15.351322,75.124121
61031515,2025-01-13T23:05:00.000,2025-01-20T15:53:32.000,Street Light Out,Closed,Mysuru,12.300023,76.649491
61031767,2025-01-13T23:52:00.000,2025-01-22T11:17:13.000,Street Light Out,Closed,Tumakuru,13.380272,77.103723
61031945,2025-01-14T01:10:00.000,2025-01-15T13:22:04.000,Street Light Out,Closed,Tumakuru,13.369224,77.1293
61032251,2025-01-14T01:52:00.000,2025-01-18T17:29:13.000,Street Light Out,Closed,Bengaluru,12.951999,77.736242
61032322,2025-01-14T04:27:00.000,2025-01-18T12:49:00.000,Street Light Out,Closed,Belagavi,15.849292,74.523194
61032367,2025-01-14T04:57:00.000,2025-01-15T12:55:00.000,Street Light Out,Closed,Bengaluru,12.98929,77.580873
61032522,2025-01-14T06:04:00.000,2025-01-18T11:37:00.000,Street Light Out,Closed,Bengaluru,12.957767,77.650885
61032627,2025-01-14T06:20:00.000,2025-01-26T10:17:00.000,Street Light Out,Closed,Belagavi,15.897814,74.52493
61032775,2025-01-14T09:24:00.000,2025-01-18T11:28:00.000,Street Light Out,Closed,Mangaluru,12.855639,74.899436
61032798,2025-01-14T09:47:00.000,2025-01-25T18:06:13.000,Street Light Out,Closed,Bengaluru,12.982676,77.59613
61032964,2025-01-14T10:44:00.000,2025-01-18T16:59:00.000,Street Light Out,Closed,Tumakuru,13.343508,77.100756
61033398,2025-01-14T11:14:00.000,2025-01-19T10:11:13.000,Street Light Out,Closed,Mangaluru,12.876065,74.868567
61033625,2025-01-14T11:31:00.000,2025-01-21T12:59:15.000,Street Light Out,Closed,Belagavi,15.882736,74.476887
61033758,2025-01-14T13:06:00.000,2025-01-15T17:26:38.000,Street Light Out,Closed,Hubballi,15.353371,75.136184
61033921,2025-01-14T16:10:00.000,2025-02-07T11:50:00.000,Street Light Out,Closed,Hubballi,15.34438,75.146433
61033933,2025-01-14T16:13:00.000,2025-01-17T16:36:00.000,Street Light Out,Closed,Bengaluru,12.967919,77.581268
61034367,2025-01-14T18:16:00.000,2025-01-19T14:24:00.000,Street Light Out,Closed,Belagavi,15.844209,74.512129
61034747,2025-01-14T18:44:00.000,2025-01-19T16:46:00.000,Street Light Out,Closed,Mangaluru,12.869631,74.865878
61034858,2025-01-14T20:21:00.000,2025-01-21T11:13:00.000,Street Light Out,Closed,Bengaluru,12.953013,77.581066
61034979,2025-01-14T20:51:00.000,2025-01-31T18:00:14.000,Street Light Out,Closed,Belagavi,15.811583,74.454097
61035025,2025-01-14T20:59:00.000,2025-01-25T16:07:20.000,Street Light Out,Closed,Mysuru,12.285662,76.648957
61035106,2025-01-14T21:00:00.000,2025-01-19T14:35:05.000,Street Light Out,Closed,Tumakuru,13.348425,77.148127
61035135,2025-01-14T21:30:00.000,2025-01-28T09:08:45.000,Street Light Out,Closed,Mangaluru,12.89196,74.859646
61035266,2025-01-14T22:37:00.000,2025-01-16T13:12:08.000,Street Light Out,Closed,Tumakuru,13.374511,77.127028
61035437,2025-01-14T23:01:00.000,2025-01-25T16:56:34.000,Street Light Out,Closed,Tumakuru,13.372361,77.132869
61035508,2025-01-15T00:10:00.000,2025-02-05T16:53:00.000,Street Light Out,Closed,Hubballi,15.328827,75.085547
61035511,2025-01-15T10:24:00.000,2025-01-29T10:54:28.000,Street Light Out,Closed,Shivamogga,13.914531,75.542832
61035535,2025-01-15T14:09:00.000,2025-01-20T14:25:00.000,Street Light Out,Closed,Mysuru,12.302508,76.665976
61035640,2025-01-15T16:08:00.000,2025-02-11T11:15:00.000,Street Light Out,Closed,Mysuru,12.272976,76.691036
61035676,2025-01-15T17:49:00.000,2025-02-06T15:10:06.000,Street Light Out,Closed,Hubballi,15.368559,75.169257
61035778,2025-01-15T18:13:00.000,2025-03-16T12:12:00.000,Lamppost Damaged,Closed,Mangaluru,12.883496,74.856087
61035787,2025-01-15T18:55:00.000,2025-01-26T09:04:55.000,Street Light Out,Closed,Tumakuru,13.36918,77.133763
61035814,2025-01-15T19:13:00.000,2025-02-24T12:31:00.000,Street Light Out,Closed,Shivamogga,13.935596,75.558249
61036107,2025-01-15T19:20:00.000,2025-01-19T08:28:00.000,Street Light Dayburning,Closed,Bengaluru,13.013928,77.571477
61036150,2025-01-15T19:22:00.000,2025-02-06T11:58:30.000,Street Light Out,Closed,Mysuru,12.32083,76.654124
61036186,2025-01-15T19:56:00.000,2025-01-26T18:58:10.000,Street Light Out,Closed,Shivamogga,13.917122,75.574956
61036267,2025-01-15T20:00:00.000,2025-01-25T16:12:19.000,Street Light Out,Closed,Mangaluru,12.919986,74.85693
61036360,2025-01-15T20:09:00.000,2025-01-21T12:06:00.000,Street Light Out,Closed,Bengaluru,13.029745,77.625093
61036454,2025-01-15T21:27:00.000,2025-01-20T09:25:00.000,Street Light Out,Closed,Tumakuru,13.356059,77.089735
61036467,2025-01-15T23:00:00.000,2025-01-29T10:27:00.000,Street Light Out,Closed,Mangaluru,12.878609,74.872982
61036570,2025-01-16T08:02:00.000,2025-01-21T10:55:00.000,Street Light Out,Closed,Hubballi,15.365317,75.127777
61036579,2025-01-16T08:02:00.000,2025-01-18T11:56:00.000,Street Light Out,Closed,Bengaluru,12.968506,77.591526
61036640,2025-01-16T08:36:00.000,2025-01-20T18:33:00.000,Street Light Cycling,Closed,Bengaluru,12.964014,77.531075
61036708,2025-01-16T09:02:00.000,2025-01-20T14:00:00.000,Street Light Out,Closed,Bengaluru,12.971307,77.649287
61036892,2025-01-16T10:00:00.000,2025-01-24T16:09:00.000,Street Light Dayburning,Closed,Mangaluru,12.881409,74.838217
61036932,2025-01-16T10:03:00.000,2025-01-23T09:36:00.000,Street Light Out,Closed,Mangaluru,12.873921,74.862048
61037328,2025-01-16T19:06:00.000,2025-01-20T09:58:00.000,Street Light Dayburning,Closed,Hubballi,15.350079,75.146628
61037855,2025-01-16T19:19:00.000,2025-01-24T10:17:00.000,Street Light Out,Closed,Bengaluru,12.981347,77.594099
61038050,2025-01-16T20:37:00.000,2025-01-18T15:29:00.000,Street Light Out,Closed,Bengaluru,12.979488,77.588075
61038076,2025-01-16T20:43:00.000,2025-01-20T18:52:00.000,Street Light Out,Closed,Bengaluru,12.929466,77.574536
61038221,2025-01-16T21:25:00.000,2025-01-23T11:58:00.000,Street Light Out,Closed,Mysuru,12.297891,76.648924
61038307,2025-01-16T21:42:00.000,2025-01-23T12:05:19.000,Street Light Out,Closed,Mangaluru,12.886225,74.873271
61038438,2025-01-16T22:12:00.000,2025-01-21T12:53:53.000,Street Light Out,Closed,Hubballi,15.352369,75.127604
61038480,2025-01-16T22:21:00.000,2025-01-31T15:46:12.000,Street Light Out,Closed,Bengaluru,12.977946,77.561499
61038527,2025-01-16T23:27:00.000,2025-01-18T11:20:00.000,Street Light Out,Closed,Mysuru,12.299103,76.67246
61038596,2025-01-17T00:27:00.000,2025-01-18T11:33:40.000,Street Light Out,Closed,Tumakuru,13.335502,77.117988
61038661,2025-01-17T02:17:00.000,2025-01-19T12:23:00.000,Street Light Out,Closed,Bengaluru,13.0366,77.634243
61038877,2025-01-17T02:21:00.000,2025-01-23T13:50:11.000,Street Light Out,Closed,Mangaluru,12.888939,74.874425
61038900,2025-01-17T07:37:00.000,2025-01-22T16:41:53.000,Street Light Out,Closed,Tumakuru,13.343165,77.107058
61038938,2025-01-17T08:49:00.000,2025-01-27T12:29:26.000,Street Light Out,Closed,Mysuru,12.311385,76.649511
61038941,2025-01-17T10:29:00.000,2025-01-19T08:27:42.000,Street Light Out,Closed,Tumakuru,13.355878,77.085787
61039080,2025-01-17T10:56:00.000,2025-01-25T14:37:15.000,Street Light Out,Closed,Mangaluru,12.873218,74.856677
61039114,2025-01-17T11:39:00.000,2025-01-20T16:15:00.000,Street Light Out,Closed,Bengaluru,12.982559,77.613927
61039204,2025-01-17T16:07:00.000,2025-01-24T18:32:45.000,Street Light Out,Closed,Bengaluru,13.023624,77.542071
61039544,2025-01-17T18:14:00.000,2025-03-11T17:40:22.000,Street Light Out,Closed,Bengaluru,13.040856,77.599514
61039574,2025-01-17T18:29:00.000,2025-01-18T18:46:25.000,Street Light Out,Closed,Hubballi,15.363328,75.112677
61039885,2025-01-17T19:14:00.000,2025-01-26T13:15:58.000,Street Light Out,Closed,Shivamogga,13.932443,75.58403
61040217,2025-01-17T19:44:00.000,2025-02-03T13:16:00.000,Street Light Out,Closed,Tumakuru,13.334564,77.088211
61040464,2025-01-17T20:02:00.000,2025-01-20T17:00:00.000,Street Light Out,Closed,Tumakuru,13.337683,77.091527
61040483,2025-01-17T20:45:00.000,2025-01-23T16:36:00.000,Street Light Cycling,Closed,Bengaluru,12.963911,77.584024
61040785,2025-01-17T21:45:00.000,2025-01-19T09:43:00.000,Street Light Out,Closed,Mysuru,12.312673,76.715406
61040847,2025-01-18T00:03:00.000,2025-01-23T16:32:00.000,Street Light Out,Closed,Belagavi,15.838023,74.518849
61040985,2025-01-18T06:35:00.000,2025-01-22T16:43:05.000,Street Light Out,Closed,Bengaluru,12.869115,77.52152
61041066,2025-01-18T06:51:00.000,2025-01-27T15:45:00.000,Street Light Out,Closed,Shivamogga,13.924392,75.561261
61041126,2025-01-18T07:27:00.000,2025-03-02T16:40:00.000,Street Light Out,Closed,Mangaluru,12.890817,74.855059
61041226,2025-01-18T09:11:00.000,2025-01-22T11:40:30.000,Street Light Out,Closed,Bengaluru,12.979614,77.591774
61041523,2025-01-18T10:02:00.000,2025-01-30T12:06:42.000,Street Light Out,Closed,Belagavi,15.850828,74.493757
61041652,2025-01-18T10:43:00.000,2025-01-23T09:59:00.000,Street Light Out,Closed,Hubballi,15.352972,75.128176
61041667,2025-01-18T11:28:00.000,2025-01-21T15:16:00.000,Street Light Out,Closed,Mysuru,12.294772,76.675466
61041704,2025-01-18T11:47:00.000,2025-01-28T09:52:00.000,Street Light Out,Closed,Hubballi,15.362949,75.122043
61041744,2025-01-18T13:37:00.000,2025-02-14T18:06:34.000,Street Light Out,Closed,Bengaluru,13.011833,77.572402
61041904,2025-01-18T18:37:00.000,2025-01-20T11:25:13.000,Street Light Out,Closed,Mysuru,12.2924,76.620949
61042012,2025-01-18T18:50:00.000,2025-01-20T16:05:46.000,Street Light Out,Closed,Bengaluru,12.98723,77.614843
61042205,2025-01-18T19:17:00.000,2025-01-25T14:28:00.000,Street Light Out,Closed,Tumakuru,13.343342,77.100685
61042326,2025-01-18T19:39:00.000,2025-01-20T12:47:00.000,Street Light Out,Closed,Mysuru,12.278963,76.686988
61042350,2025-01-18T19:54:00.000,2025-01-21T16:29:52.000,Street Light Out,Closed,Bengaluru,12.895836,77.577428
61043274,2025-01-18T20:22:00.000,2025-01-30T17:01:44.000,Street Light Out,Closed,Hubballi,15.33775,75.172456
61043441,2025-01-18T20:38:00.000,2025-01-21T13:16:00.000,Street Light Out,Closed,Belagavi,15.850283,74.486954
61043577,2025-01-18T22:27:00.000,2025-01-26T09:00:00.000,Street Light Out,Closed,Tumakuru,13.334045,77.123686
61043686,2025-01-18T23:20:00.000,2025-01-20T16:54:41.000,Street Light Out,Closed,Belagavi,15.879937,74.523152
61043814,2025-01-19T01:56:00.000,2025-01-29T17:03:00.000,Street Light Out,Closed,Hubballi,15.381435,75.126173
61043819,2025-01-19T04:32:00.000,2025-01-25T15:23:00.000,Street Light Out,Closed,Shivamogga,13.946876,75.545912
61044082,2025-01-19T06:12:00.000,2025-01-26T11:36:14.000,Street Light Out,Closed,Shivamogga,13.953837,75.555293
61044180,2025-01-19T10:56:00.000,2025-01-24T11:45:00.000,Street Light Out,Closed,Bengaluru,12.954895,77.62578
61044367,2025-01-19T11:08:00.000,2025-01-29T11:47:00.000,Street Light Out,Closed,Tumakuru,13.340766,77.091192
61044368,2025-01-19T11:15:00.000,2025-01-23T15:00:15.000,Street Light Out,Closed,Bengaluru,13.005846,77.50354
61044411,2025-01-19T12:38:00.000,2025-02-01T14:50:05.000,Street Light Out,Closed,Tumakuru,13.332969,77.125416
61044482,2025-01-19T15:24:00.000,2025-01-26T14:51:00.000,Street Light Out,Closed,Mangaluru,12.915391,74.856811
61044811,2025-01-19T20:15:00.000,2025-01-29T08:01:00.000,Street Light Out,Closed,Hubballi,15.33432,75.138185
61044925,2025-01-19T20:34:00.000,2025-01-24T16:07:00.000,Street Light Out,Closed,Tumakuru,13.354341,77.082419
61045331,2025-01-19T20:57:00.000,2025-01-27T17:06:00.000,Street Light Out,Closed,Bengaluru,12.979765,77.55476
61045418,2025-01-19T22:04:00.000,2025-01-29T14:14:38.000,Street Light Out,Closed,Mangaluru,12.882675,74.862735
61045497,2025-01-19T22:09:00.000,2025-01-25T11:11:50.000,Street Light Out,Closed,Bengaluru,12.982899,77.587851
61045567,2025-01-19T22:23:00.000,2025-01-24T08:23:00.000,Street Light Out,Closed,Bengaluru,13.036596,77.634252
61045603,2025-01-19T22:42:00.000,2025-02-03T13:02:21.000,Street Light Out,Closed,Mysuru,12.312108,76.671907
61045703,2025-01-20T06:22:00.000,2025-01-23T13:38:34.000,Street Light Out,Closed,Tumakuru,13.369291,77.134111
61045901,2025-01-20T06:35:00.000,2025-02-12T16:10:00.000,Street Light Out,Closed,Bengaluru,12.885331,77.522303
61045932,2025-01-20T07:10:00.000,2025-01-25T11:06:39.000,Street Light Out,Closed,Shivamogga,13.94671,75.601133
61045935,2025-01-20T07:40:00.000,2025-01-24T15:28:39.000,Street Light Cycling,Closed,Mysuru,12.306493,76.67617
61046028,2025-01-20T08:25:00.000,2025-01-22T09:05:00.000,Street Light Out,Closed,Mangaluru,12.851849,74.853258
61046135,2025-01-20T08:26:00.000,2025-02-02T17:19:00.000,Street Light Out,Closed,Bengaluru,12.911025,77.675148
61046313,2025-01-20T08:42:00.000,2025-02-03T09:52:00.000,Street Light Out,Closed,Hubballi,15.361024,75.133211
61046452,2025-01-20T08:43:00.000,2025-01-28T14:16:00.000,Street Light Out,Closed,Tumakuru,13.337208,77.087271
61046505,2025-01-20T10:58:00.000,2025-01-22T09:34:28.000,Street Light Dayburning,Closed,Bengaluru,12.951771,77.62353
61046538,2025-01-20T11:25:00.000,2025-01-23T18:59:00.000,Street Light Out,Closed,Mysuru,12.313191,76.62972
61046542,2025-01-20T14:43:00.000,2025-01-29T18:40:00.000,Street Light Dayburning,Closed,Bengaluru,12.962356,77.642259
61046820,2025-01-20T16:44:00.000,2025-01-23T16:14:00.000,Street Light Out,Closed,Bengaluru,12.951437,77.629246
61046849,2025-01-20T17:45:00.000,2025-01-22T13:55:48.000,Street Light Out,Closed,Mysuru,12.273439,76.658885
61047280,2025-01-20T18:22:00.000,2025-01-24T16:36:00.000,Street Light Out,Closed,Bengaluru,12.964054,77.653811
61047284,2025-01-20T19:02:00.000,2025-01-23T13:56:00.000,Street Light Out,Closed,Bengaluru,13.003625,77.565977
61047463,2025-01-20T19:48:00.000,2025-01-21T17:54:47.000,Street Light Out,Closed,Hubballi,15.371151,75.129311
61047485,2025-01-20T20:41:00.000,2025-01-23T08:30:00.000,Street Light Out,Closed,Mysuru,12.289006,76.653071
61047537,2025-01-20T20:46:00.000,2025-01-25T10:36:00.000,Street Light Out,Closed,Shivamogga,13.937128,75.57171
61047583,2025-01-20T21:39:00.000,2025-01-25T15:39:46.000,Street Light Out,Closed,Hubballi,15.365314,75.130211
61047644,2025-01-20T21:41:00.000,2025-01-23T18:15:00.000,Street Light Out,Closed,Tumakuru,13.342452,77.097703
61047916,2025-01-20T23:30:00.000,2025-01-25T16:00:00.000,Street Light Out,Closed,Bengaluru,12.938715,77.630037
61047964,2025-01-20T23:54:00.000,2025-01-22T15:51:53.000,Street Light Out,Closed,Mysuru,12.306346,76.657653
61048037,2025-01-21T01:36:00.000,2025-01-27T10:40:00.000,Street Light Out,Closed,Bengaluru,13.012128,77.575327
61048075,2025-01-21T04:04:00.000,2025-01-22T12:38:53.000,Street Light Out,Closed,Mangaluru,12.887109,74.859643
61048091,2025-01-21T06:17:00.000,2025-01-23T13:13:00.000,Street Light Out,Closed,Mysuru,12.291582,76.618075
61048106,2025-01-21T07:40:00.000,2025-01-24T13:30:00.000,Street Light Out,Closed,Mysuru,12.350579,76.632494
61048137,2025-01-21T08:27:00.000,2025-02-01T16:12:35.000,Street Light Dayburning,Closed,Belagavi,15.836466,74.489019
61048179,2025-01-21T08:58:00.000,2025-01-24T08:47:12.000,Street Light Out,Closed,Bengaluru,12.95159,77.650533
61048364,2025-01-21T09:56:00.000,2025-01-28T13:19:00.000,Street Light Out,Closed,Belagavi,15.870455,74.51708
61048434,2025-01-21T10:12:00.000,2025-01-24T16:24:00.000,Street Light Out,Closed,Hubballi,15.380555,75.115243
61048582,2025-01-21T11:00:00.000,2025-01-27T15:47:00.000,Street Light Out,Closed,Belagavi,15.878104,74.520761
61048715,2025-01-21T11:31:00.000,2025-01-26T16:51:00.000,Street Light Out,Closed,Hubballi,15.374136,75.12074
61048896,2025-01-21T14:00:00.000,2025-01-22T10:38:33.000,Street Light Dayburning,Closed,Belagavi,15.875615,74.512716
61048915,2025-01-21T15:29:00.000,2025-02-04T18:06:46.000,Street Light Out,Closed,Mysuru,12.316455,76.633538
61048923,2025-01-21T17:15:00.000,2025-01-30T16:13:00.000,Street Light Out,Closed,Mangaluru,12.881692,74.855375
61048958,2025-01-21T17:49:00.000,2025-01-25T11:43:00.000,Street Light Out,Closed,Bengaluru,12.91098,77.636211
61049217,2025-01-21T19:13:00.000,2025-01-23T11:08:00.000,Street Light Out,Closed,Belagavi,15.882723,74.476942
61049581,2025-01-21T21:04:00.000,2025-01-27T09:29:00.000,Street Light Out,Closed,Mangaluru,12.870828,74.857285
61049854,2025-01-21T21:27:00.000,2025-01-26T12:45:00.000,Street Light Out,Closed,Belagavi,15.876653,74.494832
61050280,2025-01-22T00:12:00.000,2025-01-25T12:47:34.000,Street Light Out,Closed,Tumakuru,13.374524,77.128174
61050281,2025-01-22T00:26:00.000,2025-01-26T18:53:28.000,Street Light Out,Closed,Tumakuru,13.352725,77.091154
61050788,2025-01-22T01:16:00.000,2025-01-25T11:17:00.000,Street Light Out,Closed,Bengaluru,12.830868,77.662205
61050975,2025-01-22T08:27:00.000,2025-01-29T13:54:36.000,Street Light Out,Closed,Shivamogga,13.932111,75.555716
61051057,2025-01-22T09:31:00.000,2025-02-02T18:28:00.000,Street Light Out,Closed,Shivamogga,13.922621,75.567558
61051480,2025-01-22T10:44:00.000,2025-01-30T18:50:00.000,Street Light Out,Closed,Hubballi,15.378575,75.133681
61051563,2025-01-22T11:34:00.000,2025-01-30T11:43:00.000,Street Light Out,Closed,Tumakuru,13.331846,77.099798
61051655,2025-01-22T11:37:00.000,2025-01-30T17:28:00.000,Street Light Out,Closed,Tumakuru,13.344677,77.111719
61051947,2025-01-22T11:46:00.000,2025-01-31T13:22:11.000,Street Light Out,Closed,Hubballi,15.352428,75.135785
61052095,2025-01-22T15:51:00.000,2025-01-31T10:02:12.000,Street Light Out,Closed,Hubballi,15.379699,75.123926
61052504,2025-01-22T17:18:00.000,2025-02-05T10:27:00.000,Street Light Out,Closed,Belagavi,15.858476,74.509727
61052529,2025-01-22T17:55:00.000,2025-01-29T09:17:00.000,Street Light Out,Closed,Mangaluru,12.882259,74.848966
61052544,2025-01-22T18:41:00.000,2025-03-23T09:59:00.000,Street Light Out,Closed,Belagavi,15.908021,74.482658
61052590,2025-01-22T19:01:00.000,2025-01-24T09:16:58.000,Street Light Out,Closed,Bengaluru,12.950082,77.551324
61052714,2025-01-22T19:11:00.000,2025-02-10T10:37:22.000,Street Light Out,Closed,Bengaluru,12.977847,77.6134
61052838,2025-01-22T19:18:00.000,2025-02-08T13:58:54.000,Street Light Out,Closed,Shivamogga,13.953786,75.539529
61052913,2025-01-22T21:04:00.000,2025-02-07T13:34:00.000,Street Light Out,Closed,Tumakuru,13.336824,77.114868
61052919,2025-01-22T21:12:00.000,2025-01-27T14:50:00.000,Street Light Cycling,Closed,Tumakuru,13.325174,77.103784
61052958,2025-01-22T21:24:00.000,2025-01-25T08:30:00.000,Lamppost Damaged,Closed,Mysuru,12.31318,76.649023
61052979,2025-01-22T23:21:00.000,2025-02-03T08:58:00.000,Street Light Out,Closed,Mysuru,12.302106,76.652228
61053040,2025-01-23T03:55:00.000,2025-01-27T13:48:00.000,Street Light Dayburning,Closed,Bengaluru,13.002747,77.616277
61053268,2025-01-23T06:58:00.000,2025-01-27T12:27:00.000,Street Light Out,Closed,Bengaluru,12.975884,77.569663
61053306,2025-01-23T07:11:00.000,2025-01-25T17:46:00.000,Street Light Out,Closed,Bengaluru,12.939062,77.586726
61053585,2025-01-23T09:05:00.000,2025-01-25T15:21:21.000,Street Light Out,Closed,Shivamogga,13.900151,75.554355
61053646,2025-01-23T09:08:00.000,2025-01-27T08:17:00.000,Street Light Out,Closed,Tumakuru,13.380279,77.103705
61053687,2025-01-23T11:22:00.000,2025-02-02T14:22:36.000,Street Light Out,Closed,Bengaluru,12.966324,77.637475
61053777,2025-01-23T18:53:00.000,2025-01-27T11:32:00.000,Street Light Out,Closed,Bengaluru,12.963713,77.651766
61053888,2025-01-23T20:43:00.000,2025-01-29T12:30:00.000,Street Light Out,Closed,Mysuru,12.299825,76.63733
61053895,2025-01-23T21:05:00.000,2025-01-25T10:52:56.000,Street Light Out,Closed,Hubballi,15.384062,75.116147
61053991,2025-01-23T21:09:00.000,2025-02-02T11:23:00.000,Street Light Out,Closed,Bengaluru,12.98087,77.603187
61053999,2025-01-23T22:00:00.000,2025-01-31T13:55:00.000,Street Light Out,Closed,Mangaluru,12.878819,74.860431
61054020,2025-01-24T00:16:00.000,2025-01-25T12:24:25.000,Street Light Cycling,Closed,Bengaluru,12.937873,77.658203
61054329,2025-01-24T00:19:00.000,2025-02-13T16:07:00.000,Street Light Out,Closed,Mysuru,12.298983,76.646267
61054584,2025-01-24T03:00:00.000,2025-01-30T16:00:11.000,Street Light Out,Closed,Mysuru,12.317878,76.633157
61055018,2025-01-24T04:03:00.000,2025-02-12T12:46:00.000,Street Light Out,Closed,Hubballi,15.35956,75.148193
61055162,2025-01-24T08:13:00.000,2025-02-01T17:58:35.000,Street Light Out,Closed,Bengaluru,12.955125,77.614962
61055202,2025-01-24T08:37:00.000,2025-01-29T10:50:41.000,Street Light Dim,Closed,Belagavi,15.845425,74.50029
61055212,2025-01-24T08:54:00.000,2025-01-29T13:53:00.000,Street Light Out,Closed,Bengaluru,13.123142,77.613832
61055299,2025-01-24T10:04:00.000,2025-01-27T10:53:15.000,Street Light Out,Closed,Shivamogga,13.915924,75.566181
61055436,2025-01-24T10:13:00.000,2025-02-15T17:52:09.000,Street Light Out,Closed,Mysuru,12.291578,76.638655
61055693,2025-01-24T10:29:00.000,2025-01-30T16:50:00.000,Street Light Out,Closed,Mangaluru,12.875458,74.852549
61055746,2025-01-24T10:36:00.000,2025-02-11T14:45:00.000,Street Light Out,Closed,Tumakuru,13.356613,77.086628
61055753,2025-01-24T10:57:00.000,2025-01-27T11:17:38.000,Street Light Out,Closed,Mysuru,12.306791,76.660672
61056473,2025-01-24T12:07:00.000,2025-04-04T12:23:31.000,Street Light Out,Closed,Hubballi,15.377169,75.128546
61056500,2025-01-24T13:27:00.000,2025-03-07T12:47:55.000,Street Light Out,Closed,Tumakuru,13.351363,77.118384
61056596,2025-01-24T13:39:00.000,2025-01-25T11:02:38.000,Street Light Cycling,Closed,Mysuru,12.30897,76.665668
61056624,2025-01-24T16:00:00.000,2025-02-09T14:45:00.000,Street Light Out,Closed,Bengaluru,12.982044,77.557242
61056819,2025-01-24T16:52:00.000,2025-02-01T16:28:42.000,Street Light Out,Closed,Tumakuru,13.346367,77.09836
61057086,2025-01-24T17:07:00.000,2025-02-04T11:03:00.000,Street Light Out,Closed,Mangaluru,12.891981,74.86148
61057322,2025-01-24T17:32:00.000,2025-02-24T09:44:51.000,Street Light Out,Closed,Mysuru,12.303598,76.671334
61057339,2025-01-24T17:45:00.000,2025-01-29T09:38:58.000,Street Light Out,Closed,Bengaluru,12.940706,77.623799
61057348,2025-01-24T18:12:00.000,2025-01-26T08:05:00.000,Street Light Out,Closed,Tumakuru,13.327325,77.117955
61057876,2025-01-24T19:16:00.000,2025-01-29T18:18:26.000,Street Light Out,Closed,Bengaluru,13.018355,77.590854
61057935,2025-01-24T19:41:00.000,2025-02-01T17:02:00.000,Street Light Out,Closed,Hubballi,15.342153,75.123198
61057959,2025-01-24T21:45:00.000,2025-01-26T12:55:00.000,Street Light Out,Closed,Hubballi,15.369252,75.138553
61058214,2025-01-24T23:06:00.000,2025-01-28T10:39:00.000,Street Light Out,Closed,Hubballi,15.361076,75.130989
61058270,2025-01-24T23:17:00.000,2025-02-15T15:36:00.000,Street Light Out,Closed,Mangaluru,12.937146,74.844573
61058347,2025-01-25T00:49:00.000,2025-01-27T17:39:52.000,Street Light Out,Closed,Tumakuru,13.333146,77.137129
61058564,2025-01-25T05:37:00.000,2025-01-27T14:27:24.000,Street Light Dayburning,Closed,Mysuru,12.323707,76.620166
61058571,2025-01-25T08:46:00.000,2025-01-26T10:10:40.000,Street Light Out,Closed,Bengaluru,12.865091,77.492326
61058711,2025-01-25T10:25:00.000,2025-01-27T15:07:00.000,Street Light Out,Closed,Bengaluru,12.991503,77.579281
61058760,2025-01-25T13:40:00.000,2025-01-28T16:19:58.000,Street Light Out,Closed,Mysuru,12.315524,76.634353
61058782,2025-01-25T13:56:00.000,2025-01-29T10:02:00.000,Street Light Out,Closed,Mysuru,12.331985,76.688362
61059451,2025-01-25T14:41:00.000,2025-02-05T09:58:45.000,Street Light Out,Closed,Tumakuru,13.376124,77.126901
61059484,2025-01-25T17:50:00.000,2025-03-08T15:01:56.000,Street Light Out,Closed,Mysuru,12.316048,76.658956
61059743,2025-01-25T17:58:00.000,2025-02-26T18:20:57.000,Street Light Dim,Closed,Hubballi,15.35031,75.15186
61059789,2025-01-25T19:36:00.000,2025-01-29T15:14:00.000,Street Light Out,Closed,Belagavi,15.84572,74.484716
61059793,2025-01-25T19:39:00.000,2025-02-01T15:56:31.000,Street Light Out,Closed,Mangaluru,12.926531,74.858637
61059906,2025-01-25T20:27:00.000,2025-03-22T15:18:22.000,Street Light Out,Closed,Belagavi,15.864001,74.545905
61060439,2025-01-25T20:55:00.000,2025-02-13T11:12:59.000,Street Light Out,Closed,Hubballi,15.361937,75.134391
61060450,2025-01-25T23:38:00.000,2025-01-29T12:14:58.000,Street Light Out,Closed,Bengaluru,13.009373,77.596141
61060453,2025-01-25T23:43:00.000,2025-01-27T09:56:00.000,Street Light Out,Closed,Bengaluru,13.013557,77.562253
61060506,2025-01-26T00:40:00.000,2025-01-29T15:33:16.000,Street Light Out,Closed,Mysuru,12.34927,76.67544
61060530,2025-01-26T00:43:00.000,2025-01-28T09:18:11.000,Street Light Out,Closed,Bengaluru,12.921863,77.59318
61060718,2025-01-26T02:17:00.000,2025-02-08T17:53:00.000,Street Light Out,Closed,Bengaluru,12.984821,77.559652
61060862,2025-01-26T02:18:00.000,2025-02-01T17:25:50.000,Street Light Out,Closed,Tumakuru,13.339045,77.120661
61060887,2025-01-26T05:49:00.000,2025-02-08T12:26:00.000,Street Light Out,Closed,Mysuru,12.339189,76.6797
61060983,2025-01-26T07:52:00.000,2025-01-29T14:34:00.000,Street Light Out,Closed,Tumakuru,13.372376,77.125316
61061218,2025-01-26T09:00:00.000,2025-02-05T16:23:37.000,Street Light Out,Closed,Tumakuru,13.352449,77.136271
61061448,2025-01-26T10:00:00.000,2025-03-16T10:51:56.000,Street Light Out,Closed,Tumakuru,13.342208,77.102488
61061482,2025-01-26T10:18:00.000,2025-01-27T09:12:58.000,Street Light Out,Closed,Bengaluru,12.959212,77.58742
61061543,2025-01-26T12:07:00.000,2025-02-01T12:50:00.000,Street Light Out,Closed,Bengaluru,12.918706,77.618672
61061621,2025-01-26T16:44:00.000,2025-02-01T08:06:00.000,Street Light Out,Closed,Shivamogga,13.922609,75.56361
61061650,2025-01-26T17:01:00.000,2025-01-29T16:18:00.000,Street Light Out,Closed,Hubballi,15.388029,75.142186
61061735,2025-01-26T17:17:00.000,2025-01-28T11:27:30.000,Lamppost Damaged,Closed,Mangaluru,12.887816,74.848187
61061814,2025-01-26T19:10:00.000,2025-01-30T11:23:00.000,Street Light Out,Closed,Bengaluru,13.020944,77.625817
61061829,2025-01-26T21:07:00.000,2025-03-23T09:55:00.000,Street Light Out,Closed,Bengaluru,12.991986,77.591238
61062007,2025-01-26T22:29:00.000,2025-02-01T12:23:01.000,Street Light Out,Closed,Hubballi,15.357117,75.115175
61062069,2025-01-26T23:19:00.000,2025-02-01T15:16:00.000,Lamppost Damaged,Closed,Shivamogga,13.923662,75.565446
61062161,2025-01-27T00:49:00.000,2025-01-29T18:39:00.000,Street Light Out,Closed,Bengaluru,12.974643,77.598888
61062383,2025-01-27T06:11:00.000,2025-01-28T10:23:00.000,Street Light Out,Closed,Bengaluru,12.976991,77.58885
61062636,2025-01-27T08:26:00.000,2025-01-28T08:34:48.000,Street Light Out,Closed,Belagavi,15.827314,74.558925
61062938,2025-01-27T09:05:00.000,2025-01-29T16:08:14.000,Street Light Out,Closed,Belagavi,15.839038,74.464278
61062947,2025-01-27T10:36:00.000,2025-01-28T16:55:27.000,Street Light Out,Closed,Bengaluru,12.935101,77.541425
61063077,2025-01-27T10:50:00.000,2025-02-01T18:54:00.000,Street Light Out,Closed,Mysuru,12.302828,76.64436
61063147,2025-01-27T10:53:00.000,2025-02-07T11:56:55.000,Street Light Out,Closed,Belagavi,15.880659,74.455529
61063194,2025-01-27T10:55:00.000,2025-02-03T13:48:34.000,Street Light Out,Closed,Mangaluru,12.862951,74.841277
61063434,2025-01-27T11:22:00.000,2025-01-29T13:46:46.000,Street Light Out,Closed,Belagavi,15.851768,74.472126
61063644,2025-01-27T16:07:00.000,2025-02-03T11:56:00.000,Street Light Out,Closed,Mysuru,12.292983,76.661836
61063952,2025-01-27T16:39:00.000,2025-02-01T14:54:00.000,Street Light Out,Closed,Hubballi,15.355328,75.122365
61064038,2025-01-27T16:42:00.000,2025-01-30T14:59:00.000,Street Light Out,Closed,Belagavi,15.838948,74.493388
61064053,2025-01-27T18:49:00.000,2025-01-30T09:22:10.000,Street Light Out,Closed,Bengaluru,12.957718,77.607188
61064129,2025-01-27T19:28:00.000,2025-01-30T08:45:07.000,Street Light Out,Closed,Tumakuru,13.341339,77.098459
61064187,2025-01-27T19:58:00.000,2025-01-30T18:07:33.000,Street Light Out,Closed,Bengaluru,12.951148,77.548354
61064449,2025-01-27T21:33:00.000,2025-01-30T11:17:00.000,Street Light Out,Closed,Mysuru,12.29954,76.659857
61064591,2025-01-27T21:40:00.000,2025-01-31T18:04:00.000,Street Light Out,Closed,Mangaluru,12.876165,74.854912
61065164,2025-01-27T22:37:00.000,2025-02-02T17:54:36.000,Street Light Out,Closed,Bengaluru,12.991232,77.624461
61065248,2025-01-27T23:22:00.000,2025-01-30T10:13:00.000,Street Light Out,Closed,Mysuru,12.306787,76.660669
61065423,2025-01-28T00:09:00.000,2025-02-04T15:56:00.000,Street Light Cycling,Closed,Bengaluru,12.962671,77.625209
61065428,2025-01-28T01:15:00.000,2025-02-03T12:19:00.000,Street Light Out,Closed,Shivamogga,13.900055,75.554489
61065443,2025-01-28T03:33:00.000,2025-01-30T08:37:00.000,Street Light Dayburning,Closed,Tumakuru,13.317644,77.123874
61065485,2025-01-28T03:39:00.000,2025-01-30T14:17:11.000,Street Light Out,Closed,Hubballi,15.330069,75.092994
61065511,2025-01-28T07:00:00.000,2025-02-04T16:52:03.000,Street Light Out,Closed,Mangaluru,12.897738,74.877438
61065633,2025-01-28T15:33:00.000,2025-02-12T13:12:51.000,Street Light Out,Closed,Mangaluru,12.881028,74.840697
61065646,2025-01-28T17:18:00.000,2025-02-02T15:35:00.000,Street Light Dayburning,Closed,Shivamogga,13.917733,75.545626
61065661,2025-01-28T17:40:00.000,2025-02-02T10:44:00.000,Street Light Out,Closed,Bengaluru,12.982748,77.659217
61065684,2025-01-28T18:43:00.000,2025-01-29T18:16:44.000,Street Light Out,Closed,Mangaluru,12.874732,74.859989
61065734,2025-01-28T20:41:00.000,2025-02-02T10:17:00.000,Street Light Out,Closed,Bengaluru,12.921797,77.604036
61066058,2025-01-28T21:11:00.000,2025-02-01T11:23:47.000,Street Light Out,Closed,Bengaluru,12.975521,77.554607
61066434,2025-01-28T21:41:00.000,2025-01-30T15:39:59.000,Street Light Out,Closed,Bengaluru,12.873716,77.601492
61066491,2025-01-28T22:15:00.000,2025-03-13T16:31:00.000,Street Light Dayburning,Closed,Tumakuru,13.340022,77.082315
61066525,2025-01-28T22:24:00.000,2025-02-05T17:19:00.000,Street Light Out,Closed,Belagavi,15.857736,74.512032
61066534,2025-01-28T22:33:00.000,2025-01-31T15:39:20.000,Street Light Out,Closed,Hubballi,15.352202,75.130286
61066700,2025-01-29T00:44:00.000,2025-01-31T12:12:57.000,Street Light Out,Closed,Mangaluru,12.875396,74.858766
61066735,2025-01-29T00:45:00.000,2025-02-02T09:45:23.000,Street Light Out,Closed,Belagavi,15.842738,74.489543
61066862,2025-01-29T06:20:00.000,2025-02-03T08:15:00.000,Street Light Out,Closed,Bengaluru,12.990279,77.583732
61066977,2025-01-29T06:23:00.000,2025-03-16T08:24:02.000,Street Light Out,Closed,Mysuru,12.319976,76.658722
61067018,2025-01-29T08:08:00.000,2025-02-16T15:12:45.000,Street Light Dim,Closed,Hubballi,15.369212,75.138634
61067321,2025-01-29T08:22:00.000,2025-01-31T17:32:00.000,Street Light Dim,Closed,Mysuru,12.311077,76.642708
61067355,2025-01-29T11:02:00.000,2025-03-29T17:15:00.000,Street Light Out,Closed,Mysuru,12.337991,76.653301
61067444,2025-01-29T11:30:00.000,2025-02-09T08:55:23.000,Street Light Out,Closed,Bengaluru,12.96754,77.641317
61067449,2025-01-29T16:24:00.000,2025-02-10T09:15:00.000,Street Light Out,Closed,Bengaluru,12.969921,77.60634
61067531,2025-01-29T17:54:00.000,2025-02-06T14:34:00.000,Street Light Out,Closed,Shivamogga,13.921585,75.588955
61067569,2025-01-29T18:42:00.000,2025-02-10T08:05:15.000,Street Light Out,Closed,Bengaluru,12.958044,77.590507
61068017,2025-01-29T19:51:00.000,2025-02-08T16:22:18.000,Street Light Out,Closed,Bengaluru,12.987097,77.619489
61068212,2025-01-29T20:37:00.000,2025-02-01T15:58:33.000,Street Light Out,Closed,Bengaluru,12.947335,77.564996
61068269,2025-01-29T20:47:00.000,2025-02-09T10:35:26.000,Street Light Out,Closed,Bengaluru,13.04981,77.625914
61068516,2025-01-29T20:57:00.000,2025-02-01T09:35:00.000,Street Light Out,Closed,Bengaluru,12.897023,77.504971
61068627,2025-01-29T21:37:00.000,2025-02-03T08:57:00.000,Street Light Dim,Closed,Mangaluru,12.891151,74.897172
61068646,2025-01-29T22:18:00.000,2025-02-01T16:33:00.000,Street Light Out,Closed,Bengaluru,12.954479,77.727017
61068834,2025-01-29T23:58:00.000,2025-02-08T08:54:00.000,Street Light Cycling,Closed,Belagavi,15.872379,74.554391
61068875,2025-01-30T01:27:00.000,2025-02-02T13:29:00.000,Street Light Out,Closed,Hubballi,15.353922,75.133163
61068966,2025-01-30T07:35:00.000,2025-02-04T16:57:00.000,Street Light Out,Closed,Mysuru,12.271002,76.62239
61069051,2025-01-30T09:06:00.000,2025-02-06T18:58:00.000,Street Light Out,Closed,Shivamogga,13.930179,75.55916
61069082,2025-01-30T09:27:00.000,2025-01-31T08:04:51.000,Street Light Out,Closed,Belagavi,15.818923,74.55487
61069275,2025-01-30T11:06:00.000,2025-02-05T11:29:00.000,Street Light Out,Closed,Mangaluru,12.894974,74.864419
61069359,2025-01-30T13:28:00.000,2025-02-05T11:29:00.000,Street Light Out,Closed,Hubballi,15.329017,75.150298
61069408,2025-01-30T13:50:00.000,2025-03-23T12:51:00.000,Street Light Out,Closed,Mysuru,12.301172,76.672362
61069473,2025-01-30T13:57:00.000,2025-02-06T18:40:46.000,Street Light Out,Closed,Tumakuru,13.336833,77.0964
61069532,2025-01-30T16:59:00.000,2025-02-02T10:12:00.000,Street Light Out,Closed,Tumakuru,13.325183,77.103783
61069588,2025-01-30T17:53:00.000,2025-02-02T11:53:00.000,Street Light Out,Closed,Bengaluru,12.935917,77.565659
61069792,2025-01-30T19:31:00.000,2025-01-31T17:06:54.000,Street Light Out,Closed,Bengaluru,12.986853,77.617555
61069876,2025-01-30T20:07:00.000,2025-02-09T11:38:00.000,Street Light Out,Closed,Hubballi,15.369442,75.139496
61070097,2025-01-30T20:35:00.000,2025-02-06T11:23:00.000,Street Light Out,Closed,Shivamogga,13.935754,75.547971
61070487,2025-01-30T21:06:00.000,2025-02-03T13:33:42.000,Street Light Out,Closed,Bengaluru,13.007969,77.596136
61070576,2025-01-30T21:20:00.000,2025-02-06T17:50:41.000,Street Light Out,Closed,Mangaluru,12.884403,74.845068
61070609,2025-01-30T21:35:00.000,2025-02-05T17:59:00.000,Street Light Out,Closed,Bengaluru,12.962335,77.642271
61070619,2025-01-30T22:34:00.000,2025-02-06T16:47:43.000,Street Light Out,Closed,Hubballi,15.374298,75.136955
61070721,2025-01-31T03:59:00.000,2025-02-06T10:45:00.000,Street Light Out,Closed,Tumakuru,13.329815,77.073449
61070794,2025-01-31T07:29:00.000,2025-02-07T08:37:00.000,Street Light Out,Closed,Bengaluru,12.917103,77.636964
61071242,2025-01-31T08:42:00.000,2025-02-03T18:57:19.000,Street Light Out,Closed,Tumakuru,13.358596,77.072569
61071298,2025-01-31T10:09:00.000,2025-02-02T12:36:52.000,Street Light Dayburning,Closed,Bengaluru,12.95188,77.659007
61071352,2025-01-31T12:43:00.000,2025-02-27T11:15:00.000,Street Light Out,Closed,Shivamogga,13.924994,75.549165
61071402,2025-01-31T17:14:00.000,2025-02-04T15:07:00.000,Street Light Out,Closed,Belagavi,15.898283,74.478168
61071616,2025-01-31T17:21:00.000,2025-02-06T16:56:00.000,Street Light Out,Closed,Bengaluru,12.928818,77.583375
61072114,2025-01-31T17:44:00.000,2025-02-04T14:50:00.000,Street Light Out,Closed,Mangaluru,12.912701,74.880676
61072168,2025-01-31T18:08:00.000,2025-02-14T09:01:00.000,Street Light Out,Closed,Hubballi,15.365368,75.130175
61072263,2025-01-31T18:22:00.000,2025-03-19T11:22:02.000,Street Light Out,Closed,Belagavi,15.854285,74.522241
61072328,2025-01-31T18:41:00.000,2025-02-01T16:00:47.000,Street Light Out,Closed,Mangaluru,12.88703,74.852964
61072388,2025-01-31T19:25:00.000,2025-02-03T09:23:06.000,Street Light Dayburning,Closed,Mangaluru,12.851944,74.853258
61072514,2025-01-31T20:36:00.000,2025-02-09T16:31:00.000,Street Light Dayburning,Closed,Hubballi,15.402431,75.129333
61072606,2025-01-31T21:53:00.000,2025-02-08T16:21:24.000,Street Light Out,Closed,Shivamogga,13.954837,75.536331
61072925,2025-01-31T22:46:00.000,2025-02-14T10:43:00.000,Street Light Out,Closed,Belagavi,15.882616,74.510356
61073047,2025-01-31T22:50:00.000,2025-02-04T14:43:00.000,Street Light Out,Closed,Bengaluru,12.93681,77.613475
61073195,2025-02-01T00:49:00.000,2025-02-03T15:05:58.000,Street Light Out,Closed,Tumakuru,13.340676,77.091252
61073205,2025-02-01T01:28:00.000,2025-02-06T13:36:25.000,Street Light Out,Closed,Mangaluru,12.881441,74.852991
61073458,2025-02-01T02:13:00.000,2025-02-12T12:57:00.000,Street Light Out,Closed,Bengaluru,12.992853,77.537416
61073633,2025-02-01T04:53:00.000,2025-02-03T10:36:00.000,Street Light Out,Closed,Mangaluru,12.882448,74.858476
61073657,2025-02-01T06:11:00.000,2025-02-06T18:39:00.000,Street Light Out,Closed,Mysuru,12.275518,76.627911
61073793,2025-02-01T07:58:00.000,2025-02-11T13:42:00.000,Street Light Out,Closed,Bengaluru,12.996828,77.499834
61073889,2025-02-01T08:16:00.000,2025-02-21T18:24:00.000,Street Light Dayburning,Closed,Belagavi,15.882745,74.476859
61073890,2025-02-01T08:17:00.000,2025-02-04T18:06:16.000,Street Light Out,Closed,Hubballi,15.357639,75.124215
61073965,2025-02-01T10:47:00.000,2025-02-16T17:37:17.000,Street Light Out,Closed,Belagavi,15.855838,74.511787
61074030,2025-02-01T11:00:00.000,2025-02-09T11:02:02.000,Street Light Out,Closed,Shivamogga,13.927189,75.554812
61074090,2025-02-01T16:25:00.000,2025-02-03T17:15:00.000,Street Light Out,Closed,Bengaluru,12.98163,77.640818
61074133,2025-02-01T16:44:00.000,2025-02-13T17:11:00.000,Street Light Cycling,Closed,Hubballi,15.340689,75.13252
61074336,2025-02-01T18:10:00.000,2025-02-11T13:10:25.000,Street Light Out,Closed,Hubballi,15.34213,75.095171
61074443,2025-02-01T18:42:00.000,2025-02-05T17:20:27.000,Street Light Out,Closed,Mysuru,12.279075,76.686893
61074795,2025-02-01T18:55:00.000,2025-02-08T08:24:00.000,Street Light Out,Closed,Bengaluru,13.123158,77.613922
61074994,2025-02-01T19:58:00.000,2025-02-04T10:47:00.000,Street Light Out,Closed,Bengaluru,12.983703,77.597239
61075027,2025-02-01T20:47:00.000,2025-02-08T17:59:00.000,Street Light Out,Closed,Belagavi,15.839075,74.464258
61075191,2025-02-01T22:23:00.000,2025-02-07T16:12:00.000,Street Light Out,Closed,Shivamogga,13.947616,75.534042
61075622,2025-02-01T22:36:00.000,2025-02-16T14:56:00.000,Street Light Out,Closed,Bengaluru,12.985837,77.547022
61075776,2025-02-01T23:18:00.000,2025-02-05T09:56:00.000,Street Light Out,Closed,Hubballi,15.354232,75.132952
61075898,2025-02-02T07:47:00.000,2025-02-08T08:01:55.000,Street Light Out,Closed,Mangaluru,12.875517,74.854183
61076052,2025-02-02T08:06:00.000,2025-02-03T13:10:34.000,Street Light Dim,Closed,Tumakuru,13.337476,77.103674
61076295,2025-02-02T08:13:00.000,2025-02-15T10:29:00.000,Street Light Out,Closed,Shivamogga,13.937195,75.57164
61076536,2025-02-02T08:22:00.000,2025-02-11T16:21:00.000,Street Light Cycling,Closed,Mangaluru,12.889975,74.864666
61076547,2025-02-02T09:08:00.000,2025-02-14T14:14:11.000,Street Light Dayburning,Closed,Mangaluru,12.876761,74.879664
61076648,2025-02-02T09:24:00.000,2025-02-05T17:22:00.000,Street Light Out,Closed,Bengaluru,12.993626,77.611916
61076655,2025-02-02T10:48:00.000,2025-02-08T08:37:26.000,Street Light Out,Closed,Mangaluru,12.887822,74.8482
61077178,2025-02-02T11:51:00.000,2025-02-05T16:19:00.000,Street Light Out,Closed,Hubballi,15.36484,75.137126
61078160,2025-02-02T11:52:00.000,2025-02-18T14:52:49.000,Street Light Out,Closed,Mangaluru,12.864387,74.874183
61078196,2025-02-02T14:19:00.000,2025-02-12T16:25:19.000,Street Light Out,Closed,Hubballi,15.361161,75.129739
61078273,2025-02-02T17:35:00.000,2025-02-06T15:06:00.000,Street Light Out,Closed,Mangaluru,12.887025,74.852927
61078513,2025-02-02T19:27:00.000,2025-02-04T15:44:48.000,Street Light Out,Closed,Shivamogga,13.914449,75.573969
61078517,2025-02-02T20:26:00.000,2025-02-06T16:18:47.000,Street Light Out,Closed,Mysuru,12.297547,76.640964
61078617,2025-02-02T20:37:00.000,2025-02-06T15:03:00.000,Street Light Out,Closed,Bengaluru,12.929331,77.575586
61078872,2025-02-02T21:26:00.000,2025-03-02T09:43:41.000,Street Light Dayburning,Closed,Bengaluru,12.993682,77.592573
61078878,2025-02-02T21:29:00.000,2025-03-27T15:48:13.000,Street Light Out,Closed,Belagavi,15.848515,74.489951
61079124,2025-02-03T00:33:00.000,2025-03-28T11:06:00.000,Street Light Out,Closed,Mangaluru,12.912844,74.852857
61079328,2025-02-03T03:10:00.000,2025-02-07T17:45:00.000,Street Light Out,Closed,Belagavi,15.851696,74.480453
61079502,2025-02-03T06:03:00.000,2025-02-04T17:08:58.000,Street Light Out,Closed,Mysuru,12.309422,76.631503
61079560,2025-02-03T08:25:00.000,2025-02-11T16:49:24.000,Street Light Out,Closed,Mangaluru,12.878463,74.856974
61079649,2025-02-03T08:40:00.000,2025-02-08T09:23:00.000,Street Light Out,Closed,Tumakuru,13.346312,77.09621
61079665,2025-02-03T09:28:00.000,2025-02-09T16:59:02.000,Street Light Out,Closed,Bengaluru,13.026226,77.515317
61079771,2025-02-03T11:10:00.000,2025-02-10T18:09:00.000,Street Light Out,Closed,Mangaluru,12.896887,74.848858
61079850,2025-02-03T13:04:00.000,2025-02-14T15:07:55.000,Street Light Out,Closed,Mangaluru,12.87575,74.845126
61079895,2025-02-03T16:17:00.000,2025-02-06T12:12:00.000,Street Light Dim,Closed,Bengaluru,13.018949,77.584483
61080162,2025-02-03T17:32:00.000,2025-02-04T09:30:50.000,Street Light Out,Closed,Bengaluru,12.961467,77.560823
61080212,2025-02-03T17:38:00.000,2025-02-10T12:07:00.000,Street Light Out,Closed,Shivamogga,13.925843,75.572385
61080241,2025-02-03T19:05:00.000,2025-02-07T12:39:00.000,Street Light Dayburning,Closed,Shivamogga,13.92793,75.563789
61080271,2025-02-03T20:16:00.000,2025-02-09T13:51:20.000,Street Light Cycling,Closed,Bengaluru,12.896544,77.63517
61080595,2025-02-03T21:06:00.000,2025-02-06T11:49:00.000,Street Light Out,Closed,Mysuru,12.296298,76.636381
61080809,2025-02-03T21:22:00.000,2025-02-11T10:16:00.000,Street Light Cycling,Closed,Hubballi,15.354299,75.132891
61080824,2025-02-03T21:29:00.000,2025-03-02T12:18:00.000,Street Light Out,Closed,Hubballi,15.356228,75.134288
61080857,2025-02-03T21:48:00.000,2025-02-20T12:22:28.000,Street Light Out,Closed,Mangaluru,12.875937,74.862356
61081071,2025-02-03T22:11:00.000,2025-02-10T08:08:29.000,Street Light Out,Closed,Belagavi,15.845855,74.487752
61081096,2025-02-03T22:41:00.000,2025-02-10T15:43:00.000,Street Light Out,Closed,Belagavi,15.832267,74.546116
61081223,2025-02-03T22:47:00.000,2025-02-09T13:52:00.000,Street Light Out,Closed,Tumakuru,13.374947,77.13284
61081331,2025-02-04T00:58:00.000,2025-02-25T13:34:13.000,Street Light Out,Closed,Hubballi,15.353772,75.121852
61081400,2025-02-04T07:30:00.000,2025-02-08T15:26:00.000,Street Light Out,Closed,Bengaluru,12.952471,77.649415
61081465,2025-02-04T08:19:00.000,2025-02-09T15:28:20.000,Street Light Out,Closed,Hubballi,15.356337,75.150194
61081470,2025-02-04T08:28:00.000,2025-02-14T13:52:00.000,Street Light Out,Closed,Mangaluru,12.891189,74.897226
61081607,2025-02-04T10:46:00.000,2025-02-07T18:29:36.000,Street Light Out,Closed,Mysuru,12.314877,76.686328
61081801,2025-02-04T14:40:00.000,2025-03-04T15:04:29.000,Street Light Out,Closed,Hubballi,15.356596,75.129796
61081897,2025-02-04T15:02:00.000,2025-02-09T10:44:38.000,Street Light Out,Closed,Hubballi,15.366974,75.118445
61082239,2025-02-04T16:13:00.000,2025-02-10T09:33:51.000,Street Light Out,Closed,Bengaluru,12.924476,77.591978
61082483,2025-02-04T16:24:00.000,2025-02-06T15:25:35.000,Street Light Out,Closed,Hubballi,15.357961,75.143745
61082515,2025-02-04T18:39:00.000,2025-02-17T14:21:00.000,Street Light Out,Closed,Bengaluru,12.948584,77.605462
61082559,2025-02-04T19:56:00.000,2025-02-06T11:10:00.000,Street Light Out,Closed,Bengaluru,12.967859,77.581233
61082560,2025-02-04T20:50:00.000,2025-02-08T13:16:26.000,Street Light Out,Closed,Bengaluru,12.986327,77.654199
61082714,2025-02-04T20:53:00.000,2025-02-08T17:42:05.000,Street Light Out,Closed,Bengaluru,12.946428,77.627177
61082860,2025-02-04T21:10:00.000,2025-02-24T13:29:00.000,Street Light Out,Closed,Tumakuru,13.317726,77.123893
61082972,2025-02-04T21:28:00.000,2025-02-09T12:58:32.000,Street Light Out,Closed,Shivamogga,13.927479,75.550171
61083084,2025-02-04T21:34:00.000,2025-02-08T16:56:02.000,Street Light Out,Closed,Bengaluru,12.979296,77.563411
61083156,2025-02-05T08:07:00.000,2025-02-13T09:19:01.000,Street Light Out,Closed,Mysuru,12.266452,76.626915
61083169,2025-02-05T08:22:00.000,2025-02-10T17:43:00.000,Street Light Out,Closed,Shivamogga,13.953823,75.555318
61083210,2025-02-05T08:24:00.000,2025-02-10T14:20:41.000,Street Light Out,Closed,Hubballi,15.358725,75.140206
61083258,2025-02-05T08:29:00.000,2025-02-18T11:47:58.000,Street Light Out,Closed,Bengaluru,12.921911,77.623307
61083373,2025-02-05T14:03:00.000,2025-02-09T15:44:19.000,Street Light Out,Closed,Bengaluru,12.981345,77.593464
61083397,2025-02-05T18:52:00.000,2025-02-12T17:09:07.000,Street Light Out,Closed,Bengaluru,12.972432,77.601838
61083416,2025-02-05T19:57:00.000,2025-02-15T16:07:00.000,Street Light Out,Closed,Bengaluru,13.000834,77.614534
61083516,2025-02-05T23:11:00.000,2025-04-07T16:02:00.000,Street Light Out,Closed,Bengaluru,12.995355,77.581813
61083543,2025-02-06T01:21:00.000,2025-02-12T12:49:00.000,Street Light Dim,Closed,Tumakuru,13.337128,77.115419
61083585,2025-02-06T01:40:00.000,2025-02-12T08:22:43.000,Street Light Out,Closed,Mysuru,12.283505,76.672956
61083653,2025-02-06T05:51:00.000,2025-02-19T12:58:00.000,Street Light Out,Closed,Mysuru,12.295894,76.675759
61083883,2025-02-06T07:20:00.000,2025-02-09T12:41:00.000,Street Light Out,Closed,Bengaluru,12.942463,77.616675
61084128,2025-02-06T07:58:00.000,2025-02-12T13:48:13.000,Street Light Out,Closed,Bengaluru,12.925165,77.604337
61084136,2025-02-06T08:57:00.000,2025-02-07T08:31:00.000,Street Light Out,Closed,Bengaluru,13.015056,77.564208
61084307,2025-02-06T09:56:00.000,2025-02-09T09:53:43.000,Street Light Out,Closed,Mysuru,12.303875,76.65513
61084337,2025-02-06T10:49:00.000,2025-02-17T14:21:00.000,Street Light Out,Closed,Bengaluru,12.985437,77.590278
61084408,2025-02-06T11:30:00.000,2025-02-12T18:28:00.000,Street Light Out,Closed,Shivamogga,13.936298,75.55491
61084448,2025-02-06T14:01:00.000,2025-02-10T08:59:20.000,Street Light Out,Closed,Mangaluru,12.890513,74.855731
61084464,2025-02-06T18:10:00.000,2025-02-19T14:42:03.000,Street Light Out,Closed,Mangaluru,12.880784,74.844869
61084818,2025-02-06T18:29:00.000,2025-02-24T17:31:52.000,Street Light Dayburning,Closed,Hubballi,15.350728,75.132851
61084878,2025-02-06T18:42:00.000,2025-02-10T17:56:00.000,Street Light Out,Closed,Tumakuru,13.338586,77.101925
61084894,2025-02-06T18:51:00.000,2025-02-10T09:16:00.000,Street Light Out,Closed,Bengaluru,12.976131,77.598268
61085285,2025-02-06T19:57:00.000,2025-02-15T11:46:00.000,Street Light Out,Closed,Belagavi,15.858459,74.509737
61085322,2025-02-06T19:57:00.000,2025-02-10T11:23:00.000,Street Light Out,Closed,Bengaluru,12.989938,77.611008
61085442,2025-02-06T21:27:00.000,2025-02-08T11:37:42.000,Street Light Out,Closed,Bengaluru,12.876633,77.578983
61085444,2025-02-06T23:51:00.000,2025-02-15T11:08:17.000,Street Light Out,Closed,Hubballi,15.355278,75.124731
61085522,2025-02-07T00:51:00.000,2025-02-09T15:14:57.000,Street Light Out,Closed,Mysuru,12.317874,76.666083
61085808,2025-02-07T05:19:00.000,2025-02-10T08:22:25.000,Street Light Out,Closed,Bengaluru,12.952488,77.653286
61085857,2025-02-07T05:30:00.000,2025-02-16T16:18:27.000,Street Light Out,Closed,Mangaluru,12.876502,74.854958
61086063,2025-02-07T08:46:00.000,2025-02-08T18:23:04.000,Street Light Out,Closed,Shivamogga,13.921543,75.588971
61086234,2025-02-07T09:57:00.000,2025-02-15T09:23:00.000,Street Light Out,Closed,Bengaluru,12.961901,77.617027
61086344,2025-02-07T12:25:00.000,2025-02-08T13:19:33.000,Street Light Out,Closed,Bengaluru,12.991791,77.63581
61086599,2025-02-07T14:43:00.000,2025-02-08T16:10:00.000,Lamppost Damaged,Closed,Shivamogga,13.926601,75.568636
61086866,2025-02-07T16:17:00.000,2025-02-14T08:47:41.000,Street Light Out,Closed,Hubballi,15.342513,75.167246
61086991,2025-02-07T18:03:00.000,2025-02-15T09:29:00.000,Street Light Out,Closed,Mangaluru,12.880116,74.864043
61087012,2025-02-07T18:32:00.000,2025-02-13T11:15:23.000,Street Light Out,Closed,Belagavi,15.882562,74.518157
61087023,2025-02-07T18:47:00.000,2025-02-11T08:03:00.000,Street Light Cycling,Closed,Mysuru,12.315544,76.663202
61087229,2025-02-07T19:17:00.000,2025-02-13T16:31:13.000,Lamppost Damaged,Closed,Mangaluru,12.885513,74.856282
61087249,2025-02-07T20:10:00.000,2025-02-16T16:28:25.000,Street Light Out,Closed,Mysuru,12.346331,76.676866
61087395,2025-02-07T21:08:00.000,2025-02-13T14:27:00.000,Street Light Out,Closed,Belagavi,15.85867,74.491113
61087446,2025-02-07T22:34:00.000,2025-02-09T13:19:31.000,Street Light Out,Closed,Mysuru,12.258323,76.663061
61087658,2025-02-07T22:48:00.000,2025-03-05T11:31:09.000,Street Light Out,Closed,Tumakuru,13.37002,77.129267
61087777,2025-02-07T22:56:00.000,2025-02-12T18:32:49.000,Street Light Cycling,Closed,Bengaluru,12.952149,77.736257
61087802,2025-02-08T00:01:00.000,2025-02-22T18:16:00.000,Street Light Out,Closed,Hubballi,15.330392,75.090742
61088041,2025-02-08T00:40:00.000,2025-02-14T18:48:26.000,Street Light Out,Closed,Bengaluru,12.976305,77.551371
61088141,2025-02-08T02:42:00.000,2025-02-11T08:14:28.000,Street Light Out,Closed,Belagavi,15.853284,74.51753
61088223,2025-02-08T10:02:00.000,2025-02-17T11:49:00.000,Street Light Out,Closed,Bengaluru,12.948035,77.606923
61088297,2025-02-08T10:29:00.000,2025-02-13T10:42:00.000,Street Light Dim,Closed,Bengaluru,12.960957,77.655349
61088366,2025-02-08T10:30:00.000,2025-02-16T12:24:39.000,Street Light Out,Closed,Bengaluru,12.962899,77.567945
61088418,2025-02-08T13:57:00.000,2025-02-10T09:33:50.000,Street Light Out,Closed,Bengaluru,12.950099,77.63464
61088658,2025-02-08T17:10:00.000,2025-02-09T10:57:01.000,Street Light Out,Closed,Bengaluru,12.969515,77.610548
61088696,2025-02-08T17:13:00.000,2025-02-12T13:02:00.000,Street Light Cycling,Closed,Shivamogga,13.954287,75.536894
61088740,2025-02-08T17:40:00.000,2025-02-11T12:55:00.000,Street Light Dayburning,Closed,Bengaluru,13.009698,77.567979
61088776,2025-02-08T17:53:00.000,2025-02-19T13:22:19.000,Street Light Out,Closed,Mysuru,12.318136,76.637693
61089277,2025-02-08T19:47:00.000,2025-02-11T12:22:00.000,Street Light Out,Closed,Bengaluru,12.927848,77.616261
61089290,2025-02-08T20:21:00.000,2025-02-20T09:28:42.000,Street Light Out,Closed,Shivamogga,13.956869,75.539907
61089398,2025-02-08T20:48:00.000,2025-02-27T18:14:45.000,Street Light Out,Closed,Tumakuru,13.374477,77.127123
61089580,2025-02-08T20:50:00.000,2025-02-17T11:52:00.000,Street Light Out,Closed,Bengaluru,12.986973,77.699465
61089596,2025-02-08T21:56:00.000,2025-02-13T10:20:00.000,Street Light Out,Closed,Bengaluru,13.07234,77.581487
61089621,2025-02-08T22:40:00.000,2025-03-12T16:33:00.000,Street Light Out,Closed,Bengaluru,12.973652,77.596919
61089709,2025-02-09T09:25:00.000,2025-02-18T08:12:19.000,Street Light Out,Closed,Shivamogga,13.927787,75.585355
61090012,2025-02-09T09:49:00.000,2025-02-14T16:37:16.000,Street Light Out,Closed,Bengaluru,12.957285,77.651716
61090096,2025-02-09T11:29:00.000,2025-02-13T14:45:00.000,Street Light Out,Closed,Bengaluru,12.953628,77.730102
61090112,2025-02-09T17:46:00.000,2025-02-13T15:56:00.000,Street Light Out,Closed,Mangaluru,12.881387,74.852993
61090427,2025-02-09T18:11:00.000,2025-02-14T12:30:00.000,Street Light Out,Closed,Shivamogga,13.939784,75.551836
61090618,2025-02-09T18:27:00.000,2025-02-20T16:42:26.000,Street Light Out,Closed,Mysuru,12.268431,76.622251
61090629,2025-02-09T19:16:00.000,2025-02-17T18:13:00.000,Street Light Dayburning,Closed,Bengaluru,12.96602,77.567586
61090676,2025-02-09T19:33:00.000,2025-02-12T16:36:00.000,Street Light Out,Closed,Mysuru,12.291583,76.61805
61090735,2025-02-09T21:10:00.000,2025-02-14T11:36:00.000,Street Light Out,Closed,Belagavi,15.854672,74.492789
61090830,2025-02-09T21:12:00.000,2025-02-16T17:46:00.000,Street Light Out,Closed,Bengaluru,12.956677,77.746035
61091132,2025-02-09T21:47:00.000,2025-04-17T09:27:00.000,Street Light Out,Closed,Tumakuru,13.329809,77.073192
61091165,2025-02-10T04:27:00.000,2025-02-19T10:01:00.000,Street Light Out,Closed,Bengaluru,13.033333,77.563347
61091227,2025-02-10T06:44:00.000,2025-02-14T15:23:27.000,Street Light Out,Closed,Mangaluru,12.876592,74.855359
61091248,2025-02-10T07:18:00.000,2025-04-15T18:29:12.000,Street Light Out,Closed,Hubballi,15.379676,75.123933
61091425,2025-02-10T08:13:00.000,2025-02-13T08:41:02.000,Street Light Out,Closed,Mysuru,12.317083,76.661064
61091623,2025-02-10T09:16:00.000,2025-04-13T13:46:00.000,Street Light Out,Closed,Shivamogga,13.931166,75.564805
61091838,2025-02-10T10:02:00.000,2025-02-19T08:02:31.000,Street Light Out,Closed,Bengaluru,12.947058,77.591529
61091960,2025-02-10T10:03:00.000,2025-02-12T15:12:00.000,Street Light Out,Closed,Shivamogga,13.903938,75.562527
61091963,2025-02-10T10:48:00.000,2025-02-15T18:48:12.000,Street Light Out,Closed,Mangaluru,12.870327,74.858122
61091977,2025-02-10T13:04:00.000,2025-02-19T08:07:59.000,Street Light Out,Closed,Mangaluru,12.876297,74.868781
61092232,2025-02-10T17:01:00.000,2025-02-14T11:23:42.000,Street Light Out,Closed,Mysuru,12.254803,76.627308
61092364,2025-02-10T20:20:00.000,2025-02-20T16:03:00.000,Street Light Out,Closed,Shivamogga,13.930968,75.556791
61092542,2025-02-10T21:08:00.000,2025-02-18T15:45:32.000,Street Light Out,Closed,Tumakuru,13.353286,77.110943
61092567,2025-02-10T21:32:00.000,2025-02-23T10:41:00.000,Street Light Out,Closed,Tumakuru,13.348966,77.103536
61092692,2025-02-10T21:44:00.000,2025-02-12T12:16:00.000,Street Light Out,Closed,Belagavi,15.818857,74.5549
61092840,2025-02-10T22:20:00.000,2025-02-15T16:45:00.000,Street Light Out,Closed,Hubballi,15.395033,75.149025
61092887,2025-02-10T23:41:00.000,2025-02-12T16:37:43.000,Street Light Out,Closed,Hubballi,15.358839,75.124085
61093011,2025-02-11T00:03:00.000,2025-02-18T18:41:43.000,Street Light Out,Closed,Bengaluru,12.931466,77.606214
61093073,2025-02-11T01:03:00.000,2025-02-16T16:08:36.000,Street Light Out,Closed,Mangaluru,12.888253,74.880895
61093238,2025-02-11T02:44:00.000,2025-02-15T18:30:04.000,Street Light Out,Closed,Bengaluru,12.921734,77.604067
61093571,2025-02-11T07:09:00.000,2025-03-01T16:34:23.000,Street Light Out,Closed,Bengaluru,12.951643,77.650524
61093664,2025-02-11T10:52:00.000,2025-02-13T09:38:00.000,Street Light Cycling,Closed,Mangaluru,12.877897,74.870509
61093702,2025-02-11T12:14:00.000,2025-02-19T13:29:00.000,Street Light Out,Closed,Hubballi,15.357776,75.141817
61093855,2025-02-11T15:27:00.000,2025-03-04T10:56:00.000,Street Light Out,Closed,Hubballi,15.365291,75.127829
61093867,2025-02-11T19:52:00.000,2025-02-28T08:07:15.000,Street Light Out,Closed,Shivamogga,13.94335,75.549883
61093960,2025-02-11T20:43:00.000,2025-02-15T10:01:00.000,Street Light Out,Closed,Mysuru,12.302455,76.697127
61093966,2025-02-11T21:17:00.000,2025-02-22T08:32:00.000,Street Light Out,Closed,Mangaluru,12.882594,74.881645
61094288,2025-02-11T21:58:00.000,2025-03-03T11:20:00.000,Street Light Cycling,Closed,Hubballi,15.363396,75.095154
61094439,2025-02-12T00:24:00.000,2025-02-22T11:34:46.000,Lamppost Damaged,Closed,Tumakuru,13.355842,77.085766
61094446,2025-02-12T03:31:00.000,2025-03-06T15:11:21.000,Street Light Out,Closed,Hubballi,15.374347,75.108632
61094608,2025-02-12T03:57:00.000,2025-02-14T13:42:27.000,Street Light Dayburning,Closed,Mysuru,12.310388,76.683967
61094610,2025-02-12T06:45:00.000,2025-02-23T10:07:00.000,Street Light Out,Closed,Hubballi,15.374333,75.136965
61094661,2025-02-12T06:45:00.000,2025-02-22T12:54:36.000,Street Light Out,Closed,Belagavi,15.85377,74.497156
61094712,2025-02-12T08:02:00.000,2025-02-14T15:26:00.000,Street Light Cycling,Closed,Hubballi,15.381097,75.132031
61094869,2025-02-12T09:29:00.000,2025-02-17T09:14:00.000,Street Light Out,Closed,Mysuru,12.277004,76.675804
61094897,2025-02-12T09:33:00.000,2025-02-17T09:05:00.000,Street Light Out,Closed,Bengaluru,12.955477,77.570501
61095479,2025-02-12T09:38:00.000,2025-03-31T11:15:00.000,Street Light Out,Closed,Shivamogga,13.932985,75.567149
61095593,2025-02-12T10:21:00.000,2025-02-15T08:44:00.000,Street Light Cycling,Closed,Belagavi,15.837214,74.461393
61095655,2025-02-12T11:12:00.000,2025-02-18T13:51:00.000,Street Light Dim,Closed,Shivamogga,13.9001,75.55443
61095680,2025-02-12T16:42:00.000,2025-02-16T14:32:00.000,Street Light Out,Closed,Bengaluru,12.961929,77.722621
61095862,2025-02-12T18:10:00.000,2025-02-15T12:05:09.000,Street Light Out,Closed,Mysuru,12.290099,76.615795
61095990,2025-02-12T18:46:00.000,2025-02-14T14:43:00.000,Street Light Out,Closed,Bengaluru,12.876631,77.579041
61096109,2025-02-12T19:11:00.000,2025-02-13T11:06:57.000,Street Light Out,Closed,Hubballi,15.378905,75.114401
61096156,2025-02-12T19:40:00.000,2025-02-25T12:26:55.000,Street Light Out,Closed,Tumakuru,13.372756,77.125881
61096247,2025-02-12T19:58:00.000,2025-03-14T13:53:47.000,Street Light Out,Closed,Mangaluru,12.874794,74.844273
61096257,2025-02-12T20:00:00.000,2025-02-15T14:57:00.000,Street Light Out,Closed,Belagavi,15.844222,74.512106
61096275,2025-02-12T20:14:00.000,2025-02-15T13:48:00.000,Street Light Out,Closed,Mysuru,12.299071,76.655519
61096742,2025-02-12T20:46:00.000,2025-02-21T16:14:09.000,Street Light Out,Closed,Hubballi,15.378678,75.133699
61096973,2025-02-12T22:43:00.000,2025-03-05T09:21:00.000,Street Light Out,Closed,Tumakuru,13.323758,77.093561
61096981,2025-02-13T00:52:00.000,2025-02-20T14:12:00.000,Street Light Out,Closed,Tumakuru,13.331848,77.107802
61096984,2025-02-13T06:36:00.000,2025-02-15T11:30:43.000,Street Light Out,Closed,Mysuru,12.349298,76.675418
61097086,2025-02-13T08:40:00.000,2025-02-19T15:01:33.000,Street Light Out,Closed,Mangaluru,12.890511,74.853257
61097112,2025-02-13T09:26:00.000,2025-02-23T10:07:00.000,Street Light Out,Closed,Mysuru,12.282316,76.67304
61097188,2025-02-13T09:29:00.000,2025-02-14T13:41:00.000,Street Light Out,Closed,Hubballi,15.3662,75.136489
61097290,2025-02-13T09:51:00.000,2025-02-15T11:03:00.000,Street Light Out,Closed,Mangaluru,12.881702,74.864695
61097476,2025-02-13T10:49:00.000,2025-02-17T12:40:00.000,Street Light Out,Closed,Bengaluru,12.965536,77.592364
61097671,2025-02-13T11:29:00.000,2025-02-14T09:18:11.000,Street Light Out,Closed,Mysuru,12.274822,76.630224
61097761,2025-02-13T16:04:00.000,2025-02-23T16:02:00.000,Street Light Out,Closed,Bengaluru,12.984271,77.618909
61097897,2025-02-13T16:41:00.000,2025-02-17T11:56:00.000,Street Light Out,Closed,Mysuru,12.3022,76.652331
61097930,2025-02-13T16:53:00.000,2025-03-14T09:09:00.000,Street Light Out,Closed,Hubballi,15.36698,75.125175
61098044,2025-02-13T17:45:00.000,2025-02-16T15:19:18.000,Street Light Dayburning,Closed,Mysuru,12.349149,76.681993
61098059,2025-02-13T18:28:00.000,2025-03-02T13:00:00.000,Street Light Out,Closed,Mangaluru,12.879616,74.858577
61098097,2025-02-13T20:09:00.000,2025-02-20T08:13:19.000,Street Light Out,Closed,Hubballi,15.373996,75.144408
61098509,2025-02-13T20:18:00.000,2025-04-01T09:59:00.000,Street Light Out,Closed,Hubballi,15.370694,75.113073
61098626,2025-02-13T21:30:00.000,2025-03-01T15:05:00.000,Lamppost Damaged,Closed,Tumakuru,13.317295,77.07557
61098706,2025-02-13T22:05:00.000,2025-02-23T17:52:00.000,Street Light Out,Closed,Mysuru,12.314848,76.602937
61098737,2025-02-13T23:09:00.000,2025-02-19T12:25:00.000,Street Light Out,Closed,Mangaluru,12.897312,74.8555
61098805,2025-02-14T03:05:00.000,2025-03-14T14:36:00.000,Street Light Out,Closed,Hubballi,15.339826,75.112746
61098938,2025-02-14T05:34:00.000,2025-03-06T11:12:00.000,Street Light Out,Closed,Mysuru,12.315438,76.66326
61098987,2025-02-14T06:39:00.000,2025-02-19T09:13:00.000,Street Light Out,Closed,Bengaluru,13.006882,77.58725
61099019,2025-02-14T07:47:00.000,2025-02-18T10:57:00.000,Street Light Out,Closed,Bengaluru,13.007154,77.562558
61099077,2025-02-14T09:59:00.000,2025-02-16T10:13:00.000,Street Light Out,Closed,Tumakuru,13.340617,77.1192
61099103,2025-02-14T10:45:00.000,2025-02-24T09:38:00.000,Street Light Out,Closed,Bengaluru,12.964532,77.573432
61099220,2025-02-14T15:02:00.000,2025-02-18T18:44:34.000,Street Light Out,Closed,Bengaluru,12.988286,77.665224
61099361,2025-02-14T16:36:00.000,2025-02-18T14:05:00.000,Street Light Out,Closed,Bengaluru,12.978137,77.59794
61099467,2025-02-14T18:06:00.000,2025-02-18T10:14:00.000,Street Light Out,Closed,Mangaluru,12.877627,74.859481
61099842,2025-02-14T18:08:00.000,2025-03-08T13:54:00.000,Street Light Out,Closed,Mysuru,12.30924,76.656591
61100020,2025-02-14T19:02:00.000,2025-02-17T16:24:00.000,Street Light Out,Closed,Mysuru,12.290455,76.639055
61100308,2025-02-14T19:04:00.000,2025-02-20T14:11:37.000,Street Light Out,Closed,Hubballi,15.359473,75.140827
61100377,2025-02-14T19:19:00.000,2025-02-27T14:47:03.000,Lamppost Damaged,Closed,Bengaluru,12.982229,77.636325
61100644,2025-02-14T21:42:00.000,2025-02-17T10:42:56.000,Street Light Out,Closed,Belagavi,15.846742,74.484077
61100661,2025-02-14T22:19:00.000,2025-02-18T17:25:00.000,Street Light Out,Closed,Mangaluru,12.877982,74.856732
61100678,2025-02-14T22:42:00.000,2025-02-26T17:27:00.000,Street Light Out,Closed,Bengaluru,13.012166,77.575359
61100740,2025-02-14T23:43:00.000,2025-02-19T18:07:21.000,Street Light Out,Closed,Belagavi,15.813127,74.554152
61100964,2025-02-15T00:29:00.000,2025-03-24T18:17:00.000,Street Light Out,Closed,Bengaluru,12.933753,77.503852
61101153,2025-02-15T06:42:00.000,2025-02-19T14:02:34.000,Street Light Dayburning,Closed,Bengaluru,12.952165,77.643037
61101243,2025-02-15T06:51:00.000,2025-02-25T14:54:00.000,Street Light Out,Closed,Belagavi,15.841205,74.541688
61101290,2025-02-15T07:46:00.000,2025-02-22T08:12:00.000,Street Light Out,Closed,Mangaluru,12.873946,74.862632
61101463,2025-02-15T07:58:00.000,2025-02-24T18:57:00.000,Street Light Out,Closed,Belagavi,15.85481,74.530808
61101518,2025-02-15T10:13:00.000,2025-03-26T11:04:40.000,Street Light Out,Closed,Mangaluru,12.869608,74.865848
61101737,2025-02-15T12:20:00.000,2025-02-19T10:42:46.000,Street Light Out,Closed,Hubballi,15.356648,75.134394
61102043,2025-02-15T18:26:00.000,2025-02-18T08:53:51.000,Street Light Out,Closed,Bengaluru,12.975643,77.669015
61102062,2025-02-15T18:26:00.000,2025-02-21T15:35:00.000,Street Light Out,Closed,Mysuru,12.314871,76.686249
61102122,2025-02-15T18:55:00.000,2025-02-24T18:39:36.000,Street Light Out,Closed,Bengaluru,12.971223,77.500089
61102131,2025-02-15T22:00:00.000,2025-02-20T16:56:18.000,Street Light Out,Closed,Bengaluru,12.99274,77.591495
61102217,2025-02-15T22:23:00.000,2025-03-13T12:48:00.000,Street Light Out,Closed,Bengaluru,12.980693,77.580588
61102299,2025-02-15T23:31:00.000,2025-02-18T12:06:00.000,Street Light Out,Closed,Shivamogga,13.947789,75.541103
61102335,2025-02-16T07:59:00.000,2025-02-20T08:59:12.000,Street Light Out,Closed,Bengaluru,12.959307,77.587468
61102447,2025-02-16T08:11:00.000,2025-02-19T13:33:12.000,Street Light Out,Closed,Bengaluru,12.930593,77.627095
61102457,2025-02-16T09:09:00.000,2025-02-26T14:35:00.000,Street Light Out,Closed,Bengaluru,12.963027,77.595621
61102543,2025-02-16T09:16:00.000,2025-03-02T16:07:41.000,Street Light Out,Closed,Bengaluru,12.950054,77.634622
61102594,2025-02-16T12:37:00.000,2025-02-23T16:08:00.000,Street Light Out,Closed,Belagavi,15.90447,74.512662
61102849,2025-02-16T13:00:00.000,2025-02-20T09:51:52.000,Street Light Cycling,Closed,Tumakuru,13.369214,77.133739
61102986,2025-02-16T16:00:00.000,2025-03-31T16:59:00.000,Street Light Out,Closed,Bengaluru,13.02053,77.565399
61103035,2025-02-16T18:36:00.000,2025-02-21T15:38:58.000,Street Light Out,Closed,Bengaluru,12.987266,77.573002
61103189,2025-02-16T19:20:00.000,2025-02-25T11:29:54.000,Street Light Out,Closed,Shivamogga,13.921551,75.589054
61103247,2025-02-16T19:48:00.000,2025-02-20T08:57:58.000,Street Light Out,Closed,Tumakuru,13.338676,77.082348
61103273,2025-02-16T19:55:00.000,2025-02-19T12:11:00.000,Street Light Out,Closed,Bengaluru,13.002968,77.560971
61103285,2025-02-16T20:00:00.000,2025-02-19T15:56:55.000,Street Light Out,Closed,Hubballi,15.35579,75.133619
61103493,2025-02-16T21:25:00.000,2025-02-19T17:29:39.000,Street Light Out,Closed,Tumakuru,13.364892,77.093563
61103524,2025-02-16T21:52:00.000,2025-03-04T08:11:03.000,Street Light Out,Closed,Shivamogga,13.906621,75.583659
61103955,2025-02-17T05:37:00.000,2025-02-18T16:33:12.000,Street Light Out,Closed,Tumakuru,13.380903,77.073389
61104001,2025-02-17T07:09:00.000,2025-02-19T13:36:20.000,Street Light Out,Closed,Bengaluru,12.960779,77.650497
61104330,2025-02-17T07:52:00.000,2025-02-25T17:24:00.000,Street Light Out,Closed,Belagavi,15.889641,74.520331
61104394,2025-02-17T08:01:00.000,2025-02-22T14:32:00.000,Street Light Out,Closed,Shivamogga,13.928954,75.567868
61104528,2025-02-17T10:49:00.000,2025-03-09T09:38:10.000,Street Light Out,Closed,Hubballi,15.361091,75.111865
61104537,2025-02-17T12:15:00.000,2025-02-21T08:16:00.000,Street Light Out,Closed,Mysuru,12.303843,76.655045
61104617,2025-02-17T14:44:00.000,2025-02-21T15:05:00.000,Street Light Cycling,Closed,Mangaluru,12.874531,74.865865
61104667,2025-02-17T15:25:00.000,2025-02-18T17:01:19.000,Street Light Out,Closed,Mysuru,12.317382,76.658529
61104892,2025-02-17T15:33:00.000,2025-02-22T17:00:00.000,Street Light Dayburning,Closed,Shivamogga,13.935895,75.558411
61104898,2025-02-17T16:11:00.000,2025-02-19T15:57:00.000,Street Light Out,Closed,Hubballi,15.35638,75.147086
61104946,2025-02-17T17:24:00.000,2025-02-25T11:26:55.000,Street Light Out,Closed,Mysuru,12.272987,76.695118
61105323,2025-02-17T19:40:00.000,2025-02-20T11:59:31.000,Street Light Out,Closed,Mysuru,12.293784,76.642424
61105667,2025-02-17T22:22:00.000,2025-02-20T17:15:46.000,Street Light Out,Closed,Mysuru,12.321946,76.689859
61105720,2025-02-17T23:20:00.000,2025-02-20T09:24:42.000,Street Light Out,Closed,Tumakuru,13.342723,77.121073
61106013,2025-02-17T23:27:00.000,2025-02-19T14:16:44.000,Street Light Out,Closed,Bengaluru,13.043765,77.668787
61106047,2025-02-18T03:33:00.000,2025-02-20T12:02:53.000,Street Light Out,Closed,Bengaluru,12.98454,77.548185
61106171,2025-02-18T06:29:00.000,2025-03-09T10:54:00.000,Lamppost Damaged,Closed,Mysuru,12.296893,76.671644
61106228,2025-02-18T07:45:00.000,2025-02-20T08:39:00.000,Street Light Out,Closed,Belagavi,15.868859,74.507375
61106446,2025-02-18T08:07:00.000,2025-02-19T09:59:45.000,Street Light Out,Closed,Belagavi,15.846016,74.484213
61106484,2025-02-18T08:33:00.000,2025-03-03T18:04:00.000,Street Light Out,Closed,Mysuru,12.294025,76.662307
61106508,2025-02-18T09:10:00.000,2025-02-22T18:36:11.000,Street Light Out,Closed,Belagavi,15.823979,74.545043
61106578,2025-02-18T14:44:00.000,2025-02-20T12:04:00.000,Street Light Out,Closed,Hubballi,15.330081,75.09301
61106803,2025-02-18T16:44:00.000,2025-02-27T14:11:00.000,Street Light Out,Closed,Bengaluru,12.979234,77.702973
61106930,2025-02-18T17:12:00.000,2025-02-23T16:10:00.000,Lamppost Damaged,Closed,Bengaluru,12.978149,77.603749
61107030,2025-02-18T19:00:00.000,2025-02-21T11:39:49.000,Street Light Out,Closed,Bengaluru,12.984792,77.559652
61107033,2025-02-18T19:18:00.000,2025-02-20T09:21:00.000,Street Light Out,Closed,Mysuru,12.313068,76.660136
61107123,2025-02-18T19:31:00.000,2025-03-01T18:16:24.000,Street Light Dayburning,Closed,Mangaluru,12.875837,74.845174
61107335,2025-02-18T20:27:00.000,2025-03-03T18:30:00.000,Street Light Cycling,Closed,Mangaluru,12.882448,74.858478
61107604,2025-02-18T20:39:00.000,2025-02-22T16:06:41.000,Street Light Out,Closed,Bengaluru,13.013914,77.571487
61107637,2025-02-18T21:20:00.000,2025-03-08T08:37:03.000,Street Light Out,Closed,Mysuru,12.309987,76.658495
61107686,2025-02-18T21:57:00.000,2025-02-19T16:05:01.000,Street Light Out,Closed,Mysuru,12.302992,76.658991
61107715,2025-02-18T22:19:00.000,2025-02-23T14:28:00.000,Street Light Out,Closed,Bengaluru,12.946315,77.627152
61108067,2025-02-18T22:26:00.000,2025-02-20T18:17:17.000,Street Light Out,Closed,Shivamogga,13.920096,75.571433
61108110,2025-02-18T22:36:00.000,2025-02-21T16:00:00.000,Street Light Out,Closed,Hubballi,15.360209,75.145983
61108129,2025-02-18T23:01:00.000,2025-02-20T17:05:48.000,Street Light Out,Closed,Shivamogga,13.926514,75.568745
61108189,2025-02-19T00:41:00.000,2025-02-28T18:08:00.000,Street Light Out,Closed,Bengaluru,12.959294,77.652883
61108469,2025-02-19T08:19:00.000,2025-03-20T08:37:00.000,Street Light Out,Closed,Hubballi,15.345328,75.129076
61108650,2025-02-19T08:24:00.000,2025-03-03T17:28:37.000,Street Light Out,Closed,Tumakuru,13.351025,77.086896
61108861,2025-02-19T10:08:00.000,2025-02-22T08:36:06.000,Street Light Out,Closed,Bengaluru,12.978005,77.557341
61109036,2025-02-19T10:39:00.000,2025-03-02T08:43:04.000,Street Light Out,Closed,Bengaluru,12.946993,77.591606
61109681,2025-02-19T10:41:00.000,2025-02-24T14:57:00.000,Street Light Out,Closed,Tumakuru,13.336897,77.106712
61109712,2025-02-19T11:59:00.000,2025-02-28T08:13:00.000,Street Light Out,Closed,Tumakuru,13.334437,77.104103
61109952,2025-02-19T12:21:00.000,2025-04-04T15:30:00.000,Street Light Out,Closed,Mysuru,12.304185,76.663338
61110026,2025-02-19T15:40:00.000,2025-02-24T15:51:00.000,Street Light Out,Closed,Belagavi,15.884555,74.477273
61110227,2025-02-19T17:38:00.000,2025-02-20T14:42:43.000,Street Light Out,Closed,Hubballi,15.362607,75.124735
61110587,2025-02-19T19:08:00.000,2025-02-25T17:20:10.000,Street Light Dayburning,Closed,Mysuru,12.363578,76.647711
61110733,2025-02-19T20:28:00.000,2025-03-03T18:50:00.000,Street Light Out,Closed,Belagavi,15.845159,74.492077
61110862,2025-02-19T21:36:00.000,2025-04-12T14:38:18.000,Street Light Out,Closed,Bengaluru,12.954513,77.622057
61110886,2025-02-20T05:39:00.000,2025-03-01T15:29:20.000,Street Light Out,Closed,Mysuru,12.277462,76.633961
61110911,2025-02-20T08:00:00.000,2025-02-21T10:35:00.000,Street Light Out,Closed,Mysuru,12.314532,76.644927
61110967,2025-02-20T08:06:00.000,2025-02-27T13:38:00.000,Street Light Cycling,Closed,Bengaluru,13.032611,77.631238
61111224,2025-02-20T08:46:00.000,2025-03-07T18:40:13.000,Street Light Out,Closed,Belagavi,15.853774,74.517821
61111242,2025-02-20T09:29:00.000,2025-02-27T18:06:00.000,Street Light Out,Closed,Bengaluru,12.958455,77.629344
61111437,2025-02-20T11:11:00.000,2025-02-25T13:07:00.000,Street Light Out,Closed,Hubballi,15.363717,75.127521
61111450,2025-02-20T17:08:00.000,2025-02-25T10:00:20.000,Street Light Out,Closed,Bengaluru,13.03331,77.563342
61111497,2025-02-20T19:49:00.000,2025-02-25T10:55:01.000,Street Light Out,Closed,Belagavi,15.845295,74.516297
61111652,2025-02-20T20:07:00.000,2025-02-23T08:57:21.000,Street Light Out,Closed,Belagavi,15.839674,74.490467
61112059,2025-02-20T20:26:00.000,2025-02-22T17:08:07.000,Street Light Out,Closed,Bengaluru,12.951532,77.65221
61112163,2025-02-20T21:05:00.000,2025-02-26T11:52:00.000,Street Light Cycling,Closed,Shivamogga,13.931352,75.564909
61112406,2025-02-20T21:32:00.000,2025-02-27T09:34:56.000,Street Light Out,Closed,Mysuru,12.293757,76.642432
61112514,2025-02-20T21:42:00.000,2025-02-23T11:30:48.000,Street Light Out,Closed,Bengaluru,13.01358,77.576946
61112610,2025-02-20T23:25:00.000,2025-03-03T13:34:00.000,Street Light Out,Closed,Hubballi,15.298509,75.136641
61112618,2025-02-20T23:36:00.000,2025-02-24T16:09:00.000,Street Light Cycling,Closed,Bengaluru,12.984623,77.548175
61112730,2025-02-20T23:45:00.000,2025-02-23T12:26:00.000,Street Light Cycling,Closed,Tumakuru,13.353506,77.101817
61112771,2025-02-21T00:09:00.000,2025-03-04T12:56:00.000,Street Light Out,Closed,Bengaluru,12.991155,77.661397
61112903,2025-02-21T00:09:00.000,2025-03-08T16:09:06.000,Street Light Cycling,Closed,Hubballi,15.372854,75.143466
61112905,2025-02-21T06:14:00.000,2025-02-26T08:50:00.000,Street Light Out,Closed,Bengaluru,12.953311,77.730591
61113066,2025-02-21T06:17:00.000,2025-02-27T09:10:00.000,Street Light Out,Closed,Mysuru,12.285695,76.648889
61113116,2025-02-21T07:07:00.000,2025-02-27T09:13:41.000,Street Light Out,Closed,Shivamogga,13.94063,75.560288
61113379,2025-02-21T07:21:00.000,2025-02-26T11:40:53.000,Street Light Out,Closed,Mysuru,12.28931,76.651918
61113508,2025-02-21T11:14:00.000,2025-02-24T11:16:00.000,Street Light Out,Closed,Hubballi,15.357723,75.12315
61113547,2025-02-21T15:06:00.000,2025-03-02T17:20:00.000,Street Light Out,Closed,Bengaluru,12.930043,77.615084
61113714,2025-02-21T16:34:00.000,2025-02-24T11:54:00.000,Street Light Out,Closed,Mysuru,12.28601,76.659504
61114092,2025-02-21T16:47:00.000,2025-02-26T18:39:54.000,Street Light Out,Closed,Tumakuru,13.336867,77.096401
61114229,2025-02-21T18:59:00.000,2025-02-24T09:12:00.000,Street Light Out,Closed,Bengaluru,12.959473,77.583168
61114352,2025-02-21T19:54:00.000,2025-02-25T18:51:47.000,Street Light Cycling,Closed,Bengaluru,12.962662,77.627137
61114382,2025-02-21T20:45:00.000,2025-02-23T15:08:13.000,Street Light Out,Closed,Hubballi,15.301573,75.111433
61114429,2025-02-21T21:23:00.000,2025-04-17T15:15:54.000,Street Light Out,Closed,Tumakuru,13.337492,77.103733
61114510,2025-02-21T21:26:00.000,2025-02-23T17:06:00.000,Street Light Out,Closed,Belagavi,15.829274,74.540643
61114751,2025-02-21T22:20:00.000,2025-02-28T16:26:17.000,Street Light Out,Closed,Belagavi,15.892512,74.484318
61114912,2025-02-22T00:13:00.000,2025-03-02T14:05:44.000,Street Light Out,Closed,Hubballi,15.359735,75.140716
61114931,2025-02-22T02:54:00.000,2025-03-09T14:33:00.000,Street Light Out,Closed,Bengaluru,12.995254,77.554683
61114950,2025-02-22T04:07:00.000,2025-02-26T09:28:00.000,Street Light Out,Closed,Mangaluru,12.882414,74.848883
61114954,2025-02-22T05:19:00.000,2025-02-24T18:40:34.000,Street Light Out,Closed,Bengaluru,12.990256,77.656107
61115255,2025-02-22T06:57:00.000,2025-03-01T08:26:00.000,Street Light Out,Closed,Bengaluru,12.966308,77.637511
61115277,2025-02-22T08:43:00.000,2025-02-24T11:08:00.000,Street Light Out,Closed,Hubballi,15.363226,75.136667
61115286,2025-02-22T08:52:00.000,2025-02-27T15:50:19.000,Lamppost Damaged,Closed,Mysuru,12.348457,76.632608
61115455,2025-02-22T08:53:00.000,2025-02-28T14:10:51.000,Street Light Out,Closed,Bengaluru,12.973089,77.61543
61115567,2025-02-22T09:05:00.000,2025-02-26T15:26:00.000,Street Light Out,Closed,Belagavi,15.850247,74.469871
61115792,2025-02-22T09:58:00.000,2025-02-24T17:47:23.000,Street Light Out,Closed,Mangaluru,12.846366,74.870762
61115815,2025-02-22T11:18:00.000,2025-02-27T11:48:44.000,Street Light Out,Closed,Belagavi,15.868268,74.513971
61116088,2025-02-22T12:05:00.000,2025-03-03T11:29:24.000,Street Light Out,Closed,Mangaluru,12.887064,74.859657
61116299,2025-02-22T15:32:00.000,2025-03-22T09:11:08.000,Lamppost Damaged,Closed,Bengaluru,12.929086,77.612339
61116410,2025-02-22T16:39:00.000,2025-03-08T12:24:00.000,Street Light Out,Closed,Shivamogga,13.915878,75.566295
61116768,2025-02-22T17:03:00.000,2025-03-31T08:24:00.000,Street Light Out,Closed,Belagavi,15.848447,74.54263
61116846,2025-02-22T17:30:00.000,2025-03-03T12:09:00.000,Street Light Out,Closed,Tumakuru,13.344618,77.098656
61116857,2025-02-22T18:04:00.000,2025-02-24T11:22:22.000,Street Light Out,Closed,Mysuru,12.298435,76.604792
61117164,2025-02-22T18:34:00.000,2025-03-14T17:55:00.000,Lamppost Damaged,Closed,Mangaluru,12.874734,74.861456
61117214,2025-02-22T19:01:00.000,2025-02-25T08:12:00.000,Street Light Out,Closed,Hubballi,15.378591,75.133673
61117325,2025-02-22T20:51:00.000,2025-02-24T09:28:00.000,Street Light Dayburning,Closed,Bengaluru,12.983386,77.577974
61117341,2025-02-22T21:18:00.000,2025-02-23T12:53:00.000,Street Light Out,Closed,Belagavi,15.882441,74.561995
61117433,2025-02-22T21:29:00.000,2025-03-11T17:29:00.000,Street Light Out,Closed,Mangaluru,12.875571,74.872181
61117500,2025-02-22T21:34:00.000,2025-03-01T08:20:00.000,Street Light Out,Closed,Mysuru,12.29546,76.635737
61117543,2025-02-22T21:54:00.000,2025-02-28T14:56:00.000,Street Light Out,Closed,Hubballi,15.353381,75.13619
61117622,2025-02-23T05:15:00.000,2025-03-01T14:32:00.000,Street Light Out,Closed,Bengaluru,13.002336,77.570811
61117750,2025-02-23T06:25:00.000,2025-03-06T09:40:00.000,Street Light Out,Closed,Belagavi,15.838316,74.486413
61117801,2025-02-23T08:25:00.000,2025-02-24T16:33:05.000,Street Light Out,Closed,Hubballi,15.351655,75.127558
61118688,2025-02-23T09:51:00.000,2025-03-01T13:24:00.000,Street Light Out,Closed,Bengaluru,12.94694,77.669162
61118698,2025-02-23T11:52:00.000,2025-04-05T17:07:00.000,Street Light Out,Closed,Bengaluru,12.967861,77.581199
61118820,2025-02-23T15:18:00.000,2025-03-03T16:18:09.000,Street Light Dayburning,Closed,Mangaluru,12.87275,74.866448
61119058,2025-02-23T15:43:00.000,2025-02-25T17:49:49.000,Street Light Out,Closed,Bengaluru,12.978831,77.475241
61119069,2025-02-23T16:49:00.000,2025-02-25T13:49:00.000,Street Light Out,Closed,Bengaluru,12.968278,77.647721
61119248,2025-02-23T17:11:00.000,2025-03-09T10:29:00.000,Street Light Out,Closed,Belagavi,15.81852,74.555714
61119337,2025-02-23T17:54:00.000,2025-02-26T14:33:07.000,Street Light Out,Closed,Shivamogga,13.913204,75.559839
61119390,2025-02-23T18:16:00.000,2025-03-01T11:43:00.000,Street Light Out,Closed,Hubballi,15.366719,75.163368
61119416,2025-02-23T18:25:00.000,2025-03-08T15:23:48.000,Street Light Out,Closed,Hubballi,15.351919,75.156349
61119505,2025-02-23T18:57:00.000,2025-03-06T18:34:27.000,Street Light Out,Closed,Mysuru,12.308439,76.667001
61119528,2025-02-23T19:25:00.000,2025-03-01T13:21:45.000,Street Light Out,Closed,Bengaluru,12.855736,77.680637
61119534,2025-02-23T20:31:00.000,2025-03-06T13:56:30.000,Street Light Out,Closed,Bengaluru,12.962869,77.567961
61119767,2025-02-23T20:48:00.000,2025-04-10T09:52:20.000,Street Light Out,Closed,Mysuru,12.292335,76.649008
61119833,2025-02-23T21:04:00.000,2025-03-01T14:48:00.000,Street Light Out,Closed,Belagavi,15.811591,74.454139
61119869,2025-02-23T21:47:00.000,2025-02-27T10:43:00.000,Street Light Out,Closed,Mysuru,12.343903,76.670969
61119898,2025-02-24T01:38:00.000,2025-03-07T13:32:00.000,Street Light Out,Closed,Tumakuru,13.333078,77.125468
61120126,2025-02-24T05:30:00.000,2025-02-28T08:02:17.000,Street Light Out,Closed,Belagavi,15.839125,74.464249
61120453,2025-02-24T07:47:00.000,2025-03-09T10:28:06.000,Street Light Out,Closed,Mysuru,12.319052,76.680402
61120592,2025-02-24T10:00:00.000,2025-03-27T10:50:00.000,Street Light Out,Closed,Mysuru,12.310356,76.683983
61120604,2025-02-24T11:35:00.000,2025-03-03T17:21:00.000,Street Light Dayburning,Closed,Tumakuru,13.332281,77.102751
61120709,2025-02-24T13:19:00.000,2025-02-28T11:48:00.000,Street Light Out,Closed,Bengaluru,12.937862,77.615202
61120920,2025-02-24T15:55:00.000,2025-02-28T09:50:00.000,Street Light Out,Closed,Mysuru,12.323891,76.635278
61120929,2025-02-24T16:26:00.000,2025-02-26T16:26:00.000,Street Light Out,Closed,Bengaluru,12.92181,77.604054
61121297,2025-02-24T19:21:00.000,2025-03-04T12:18:00.000,Street Light Out,Closed,Bengaluru,12.982847,77.587851
61121367,2025-02-24T19:34:00.000,2025-04-05T14:12:00.000,Street Light Out,Closed,Mysuru,12.282332,76.673
61121584,2025-02-24T19:51:00.000,2025-03-03T12:27:50.000,Street Light Cycling,Closed,Mysuru,12.291647,76.64325
61121955,2025-02-24T19:54:00.000,2025-03-10T14:16:00.000,Street Light Out,Closed,Mangaluru,12.874563,74.867613
61121956,2025-02-24T20:24:00.000,2025-02-26T10:47:00.000,Street Light Cycling,Closed,Mysuru,12.311648,76.656373
61122063,2025-02-24T20:50:00.000,2025-03-06T10:28:08.000,Lamppost Damaged,Closed,Tumakuru,13.36546,77.08129
61122200,2025-02-24T21:05:00.000,2025-02-28T18:33:53.000,Street Light Out,Closed,Hubballi,15.349938,75.135404
61122268,2025-02-24T22:02:00.000,2025-03-09T17:33:39.000,Street Light Out,Closed,Tumakuru,13.340722,77.091178
61122644,2025-02-24T22:20:00.000,2025-03-01T13:16:00.000,Street Light Out,Closed,Bengaluru,13.036696,77.514628
61122699,2025-02-24T22:23:00.000,2025-03-07T17:26:00.000,Street Light Out,Closed,Mysuru,12.343026,76.71825
61122803,2025-02-25T01:57:00.000,2025-03-02T10:52:00.000,Street Light Out,Closed,Mysuru,12.313969,76.688199
61122912,2025-02-25T04:34:00.000,2025-03-04T13:02:17.000,Street Light Out,Closed,Tumakuru,13.355932,77.085419
61122944,2025-02-25T05:58:00.000,2025-03-01T08:31:17.000,Street Light Out,Closed,Bengaluru,12.984562,77.548131
61123279,2025-02-25T06:17:00.000,2025-02-26T17:36:47.000,Street Light Out,Closed,Hubballi,15.359172,75.145908
61123326,2025-02-25T06:57:00.000,2025-03-06T18:20:00.000,Street Light Out,Closed,Hubballi,15.39258,75.125587
61123343,2025-02-25T08:00:00.000,2025-02-26T16:37:02.000,Street Light Out,Closed,Mysuru,12.318944,76.634869
61123667,2025-02-25T08:39:00.000,2025-03-29T09:32:56.000,Street Light Out,Closed,Bengaluru,13.008594,77.575554
61123719,2025-02-25T08:45:00.000,2025-02-26T18:31:39.000,Street Light Out,Closed,Bengaluru,12.97549,77.589922
61123878,2025-02-25T09:17:00.000,2025-03-31T08:06:05.000,Street Light Out,Closed,Mangaluru,12.921899,74.856436
61124144,2025-02-25T09:42:00.000,2025-03-05T14:10:00.000,Street Light Out,Closed,Bengaluru,12.976045,77.571785
61124349,2025-02-25T11:05:00.000,2025-03-03T10:44:00.000,Street Light Dayburning,Closed,Bengaluru,12.930817,77.446487
61124385,2025-02-25T13:50:00.000,2025-02-28T11:46:13.000,Street Light Dayburning,Closed,Mysuru,12.262729,76.70515
61124582,2025-02-25T16:20:00.000,2025-02-26T18:36:03.000,Street Light Out,Closed,Hubballi,15.367444,75.151009
61124703,2025-02-25T16:51:00.000,2025-02-26T15:08:52.000,Street Light Out,Closed,Bengaluru,12.95602,77.661909
61124730,2025-02-25T17:07:00.000,2025-03-01T08:45:00.000,Street Light Out,Closed,Bengaluru,12.978955,77.596736
61124799,2025-02-25T17:24:00.000,2025-03-04T10:25:00.000,Street Light Out,Closed,Hubballi,15.353231,75.124341
61124816,2025-02-25T17:36:00.000,2025-03-04T18:32:01.000,Street Light Out,Closed,Mysuru,12.297975,76.609858
61124872,2025-02-25T18:45:00.000,2025-03-07T17:22:09.000,Street Light Out,Closed,Mysuru,12.304894,76.672242
61124901,2025-02-25T20:00:00.000,2025-03-02T10:14:46.000,Street Light Out,Closed,Mysuru,12.299246,76.619589
61124945,2025-02-25T20:21:00.000,2025-02-28T09:09:00.000,Street Light Out,Closed,Mangaluru,12.873472,74.861756
61125071,2025-02-25T21:10:00.000,2025-02-28T16:02:00.000,Street Light Out,Closed,Belagavi,15.850927,74.49367
61125164,2025-02-25T21:21:00.000,2025-02-28T11:37:00.000,Street Light Out,Closed,Hubballi,15.355361,75.122469
61125436,2025-02-25T22:51:00.000,2025-03-01T17:17:00.000,Street Light Out,Closed,Mysuru,12.323656,76.688187
61125504,2025-02-25T23:47:00.000,2025-02-28T15:53:27.000,Street Light Out,Closed,Tumakuru,13.358247,77.082367
61125510,2025-02-26T07:17:00.000,2025-02-27T17:46:35.000,Street Light Out,Closed,Mangaluru,12.878089,74.861154
61125858,2025-02-26T07:43:00.000,2025-02-28T14:42:08.000,Street Light Out,Closed,Belagavi,15.846082,74.463124
61125918,2025-02-26T09:49:00.000,2025-03-01T11:14:16.000,Street Light Out,Closed,Bengaluru,12.95959,77.632287
61126475,2025-02-26T10:21:00.000,2025-03-11T17:27:00.000,Street Light Out,Closed,Mangaluru,12.873224,74.85669
61126789,2025-02-26T10:34:00.000,2025-02-27T13:32:43.000,Street Light Out,Closed,Hubballi,15.366222,75.13642
61126890,2025-02-26T11:35:00.000,2025-03-03T15:04:25.000,Street Light Dim,Closed,Shivamogga,13.952296,75.538636
61127373,2025-02-26T16:50:00.000,2025-03-06T17:56:29.000,Street Light Out,Closed,Mysuru,12.291173,76.611753
61127559,2025-02-26T18:24:00.000,2025-03-02T15:00:00.000,Street Light Out,Closed,Mangaluru,12.885041,74.850607
61127609,2025-02-26T18:41:00.000,2025-03-01T09:44:18.000,Street Light Out,Closed,Bengaluru,12.980856,77.665958
61127621,2025-02-26T19:35:00.000,2025-03-10T10:41:08.000,Street Light Out,Closed,Hubballi,15.357658,75.144068
61127990,2025-02-26T19:57:00.000,2025-03-14T11:49:06.000,Street Light Out,Closed,Hubballi,15.380549,75.109356
61128308,2025-02-26T20:35:00.000,2025-03-06T18:35:00.000,Street Light Out,Closed,Hubballi,15.376965,75.131194
61128431,2025-02-26T21:09:00.000,2025-03-01T08:54:00.000,Street Light Out,Closed,Tumakuru,13.34347,77.100673
61128463,2025-02-26T21:21:00.000,2025-03-07T17:18:00.000,Street Light Out,Closed,Mysuru,12.31103,76.62719
61128578,2025-02-26T21:45:00.000,2025-03-09T17:07:00.000,Street Light Dayburning,Closed,Bengaluru,12.933949,77.612166
61129025,2025-02-26T21:47:00.000,2025-03-02T13:52:00.000,Street Light Out,Closed,Mysuru,12.297641,76.658599
61129093,2025-02-26T21:48:00.000,2025-03-01T15:05:00.000,Street Light Out,Closed,Belagavi,15.856412,74.512591
61129145,2025-02-26T22:15:00.000,2025-03-08T11:31:33.000,Street Light Out,Closed,Mysuru,12.27694,76.675815
61129307,2025-02-26T22:35:00.000,2025-03-02T14:13:00.000,Street Light Out,Closed,Bengaluru,12.951384,77.630871
61129562,2025-02-27T00:15:00.000,2025-03-08T13:02:04.000,Street Light Cycling,Closed,Hubballi,15.348875,75.154429
61129668,2025-02-27T04:08:00.000,2025-03-11T12:42:00.000,Street Light Out,Closed,Tumakuru,13.354854,77.091101
61129694,2025-02-27T04:44:00.000,2025-03-05T12:56:00.000,Street Light Out,Closed,Hubballi,15.367344,75.134905
61129706,2025-02-27T09:02:00.000,2025-03-10T15:49:09.000,Street Light Dayburning,Closed,Tumakuru,13.344344,77.093425
61130054,2025-02-27T09:58:00.000,2025-03-09T14:21:00.000,Street Light Out,Closed,Hubballi,15.360191,75.13928
61130063,2025-02-27T10:49:00.000,2025-03-09T09:30:00.000,Street Light Out,Closed,Mysuru,12.350472,76.632521
61130154,2025-02-27T11:33:00.000,2025-03-02T09:20:00.000,Street Light Out,Closed,Mangaluru,12.903934,74.847623
61130254,2025-02-27T11:34:00.000,2025-03-11T08:12:00.000,Street Light Out,Closed,Bengaluru,12.982778,77.587798
61130812,2025-02-27T11:40:00.000,2025-03-04T13:06:31.000,Street Light Out,Closed,Tumakuru,13.348546,77.091168
61131058,2025-02-27T11:51:00.000,2025-03-02T18:48:00.000,Street Light Out,Closed,Shivamogga,13.946826,75.601195
61131163,2025-02-27T12:25:00.000,2025-03-02T12:50:00.000,Street Light Out,Closed,Hubballi,15.371761,75.134871
61131252,2025-02-27T13:01:00.000,2025-04-19T14:21:20.000,Street Light Dayburning,Closed,Mysuru,12.31073,76.658971
61131304,2025-02-27T15:56:00.000,2025-03-02T08:02:34.000,Street Light Dim,Closed,Bengaluru,12.966399,77.610227
61131459,2025-02-27T16:00:00.000,2025-03-09T15:33:41.000,Street Light Out,Closed,Tumakuru,13.365182,77.075782
61131525,2025-02-27T17:24:00.000,2025-03-02T10:07:00.000,Street Light Out,Closed,Bengaluru,12.97255,77.653214
61131624,2025-02-27T19:25:00.000,2025-03-04T14:01:00.000,Street Light Cycling,Closed,Belagavi,15.86531,74.497285
61131647,2025-02-27T20:00:00.000,2025-03-05T15:47:00.000,Street Light Out,Closed,Belagavi,15.844627,74.521648
61131672,2025-02-27T20:16:00.000,2025-03-12T09:27:53.000,Street Light Out,Closed,Belagavi,15.828728,74.526454
61131976,2025-02-27T20:21:00.000,2025-03-06T16:21:00.000,Street Light Out,Closed,Belagavi,15.887235,74.509842
61132091,2025-02-27T20:43:00.000,2025-03-04T15:59:00.000,Street Light Out,Closed,Belagavi,15.843881,74.498049
61132240,2025-02-27T21:31:00.000,2025-03-02T09:31:53.000,Street Light Out,Closed,Tumakuru,13.343297,77.119973
61132313,2025-02-27T21:37:00.000,2025-03-04T12:31:00.000,Street Light Out,Closed,Belagavi,15.856553,74.542596
61132454,2025-02-27T22:37:00.000,2025-03-07T09:40:00.000,Street Light Out,Closed,Hubballi,15.374912,75.117351
61132515,2025-02-27T22:56:00.000,2025-03-05T13:53:39.000,Street Light Out,Closed,Mysuru,12.29364,76.660212
61132627,2025-02-27T23:30:00.000,2025-03-05T18:21:00.000,Street Light Dim,Closed,Tumakuru,13.325723,77.097076
61132711,2025-02-28T00:26:00.000,2025-03-03T17:30:11.000,Street Light Out,Closed,Hubballi,15.351594,75.122479
61132733,2025-02-28T02:09:00.000,2025-03-06T15:36:13.000,Street Light Out,Closed,Bengaluru,12.979027,77.572495
61132843,2025-02-28T06:16:00.000,2025-03-04T17:37:00.000,Street Light Out,Closed,Tumakuru,13.372737,77.125899
61132942,2025-02-28T08:46:00.000,2025-03-04T16:51:49.000,Street Light Out,Closed,Bengaluru,12.963045,77.595641
61133517,2025-02-28T08:58:00.000,2025-03-06T15:59:59.000,Street Light Out,Closed,Bengaluru,13.034687,77.452481
61133707,2025-02-28T09:20:00.000,2025-03-03T14:43:00.000,Street Light Out,Closed,Mysuru,12.316589,76.670472
61133873,2025-02-28T09:28:00.000,2025-03-10T08:30:27.000,Street Light Out,Closed,Mangaluru,12.879789,74.851412
61134418,2025-02-28T09:33:00.000,2025-03-03T14:19:00.000,Street Light Out,Closed,Mysuru,12.307135,76.654875
61134425,2025-02-28T09:43:00.000,2025-03-12T11:33:15.000,Street Light Out,Closed,Mangaluru,12.876738,74.878346
61134511,2025-02-28T10:56:00.000,2025-03-01T12:24:30.000,Street Light Out,Closed,Bengaluru,12.98692,77.582865
61134555,2025-02-28T11:17:00.000,2025-03-17T10:18:00.000,Street Light Out,Closed,Mangaluru,12.88888,74.872409
61134582,2025-02-28T11:45:00.000,2025-03-08T15:46:00.000,Street Light Out,Closed,Belagavi,15.841124,74.540044
61134732,2025-02-28T12:42:00.000,2025-03-11T14:13:22.000,Street Light Out,Closed,Mangaluru,12.879102,74.868799
61134791,2025-02-28T16:53:00.000,2025-03-04T10:19:22.000,Street Light Out,Closed,Tumakuru,13.323797,77.121982
61134980,2025-02-28T17:36:00.000,2025-03-02T10:33:19.000,Street Light Out,Closed,Tumakuru,13.346555,77.121098
61134994,2025-02-28T20:15:00.000,2025-03-13T11:38:00.000,Street Light Out,Closed,Bengaluru,12.951786,77.606707
61135038,2025-02-28T20:35:00.000,2025-03-14T16:02:00.000,Street Light Out,Closed,Mysuru,12.312086,76.671868
61135069,2025-02-28T20:47:00.000,2025-03-03T09:26:03.000,Street Light Out,Closed,Bengaluru,12.942471,77.616756
61135191,2025-02-28T21:18:00.000,2025-03-06T17:08:23.000,Street Light Out,Closed,Bengaluru,12.962179,77.648479
61135280,2025-02-28T21:59:00.000,2025-03-05T12:03:43.000,Street Light Out,Closed,Bengaluru,12.982044,77.557191
61135282,2025-03-01T05:43:00.000,2025-03-07T17:51:17.000,Street Light Out,Closed,Bengaluru,13.005035,77.58561
61135383,2025-03-01T06:13:00.000,2025-05-04T16:36:25.000,Street Light Out,Closed,Tumakuru,13.340221,77.105514
61135465,2025-03-01T06:36:00.000,2025-03-04T12:41:00.000,Street Light Out,Closed,Bengaluru,12.982642,77.562564
61135493,2025-03-01T08:05:00.000,2025-03-08T14:48:00.000,Street Light Out,Closed,Belagavi,15.894087,74.496558
61135693,2025-03-01T08:55:00.000,2025-03-16T12:53:52.000,Street Light Out,Closed,Tumakuru,13.347521,77.118645
61136029,2025-03-01T09:12:00.000,2025-03-04T09:30:37.000,Street Light Out,Closed,Mysuru,12.306515,76.677127
61136242,2025-03-01T11:37:00.000,2025-03-07T14:31:00.000,Street Light Out,Closed,Mysuru,12.294055,76.638666
61136410,2025-03-01T15:43:00.000,2025-03-04T17:10:00.000,Street Light Out,Closed,Mysuru,12.279194,76.643235
61136681,2025-03-01T16:11:00.000,2025-03-06T18:29:00.000,Street Light Out,Closed,Mysuru,12.285485,76.694038
61136775,2025-03-01T16:20:00.000,2025-03-06T14:40:00.000,Street Light Out,Closed,Bengaluru,12.971519,77.549932
61136944,2025-03-01T17:18:00.000,2025-03-09T11:31:00.000,Street Light Dim,Closed,Hubballi,15.370506,75.120951
61137032,2025-03-01T17:27:00.000,2025-03-05T08:05:49.000,Street Light Out,Closed,Mysuru,12.317921,76.666268
61137305,2025-03-01T18:43:00.000,2025-03-04T14:51:04.000,Street Light Out,Closed,Bengaluru,12.972576,77.581599
61137492,2025-03-01T19:08:00.000,2025-03-09T11:43:13.000,Street Light Out,Closed,Bengaluru,12.969935,77.6064
61137503,2025-03-01T19:58:00.000,2025-03-05T16:10:00.000,Street Light Out,Closed,Hubballi,15.342782,75.130941
61137508,2025-03-01T20:32:00.000,2025-03-11T15:08:28.000,Street Light Out,Closed,Shivamogga,13.910221,75.559242
61137592,2025-03-01T21:07:00.000,2025-03-11T18:21:04.000,Street Light Out,Closed,Mangaluru,12.877398,74.857943
61137841,2025-03-01T21:39:00.000,2025-03-06T14:45:00.000,Street Light Out,Closed,Tumakuru,13.340353,77.09569
61137935,2025-03-01T22:12:00.000,2025-03-05T15:39:00.000,Street Light Out,Closed,Mangaluru,12.906149,74.85025
61138135,2025-03-02T00:20:00.000,2025-03-14T18:07:00.000,Street Light Out,Closed,Hubballi,15.410356,75.139867
61138348,2025-03-02T01:25:00.000,2025-03-06T18:59:52.000,Street Light Out,Closed,Mangaluru,12.879237,74.850664
61138366,2025-03-02T04:44:00.000,2025-03-04T18:06:14.000,Street Light Out,Closed,Bengaluru,12.966324,77.650883
61138457,2025-03-02T08:10:00.000,2025-03-14T09:37:00.000,Street Light Out,Closed,Bengaluru,13.004053,77.620448
61138548,2025-03-02T08:33:00.000,2025-03-09T14:46:17.000,Street Light Out,Closed,Bengaluru,12.947753,77.621038
61138687,2025-03-02T09:05:00.000,2025-03-14T16:15:00.000,Street Light Dim,Closed,Mangaluru,12.852198,74.870364
61138908,2025-03-02T09:57:00.000,2025-03-03T18:56:39.000,Street Light Out,Closed,Hubballi,15.376798,75.197894
61138962,2025-03-02T10:26:00.000,2025-03-08T12:47:09.000,Street Light Dayburning,Closed,Mysuru,12.34245,76.672794
61139241,2025-03-02T13:29:00.000,2025-03-07T09:05:49.000,Street Light Dayburning,Closed,Tumakuru,13.340483,77.106803
61139445,2025-03-02T13:52:00.000,2025-03-18T16:49:00.000,Street Light Out,Closed,Mysuru,12.29814,76.628878
61139568,2025-03-02T16:50:00.000,2025-03-07T13:29:00.000,Street Light Out,Closed,Belagavi,15.837153,74.529583
61139796,2025-03-02T17:02:00.000,2025-03-24T16:51:42.000,Street Light Out,Closed,Mangaluru,12.919922,74.846638
61140161,2025-03-02T18:08:00.000,2025-03-05T08:55:50.000,Street Light Out,Closed,Mangaluru,12.886979,74.86108
61140230,2025-03-02T18:10:00.000,2025-03-13T11:26:19.000,Street Light Out,Closed,Mysuru,12.323749,76.62012
61140589,2025-03-02T18:33:00.000,2025-03-07T17:55:00.000,Street Light Out,Closed,Bengaluru,13.004194,77.578814
61140692,2025-03-02T19:13:00.000,2025-03-06T14:07:00.000,Street Light Out,Closed,Tumakuru,13.339211,77.091009
61140893,2025-03-02T20:26:00.000,2025-03-08T13:08:00.000,Street Light Out,Closed,Mysuru,12.299223,76.693377
61140906,2025-03-02T21:31:00.000,2025-03-04T18:07:00.000,Street Light Out,Closed,Mangaluru,12.897715,74.877447
61141013,2025-03-02T22:21:00.000,2025-03-09T12:25:00.000,Street Light Out,Closed,Hubballi,15.369439,75.139423
61141050,2025-03-02T22:47:00.000,2025-03-07T16:26:00.000,Street Light Out,Closed,Shivamogga,13.9241,75.609731
61141091,2025-03-02T23:03:00.000,2025-03-04T11:21:00.000,Street Light Out,Closed,Belagavi,15.820106,74.55685
61141247,2025-03-02T23:12:00.000,2025-03-04T15:27:00.000,Street Light Out,Closed,Bengaluru,12.968268,77.611292
61141301,2025-03-02T23:37:00.000,2025-03-05T08:25:35.000,Street Light Out,Closed,Mysuru,12.312135,76.664184
61141379,2025-03-02T23:43:00.000,2025-03-07T17:36:00.000,Street Light Out,Closed,Bengaluru,12.896485,77.635164
61141649,2025-03-03T07:15:00.000,2025-03-04T13:12:00.000,Street Light Out,Closed,Hubballi,15.357104,75.137112
61141748,2025-03-03T07:53:00.000,2025-03-16T10:44:00.000,Street Light Out,Closed,Belagavi,15.833325,74.495356
61141942,2025-03-03T07:53:00.000,2025-03-20T11:47:42.000,Street Light Out,Closed,Bengaluru,12.959893,77.656014
61142009,2025-03-03T08:34:00.000,2025-03-05T13:00:27.000,Street Light Out,Closed,Bengaluru,12.914573,77.555757
61142149,2025-03-03T08:51:00.000,2025-03-10T11:47:00.000,Street Light Out,Closed,Bengaluru,13.001387,77.584073
61142221,2025-03-03T09:02:00.000,2025-03-06T17:22:00.000,Street Light Out,Closed,Mysuru,12.290748,76.66582
61142239,2025-03-03T09:42:00.000,2025-03-08T17:12:00.000,Street Light Out,Closed,Bengaluru,12.924266,77.661067
61142244,2025-03-03T10:03:00.000,2025-03-13T12:17:00.000,Street Light Out,Closed,Tumakuru,13.372091,77.131618
61142489,2025-03-03T10:23:00.000,2025-03-14T09:33:00.000,Street Light Cycling,Closed,Hubballi,15.357996,75.14381
61142502,2025-03-03T10:50:00.000,2025-03-06T13:21:52.000,Street Light Out,Closed,Mysuru,12.314904,76.637814
61142710,2025-03-03T11:10:00.000,2025-03-07T15:40:00.000,Street Light Cycling,Closed,Tumakuru,13.340556,77.088466
61142793,2025-03-03T11:23:00.000,2025-03-16T14:59:24.000,Street Light Cycling,Closed,Shivamogga,13.93346,75.553398
61142874,2025-03-03T11:31:00.000,2025-03-15T18:50:00.000,Street Light Out,Closed,Hubballi,15.355242,75.124734
61143043,2025-03-03T19:14:00.000,2025-03-26T16:46:00.000,Street Light Out,Closed,Bengaluru,12.935974,77.610027
61143444,2025-03-03T19:33:00.000,2025-03-05T09:50:00.000,Street Light Out,Closed,Belagavi,15.826593,74.557793
61143456,2025-03-03T19:40:00.000,2025-03-07T17:57:00.000,Street Light Out,Closed,Bengaluru,12.953682,77.730126
61143582,2025-03-03T20:40:00.000,2025-03-05T15:23:20.000,Street Light Out,Closed,Bengaluru,12.969746,77.57283
61143585,2025-03-03T21:29:00.000,2025-03-07T15:44:02.000,Street Light Out,Closed,Hubballi,15.402457,75.129336
61143589,2025-03-03T21:30:00.000,2025-03-05T18:17:00.000,Street Light Cycling,Closed,Mysuru,12.305068,76.672172
61143612,2025-03-03T22:31:00.000,2025-03-05T11:40:21.000,Street Light Out,Closed,Bengaluru,12.915878,77.641776
61143676,2025-03-03T22:36:00.000,2025-03-09T12:14:00.000,Street Light Out,Closed,Shivamogga,13.929208,75.558032
61143727,2025-03-04T05:17:00.000,2025-03-12T16:39:00.000,Street Light Out,Closed,Mangaluru,12.889393,74.850215
61143733,2025-03-04T06:10:00.000,2025-03-10T11:04:00.000,Street Light Out,Closed,Mangaluru,12.912712,74.880576
61143794,2025-03-04T08:25:00.000,2025-03-08T12:40:00.000,Street Light Out,Closed,Bengaluru,12.98823,77.571225
61144167,2025-03-04T08:51:00.000,2025-03-07T13:53:00.000,Street Light Out,Closed,Bengaluru,12.985433,77.59026
61144194,2025-03-04T08:51:00.000,2025-03-31T15:42:00.000,Street Light Out,Closed,Belagavi,15.882524,74.51033
61144219,2025-03-04T09:11:00.000,2025-03-08T09:46:00.000,Street Light Out,Closed,Tumakuru,13.365253,77.137527
61144230,2025-03-04T09:24:00.000,2025-03-11T13:13:31.000,Street Light Dayburning,Closed,Belagavi,15.842523,74.489609
61144416,2025-03-04T10:36:00.000,2025-03-17T11:21:00.000,Street Light Out,Closed,Hubballi,15.405379,75.091825
61144495,2025-03-04T12:45:00.000,2025-03-06T11:35:59.000,Street Light Out,Closed,Bengaluru,13.00294,77.560897
61144683,2025-03-04T16:02:00.000,2025-03-23T08:39:52.000,Street Light Out,Closed,Shivamogga,13.929389,75.550813
61144836,2025-03-04T18:36:00.000,2025-03-05T11:35:30.000,Street Light Out,Closed,Bengaluru,12.929443,77.574565
61144944,2025-03-04T20:42:00.000,2025-03-17T11:47:57.000,Street Light Out,Closed,Mysuru,12.299731,76.66067
61144947,2025-03-04T22:22:00.000,2025-03-09T16:03:08.000,Street Light Cycling,Closed,Belagavi,15.852726,74.512362
61144982,2025-03-05T05:42:00.000,2025-03-12T13:09:37.000,Street Light Out,Closed,Hubballi,15.391422,75.120982
61144999,2025-03-05T07:12:00.000,2025-03-12T12:36:43.000,Street Light Out,Closed,Shivamogga,13.924987,75.552501
61145181,2025-03-05T08:33:00.000,2025-03-14T18:53:06.000,Street Light Out,Closed,Mysuru,12.307747,76.654492
61145529,2025-03-05T08:52:00.000,2025-03-13T16:40:00.000,Street Light Out,Closed,Bengaluru,12.986894,77.699396
61145625,2025-03-05T13:16:00.000,2025-03-15T18:11:09.000,Street Light Out,Closed,Bengaluru,13.001819,77.633111
61145699,2025-03-05T13:37:00.000,2025-03-09T11:13:44.000,Street Light Cycling,Closed,Belagavi,15.864546,74.502748
61145733,2025-03-05T14:50:00.000,2025-03-11T12:22:45.000,Street Light Out,Closed,Hubballi,15.355573,75.124076
61146182,2025-03-05T15:23:00.000,2025-03-11T15:06:26.000,Street Light Out,Closed,Hubballi,15.366717,75.163372
61146214,2025-03-05T18:59:00.000,2025-03-15T09:59:51.000,Street Light Out,Closed,Bengaluru,13.002314,77.574431
61146271,2025-03-05T20:18:00.000,2025-03-06T16:42:00.000,Street Light Out,Closed,Mangaluru,12.873842,74.85718
61146620,2025-03-05T21:16:00.000,2025-03-10T13:37:48.000,Street Light Out,Closed,Hubballi,15.36019,75.145981
61146825,2025-03-05T22:00:00.000,2025-03-07T12:10:00.000,Street Light Out,Closed,Bengaluru,12.969674,77.652791
61147089,2025-03-05T22:17:00.000,2025-03-12T11:06:00.000,Street Light Out,Closed,Mysuru,12.303034,76.650339
61147313,2025-03-05T22:26:00.000,2025-03-09T08:38:35.000,Street Light Dayburning,Closed,Bengaluru,12.974207,77.635186
61147403,2025-03-05T22:46:00.000,2025-03-14T16:39:00.000,Street Light Out,Closed,Hubballi,15.40614,75.121573
61147487,2025-03-06T02:06:00.000,2025-03-08T11:01:14.000,Street Light Cycling,Closed,Tumakuru,13.358464,77.078897
61147498,2025-03-06T05:15:00.000,2025-03-13T08:09:00.000,Street Light Cycling,Closed,Belagavi,15.861208,74.461765
61147514,2025-03-06T06:38:00.000,2025-03-15T17:32:37.000,Street Light Out,Closed,Bengaluru,13.024616,77.614057
61147676,2025-03-06T09:02:00.000,2025-03-08T15:42:00.000,Street Light Out,Closed,Bengaluru,12.970004,77.587819
61147873,2025-03-06T09:07:00.000,2025-03-08T11:28:00.000,Street Light Out,Closed,Belagavi,15.855354,74.511964
61147919,2025-03-06T09:11:00.000,2025-03-19T13:48:32.000,Street Light Cycling,Closed,Hubballi,15.35629,75.15012
61147928,2025-03-06T09:18:00.000,2025-03-09T15:51:25.000,Street Light Out,Closed,Mysuru,12.305189,76.658236
61148178,2025-03-06T09:48:00.000,2025-03-11T16:40:00.000,Street Light Out,Closed,Bengaluru,12.967565,77.641307
61148186,2025-03-06T10:14:00.000,2025-03-07T09:18:33.000,Street Light Out,Closed,Bengaluru,12.915721,77.60524
61148212,2025-03-06T10:55:00.000,2025-03-11T12:09:00.000,Street Light Out,Closed,Belagavi,15.83043,74.538258
61148342,2025-03-06T11:05:00.000,2025-03-10T08:27:00.000,Street Light Out,Closed,Bengaluru,12.973204,77.596898
61148634,2025-03-06T12:45:00.000,2025-03-13T09:12:00.000,Street Light Out,Closed,Bengaluru,13.030712,77.608515
61148671,2025-03-06T14:20:00.000,2025-03-13T10:28:00.000,Street Light Out,Closed,Belagavi,15.847756,74.481155
61148703,2025-03-06T14:59:00.000,2025-03-12T09:22:14.000,Street Light Out,Closed,Belagavi,15.866537,74.525346
61148712,2025-03-06T16:08:00.000,2025-03-20T15:04:02.000,Street Light Out,Closed,Hubballi,15.383635,75.123794
61148764,2025-03-06T16:55:00.000,2025-03-15T18:56:00.000,Street Light Out,Closed,Belagavi,15.841045,74.492686
61148956,2025-03-06T19:12:00.000,2025-03-10T16:24:00.000,Street Light Cycling,Closed,Bengaluru,12.977024,77.650316
61149145,2025-03-06T19:26:00.000,2025-04-10T08:24:00.000,Street Light Out,Closed,Belagavi,15.838379,74.48637
61149161,2025-03-06T21:05:00.000,2025-03-08T13:42:00.000,Street Light Out,Closed,Hubballi,15.357567,75.124114
61149204,2025-03-06T21:31:00.000,2025-03-15T08:19:24.000,Street Light Out,Closed,Mysuru,12.317968,76.671504
61149255,2025-03-06T22:05:00.000,2025-03-22T13:26:00.000,Street Light Out,Closed,Bengaluru,12.98344,77.634847
61149313,2025-03-06T22:32:00.000,2025-04-17T13:50:00.000,Street Light Out,Closed,Tumakuru,13.351803,77.10474
61149448,2025-03-06T22:44:00.000,2025-03-16T18:25:50.000,Street Light Out,Closed,Bengaluru,13.073781,77.631491
61149461,2025-03-07T01:17:00.000,2025-03-20T10:50:55.000,Street Light Out,Closed,Belagavi,15.890666,74.513092
61149493,2025-03-07T02:07:00.000,2025-03-18T13:21:19.000,Street Light Out,Closed,Bengaluru,12.991107,77.661391
61149555,2025-03-07T02:48:00.000,2025-03-13T08:02:28.000,Street Light Out,Closed,Tumakuru,13.355773,77.085834
61149913,2025-03-07T07:45:00.000,2025-03-30T18:17:00.000,Street Light Out,Closed,Tumakuru,13.333075,77.091454
61149951,2025-03-07T09:40:00.000,2025-03-09T16:09:16.000,Street Light Out,Closed,Bengaluru,12.965717,77.614638
61150083,2025-03-07T10:21:00.000,2025-03-09T13:34:41.000,Street Light Out,Closed,Bengaluru,12.990861,77.598125
61150114,2025-03-07T10:46:00.000,2025-03-10T10:42:00.000,Street Light Out,Closed,Bengaluru,12.972937,77.594562
61150157,2025-03-07T12:29:00.000,2025-03-11T11:19:00.000,Street Light Cycling,Closed,Mangaluru,12.886938,74.852993
61150187,2025-03-07T16:13:00.000,2025-04-24T12:25:00.000,Street Light Out,Closed,Bengaluru,13.12306,77.613964
61150476,2025-03-07T16:59:00.000,2025-03-12T18:32:00.000,Street Light Dayburning,Closed,Tumakuru,13.369118,77.129208
61150688,2025-03-07T18:42:00.000,2025-03-15T14:16:17.000,Street Light Out,Closed,Mysuru,12.295443,76.635655
61150721,2025-03-07T19:21:00.000,2025-03-11T12:22:00.000,Street Light Cycling,Closed,Bengaluru,12.938604,77.60907
61150971,2025-03-07T19:43:00.000,2025-03-10T13:58:22.000,Street Light Out,Closed,Bengaluru,12.903493,77.511664
61151016,2025-03-07T19:53:00.000,2025-03-11T11:16:00.000,Street Light Dim,Closed,Bengaluru,12.978679,77.580693
61151332,2025-03-07T20:39:00.000,2025-04-25T13:27:44.000,Street Light Out,Closed,Hubballi,15.349351,75.136345
61151432,2025-03-07T21:28:00.000,2025-03-09T10:10:07.000,Street Light Out,Closed,Bengaluru,12.977018,77.588856
61151433,2025-03-07T21:53:00.000,2025-03-10T10:57:33.000,Street Light Out,Closed,Shivamogga,13.919562,75.551186
61151473,2025-03-07T22:17:00.000,2025-03-10T13:28:00.000,Street Light Out,Closed,Tumakuru,13.339513,77.090706
61151502,2025-03-07T22:23:00.000,2025-03-14T08:51:00.000,Street Light Out,Closed,Mangaluru,12.862142,74.871149
61151609,2025-03-07T23:22:00.000,2025-03-09T16:43:34.000,Street Light Dayburning,Closed,Mysuru,12.298585,76.613128
61151810,2025-03-07T23:44:00.000,2025-03-12T08:42:00.000,Lamppost Damaged,Closed,Bengaluru,12.950111,77.551378
61152112,2025-03-07T23:46:00.000,2025-03-12T17:54:00.000,Street Light Out,Closed,Belagavi,15.813117,74.554091
61152180,2025-03-08T06:25:00.000,2025-03-13T14:57:40.000,Street Light Out,Closed,Mysuru,12.342487,76.678999
61152184,2025-03-08T08:01:00.000,2025-04-01T18:51:55.000,Street Light Cycling,Closed,Belagavi,15.845727,74.484697
61152341,2025-03-08T09:49:00.000,2025-03-12T13:50:00.000,Street Light Out,Closed,Mysuru,12.311373,76.661333
61152471,2025-03-08T10:45:00.000,2025-03-20T12:55:00.000,Street Light Out,Closed,Hubballi,15.35514,75.123795
61152647,2025-03-08T12:08:00.000,2025-03-22T18:54:00.000,Street Light Out,Closed,Bengaluru,13.007933,77.572438
61152714,2025-03-08T13:40:00.000,2025-03-11T18:17:00.000,Street Light Dayburning,Closed,Mysuru,12.305677,76.66239
61152774,2025-03-08T14:16:00.000,2025-03-12T14:50:00.000,Street Light Out,Closed,Mysuru,12.290103,76.615779
61152779,2025-03-08T15:44:00.000,2025-03-14T13:14:00.000,Street Light Cycling,Closed,Mysuru,12.289271,76.651915
61152788,2025-03-08T18:28:00.000,2025-04-20T17:03:00.000,Street Light Out,Closed,Shivamogga,13.954252,75.53685
61152830,2025-03-08T19:54:00.000,2025-03-11T12:14:38.000,Street Light Out,Closed,Bengaluru,13.009261,77.596185
61152874,2025-03-08T20:28:00.000,2025-03-19T14:05:00.000,Street Light Out,Closed,Mangaluru,12.891968,74.861397
61153030,2025-03-08T20:53:00.000,2025-03-14T18:44:00.000,Street Light Out,Closed,Tumakuru,13.346055,77.085972
61153054,2025-03-08T21:30:00.000,2025-03-13T16:35:00.000,Street Light Out,Closed,Bengaluru,12.938719,77.630056
61153221,2025-03-08T23:16:00.000,2025-03-15T15:57:00.000,Street Light Out,Closed,Belagavi,15.847743,74.492136
61153238,2025-03-08T23:20:00.000,2025-03-13T16:28:00.000,Street Light Out,Closed,Tumakuru,13.339226,77.087657
61153369,2025-03-08T23:23:00.000,2025-03-20T11:51:00.000,Street Light Out,Closed,Bengaluru,12.955689,77.647818
61153437,2025-03-08T23:52:00.000,2025-05-13T08:58:11.000,Street Light Out,Closed,Mysuru,12.294373,76.657754
61153594,2025-03-09T01:22:00.000,2025-03-19T17:05:14.000,Street Light Out,Closed,Hubballi,15.356474,75.125158
61153732,2025-03-09T05:57:00.000,2025-03-12T11:18:51.000,Street Light Out,Closed,Bengaluru,13.003695,77.566031
61153782,2025-03-09T06:07:00.000,2025-03-17T11:29:00.000,Street Light Out,Closed,Mangaluru,12.8915,74.893581
61153944,2025-03-09T07:41:00.000,2025-03-10T16:04:00.000,Street Light Out,Closed,Mysuru,12.310916,76.655125
61153948,2025-03-09T07:44:00.000,2025-03-15T13:00:00.000,Street Light Out,Closed,Bengaluru,12.977242,77.596438
61154031,2025-03-09T08:53:00.000,2025-03-13T12:33:29.000,Street Light Out,Closed,Tumakuru,13.376221,77.126874
61154070,2025-03-09T09:07:00.000,2025-03-12T10:24:55.000,Street Light Out,Closed,Tumakuru,13.344736,77.118382
61154115,2025-03-09T09:14:00.000,2025-03-11T08:41:58.000,Street Light Dayburning,Closed,Tumakuru,13.335605,77.116241
61154370,2025-03-09T10:20:00.000,2025-03-10T09:19:55.000,Street Light Dayburning,Closed,Mysuru,12.308846,76.669186
61154612,2025-03-09T10:27:00.000,2025-03-29T10:12:00.000,Street Light Out,Closed,Belagavi,15.825648,74.548868
61154690,2025-03-09T12:02:00.000,2025-03-11T18:06:29.000,Street Light Out,Closed,Bengaluru,12.958651,77.594068
61154861,2025-03-09T12:15:00.000,2025-03-11T13:36:24.000,Street Light Out,Closed,Mangaluru,12.882374,74.854103
61154908,2025-03-09T12:27:00.000,2025-03-13T16:43:00.000,Street Light Cycling,Closed,Shivamogga,13.946928,75.545903
61155041,2025-03-09T18:10:00.000,2025-03-15T17:08:00.000,Street Light Out,Closed,Bengaluru,12.959289,77.557704
61155315,2025-03-09T19:12:00.000,2025-03-14T08:45:49.000,Street Light Out,Closed,Mangaluru,12.881486,74.853003
61155324,2025-03-09T20:09:00.000,2025-04-01T09:05:00.000,Street Light Out,Closed,Hubballi,15.354533,75.173603
61155601,2025-03-09T20:48:00.000,2025-03-12T18:57:00.000,Street Light Out,Closed,Mysuru,12.312946,76.628316
61155654,2025-03-09T21:15:00.000,2025-03-12T12:56:00.000,Street Light Out,Closed,Shivamogga,13.938299,75.565749
61155669,2025-03-09T22:12:00.000,2025-03-22T09:11:00.000,Street Light Out,Closed,Bengaluru,12.979039,77.572434
61155712,2025-03-10T02:13:00.000,2025-03-24T11:30:00.000,Street Light Out,Closed,Mysuru,12.299679,76.637352
61155743,2025-03-10T08:04:00.000,2025-04-01T18:44:00.000,Street Light Dim,Closed,Shivamogga,13.952714,75.547341
61155765,2025-03-10T09:09:00.000,2025-03-15T12:35:27.000,Street Light Out,Closed,Hubballi,15.384842,75.120646
61155782,2025-03-10T10:11:00.000,2025-03-14T15:39:35.000,Street Light Out,Closed,Belagavi,15.848656,74.481911
61155944,2025-03-10T11:12:00.000,2025-03-21T14:58:00.000,Street Light Out,Closed,Bengaluru,12.947292,77.56504
61156018,2025-03-10T11:21:00.000,2025-03-13T18:00:00.000,Street Light Out,Closed,Mysuru,12.309225,76.676528
61156360,2025-03-10T12:17:00.000,2025-03-12T08:24:00.000,Street Light Out,Closed,Tumakuru,13.341333,77.098484
61156361,2025-03-10T15:24:00.000,2025-03-13T11:03:00.000,Street Light Out,Closed,Hubballi,15.362366,75.144255
61156714,2025-03-10T17:40:00.000,2025-03-20T13:15:00.000,Street Light Dayburning,Closed,Tumakuru,13.355944,77.085439
61156738,2025-03-10T20:34:00.000,2025-03-16T08:32:09.000,Street Light Out,Closed,Belagavi,15.855537,74.507695
61156933,2025-03-10T21:52:00.000,2025-03-20T14:44:00.000,Street Light Out,Closed,Bengaluru,12.951168,77.548291
61157057,2025-03-10T22:07:00.000,2025-03-27T16:53:33.000,Street Light Out,Closed,Tumakuru,13.353462,77.082257
61157098,2025-03-10T22:12:00.000,2025-03-16T13:13:00.000,Street Light Dayburning,Closed,Mysuru,12.294759,76.675512
61157215,2025-03-10T23:19:00.000,2025-03-14T08:11:00.000,Street Light Out,Closed,Mysuru,12.317341,76.635724
61157219,2025-03-11T07:10:00.000,2025-03-13T13:12:00.000,Street Light Dim,Closed,Mysuru,12.294793,76.662101
61157276,2025-03-11T07:29:00.000,2025-03-15T10:12:00.000,Street Light Out,Closed,Shivamogga,13.929417,75.552492
61157284,2025-03-11T09:04:00.000,2025-03-16T08:29:00.000,Street Light Out,Closed,Mysuru,12.296303,76.636423
61157341,2025-03-11T16:38:00.000,2025-03-14T10:24:58.000,Street Light Out,Closed,Tumakuru,13.342719,77.121068
61157359,2025-03-11T20:37:00.000,2025-03-16T14:29:58.000,Street Light Out,Closed,Mangaluru,12.878283,74.855957
61157367,2025-03-11T21:22:00.000,2025-03-13T15:44:31.000,Street Light Out,Closed,Bengaluru,13.048795,77.635304
61157698,2025-03-11T21:28:00.000,2025-03-23T13:05:25.000,Street Light Out,Closed,Hubballi,15.363821,75.12907
61158147,2025-03-11T21:41:00.000,2025-03-22T11:33:02.000,Street Light Out,Closed,Mysuru,12.303316,76.646271
61158181,2025-03-11T21:41:00.000,2025-03-15T18:19:00.000,Street Light Out,Closed,Mysuru,12.296379,76.638618
61158503,2025-03-11T22:18:00.000,2025-03-24T17:20:00.000,Street Light Out,Closed,Mysuru,12.306807,76.660675
61158524,2025-03-11T22:23:00.000,2025-03-17T09:30:34.000,Street Light Out,Closed,Bengaluru,12.932358,77.629445
61158676,2025-03-11T23:47:00.000,2025-03-16T12:55:00.000,Street Light Out,Closed,Mangaluru,12.872624,74.866531
61158934,2025-03-11T23:54:00.000,2025-03-15T09:53:15.000,Street Light Out,Closed,Mysuru,12.309453,76.650883
61158994,2025-03-12T01:13:00.000,2025-04-12T15:24:02.000,Street Light Out,Closed,Hubballi,15.377343,75.120506
61159064,2025-03-12T03:08:00.000,2025-03-15T10:00:50.000,Street Light Out,Closed,Belagavi,15.904487,74.530464
61159094,2025-03-12T07:26:00.000,2025-03-15T11:11:27.000,Street Light Out,Closed,Hubballi,15.388019,75.142129
61159222,2025-03-12T07:52:00.000,2025-03-30T09:41:00.000,Street Light Cycling,Closed,Hubballi,15.357116,75.137149
61159325,2025-03-12T08:35:00.000,2025-04-11T16:54:00.000,Street Light Out,Closed,Hubballi,15.357338,75.12898
61159589,2025-03-12T08:51:00.000,2025-04-07T15:34:00.000,Street Light Out,Closed,Belagavi,15.876914,74.479492
61159735,2025-03-12T10:41:00.000,2025-03-21T15:12:37.000,Street Light Out,Closed,Mangaluru,12.889226,74.889781
61160008,2025-03-12T12:30:00.000,2025-03-14T08:28:36.000,Street Light Out,Closed,Bengaluru,12.937783,77.62115
61160039,2025-03-12T15:19:00.000,2025-03-17T10:18:52.000,Street Light Dayburning,Closed,Mysuru,12.295861,76.675841
61160192,2025-03-12T19:36:00.000,2025-03-30T11:47:00.000,Street Light Out,Closed,Shivamogga,13.934909,75.572625
61160396,2025-03-12T21:17:00.000,2025-05-12T13:26:00.000,Street Light Out,Closed,Hubballi,15.369256,75.138616
61160456,2025-03-12T21:25:00.000,2025-04-08T17:23:00.000,Street Light Out,Closed,Mangaluru,12.918062,74.861291
61160518,2025-03-12T22:25:00.000,2025-03-16T08:48:00.000,Street Light Out,Closed,Bengaluru,12.975515,77.554652
61160581,2025-03-12T22:28:00.000,2025-03-17T18:35:18.000,Street Light Out,Closed,Mysuru,12.299493,76.65987
61160598,2025-03-12T22:31:00.000,2025-03-14T17:08:37.000,Street Light Out,Closed,Belagavi,15.852661,74.512289
61160697,2025-03-12T22:56:00.000,2025-03-29T08:30:52.000,Street Light Out,Closed,Mangaluru,12.882719,74.862762
61160890,2025-03-12T23:26:00.000,2025-04-09T16:37:00.000,Street Light Out,Closed,Tumakuru,13.320369,77.071925
61160911,2025-03-13T01:03:00.000,2025-03-17T08:25:00.000,Street Light Out,Closed,Bengaluru,13.001607,77.599428
61161193,2025-03-13T01:38:00.000,2025-03-13T09:44:07.000,Street Light Out,Closed,Bengaluru,13.014033,77.571493
61161390,2025-03-13T08:07:00.000,2025-03-16T15:01:46.000,Street Light Dim,Closed,Mangaluru,12.886721,74.861848
61161408,2025-03-13T09:15:00.000,2025-03-15T09:09:07.000,Street Light Out,Closed,Bengaluru,12.992158,77.620395
61161426,2025-03-13T11:40:00.000,2025-03-19T17:57:00.000,Street Light Out,Closed,Belagavi,15.82018,74.55686
61161838,2025-03-13T11:41:00.000,2025-03-19T15:27:00.000,Street Light Out,Closed,Bengaluru,13.03257,77.570442
61161975,2025-03-13T14:12:00.000,2025-03-19T13:29:00.000,Street Light Out,Closed,Mangaluru,12.878209,74.901332
61162004,2025-03-13T16:09:00.000,2025-03-22T17:22:35.000,Street Light Out,Closed,Tumakuru,13.380504,77.130575
61162071,2025-03-13T18:05:00.000,2025-03-16T16:58:00.000,Street Light Out,Closed,Bengaluru,12.987203,77.61473
61162370,2025-03-13T18:32:00.000,2025-03-18T16:51:04.000,Street Light Out,Closed,Mangaluru,12.888245,74.880895
61162403,2025-03-13T20:53:00.000,2025-03-16T14:46:00.000,Street Light Out,Closed,Bengaluru,12.984746,77.5597
61162451,2025-03-13T21:09:00.000,2025-03-15T11:38:31.000,Street Light Out,Closed,Bengaluru,12.947828,77.602766
61162504,2025-03-13T21:33:00.000,2025-03-18T08:18:00.000,Street Light Out,Closed,Shivamogga,13.919892,75.572396
61162657,2025-03-13T21:39:00.000,2025-03-20T09:11:24.000,Street Light Out,Closed,Mysuru,12.311438,76.649505
61162662,2025-03-13T22:36:00.000,2025-03-23T09:06:00.000,Street Light Out,Closed,Tumakuru,13.335834,77.101515
61162881,2025-03-14T02:40:00.000,2025-03-21T16:59:00.000,Street Light Out,Closed,Hubballi,15.346981,75.136605
61162898,2025-03-14T02:43:00.000,2025-03-18T09:50:00.000,Street Light Out,Closed,Mangaluru,12.879769,74.853684
61162938,2025-03-14T06:54:00.000,2025-03-21T18:18:00.000,Street Light Out,Closed,Mangaluru,12.886461,74.848892
61162969,2025-03-14T07:09:00.000,2025-03-19T16:50:00.000,Street Light Out,Closed,Shivamogga,13.924716,75.564811
61163025,2025-03-14T09:16:00.000,2025-03-16T08:00:00.000,Street Light Out,Closed,Mysuru,12.308012,76.646217
61163062,2025-03-14T10:29:00.000,2025-03-18T12:45:41.000,Street Light Cycling,Closed,Bengaluru,12.956923,77.642293
61163125,2025-03-14T10:49:00.000,2025-03-17T15:18:00.000,Street Light Out,Closed,Hubballi,15.345972,75.138258
61163244,2025-03-14T10:52:00.000,2025-03-23T12:13:00.000,Street Light Out,Closed,Bengaluru,12.97364,77.596946
61163354,2025-03-14T16:22:00.000,2025-03-20T17:37:00.000,Street Light Out,Closed,Mangaluru,12.878534,74.853125
61163430,2025-03-14T16:25:00.000,2025-03-20T14:12:00.000,Street Light Out,Closed,Hubballi,15.361867,75.134347
61163521,2025-03-14T18:54:00.000,2025-03-20T15:24:00.000,Street Light Out,Closed,Bengaluru,13.032702,77.631253
61163624,2025-03-14T19:22:00.000,2025-03-27T18:21:01.000,Street Light Out,Closed,Mangaluru,12.887061,74.859651
61163632,2025-03-14T19:28:00.000,2025-03-20T15:34:43.000,Street Light Out,Closed,Bengaluru,12.947801,77.607975
61163636,2025-03-14T19:41:00.000,2025-03-16T09:16:21.000,Street Light Out,Closed,Hubballi,15.368462,75.127518
61163768,2025-03-14T19:43:00.000,2025-03-18T11:53:00.000,Street Light Out,Closed,Shivamogga,13.930069,75.548212
61164030,2025-03-14T20:25:00.000,2025-03-31T11:33:00.000,Street Light Out,Closed,Belagavi,15.837668,74.488029
61164306,2025-03-14T20:32:00.000,2025-03-16T18:05:19.000,Street Light Out,Closed,Belagavi,15.85675,74.511886
61164389,2025-03-14T20:49:00.000,2025-03-17T18:03:52.000,Street Light Out,Closed,Bengaluru,13.002765,77.616339
61164436,2025-03-14T21:16:00.000,2025-03-19T08:23:00.000,Street Light Out,Closed,Mangaluru,12.877654,74.860696
61164439,2025-03-14T21:52:00.000,2025-03-19T09:40:46.000,Street Light Out,Closed,Hubballi,15.298513,75.136586
61164690,2025-03-14T23:10:00.000,2025-03-21T10:11:00.000,Street Light Out,Closed,Hubballi,15.338679,75.114103
61164987,2025-03-15T03:38:00.000,2025-03-20T14:34:00.000,Street Light Out,Closed,Hubballi,15.342477,75.167247
61165045,2025-03-15T05:48:00.000,2025-03-16T12:10:40.000,Street Light Out,Closed,Bengaluru,12.982444,77.561291
61165060,2025-03-15T06:01:00.000,2025-03-17T16:09:29.000,Street Light Out,Closed,Mysuru,12.303207,76.62856
61165076,2025-03-15T07:58:00.000,2025-03-25T10:36:00.000,Street Light Out,Closed,Belagavi,15.847058,74.485778
61165158,2025-03-15T08:40:00.000,2025-04-02T18:32:00.000,Street Light Out,Closed,Mysuru,12.296215,76.669607
61165453,2025-03-15T09:12:00.000,2025-03-16T12:27:00.000,Street Light Out,Closed,Shivamogga,13.915941,75.566252
61165728,2025-03-15T13:46:00.000,2025-04-25T14:25:00.000,Street Light Out,Closed,Tumakuru,13.336791,77.114848
61165767,2025-03-15T17:02:00.000,2025-03-28T09:09:00.000,Street Light Out,Closed,Hubballi,15.357995,75.143799
61165840,2025-03-15T17:51:00.000,2025-03-24T17:10:00.000,Street Light Out,Closed,Bengaluru,12.951753,77.623634
61165893,2025-03-15T19:01:00.000,2025-03-18T08:24:11.000,Street Light Out,Closed,Mysuru,12.350478,76.632528
61166060,2025-03-15T19:14:00.000,2025-03-18T16:20:00.000,Street Light Out,Closed,Tumakuru,13.33814,77.101444
61166100,2025-03-15T19:15:00.000,2025-03-27T14:40:00.000,Street Light Out,Closed,Shivamogga,13.91781,75.567
61166157,2025-03-15T21:08:00.000,2025-03-18T11:54:00.000,Street Light Out,Closed,Tumakuru,13.338738,77.101828
61166469,2025-03-15T22:43:00.000,2025-03-19T12:18:00.000,Street Light Out,Closed,Bengaluru,12.938555,77.646818
61166579,2025-03-15T22:50:00.000,2025-03-19T09:53:00.000,Street Light Out,Closed,Belagavi,15.870486,74.517074
61166635,2025-03-15T22:55:00.000,2025-03-19T10:12:15.000,Street Light Out,Closed,Bengaluru,12.903899,77.480573
61166657,2025-03-15T23:12:00.000,2025-05-31T16:41:20.000,Street Light Cycling,Closed,Shivamogga,13.953675,75.541033
61166773,2025-03-15T23:12:00.000,2025-03-26T14:51:00.000,Street Light Out,Closed,Mangaluru,12.887726,74.848202
61166781,2025-03-16T06:47:00.000,2025-03-22T11:42:00.000,Street Light Out,Closed,Tumakuru,13.345082,77.084776
61166848,2025-03-16T09:49:00.000,2025-03-18T12:42:58.000,Street Light Out,Closed,Bengaluru,12.981591,77.603461
61166919,2025-03-16T09:50:00.000,2025-03-18T10:41:57.000,Street Light Out,Closed,Bengaluru,12.980799,77.603223
61166928,2025-03-16T12:37:00.000,2025-03-18T11:40:00.000,Street Light Out,Closed,Mysuru,12.305126,76.65825
61167013,2025-03-16T13:36:00.000,2025-03-23T11:10:00.000,Street Light Out,Closed,Hubballi,15.382781,75.132979
61167195,2025-03-16T13:39:00.000,2025-03-20T12:14:00.000,Street Light Out,Closed,Belagavi,15.886479,74.482779
61167239,2025-03-16T16:02:00.000,2025-03-19T16:24:00.000,Street Light Cycling,Closed,Tumakuru,13.342083,77.104993
61167437,2025-03-16T19:15:00.000,2025-03-21T16:05:59.000,Street Light Out,Closed,Hubballi,15.346737,75.136355
61167492,2025-03-16T19:18:00.000,2025-04-01T14:49:00.000,Street Light Out,Closed,Tumakuru,13.344312,77.105562
61167632,2025-03-16T19:39:00.000,2025-03-21T10:55:55.000,Street Light Out,Closed,Bengaluru,13.040642,77.682041
61167728,2025-03-16T20:00:00.000,2025-03-18T10:49:00.000,Street Light Dim,Closed,Hubballi,15.353611,75.119627
61167849,2025-03-16T20:05:00.000,2025-03-24T11:48:26.000,Street Light Out,Closed,Tumakuru,13.377988,77.062107
61167927,2025-03-16T20:14:00.000,2025-04-04T18:33:00.000,Street Light Out,Closed,Hubballi,15.359785,75.137157
61168119,2025-03-16T21:15:00.000,2025-03-21T12:47:46.000,Street Light Out,Closed,Bengaluru,13.023611,77.542077
61168145,2025-03-16T22:53:00.000,2025-03-21T11:10:49.000,Street Light Out,Closed,Mysuru,12.291053,76.637534
61168234,2025-03-16T23:26:00.000,2025-03-24T18:15:00.000,Street Light Out,Closed,Mysuru,12.309451,76.679825
61168303,2025-03-17T01:13:00.000,2025-03-18T12:28:00.000,Street Light Dayburning,Closed,Mysuru,12.297633,76.63308
61168343,2025-03-17T02:08:00.000,2025-03-18T15:53:11.000,Street Light Out,Closed,Belagavi,15.858438,74.509724
61168688,2025-03-17T05:57:00.000,2025-03-22T13:33:00.000,Street Light Out,Closed,Tumakuru,13.33274,77.139464
61168750,2025-03-17T06:03:00.000,2025-03-31T09:45:22.000,Street Light Out,Closed,Belagavi,15.881701,74.489387
61168788,2025-03-17T06:26:00.000,2025-03-24T11:02:57.000,Street Light Out,Closed,Mysuru,12.29579,76.650602
61168860,2025-03-17T07:34:00.000,2025-03-24T08:45:00.000,Street Light Cycling,Closed,Bengaluru,12.904377,77.606839
61168961,2025-03-17T07:56:00.000,2025-03-18T17:47:06.000,Street Light Dayburning,Closed,Bengaluru,13.073704,77.631419
61169510,2025-03-17T14:13:00.000,2025-03-18T18:48:56.000,Street Light Out,Closed,Shivamogga,13.925843,75.572447
61169646,2025-03-17T14:17:00.000,2025-03-30T14:17:45.000,Street Light Cycling,Closed,Belagavi,15.828194,74.549771
61169665,2025-03-17T14:21:00.000,2025-03-22T10:01:00.000,Street Light Out,Closed,Mangaluru,12.873964,74.862576
61169780,2025-03-17T14:38:00.000,2025-03-22T13:49:50.000,Street Light Out,Closed,Mysuru,12.306794,76.657964
61169840,2025-03-17T18:49:00.000,2025-03-29T13:32:00.000,Street Light Out,Closed,Hubballi,15.352768,75.139817
61170086,2025-03-17T18:57:00.000,2025-06-05T12:12:36.000,Street Light Out,Closed,Hubballi,15.352319,75.130612
61170140,2025-03-17T19:39:00.000,2025-03-22T18:29:00.000,Street Light Out,Closed,Bengaluru,12.93682,77.603394
61170277,2025-03-17T20:07:00.000,2025-03-25T17:55:00.000,Street Light Out,Closed,Hubballi,15.345993,75.138278
61170404,2025-03-17T20:08:00.000,2025-03-19T08:54:00.000,Street Light Out,Closed,Mysuru,12.296718,76.654191
61170812,2025-03-17T20:46:00.000,2025-03-21T17:11:40.000,Street Light Out,Closed,Bengaluru,12.897536,77.52966
61171215,2025-03-17T21:09:00.000,2025-03-18T10:26:47.000,Street Light Out,Closed,Mangaluru,12.881191,74.867518
61171368,2025-03-17T21:54:00.000,2025-03-26T15:31:00.000,Street Light Out,Closed,Tumakuru,13.340794,77.091156
61171422,2025-03-18T00:35:00.000,2025-03-28T11:07:00.000,Street Light Out,Closed,Belagavi,15.832272,74.500111
61171719,2025-03-18T00:53:00.000,2025-03-22T18:02:00.000,Street Light Out,Closed,Shivamogga,13.92707,75.55914
61171845,2025-03-18T00:55:00.000,2025-03-21T14:16:04.000,Street Light Out,Closed,Mysuru,12.305623,76.645855
61172072,2025-03-18T06:03:00.000,2025-03-21T12:30:24.000,Street Light Dayburning,Closed,Mangaluru,12.875962,74.862392
61172137,2025-03-18T08:15:00.000,2025-03-21T10:50:00.000,Street Light Out,Closed,Shivamogga,13.946799,75.601177
61172265,2025-03-18T08:19:00.000,2025-03-21T15:15:00.000,Street Light Cycling,Closed,Bengaluru,13.03071,77.60855
61172373,2025-03-18T08:21:00.000,2025-03-22T11:39:55.000,Street Light Out,Closed,Bengaluru,12.973284,77.596847
61172380,2025-03-18T11:01:00.000,2025-03-25T17:41:23.000,Street Light Out,Closed,Mysuru,12.293717,76.667074
61172425,2025-03-18T11:48:00.000,2025-03-27T11:43:48.000,Street Light Out,Closed,Mangaluru,12.878911,74.856328
61172632,2025-03-18T17:47:00.000,2025-03-22T14:17:38.000,Street Light Out,Closed,Tumakuru,13.339033,77.10516
61172773,2025-03-18T18:22:00.000,2025-03-21T08:59:00.000,Street Light Out,Closed,Bengaluru,12.935994,77.565729
61172826,2025-03-18T19:20:00.000,2025-04-06T08:41:44.000,Lamppost Damaged,Closed,Shivamogga,13.935571,75.558271
61172850,2025-03-18T19:56:00.000,2025-03-21T10:11:00.000,Street Light Out,Closed,Hubballi,15.354336,75.132916
61172983,2025-03-18T20:38:00.000,2025-03-21T16:47:00.000,Street Light Out,Closed,Shivamogga,13.958194,75.555189
61173179,2025-03-18T20:44:00.000,2025-05-25T17:17:00.000,Street Light Out,Closed,Bengaluru,13.002943,77.560958
61173246,2025-03-18T20:55:00.000,2025-03-21T17:28:00.000,Street Light Out,Closed,Mysuru,12.310236,76.670551
61173318,2025-03-18T21:21:00.000,2025-03-20T16:59:00.000,Street Light Out,Closed,Bengaluru,12.955123,77.614962
61173845,2025-03-18T22:07:00.000,2025-03-25T09:25:00.000,Street Light Cycling,Closed,Bengaluru,12.966364,77.563869
61173971,2025-03-18T22:20:00.000,2025-03-23T08:44:00.000,Street Light Out,Closed,Bengaluru,12.933851,77.610691
61174071,2025-03-18T23:02:00.000,2025-03-22T08:24:07.000,Street Light Out,Closed,Belagavi,15.833341,74.495261
61174156,2025-03-18T23:31:00.000,2025-03-20T12:42:00.000,Street Light Out,Closed,Mysuru,12.328884,76.654628
61174295,2025-03-19T00:02:00.000,2025-03-20T11:11:46.000,Street Light Out,Closed,Bengaluru,12.937546,77.609759
61174539,2025-03-19T01:16:00.000,2025-03-20T16:38:00.000,Street Light Out,Closed,Mysuru,12.34653,76.676772
61174654,2025-03-19T04:03:00.000,2025-03-21T09:22:00.000,Street Light Out,Closed,Tumakuru,13.335595,77.095364
61174721,2025-03-19T06:15:00.000,2025-05-11T10:08:29.000,Street Light Out,Closed,Tumakuru,13.340069,77.114189
61174781,2025-03-19T06:51:00.000,2025-04-17T17:51:00.000,Street Light Out,Closed,Mysuru,12.29811,76.611119
61174872,2025-03-19T08:14:00.000,2025-03-22T10:46:00.000,Street Light Out,Closed,Hubballi,15.376597,75.12212
61174894,2025-03-19T09:55:00.000,2025-03-29T15:57:00.000,Street Light Out,Closed,Shivamogga,13.922328,75.572441
61174966,2025-03-19T09:58:00.000,2025-04-19T08:39:00.000,Lamppost Damaged,Closed,Bengaluru,12.93442,77.595114
61175703,2025-03-19T10:25:00.000,2025-03-25T08:36:30.000,Street Light Dim,Closed,Bengaluru,12.974656,77.615009
61176078,2025-03-19T12:10:00.000,2025-03-22T12:21:52.000,Street Light Out,Closed,Bengaluru,12.972908,77.594606
61176174,2025-03-19T15:53:00.000,2025-03-26T17:58:00.000,Street Light Out,Closed,Bengaluru,12.976327,77.551363
61176305,2025-03-19T17:05:00.000,2025-03-23T10:17:26.000,Street Light Out,Closed,Bengaluru,12.964084,77.563767
61176379,2025-03-19T17:12:00.000,2025-04-02T10:59:05.000,Street Light Cycling,Closed,Belagavi,15.847116,74.530639
61176495,2025-03-19T17:19:00.000,2025-03-23T09:59:00.000,Street Light Out,Closed,Bengaluru,12.915431,77.692862
61176567,2025-03-19T19:23:00.000,2025-03-23T13:13:00.000,Street Light Out,Closed,Hubballi,15.379947,75.134029
61176619,2025-03-19T19:32:00.000,2025-03-29T16:54:00.000,Street Light Out,Closed,Bengaluru,12.990262,77.583779
61176634,2025-03-19T19:37:00.000,2025-03-23T08:01:00.000,Lamppost Damaged,Closed,Mangaluru,12.889881,74.865697
61176679,2025-03-19T20:45:00.000,2025-03-21T17:53:31.000,Street Light Out,Closed,Mysuru,12.266436,76.626932
61176708,2025-03-19T21:36:00.000,2025-03-22T08:10:04.000,Street Light Out,Closed,Hubballi,15.352051,75.132341
61177058,2025-03-19T21:55:00.000,2025-03-23T17:49:08.000,Street Light Out,Closed,Bengaluru,12.983733,77.575013
61177444,2025-03-20T05:41:00.000,2025-03-24T12:30:50.000,Street Light Cycling,Closed,Tumakuru,13.337352,77.119805
61177546,2025-03-20T06:42:00.000,2025-03-22T09:50:07.000,Street Light Out,Closed,Bengaluru,12.916622,77.562364
61177570,2025-03-20T07:04:00.000,2025-03-26T16:02:00.000,Street Light Out,Closed,Hubballi,15.352548,75.123521
61177656,2025-03-20T07:35:00.000,2025-03-25T14:20:00.000,Street Light Cycling,Closed,Bengaluru,12.928754,77.583466
61177761,2025-03-20T08:15:00.000,2025-04-03T14:12:00.000,Street Light Out,Closed,Belagavi,15.847201,74.486423
61177825,2025-03-20T08:44:00.000,2025-03-31T15:43:00.000,Street Light Out,Closed,Mysuru,12.314017,76.688229
61177874,2025-03-20T09:00:00.000,2025-03-31T11:57:37.000,Street Light Out,Closed,Hubballi,15.3491,75.124242
61177919,2025-03-20T09:34:00.000,2025-03-21T14:56:00.000,Street Light Out,Closed,Belagavi,15.837205,74.461401
61177983,2025-03-20T10:13:00.000,2025-03-23T14:51:49.000,Street Light Out,Closed,Tumakuru,13.348465,77.148218
61177989,2025-03-20T11:38:00.000,2025-04-04T09:12:00.000,Street Light Out,Closed,Hubballi,15.366715,75.163408
61178049,2025-03-20T11:47:00.000,2025-03-28T12:01:22.000,Street Light Out,Closed,Mysuru,12.33234,76.608508
61178307,2025-03-20T16:14:00.000,2025-03-28T12:25:49.000,Street Light Out,Closed,Mangaluru,12.876572,74.855378
61178455,2025-03-20T17:31:00.000,2025-04-02T14:38:42.000,Street Light Out,Closed,Hubballi,15.364814,75.137249
61178523,2025-03-20T17:47:00.000,2025-03-23T10:10:00.000,Street Light Out,Closed,Mysuru,12.297686,76.654796
61178596,2025-03-20T19:24:00.000,2025-03-30T17:02:16.000,Street Light Out,Closed,Mysuru,12.262728,76.705175
61178797,2025-03-20T20:14:00.000,2025-03-27T15:22:00.000,Street Light Out,Closed,Bengaluru,12.962866,77.604321
61178848,2025-03-20T21:00:00.000,2025-03-23T10:53:35.000,Street Light Out,Closed,Mangaluru,12.919927,74.857012
61178856,2025-03-20T21:06:00.000,2025-04-25T08:05:34.000,Street Light Out,Closed,Bengaluru,12.947852,77.607889
61178878,2025-03-20T21:19:00.000,2025-03-28T11:22:00.000,Street Light Out,Closed,Belagavi,15.816529,74.553473
61179260,2025-03-20T21:21:00.000,2025-03-23T16:24:00.000,Street Light Out,Closed,Hubballi,15.368586,75.16927
61179489,2025-03-20T21:54:00.000,2025-04-07T09:18:40.000,Street Light Out,Closed,Shivamogga,13.946919,75.548771
61179675,2025-03-20T23:02:00.000,2025-03-23T11:38:00.000,Street Light Out,Closed,Bengaluru,12.977654,77.607975
61179697,2025-03-20T23:13:00.000,2025-03-26T08:29:00.000,Street Light Out,Closed,Mysuru,12.320273,76.678127
61179710,2025-03-20T23:55:00.000,2025-03-22T16:56:00.000,Street Light Out,Closed,Bengaluru,12.977268,77.576411
61179750,2025-03-20T23:55:00.000,2025-03-27T09:25:00.000,Street Light Out,Closed,Tumakuru,13.35212,77.092279
61179875,2025-03-21T03:01:00.000,2025-03-25T09:23:00.000,Street Light Out,Closed,Hubballi,15.349437,75.128171
61179951,2025-03-21T10:18:00.000,2025-03-24T15:44:52.000,Street Light Out,Closed,Mangaluru,12.8889,74.87239
61180045,2025-03-21T12:43:00.000,2025-03-23T10:17:00.000,Street Light Out,Closed,Bengaluru,12.990397,77.530495
61180136,2025-03-21T13:31:00.000,2025-04-06T16:40:00.000,Street Light Out,Closed,Mangaluru,12.889496,74.866905
61180363,2025-03-21T15:53:00.000,2025-03-24T18:06:00.000,Street Light Out,Closed,Mysuru,12.29322,76.67075
61180695,2025-03-21T16:08:00.000,2025-03-24T13:38:00.000,Street Light Out,Closed,Bengaluru,12.979759,77.55478
61180837,2025-03-21T16:57:00.000,2025-04-08T14:59:00.000,Street Light Out,Closed,Shivamogga,13.930214,75.5663
61180900,2025-03-21T18:02:00.000,2025-03-27T15:24:00.000,Street Light Out,Closed,Hubballi,15.383448,75.121587
61180966,2025-03-21T18:47:00.000,2025-03-23T18:47:43.000,Street Light Cycling,Closed,Bengaluru,13.034618,77.452528
61181745,2025-03-21T18:58:00.000,2025-03-23T15:50:20.000,Street Light Out,Closed,Mangaluru,12.875655,74.865224
61181843,2025-03-21T19:01:00.000,2025-03-23T17:17:00.000,Street Light Dim,Closed,Shivamogga,13.930147,75.572127
61181946,2025-03-21T19:02:00.000,2025-03-24T14:47:00.000,Street Light Out,Closed,Shivamogga,13.930144,75.559224
61182239,2025-03-21T19:28:00.000,2025-03-29T16:51:00.000,Street Light Out,Closed,Belagavi,15.84603,74.463096
61182279,2025-03-21T19:47:00.000,2025-03-23T11:07:52.000,Street Light Out,Closed,Bengaluru,12.984476,77.542085
61182395,2025-03-21T20:28:00.000,2025-05-05T17:30:00.000,Street Light Out,Closed,Mangaluru,12.876815,74.858936
61182727,2025-03-21T20:33:00.000,2025-03-25T11:02:00.000,Street Light Out,Closed,Hubballi,15.362998,75.134415
61182898,2025-03-21T21:23:00.000,2025-04-14T14:06:00.000,Street Light Out,Closed,Tumakuru,13.323462,77.114117
61182960,2025-03-21T21:30:00.000,2025-03-26T11:06:54.000,Street Light Out,Closed,Hubballi,15.338698,75.114217
61183114,2025-03-21T21:48:00.000,2025-03-27T11:28:40.000,Street Light Out,Closed,Mysuru,12.309259,76.656631
61183233,2025-03-21T21:55:00.000,2025-03-29T18:46:00.000,Street Light Out,Closed,Mangaluru,12.876544,74.855055
61183348,2025-03-21T22:31:00.000,2025-03-24T14:36:00.000,Street Light Out,Closed,Bengaluru,12.979796,77.596068
61183441,2025-03-21T23:12:00.000,2025-03-23T09:18:35.000,Street Light Out,Closed,Bengaluru,12.982882,77.587852
61183590,2025-03-22T04:52:00.000,2025-04-01T08:00:00.000,Street Light Out,Closed,Tumakuru,13.342258,77.098515
61183650,2025-03-22T05:53:00.000,2025-03-23T14:34:51.000,Street Light Out,Closed,Mysuru,12.276964,76.675846
61183732,2025-03-22T06:44:00.000,2025-04-04T14:42:00.000,Street Light Out,Closed,Mysuru,12.302888,76.639948
61183934,2025-03-22T07:28:00.000,2025-03-29T14:41:57.000,Street Light Dim,Closed,Mysuru,12.285682,76.649005
61183948,2025-03-22T10:35:00.000,2025-04-01T18:09:24.000,Street Light Out,Closed,Bengaluru,12.987825,77.575767
61184114,2025-03-22T10:59:00.000,2025-04-07T09:08:00.000,Street Light Out,Closed,Bengaluru,12.986926,77.592462
61184790,2025-03-22T15:02:00.000,2025-03-28T12:58:00.000,Street Light Out,Closed,Shivamogga,13.918363,75.573701
61184846,2025-03-22T16:23:00.000,2025-03-29T12:30:00.000,Street Light Out,Closed,Hubballi,15.357749,75.141803
61184886,2025-03-22T16:51:00.000,2025-04-05T17:25:00.000,Street Light Out,Closed,Shivamogga,13.921592,75.588969
61184891,2025-03-22T17:13:00.000,2025-03-23T10:56:00.000,Street Light Cycling,Closed,Mysuru,12.289361,76.65187
61185288,2025-03-22T19:44:00.000,2025-04-03T08:08:05.000,Street Light Out,Closed,Hubballi,15.35332,75.136206
61185366,2025-03-22T20:10:00.000,2025-03-30T18:31:00.000,Street Light Out,Closed,Shivamogga,13.926137,75.571322
61185881,2025-03-22T20:51:00.000,2025-05-08T08:26:00.000,Street Light Out,Closed,Mysuru,12.305959,76.677109
61185911,2025-03-22T22:36:00.000,2025-04-04T14:16:23.000,Street Light Out,Closed,Hubballi,15.352238,75.112656
61186254,2025-03-23T01:58:00.000,2025-03-30T13:33:19.000,Street Light Cycling,Closed,Bengaluru,13.040609,77.682037
61186343,2025-03-23T02:44:00.000,2025-04-23T16:17:00.000,Street Light Out,Closed,Bengaluru,12.971285,77.616
61186362,2025-03-23T06:01:00.000,2025-03-27T15:39:00.000,Street Light Out,Closed,Bengaluru,12.967478,77.641303
61186670,2025-03-23T06:36:00.000,2025-03-28T14:39:00.000,Lamppost Damaged,Closed,Bengaluru,13.024896,77.554161
61186704,2025-03-23T07:23:00.000,2025-03-23T15:30:45.000,Street Light Out,Closed,Bengaluru,12.877848,77.601614
61186838,2025-03-23T08:00:00.000,2025-03-26T17:48:00.000,Street Light Out,Closed,Mysuru,12.293985,76.670456
61187016,2025-03-23T08:06:00.000,2025-03-26T17:50:18.000,Street Light Out,Closed,Bengaluru,12.972489,77.601854
61187031,2025-03-23T08:06:00.000,2025-03-31T16:39:00.000,Street Light Out,Closed,Mangaluru,12.873856,74.862033
61187692,2025-03-23T10:46:00.000,2025-03-31T11:09:00.000,Street Light Out,Closed,Bengaluru,12.958758,77.557896
61187761,2025-03-23T11:46:00.000,2025-03-29T15:02:40.000,Street Light Dim,Closed,Tumakuru,13.352772,77.10655
61187788,2025-03-23T17:13:00.000,2025-03-29T15:38:14.000,Street Light Cycling,Closed,Shivamogga,13.927438,75.550127
61187802,2025-03-23T17:34:00.000,2025-03-25T15:47:00.000,Street Light Out,Closed,Bengaluru,13.00364,77.565987
61187884,2025-03-23T18:49:00.000,2025-03-26T08:44:43.000,Street Light Out,Closed,Mangaluru,12.877622,74.859499
61187954,2025-03-23T19:11:00.000,2025-03-31T18:56:19.000,Street Light Out,Closed,Hubballi,15.376929,75.122372
61188035,2025-03-23T20:11:00.000,2025-03-25T17:53:00.000,Street Light Out,Closed,Mangaluru,12.874525,74.853973
61188063,2025-03-23T20:17:00.000,2025-04-08T13:17:00.000,Street Light Out,Closed,Mangaluru,12.877995,74.856691
61188098,2025-03-23T21:12:00.000,2025-03-28T09:19:00.000,Street Light Out,Closed,Hubballi,15.379453,75.117957
61188109,2025-03-23T21:29:00.000,2025-03-27T14:03:24.000,Street Light Out,Closed,Hubballi,15.365283,75.127807
61188537,2025-03-23T22:14:00.000,2025-04-02T13:16:42.000,Street Light Out,Closed,Shivamogga,13.900121,75.554353
61188597,2025-03-23T22:15:00.000,2025-03-29T13:58:35.000,Street Light Out,Closed,Bengaluru,12.984426,77.618948
61188795,2025-03-23T22:46:00.000,2025-05-03T13:05:00.000,Street Light Out,Closed,Mangaluru,12.893176,74.863809
61188901,2025-03-23T23:26:00.000,2025-03-31T16:07:00.000,Street Light Out,Closed,Hubballi,15.330378,75.090755
61189139,2025-03-23T23:39:00.000,2025-03-27T18:09:00.000,Street Light Out,Closed,Mangaluru,12.885486,74.856254
61189214,2025-03-24T05:46:00.000,2025-03-29T14:30:00.000,Street Light Out,Closed,Shivamogga,13.923905,75.55174
61189350,2025-03-24T07:04:00.000,2025-04-02T09:42:00.000,Street Light Out,Closed,Bengaluru,12.898698,77.620971
61189376,2025-03-24T08:01:00.000,2025-03-25T12:12:00.000,Street Light Out,Closed,Bengaluru,12.962743,77.627142
61189597,2025-03-24T10:46:00.000,2025-03-25T10:21:03.000,Street Light Out,Closed,Mysuru,12.31738,76.668196
61189653,2025-03-24T11:11:00.000,2025-04-03T10:49:00.000,Street Light Out,Closed,Shivamogga,13.959013,75.54225
61189686,2025-03-24T13:54:00.000,2025-03-25T17:21:17.000,Street Light Out,Closed,Shivamogga,13.925005,75.552487
61189757,2025-03-24T15:10:00.000,2025-03-30T12:31:19.000,Street Light Out,Closed,Mangaluru,12.873019,74.867123
61189818,2025-03-24T17:45:00.000,2025-03-30T10:43:00.000,Street Light Out,Closed,Mysuru,12.305201,76.65758
61189878,2025-03-24T18:15:00.000,2025-03-31T12:25:00.000,Street Light Out,Closed,Bengaluru,13.001862,77.633215
61190003,2025-03-24T18:36:00.000,2025-03-25T17:35:32.000,Street Light Out,Closed,Mysuru,12.293243,76.63842
61190020,2025-03-24T20:28:00.000,2025-03-31T14:57:12.000,Street Light Dim,Closed,Mysuru,12.347969,76.666394
61190027,2025-03-24T21:44:00.000,2025-05-11T15:10:00.000,Street Light Out,Closed,Shivamogga,13.930686,75.563187
61190264,2025-03-25T04:54:00.000,2025-03-29T15:41:00.000,Street Light Out,Closed,Bengaluru,12.957188,77.651707
61190292,2025-03-25T09:35:00.000,2025-04-01T11:29:00.000,Street Light Out,Closed,Tumakuru,13.358775,77.090847
61190443,2025-03-25T12:02:00.000,2025-03-31T17:36:00.000,Street Light Out,Closed,Hubballi,15.381114,75.132049
61190609,2025-03-25T14:19:00.000,2025-03-30T15:23:00.000,Lamppost Damaged,Closed,Tumakuru,13.347149,77.130218
61190626,2025-03-25T15:50:00.000,2025-03-27T08:47:52.000,Street Light Out,Closed,Mysuru,12.295218,76.620025
61190859,2025-03-25T18:00:00.000,2025-05-10T09:30:43.000,Street Light Out,Closed,Mangaluru,12.886991,74.852975
61190926,2025-03-25T18:28:00.000,2025-04-14T08:36:00.000,Street Light Out,Closed,Shivamogga,13.935901,75.558392
61191130,2025-03-25T19:29:00.000,2025-03-27T11:34:00.000,Street Light Out,Closed,Mysuru,12.343965,76.683491
61191135,2025-03-25T21:26:00.000,2025-03-30T09:04:00.000,Street Light Out,Closed,Bengaluru,12.981622,77.640807
61191337,2025-03-25T21:55:00.000,2025-03-31T16:15:06.000,Lamppost Damaged,Closed,Belagavi,15.821487,74.503192
61191510,2025-03-25T22:07:00.000,2025-04-02T18:43:38.000,Lamppost Damaged,Closed,Tumakuru,13.355099,77.083934
61191518,2025-03-25T22:22:00.000,2025-03-26T16:46:27.000,Street Light Out,Closed,Shivamogga,13.91828,75.531845
61191559,2025-03-25T22:26:00.000,2025-03-27T18:49:00.000,Street Light Out,Closed,Tumakuru,13.34514,77.087988
61191571,2025-03-25T23:44:00.000,2025-03-31T09:01:28.000,Street Light Out,Closed,Bengaluru,12.916821,77.645577
61191783,2025-03-26T00:36:00.000,2025-04-01T10:57:00.000,Street Light Out,Closed,Hubballi,15.378595,75.133657
61191821,2025-03-26T04:29:00.000,2025-03-29T10:04:13.000,Lamppost Damaged,Closed,Bengaluru,12.980254,77.57867
61191836,2025-03-26T08:21:00.000,2025-03-31T11:34:00.000,Street Light Out,Closed,Mangaluru,12.891234,74.866647
61191876,2025-03-26T09:28:00.000,2025-03-27T14:52:27.000,Street Light Out,Closed,Tumakuru,13.380823,77.073417
61191953,2025-03-26T13:33:00.000,2025-04-02T14:46:00.000,Street Light Out,Closed,Tumakuru,13.364954,77.093579
61191968,2025-03-26T19:08:00.000,2025-03-28T15:20:00.000,Street Light Out,Closed,Shivamogga,13.922595,75.563646
61191977,2025-03-26T19:27:00.000,2025-03-28T11:20:00.000,Street Light Out,Closed,Mysuru,12.329616,76.677826
61192117,2025-03-26T20:19:00.000,2025-03-29T16:45:21.000,Street Light Dayburning,Closed,Hubballi,15.353646,75.119655
61192205,2025-03-26T20:24:00.000,2025-04-01T14:12:00.000,Street Light Out,Closed,Belagavi,15.847981,74.48721
61192465,2025-03-26T21:13:00.000,2025-04-06T12:22:00.000,Street Light Out,Closed,Hubballi,15.350299,75.12629
61192570,2025-03-26T22:57:00.000,2025-03-31T11:38:00.000,Street Light Out,Closed,Tumakuru,13.34434,77.093423
61192656,2025-03-27T06:21:00.000,2025-04-08T10:52:00.000,Street Light Out,Closed,Bengaluru,12.973649,77.59689
61192734,2025-03-27T11:04:00.000,2025-04-04T14:59:00.000,Street Light Out,Closed,Shivamogga,13.956862,75.540022
61192831,2025-03-27T11:19:00.000,2025-04-04T18:03:00.000,Street Light Out,Closed,Tumakuru,13.336902,77.109684
61192879,2025-03-27T11:46:00.000,2025-04-16T15:12:00.000,Street Light Out,Closed,Mangaluru,12.902556,74.880163
61193285,2025-03-27T17:09:00.000,2025-04-01T08:14:03.000,Street Light Out,Closed,Belagavi,15.818511,74.555644
61193379,2025-03-27T18:21:00.000,2025-03-29T14:40:00.000,Street Light Out,Closed,Mysuru,12.2995,76.659846
61193412,2025-03-27T18:38:00.000,2025-04-01T18:14:18.000,Street Light Out,Closed,Hubballi,15.345719,75.137405
61193666,2025-03-27T19:22:00.000,2025-03-31T17:23:00.000,Street Light Out,Closed,Belagavi,15.857024,74.513844
61193696,2025-03-27T19:36:00.000,2025-03-31T17:12:00.000,Street Light Out,Closed,Shivamogga,13.936287,75.554924
61194000,2025-03-27T20:07:00.000,2025-04-09T18:24:00.000,Street Light Out,Closed,Mysuru,12.301538,76.655383
61194014,2025-03-27T20:36:00.000,2025-03-30T10:26:00.000,Street Light Out,Closed,Bengaluru,12.967876,77.585785
61194057,2025-03-27T20:41:00.000,2025-03-29T17:15:00.000,Street Light Out,Closed,Bengaluru,12.976501,77.625401
61194205,2025-03-27T20:55:00.000,2025-03-30T13:11:11.000,Street Light Out,Closed,Bengaluru,12.934875,77.630197
61194266,2025-03-27T21:14:00.000,2025-03-30T10:59:40.000,Street Light Out,Closed,Bengaluru,12.989737,77.568595
61194339,2025-03-27T21:29:00.000,2025-03-30T18:03:19.000,Street Light Out,Closed,Hubballi,15.363036,75.134458
61194375,2025-03-28T00:58:00.000,2025-04-25T10:23:00.000,Street Light Out,Closed,Belagavi,15.850533,74.563262
61194396,2025-03-28T02:00:00.000,2025-03-30T08:00:44.000,Street Light Out,Closed,Bengaluru,12.950094,77.634632
61194510,2025-03-28T02:56:00.000,2025-04-03T15:01:00.000,Street Light Out,Closed,Mangaluru,12.863696,74.868202
61194561,2025-03-28T05:16:00.000,2025-04-04T11:45:00.000,Street Light Out,Closed,Belagavi,15.870465,74.517084
61194658,2025-03-28T05:31:00.000,2025-04-01T08:32:38.000,Street Light Out,Closed,Mangaluru,12.881353,74.852926
61194729,2025-03-28T06:02:00.000,2025-03-29T18:24:50.000,Street Light Out,Closed,Tumakuru,13.363021,77.089542
61194744,2025-03-28T06:25:00.000,2025-04-17T15:08:20.000,Street Light Out,Closed,Mysuru,12.270472,76.624367
61195607,2025-03-28T06:35:00.000,2025-03-31T10:11:00.000,Street Light Out,Closed,Mangaluru,12.884085,74.8469
61195629,2025-03-28T08:52:00.000,2025-03-29T16:09:51.000,Street Light Out,Closed,Bengaluru,12.92704,77.659707
61195793,2025-03-28T09:15:00.000,2025-03-30T18:18:00.000,Street Light Out,Closed,Mysuru,12.323026,76.646118
61195956,2025-03-28T09:26:00.000,2025-04-08T10:22:00.000,Street Light Out,Closed,Bengaluru,12.984825,77.559657
61196053,2025-03-28T09:34:00.000,2025-04-11T16:38:00.000,Street Light Out,Closed,Bengaluru,12.945424,77.592989
61196059,2025-03-28T09:36:00.000,2025-04-03T09:07:00.000,Street Light Out,Closed,Shivamogga,13.948034,75.595137
61196087,2025-03-28T09:56:00.000,2025-04-01T15:56:00.000,Street Light Out,Closed,Mangaluru,12.85222,74.856893
61196259,2025-03-28T10:19:00.000,2025-03-30T09:27:00.000,Street Light Out,Closed,Tumakuru,13.36527,77.137598
61196382,2025-03-28T10:58:00.000,2025-03-29T16:21:21.000,Street Light Out,Closed,Bengaluru,12.970509,77.596073
61196462,2025-03-28T13:47:00.000,2025-04-01T09:54:04.000,Street Light Out,Closed,Mysuru,12.317302,76.635724
61196555,2025-03-28T14:58:00.000,2025-04-03T08:47:00.000,Street Light Out,Closed,Mangaluru,12.863801,74.868773
61196926,2025-03-28T18:21:00.000,2025-04-01T17:09:00.000,Street Light Out,Closed,Belagavi,15.884577,74.477336
61196958,2025-03-28T20:02:00.000,2025-04-06T10:43:00.000,Street Light Out,Closed,Mysuru,12.276875,76.635508
61196979,2025-03-28T21:36:00.000,2025-03-30T08:36:00.000,Street Light Out,Closed,Bengaluru,12.97261,77.570511
61197065,2025-03-28T21:46:00.000,2025-03-31T14:24:57.000,Street Light Out,Closed,Hubballi,15.353557,75.141159
61197209,2025-03-28T22:26:00.000,2025-03-30T18:52:38.000,Street Light Cycling,Closed,Bengaluru,12.976044,77.571692
61197222,2025-03-28T22:30:00.000,2025-04-11T17:16:00.000,Street Light Out,Closed,Mysuru,12.293236,76.638481
61197287,2025-03-28T23:56:00.000,2025-04-01T16:03:00.000,Street Light Out,Closed,Shivamogga,13.927163,75.56494
61197526,2025-03-29T01:35:00.000,2025-04-06T15:16:00.000,Street Light Out,Closed,Shivamogga,13.933112,75.553322
61197552,2025-03-29T05:26:00.000,2025-03-29T17:25:12.000,Street Light Out,Closed,Bengaluru,12.988252,77.571239
61197630,2025-03-29T07:04:00.000,2025-04-02T08:53:36.000,Street Light Out,Closed,Mangaluru,12.877361,74.840852
61197719,2025-03-29T10:38:00.000,2025-04-03T10:20:00.000,Street Light Out,Closed,Hubballi,15.348245,75.12188
61197886,2025-03-29T10:48:00.000,2025-03-31T10:06:00.000,Street Light Out,Closed,Bengaluru,12.939012,77.733882
61197894,2025-03-29T11:18:00.000,2025-04-03T11:54:00.000,Street Light Out,Closed,Mysuru,12.283616,76.663161
61198092,2025-03-29T11:28:00.000,2025-04-03T09:04:00.000,Street Light Out,Closed,Tumakuru,13.335159,77.106941
61198101,2025-03-29T12:25:00.000,2025-04-02T16:25:47.000,Street Light Out,Closed,Shivamogga,13.942938,75.571947
61198113,2025-03-29T17:44:00.000,2025-03-31T08:39:44.000,Street Light Cycling,Closed,Bengaluru,12.935288,77.607632
61198327,2025-03-29T18:15:00.000,2025-04-23T13:05:12.000,Street Light Out,Closed,Hubballi,15.388095,75.143565
61198356,2025-03-29T18:18:00.000,2025-04-06T14:43:54.000,Street Light Out,Closed,Bengaluru,12.982319,77.649171
61198678,2025-03-29T19:29:00.000,2025-04-07T08:46:20.000,Street Light Out,Closed,Shivamogga,13.928914,75.567884
61198788,2025-03-29T20:18:00.000,2025-04-03T14:17:43.000,Street Light Out,Closed,Hubballi,15.353115,75.124294
61198806,2025-03-29T22:16:00.000,2025-04-01T13:12:59.000,Street Light Out,Closed,Belagavi,15.842825,74.491117
61198893,2025-03-29T22:36:00.000,2025-04-08T15:55:00.000,Street Light Out,Closed,Belagavi,15.850868,74.538111
61198930,2025-03-29T23:52:00.000,2025-04-03T16:57:22.000,Street Light Out,Closed,Mangaluru,12.891091,74.859266
61198973,2025-03-30T06:28:00.000,2025-04-09T10:22:00.000,Street Light Out,Closed,Bengaluru,13.007558,77.573785
61199095,2025-03-30T08:09:00.000,2025-04-06T15:17:00.000,Street Light Out,Closed,Bengaluru,12.99137,77.588081
61199193,2025-03-30T09:03:00.000,2025-03-31T13:43:00.000,Street Light Cycling,Closed,Mangaluru,12.870819,74.857295
61199376,2025-03-30T11:52:00.000,2025-03-31T08:22:00.000,Street Light Out,Closed,Tumakuru,13.347244,77.105545
61199795,2025-03-30T15:46:00.000,2025-04-07T17:47:54.000,Lamppost Damaged,Closed,Belagavi,15.84128,74.518379
61199960,2025-03-30T16:44:00.000,2025-04-01T09:36:24.000,Street Light Out,Closed,Bengaluru,12.962271,77.560226
61200072,2025-03-30T17:11:00.000,2025-04-03T18:40:20.000,Street Light Out,Closed,Bengaluru,12.98831,77.665186
61200526,2025-03-30T18:11:00.000,2025-04-02T15:05:00.000,Street Light Out,Closed,Mangaluru,12.927357,74.863767
61200601,2025-03-30T19:04:00.000,2025-04-16T12:13:07.000,Street Light Dayburning,Closed,Bengaluru,12.982898,77.587859
61200689,2025-03-30T19:24:00.000,2025-04-02T14:58:16.000,Street Light Cycling,Closed,Bengaluru,12.931051,77.501821
61200768,2025-03-30T19:31:00.000,2025-04-02T15:43:00.000,Street Light Out,Closed,Mysuru,12.307749,76.654455
61200998,2025-03-30T19:57:00.000,2025-04-04T13:12:59.000,Street Light Cycling,Closed,Tumakuru,13.342732,77.12107
61201024,2025-03-30T20:39:00.000,2025-04-04T08:41:11.000,Street Light Out,Closed,Bengaluru,12.929995,77.599066
61201253,2025-03-30T20:40:00.000,2025-04-10T16:30:49.000,Street Light Out,Closed,Hubballi,15.355557,75.147555
61201260,2025-03-30T22:08:00.000,2025-04-04T09:24:00.000,Street Light Out,Closed,Bengaluru,13.033279,77.563198
61201359,2025-03-31T01:36:00.000,2025-04-13T12:28:00.000,Street Light Out,Closed,Tumakuru,13.342372,77.097674
61201409,2025-03-31T08:05:00.000,2025-04-07T10:18:25.000,Street Light Out,Closed,Tumakuru,13.35608,77.089767
61201531,2025-03-31T10:21:00.000,2025-04-06T09:24:04.000,Street Light Dayburning,Closed,Mangaluru,12.9219,74.856404
61201574,2025-03-31T10:38:00.000,2025-04-05T08:23:55.000,Street Light Out,Closed,Bengaluru,12.964046,77.653826
61201740,2025-03-31T14:05:00.000,2025-04-05T12:48:12.000,Street Light Out,Closed,Hubballi,15.357777,75.145994
61202225,2025-03-31T14:24:00.000,2025-05-01T11:53:08.000,Street Light Out,Closed,Bengaluru,12.970934,77.567586
61202244,2025-03-31T16:58:00.000,2025-04-08T12:28:54.000,Street Light Out,Closed,Tumakuru,13.348519,77.091155
61202373,2025-03-31T17:36:00.000,2025-04-02T15:34:49.000,Street Light Out,Closed,Bengaluru,12.971212,77.613644
61202757,2025-03-31T18:26:00.000,2025-04-05T09:29:00.000,Street Light Out,Closed,Tumakuru,13.338492,77.113895
61203168,2025-03-31T19:29:00.000,2025-04-01T09:32:30.000,Street Light Out,Closed,Bengaluru,12.994586,77.54307
61203206,2025-03-31T19:55:00.000,2025-04-04T13:26:00.000,Street Light Dim,Closed,Tumakuru,13.340585,77.119999
61203373,2025-03-31T20:09:00.000,2025-04-07T15:20:30.000,Street Light Out,Closed,Belagavi,15.855316,74.512077
61203459,2025-03-31T20:20:00.000,2025-04-11T13:43:00.000,Street Light Out,Closed,Bengaluru,13.003624,77.566022
61203478,2025-03-31T21:58:00.000,2025-04-04T13:41:50.000,Street Light Out,Closed,Mysuru,12.334089,76.677621
61203510,2025-03-31T22:02:00.000,2025-04-12T13:08:00.000,Street Light Out,Closed,Mangaluru,12.873016,74.867124
61203532,2025-03-31T22:43:00.000,2025-04-13T08:43:00.000,Street Light Out,Closed,Mangaluru,12.872942,74.853859
61203724,2025-04-01T00:10:00.000,2025-04-07T11:22:25.000,Street Light Out,Closed,Tumakuru,13.337151,77.087288
61203877,2025-04-01T00:17:00.000,2025-04-06T17:40:00.000,Street Light Out,Closed,Bengaluru,12.995245,77.554681
61203921,2025-04-01T07:30:00.000,2025-04-05T13:33:00.000,Street Light Out,Closed,Bengaluru,12.897513,77.529628
61204034,2025-04-01T08:01:00.000,2025-04-08T11:15:25.000,Street Light Out,Closed,Belagavi,15.842436,74.489637
61204299,2025-04-01T09:36:00.000,2025-04-04T10:50:00.000,Street Light Out,Closed,Mangaluru,12.876914,74.877765
61204465,2025-04-01T13:08:00.000,2025-04-05T08:22:17.000,Street Light Out,Closed,Bengaluru,12.960409,77.73409
61204550,2025-04-01T13:27:00.000,2025-05-06T14:41:39.000,Street Light Out,Closed,Bengaluru,12.987491,77.645013
61204561,2025-04-01T16:09:00.000,2025-04-19T11:20:00.000,Street Light Out,Closed,Mysuru,12.29951,76.65985
61204866,2025-04-01T18:33:00.000,2025-04-05T09:34:00.000,Street Light Out,Closed,Mysuru,12.293406,76.644043
61204910,2025-04-01T18:54:00.000,2025-04-06T18:24:08.000,Street Light Out,Closed,Hubballi,15.298586,75.149806
61204938,2025-04-01T20:02:00.000,2025-04-12T10:27:00.000,Street Light Out,Closed,Mangaluru,12.896853,74.84879
61205259,2025-04-01T20:28:00.000,2025-04-08T13:52:38.000,Street Light Out,Closed,Belagavi,15.856305,74.529192
61205263,2025-04-01T21:37:00.000,2025-04-06T13:47:00.000,Street Light Dayburning,Closed,Mysuru,12.285398,76.694046
61205297,2025-04-01T23:41:00.000,2025-04-11T16:16:00.000,Street Light Out,Closed,Bengaluru,13.013685,77.553304
61205309,2025-04-02T06:54:00.000,2025-04-10T11:19:00.000,Street Light Out,Closed,Hubballi,15.373835,75.144437
61205383,2025-04-02T08:05:00.000,2025-04-05T15:38:50.000,Street Light Out,Closed,Mangaluru,12.852323,74.870398
61205439,2025-04-02T10:12:00.000,2025-04-14T08:33:00.000,Street Light Out,Closed,Belagavi,15.882372,74.56211
61205672,2025-04-02T11:42:00.000,2025-04-14T17:11:00.000,Street Light Out,Closed,Mysuru,12.338069,76.653307
61205678,2025-04-02T12:35:00.000,2025-05-03T16:08:43.000,Street Light Out,Closed,Mangaluru,12.91119,74.875809
61205683,2025-04-02T12:53:00.000,2025-04-07T11:30:00.000,Street Light Cycling,Closed,Shivamogga,13.937203,75.57183
61205764,2025-04-02T13:47:00.000,2025-04-06T14:16:45.000,Street Light Out,Closed,Bengaluru,12.992966,77.577478
61205843,2025-04-02T19:06:00.000,2025-04-09T17:54:24.000,Street Light Out,Closed,Mysuru,12.307941,76.651779
61205994,2025-04-02T19:07:00.000,2025-04-15T14:42:00.000,Street Light Out,Closed,Mysuru,12.319245,76.65858
61206153,2025-04-02T19:08:00.000,2025-04-06T15:27:00.000,Street Light Dayburning,Closed,Bengaluru,12.985661,77.563724
61206346,2025-04-02T21:51:00.000,2025-04-17T10:41:00.000,Street Light Out,Closed,Belagavi,15.850338,74.486993
61206570,2025-04-02T21:52:00.000,2025-04-09T12:33:06.000,Street Light Out,Closed,Mangaluru,12.885418,74.852622
61206606,2025-04-02T23:38:00.000,2025-04-05T16:48:17.000,Street Light Out,Closed,Bengaluru,12.93066,77.566034
61206649,2025-04-03T00:14:00.000,2025-04-07T18:36:30.000,Street Light Out,Closed,Mangaluru,12.882115,74.843831
61206799,2025-04-03T00:59:00.000,2025-04-09T17:01:00.000,Street Light Out,Closed,Bengaluru,12.950968,77.650015
61206876,2025-04-03T06:56:00.000,2025-04-14T10:16:00.000,Street Light Out,Closed,Hubballi,15.307582,75.172717
61206886,2025-04-03T08:57:00.000,2025-04-04T12:18:23.000,Street Light Out,Closed,Tumakuru,13.333715,77.107627
61206915,2025-04-03T11:43:00.000,2025-04-24T14:28:00.000,Street Light Out,Closed,Shivamogga,13.951474,75.535727
61207058,2025-04-03T12:38:00.000,2025-04-04T11:21:06.000,Street Light Out,Closed,Bengaluru,12.968445,77.591544
61207236,2025-04-03T14:54:00.000,2025-04-07T13:53:00.000,Street Light Out,Closed,Tumakuru,13.335639,77.107002
61207330,2025-04-03T17:23:00.000,2025-04-06T14:39:00.000,Street Light Out,Closed,Mangaluru,12.918613,74.852994
61207410,2025-04-03T17:27:00.000,2025-04-07T16:12:12.000,Street Light Out,Closed,Shivamogga,13.907044,75.554345
61207552,2025-04-03T18:46:00.000,2025-04-14T08:15:14.000,Street Light Out,Closed,Bengaluru,12.976084,77.651394
61207581,2025-04-03T19:53:00.000,2025-04-07T18:04:00.000,Street Light Out,Closed,Mangaluru,12.881404,74.853005
61207595,2025-04-03T19:56:00.000,2025-04-05T10:08:29.000,Street Light Out,Closed,Mysuru,12.324139,76.655664
61207650,2025-04-03T20:58:00.000,2025-04-09T16:42:11.000,Street Light Dim,Closed,Bengaluru,12.972696,77.604956
61207765,2025-04-03T21:00:00.000,2025-04-10T12:49:00.000,Street Light Out,Closed,Belagavi,15.842727,74.491103
61207817,2025-04-03T21:40:00.000,2025-04-20T11:55:57.000,Street Light Out,Closed,Mysuru,12.30391,76.655037
61207963,2025-04-03T21:59:00.000,2025-04-07T17:12:00.000,Street Light Out,Closed,Bengaluru,12.946912,77.591637
61208109,2025-04-03T22:26:00.000,2025-04-09T11:16:00.000,Street Light Out,Closed,Belagavi,15.85601,74.502861
61208212,2025-04-03T23:31:00.000,2025-04-05T13:48:52.000,Street Light Dim,Closed,Mysuru,12.30228,76.652354
61208482,2025-04-04T04:31:00.000,2025-04-08T14:46:00.000,Street Light Out,Closed,Mangaluru,12.890008,74.866055
61208552,2025-04-04T04:47:00.000,2025-04-11T09:58:23.000,Street Light Out,Closed,Bengaluru,12.855623,77.680719
61208644,2025-04-04T07:01:00.000,2025-04-05T18:02:51.000,Street Light Out,Closed,Belagavi,15.856511,74.509851
61208694,2025-04-04T07:38:00.000,2025-04-24T08:35:07.000,Street Light Out,Closed,Hubballi,15.35436,75.13285
61208735,2025-04-04T08:39:00.000,2025-04-13T09:00:16.000,Street Light Dim,Closed,Mysuru,12.346466,76.676759
61208771,2025-04-04T08:59:00.000,2025-04-06T18:43:10.000,Street Light Out,Closed,Belagavi,15.837048,74.529514
61208818,2025-04-04T09:07:00.000,2025-04-06T17:07:00.000,Street Light Out,Closed,Mangaluru,12.89099,74.908438
61208845,2025-04-04T09:13:00.000,2025-04-15T12:50:59.000,Street Light Out,Closed,Bengaluru,12.92884,77.583383
61208847,2025-04-04T09:49:00.000,2025-04-08T08:13:00.000,Street Light Out,Closed,Bengaluru,12.980957,77.586412
61208931,2025-04-04T10:35:00.000,2025-04-24T08:30:00.000,Street Light Cycling,Closed,Tumakuru,13.317219,77.075546
61209162,2025-04-04T11:06:00.000,2025-04-08T13:55:24.000,Street Light Out,Closed,Bengaluru,13.016748,77.62059
61209270,2025-04-04T19:33:00.000,2025-04-06T09:41:00.000,Street Light Out,Closed,Mangaluru,12.878114,74.858661
61209277,2025-04-04T21:30:00.000,2025-04-24T12:36:46.000,Street Light Out,Closed,Mangaluru,12.887858,74.848096
61209545,2025-04-04T22:32:00.000,2025-04-08T15:54:53.000,Street Light Out,Closed,Bengaluru,12.935977,77.610116
61209556,2025-04-04T22:52:00.000,2025-04-12T14:27:00.000,Street Light Out,Closed,Bengaluru,12.971726,77.587103
61209579,2025-04-04T23:53:00.000,2025-04-07T12:45:00.000,Street Light Out,Closed,Mysuru,12.294461,76.614114
61209683,2025-04-05T00:22:00.000,2025-04-22T09:55:00.000,Lamppost Damaged,Closed,Bengaluru,12.979075,77.572517
61209769,2025-04-05T02:37:00.000,2025-04-19T14:57:00.000,Street Light Out,Closed,Mangaluru,12.877689,74.858797
61209771,2025-04-05T08:56:00.000,2025-04-08T18:58:00.000,Street Light Out,Closed,Bengaluru,12.972246,77.598201
61209934,2025-04-05T10:01:00.000,2025-04-07T09:08:00.000,Street Light Out,Closed,Hubballi,15.365317,75.127866
61209998,2025-04-05T11:43:00.000,2025-04-06T09:49:00.000,Street Light Out,Closed,Hubballi,15.383588,75.123748
61210039,2025-04-05T13:22:00.000,2025-04-07T10:04:00.000,Street Light Out,Closed,Bengaluru,12.946237,77.631699
61210157,2025-04-05T15:04:00.000,2025-04-11T09:23:29.000,Street Light Out,Closed,Mangaluru,12.871724,74.859116
61210319,2025-04-05T19:27:00.000,2025-04-08T17:22:41.000,Street Light Cycling,Closed,Bengaluru,13.001457,77.598919
61210376,2025-04-05T20:01:00.000,2025-04-18T14:31:00.000,Street Light Out,Closed,Hubballi,15.41621,75.120104
61210471,2025-04-05T22:35:00.000,2025-04-10T12:38:00.000,Street Light Out,Closed,Hubballi,15.386967,75.113565
61210908,2025-04-05T22:58:00.000,2025-04-07T09:56:05.000,Street Light Out,Closed,Hubballi,15.350391,75.151785
61210918,2025-04-06T05:03:00.000,2025-04-07T10:16:16.000,Street Light Dayburning,Closed,Mangaluru,12.894816,74.861173
61210950,2025-04-06T05:11:00.000,2025-04-22T11:53:45.000,Street Light Out,Closed,Hubballi,15.360218,75.139265
61211010,2025-04-06T07:18:00.000,2025-04-20T09:25:00.000,Street Light Dim,Closed,Mysuru,12.293506,76.647897
61211268,2025-04-06T08:20:00.000,2025-04-13T15:50:00.000,Street Light Out,Closed,Shivamogga,13.931819,75.611416
61211484,2025-04-06T08:49:00.000,2025-04-17T10:04:00.000,Street Light Out,Closed,Tumakuru,13.350347,77.11671
61211866,2025-04-06T09:15:00.000,2025-04-09T08:12:39.000,Street Light Out,Closed,Mangaluru,12.881786,74.855419
61211914,2025-04-06T10:10:00.000,2025-04-08T13:10:57.000,Street Light Out,Closed,Bengaluru,12.950137,77.551385
61211923,2025-04-06T10:41:00.000,2025-04-11T10:43:00.000,Street Light Out,Closed,Mangaluru,12.890545,74.853338
61212342,2025-04-06T16:52:00.000,2025-04-12T15:56:57.000,Street Light Out,Closed,Bengaluru,13.090751,77.506945
61212461,2025-04-06T16:58:00.000,2025-04-11T10:24:16.000,Street Light Out,Closed,Mangaluru,12.899114,74.857103
61213045,2025-04-06T17:48:00.000,2025-04-10T18:47:20.000,Street Light Out,Closed,Hubballi,15.351571,75.122517
61213397,2025-04-06T18:25:00.000,2025-04-09T18:30:00.000,Street Light Out,Closed,Mangaluru,12.874588,74.859102
61213479,2025-04-06T18:49:00.000,2025-05-05T18:11:20.000,Street Light Out,Closed,Belagavi,15.843512,74.491147
61213512,2025-04-06T20:20:00.000,2025-04-11T18:26:00.000,Street Light Out,Closed,Belagavi,15.8612,74.461764
61213563,2025-04-06T20:24:00.000,2025-04-20T13:10:00.000,Street Light Out,Closed,Belagavi,15.838948,74.493384
61213576,2025-04-06T20:55:00.000,2025-04-07T16:45:25.000,Street Light Out,Closed,Bengaluru,12.927756,77.54358
61213690,2025-04-06T21:34:00.000,2025-04-10T10:09:23.000,Street Light Out,Closed,Tumakuru,13.338538,77.113935
61213740,2025-04-06T21:40:00.000,2025-04-08T13:33:00.000,Street Light Out,Closed,Mysuru,12.278868,76.637279
61213837,2025-04-06T21:51:00.000,2025-04-08T10:00:00.000,Street Light Out,Closed,Bengaluru,12.984366,77.466515
61214090,2025-04-06T22:11:00.000,2025-04-13T13:10:00.000,Street Light Out,Closed,Bengaluru,12.975263,77.60719
61214574,2025-04-06T22:26:00.000,2025-04-24T10:47:04.000,Street Light Out,Closed,Mysuru,12.316456,76.632169
61214784,2025-04-06T23:17:00.000,2025-04-10T09:37:56.000,Street Light Out,Closed,Bengaluru,12.976059,77.571872
61214798,2025-04-06T23:32:00.000,2025-04-27T08:55:53.000,Street Light Out,Closed,Shivamogga,13.929943,75.58351
61215235,2025-04-07T06:13:00.000,2025-04-10T10:46:24.000,Street Light Out,Closed,Bengaluru,12.935096,77.619595
61215491,2025-04-07T06:59:00.000,2025-04-16T15:14:00.000,Street Light Out,Closed,Bengaluru,12.966828,77.589845
61215614,2025-04-07T07:21:00.000,2025-04-14T12:32:00.000,Street Light Out,Closed,Shivamogga,13.942332,75.570489
61215682,2025-04-07T07:34:00.000,2025-04-11T13:38:03.000,Street Light Out,Closed,Tumakuru,13.337962,77.099976
61215767,2025-04-07T08:11:00.000,2025-04-11T14:21:24.000,Street Light Out,Closed,Belagavi,15.848543,74.531775
61215832,2025-04-07T08:42:00.000,2025-04-14T08:26:51.000,Street Light Out,Closed,Belagavi,15.86019,74.516994
61215864,2025-04-07T09:20:00.000,2025-04-11T16:31:26.000,Street Light Out,Closed,Belagavi,15.877929,74.479544
61215866,2025-04-07T09:26:00.000,2025-04-16T12:35:00.000,Street Light Out,Closed,Bengaluru,13.00715,77.562529
61215931,2025-04-07T12:18:00.000,2025-04-12T10:36:00.000,Street Light Out,Closed,Bengaluru,12.995237,77.554675
61216059,2025-04-07T13:27:00.000,2025-05-04T11:47:00.000,Street Light Out,Closed,Shivamogga,13.956807,75.54809
61216161,2025-04-07T18:09:00.000,2025-04-21T16:15:00.000,Street Light Out,Closed,Shivamogga,13.92652,75.568679
61216178,2025-04-07T18:46:00.000,2025-04-11T12:22:23.000,Street Light Out,Closed,Mangaluru,12.881397,74.852998
61216218,2025-04-07T20:12:00.000,2025-04-10T15:04:51.000,Street Light Out,Closed,Mysuru,12.29312,76.621342
61216536,2025-04-07T20:34:00.000,2025-04-23T18:19:59.000,Street Light Out,Closed,Shivamogga,13.927969,75.581616
61216605,2025-04-07T21:31:00.000,2025-04-11T14:36:05.000,Street Light Out,Closed,Hubballi,15.381099,75.132039
61216687,2025-04-07T22:08:00.000,2025-04-18T11:49:00.000,Street Light Dim,Closed,Belagavi,15.890782,74.513117
61216778,2025-04-08T00:39:00.000,2025-04-12T11:15:39.000,Street Light Out,Closed,Tumakuru,13.336917,77.109798
61217377,2025-04-08T01:26:00.000,2025-04-30T14:08:00.000,Street Light Out,Closed,Tumakuru,13.329919,77.090083
61217580,2025-04-08T01:31:00.000,2025-04-10T15:33:00.000,Street Light Out,Closed,Hubballi,15.36698,75.125096
61217648,2025-04-08T06:46:00.000,2025-04-16T15:59:00.000,Street Light Out,Closed,Belagavi,15.860707,74.491396
61217684,2025-04-08T08:21:00.000,2025-04-29T09:27:00.000,Lamppost Damaged,Closed,Bengaluru,12.922434,77.601273
61217781,2025-04-08T08:23:00.000,2025-04-09T10:19:42.000,Street Light Out,Closed,Mangaluru,12.875797,74.86428
61218146,2025-04-08T08:23:00.000,2025-04-11T08:53:14.000,Street Light Out,Closed,Hubballi,15.368508,75.127532
61218248,2025-04-08T09:47:00.000,2025-04-17T11:15:12.000,Street Light Out,Closed,Bengaluru,12.945428,77.559319
61218485,2025-04-08T10:03:00.000,2025-04-11T18:42:00.000,Street Light Out,Closed,Bengaluru,12.951718,77.623544
61218525,2025-04-08T10:10:00.000,2025-04-15T12:41:00.000,Street Light Out,Closed,Mangaluru,12.87827,74.864001
61218557,2025-04-08T10:11:00.000,2025-04-10T11:13:00.000,Street Light Out,Closed,Bengaluru,12.959308,77.587409
61218734,2025-04-08T15:52:00.000,2025-04-27T12:07:00.000,Street Light Out,Closed,Belagavi,15.874865,74.54433
61218902,2025-04-08T18:09:00.000,2025-04-11T10:47:00.000,Lamppost Damaged,Closed,Bengaluru,12.884675,77.565783
61219094,2025-04-08T18:39:00.000,2025-05-14T15:01:00.000,Street Light Dayburning,Closed,Mangaluru,12.884616,74.856176
61219191,2025-04-08T19:54:00.000,2025-04-14T08:22:00.000,Street Light Out,Closed,Tumakuru,13.337528,77.100006
61219293,2025-04-08T20:34:00.000,2025-05-03T13:03:07.000,Street Light Out,Closed,Bengaluru,12.952455,77.554541
61219301,2025-04-08T20:56:00.000,2025-04-12T09:48:00.000,Street Light Out,Closed,Bengaluru,12.98207,77.634469
61219505,2025-04-08T21:03:00.000,2025-04-11T09:32:00.000,Street Light Out,Closed,Bengaluru,12.978567,77.643333
61219608,2025-04-08T22:31:00.000,2025-04-10T09:34:34.000,Street Light Out,Closed,Shivamogga,13.90119,75.557497
61219622,2025-04-09T00:56:00.000,2025-04-16T16:29:00.000,Street Light Cycling,Closed,Tumakuru,13.340888,77.11129
61219689,2025-04-09T02:19:00.000,2025-04-27T11:42:24.000,Street Light Out,Closed,Mysuru,12.321869,76.656718
61219736,2025-04-09T07:07:00.000,2025-04-09T18:32:25.000,Street Light Cycling,Closed,Mangaluru,12.88911,74.891707
61219872,2025-04-09T08:39:00.000,2025-04-14T11:58:00.000,Street Light Cycling,Closed,Belagavi,15.84846,74.490015
61220239,2025-04-09T09:47:00.000,2025-04-15T18:12:00.000,Street Light Out,Closed,Bengaluru,12.949883,77.582718
61220263,2025-04-09T10:24:00.000,2025-04-19T15:07:56.000,Street Light Out,Closed,Hubballi,15.356321,75.118032
61220330,2025-04-09T13:24:00.000,2025-05-12T16:49:48.000,Street Light Out,Closed,Belagavi,15.841137,74.492761
61220471,2025-04-09T18:14:00.000,2025-04-12T10:43:06.000,Street Light Out,Closed,Mysuru,12.293243,76.670805
61220554,2025-04-09T18:35:00.000,2025-04-12T16:52:00.000,Street Light Out,Closed,Hubballi,15.365397,75.130251
61220610,2025-04-09T19:13:00.000,2025-05-09T12:16:02.000,Street Light Out,Closed,Mangaluru,12.917085,74.846936
61220850,2025-04-09T19:14:00.000,2025-04-16T08:00:00.000,Street Light Dayburning,Closed,Mysuru,12.268421,76.622307
61221037,2025-04-09T19:48:00.000,2025-04-11T16:46:10.000,Street Light Out,Closed,Mangaluru,12.873709,74.868539
61221122,2025-04-09T20:52:00.000,2025-04-13T13:07:00.000,Street Light Out,Closed,Bengaluru,13.013939,77.571464
61221226,2025-04-09T21:19:00.000,2025-04-12T17:51:00.000,Street Light Out,Closed,Mangaluru,12.882836,74.85158
61221321,2025-04-09T21:20:00.000,2025-04-12T10:00:00.000,Street Light Dim,Closed,Bengaluru,12.964148,77.563795
61221567,2025-04-09T22:00:00.000,2025-04-12T11:26:00.000,Street Light Dayburning,Closed,Belagavi,15.854399,74.463002
61221771,2025-04-09T22:00:00.000,2025-04-12T14:31:00.000,Street Light Cycling,Closed,Bengaluru,12.978621,77.5632
61221837,2025-04-09T22:14:00.000,2025-04-15T12:12:00.000,Street Light Out,Closed,Bengaluru,12.946413,77.627139
61221854,2025-04-09T22:18:00.000,2025-05-01T14:07:06.000,Street Light Dim,Closed,Bengaluru,13.007493,77.573831
61221958,2025-04-09T23:17:00.000,2025-04-18T11:46:00.000,Street Light Out,Closed,Belagavi,15.852375,74.512845
61222073,2025-04-10T07:29:00.000,2025-04-13T11:01:00.000,Street Light Out,Closed,Shivamogga,13.923138,75.565966
61222247,2025-04-10T08:31:00.000,2025-04-27T13:10:00.000,Street Light Out,Closed,Hubballi,15.351854,75.15637
61222426,2025-04-10T08:47:00.000,2025-04-14T10:23:00.000,Street Light Out,Closed,Mysuru,12.311326,76.661335
61222492,2025-04-10T12:23:00.000,2025-04-17T12:39:04.000,Street Light Out,Closed,Hubballi,15.357203,75.116676
61222521,2025-04-10T16:56:00.000,2025-04-16T12:38:43.000,Street Light Out,Closed,Bengaluru,12.967552,77.552109
61222919,2025-04-10T17:48:00.000,2025-04-15T09:23:00.000,Street Light Out,Closed,Shivamogga,13.933055,75.553351
61223032,2025-04-10T18:24:00.000,2025-04-13T14:29:00.000,Street Light Out,Closed,Mysuru,12.299049,76.655601
61223037,2025-04-10T18:41:00.000,2025-04-20T17:22:31.000,Street Light Out,Closed,Bengaluru,12.978157,77.592422
61223053,2025-04-10T20:11:00.000,2025-04-16T12:30:00.000,Street Light Out,Closed,Bengaluru,12.955508,77.632897
61223234,2025-04-10T20:31:00.000,2025-04-26T17:44:14.000,Street Light Out,Closed,Mangaluru,12.8784,74.891428
61223274,2025-04-10T20:48:00.000,2025-05-01T17:13:16.000,Street Light Out,Closed,Hubballi,15.367936,75.127749
61223341,2025-04-10T21:32:00.000,2025-04-17T17:39:46.000,Street Light Out,Closed,Bengaluru,12.986893,77.592403
61223404,2025-04-10T21:58:00.000,2025-04-13T11:45:42.000,Street Light Out,Closed,Shivamogga,13.937804,75.54879
61223456,2025-04-10T23:34:00.000,2025-04-19T09:28:00.000,Lamppost Damaged,Closed,Bengaluru,12.948017,77.569309
61223521,2025-04-11T01:30:00.000,2025-04-17T12:24:50.000,Street Light Out,Closed,Mangaluru,12.882934,74.873492
61223546,2025-04-11T02:47:00.000,2025-04-22T09:05:27.000,Street Light Out,Closed,Hubballi,15.37925,75.134646
61223612,2025-04-11T03:44:00.000,2025-04-14T17:43:41.000,Street Light Out,Closed,Bengaluru,12.970418,77.590977
61223720,2025-04-11T06:05:00.000,2025-04-12T16:59:27.000,Street Light Out,Closed,Hubballi,15.360978,75.111856
61223831,2025-04-11T06:15:00.000,2025-04-25T13:48:46.000,Street Light Out,Closed,Bengaluru,12.925148,77.604329
61223951,2025-04-11T08:24:00.000,2025-04-15T12:16:00.000,Street Light Out,Closed,Bengaluru,12.93283,77.583806
61223975,2025-04-11T08:26:00.000,2025-04-19T18:42:45.000,Street Light Cycling,Closed,Hubballi,15.355237,75.124764
61224308,2025-04-11T09:24:00.000,2025-05-04T09:08:00.000,Street Light Out,Closed,Tumakuru,13.336875,77.096406
61224356,2025-04-11T10:24:00.000,2025-04-14T13:21:00.000,Street Light Out,Closed,Hubballi,15.345909,75.135944
61224363,2025-04-11T11:10:00.000,2025-04-16T08:42:30.000,Street Light Out,Closed,Bengaluru,12.943264,77.577825
61224370,2025-04-11T11:12:00.000,2025-04-25T10:16:10.000,Street Light Out,Closed,Bengaluru,12.975493,77.589927
61224388,2025-04-11T11:49:00.000,2025-04-29T15:57:31.000,Street Light Out,Closed,Belagavi,15.847031,74.485796
61224544,2025-04-11T11:56:00.000,2025-05-03T12:10:32.000,Street Light Dayburning,Closed,Mysuru,12.299705,76.667545
61224926,2025-04-11T12:21:00.000,2025-04-13T17:48:18.000,Street Light Out,Closed,Bengaluru,12.921754,77.603981
61225039,2025-04-11T13:41:00.000,2025-04-13T16:27:01.000,Street Light Cycling,Closed,Mysuru,12.302467,76.665975
61225284,2025-04-11T18:23:00.000,2025-04-16T18:22:47.000,Street Light Out,Closed,Bengaluru,12.9878,77.668394
61225375,2025-04-11T18:36:00.000,2025-04-15T18:19:55.000,Street Light Out,Closed,Hubballi,15.354227,75.132914
61225640,2025-04-11T19:12:00.000,2025-04-13T13:46:00.000,Street Light Out,Closed,Mysuru,12.342372,76.672799
61225760,2025-04-11T19:41:00.000,2025-04-20T14:46:45.000,Street Light Out,Closed,Hubballi,15.380058,75.119821
61226071,2025-04-11T20:40:00.000,2025-04-13T08:31:00.000,Street Light Cycling,Closed,Bengaluru,12.957831,77.650886
61226079,2025-04-12T02:57:00.000,2025-04-15T10:16:43.000,Street Light Dayburning,Closed,Belagavi,15.856724,74.51191
61226141,2025-04-12T03:23:00.000,2025-05-01T13:16:23.000,Street Light Out,Closed,Mysuru,12.302961,76.654425
61226189,2025-04-12T06:28:00.000,2025-04-17T17:52:00.000,Street Light Out,Closed,Tumakuru,13.354265,77.082318
61226316,2025-04-12T07:08:00.000,2025-04-17T12:12:22.000,Street Light Out,Closed,Mysuru,12.292937,76.640746
61226426,2025-04-12T08:11:00.000,2025-04-14T17:21:51.000,Street Light Out,Closed,Tumakuru,13.337801,77.095051
61226451,2025-04-12T09:20:00.000,2025-04-23T12:25:00.000,Street Light Out,Closed,Belagavi,15.889017,74.464177
61226486,2025-04-12T10:12:00.000,2025-04-15T08:00:12.000,Street Light Out,Closed,Mysuru,12.281456,76.661316
61226509,2025-04-12T10:57:00.000,2025-04-14T18:10:00.000,Street Light Out,Closed,Belagavi,15.842511,74.489535
61226791,2025-04-12T12:53:00.000,2025-04-20T12:06:00.000,Street Light Out,Closed,Belagavi,15.892773,74.510049
61226851,2025-04-12T15:03:00.000,2025-04-15T18:40:00.000,Street Light Dayburning,Closed,Hubballi,15.355431,75.12234
61226928,2025-04-12T15:36:00.000,2025-04-16T18:20:00.000,Street Light Out,Closed,Shivamogga,13.937201,75.571674
61226931,2025-04-12T16:52:00.000,2025-04-14T13:24:00.000,Street Light Dayburning,Closed,Bengaluru,12.891791,77.528537
61226962,2025-04-12T16:57:00.000,2025-04-17T11:46:23.000,Street Light Out,Closed,Tumakuru,13.335545,77.099677
61227620,2025-04-12T18:27:00.000,2025-04-19T17:12:54.000,Street Light Out,Closed,Tumakuru,13.372132,77.131605
61227782,2025-04-12T19:04:00.000,2025-04-16T09:43:00.000,Street Light Out,Closed,Tumakuru,13.335395,77.118131
61228068,2025-04-12T19:15:00.000,2025-04-14T09:50:33.000,Street Light Dayburning,Closed,Tumakuru,13.338177,77.101487
61228089,2025-04-12T19:22:00.000,2025-04-20T10:05:15.000,Street Light Out,Closed,Bengaluru,12.974364,77.619994
61228145,2025-04-12T19:24:00.000,2025-04-22T09:38:00.000,Street Light Out,Closed,Tumakuru,13.35248,77.136237
61228381,2025-04-12T20:21:00.000,2025-04-16T13:54:00.000,Street Light Out,Closed,Tumakuru,13.342851,77.111167
61228397,2025-04-12T20:24:00.000,2025-04-20T08:14:00.000,Street Light Out,Closed,Tumakuru,13.347271,77.10557
61228494,2025-04-12T21:08:00.000,2025-04-14T14:08:52.000,Street Light Out,Closed,Mysuru,12.334046,76.677625
61228584,2025-04-12T21:33:00.000,2025-04-15T14:59:00.000,Street Light Out,Closed,Hubballi,15.361117,75.130981
61228698,2025-04-12T23:26:00.000,2025-04-14T15:46:46.000,Street Light Out,Closed,Mangaluru,12.852612,74.849368
61228781,2025-04-13T00:15:00.000,2025-04-17T15:25:00.000,Street Light Out,Closed,Hubballi,15.35414,75.121076
61228932,2025-04-13T05:05:00.000,2025-05-13T08:15:00.000,Street Light Out,Closed,Mangaluru,12.877463,74.857349
61229188,2025-04-13T15:47:00.000,2025-04-20T11:11:00.000,Street Light Out,Closed,Bengaluru,12.950119,77.551365
61229346,2025-04-13T16:53:00.000,2025-04-23T10:40:00.000,Street Light Out,Closed,Mangaluru,12.893334,74.857128
61229367,2025-04-13T17:13:00.000,2025-04-24T10:42:04.000,Street Light Dim,Closed,Tumakuru,13.348003,77.103966
61229521,2025-04-13T17:30:00.000,2025-04-27T08:57:50.000,Street Light Out,Closed,Mysuru,12.271403,76.646159
61229696,2025-04-13T17:51:00.000,2025-04-18T17:26:00.000,Street Light Out,Closed,Mangaluru,12.890809,74.855033
61229882,2025-04-13T18:06:00.000,2025-04-17T09:09:19.000,Street Light Cycling,Closed,Shivamogga,13.935815,75.547923
61229982,2025-04-13T20:51:00.000,2025-04-15T16:25:53.000,Street Light Out,Closed,Belagavi,15.838952,74.464235
61230001,2025-04-13T21:10:00.000,2025-04-15T10:57:00.000,Street Light Cycling,Closed,Bengaluru,12.964621,77.575723
61230273,2025-04-13T21:29:00.000,2025-04-21T16:09:33.000,Street Light Out,Closed,Bengaluru,13.001421,77.657143
61230532,2025-04-13T22:52:00.000,2025-04-21T10:56:01.000,Street Light Out,Closed,Bengaluru,12.917764,77.629066
61230550,2025-04-14T01:12:00.000,2025-04-14T17:42:16.000,Street Light Cycling,Closed,Shivamogga,13.932445,75.584024
61230644,2025-04-14T06:55:00.000,2025-04-26T15:10:00.000,Street Light Out,Closed,Mysuru,12.29774,76.66282
61230867,2025-04-14T09:08:00.000,2025-05-15T08:21:45.000,Street Light Cycling,Closed,Belagavi,15.870287,74.481096
61231148,2025-04-14T09:25:00.000,2025-04-18T13:02:00.000,Street Light Out,Closed,Hubballi,15.353822,75.133133
61231245,2025-04-14T11:49:00.000,2025-04-20T18:37:00.000,Street Light Out,Closed,Mangaluru,12.85577,74.899562
61231552,2025-04-14T13:13:00.000,2025-04-24T13:57:00.000,Street Light Out,Closed,Bengaluru,13.040724,77.682106
61231558,2025-04-14T17:39:00.000,2025-04-16T10:47:16.000,Street Light Out,Closed,Bengaluru,12.98798,77.58171
61231573,2025-04-14T17:49:00.000,2025-04-19T11:51:37.000,Street Light Out,Closed,Hubballi,15.359084,75.145875
61231668,2025-04-14T19:06:00.000,2025-04-17T09:54:00.000,Street Light Out,Closed,Mangaluru,12.888695,74.885722
61231674,2025-04-14T20:36:00.000,2025-04-17T08:32:00.000,Street Light Cycling,Closed,Bengaluru,12.94783,77.602788
61231728,2025-04-14T21:27:00.000,2025-05-02T11:29:00.000,Street Light Out,Closed,Mangaluru,12.883329,74.861542
61231775,2025-04-14T21:31:00.000,2025-04-19T18:46:08.000,Lamppost Damaged,Closed,Bengaluru,12.94936,77.579631
61231810,2025-04-14T22:16:00.000,2025-04-22T10:52:00.000,Street Light Out,Closed,Mangaluru,12.881287,74.847324
61231943,2025-04-14T22:31:00.000,2025-04-21T17:59:00.000,Street Light Out,Closed,Belagavi,15.85899,74.511639
61231971,2025-04-14T22:57:00.000,2025-05-22T17:40:00.000,Street Light Out,Closed,Bengaluru,12.927836,77.616326
61232052,2025-04-14T23:02:00.000,2025-04-23T08:58:24.000,Lamppost Damaged,Closed,Bengaluru,12.992246,77.620423
61232340,2025-04-15T07:47:00.000,2025-04-19T13:59:48.000,Street Light Out,Closed,Shivamogga,13.919288,75.547601
61232370,2025-04-15T10:06:00.000,2025-04-26T10:35:00.000,Street Light Out,Closed,Mangaluru,12.878203,74.901314
61232462,2025-04-15T12:39:00.000,2025-04-22T09:12:00.000,Street Light Out,Closed,Bengaluru,12.996412,77.579403
61232513,2025-04-15T18:29:00.000,2025-04-19T18:54:00.000,Street Light Dim,Closed,Bengaluru,13.032568,77.570455
61232802,2025-04-15T18:55:00.000,2025-04-18T08:47:00.000,Street Light Out,Closed,Belagavi,15.868318,74.51396
61232940,2025-04-15T19:37:00.000,2025-04-19T18:49:00.000,Street Light Out,Closed,Bengaluru,13.040167,77.58545
61233106,2025-04-15T20:50:00.000,2025-04-23T15:10:09.000,Street Light Out,Closed,Mangaluru,12.882923,74.872474
61233156,2025-04-15T21:05:00.000,2025-04-17T14:05:00.000,Street Light Out,Closed,Mangaluru,12.864348,74.874218
61233164,2025-04-15T21:09:00.000,2025-04-16T13:14:54.000,Street Light Out,Closed,Bengaluru,12.92063,77.600955
61233193,2025-04-15T21:27:00.000,2025-04-17T16:52:00.000,Street Light Out,Closed,Belagavi,15.846898,74.461453
61233220,2025-04-15T22:48:00.000,2025-04-21T08:38:00.000,Street Light Out,Closed,Bengaluru,13.064754,77.58242
61233334,2025-04-15T22:56:00.000,2025-04-19T14:46:00.000,Street Light Out,Closed,Bengaluru,12.968572,77.628652
61233380,2025-04-15T23:36:00.000,2025-04-27T16:57:00.000,Street Light Out,Closed,Tumakuru,13.380469,77.130591
61233392,2025-04-16T01:41:00.000,2025-04-19T12:09:18.000,Street Light Out,Closed,Belagavi,15.894801,74.512442
61233565,2025-04-16T01:46:00.000,2025-04-18T09:28:00.000,Street Light Out,Closed,Bengaluru,13.005645,77.581823
61233663,2025-04-16T07:01:00.000,2025-04-18T09:32:16.000,Street Light Out,Closed,Bengaluru,12.970021,77.585937
61233761,2025-04-16T07:20:00.000,2025-05-25T13:25:18.000,Street Light Out,Closed,Hubballi,15.350181,75.146753
61233864,2025-04-16T07:39:00.000,2025-04-17T17:19:00.000,Street Light Out,Closed,Hubballi,15.298496,75.136641
61233881,2025-04-16T08:16:00.000,2025-04-19T08:04:44.000,Street Light Out,Closed,Belagavi,15.830367,74.538128
61234096,2025-04-16T08:44:00.000,2025-04-22T18:11:00.000,Street Light Dayburning,Closed,Bengaluru,12.96767,77.59428
61234331,2025-04-16T09:25:00.000,2025-04-26T10:59:00.000,Street Light Out,Closed,Bengaluru,13.006809,77.58718
61234377,2025-04-16T11:47:00.000,2025-04-17T09:40:27.000,Street Light Out,Closed,Mysuru,12.309232,76.676519
61234447,2025-04-16T12:21:00.000,2025-04-20T11:03:51.000,Street Light Out,Closed,Mangaluru,12.879181,74.853393
61234530,2025-04-16T14:25:00.000,2025-05-05T16:29:59.000,Street Light Out,Closed,Tumakuru,13.370053,77.129292
61234810,2025-04-16T17:28:00.000,2025-04-19T17:05:10.000,Street Light Out,Closed,Bengaluru,12.973647,77.596893
61234927,2025-04-16T17:40:00.000,2025-04-21T12:56:01.000,Street Light Dim,Closed,Tumakuru,13.317749,77.1239
61235002,2025-04-16T17:41:00.000,2025-04-23T15:27:25.000,Street Light Out,Closed,Mangaluru,12.892434,74.907279
61235043,2025-04-16T18:47:00.000,2025-06-06T13:08:06.000,Street Light Out,Closed,Hubballi,15.358719,75.124251
61235046,2025-04-16T20:19:00.000,2025-04-19T11:38:00.000,Street Light Out,Closed,Belagavi,15.856333,74.512577
61235255,2025-04-16T20:22:00.000,2025-04-18T14:30:00.000,Street Light Out,Closed,Tumakuru,13.367658,77.123306
61235308,2025-04-16T20:37:00.000,2025-04-19T18:38:00.000,Street Light Out,Closed,Bengaluru,13.014996,77.56425
61235321,2025-04-16T21:09:00.000,2025-04-26T11:00:23.000,Street Light Out,Closed,Bengaluru,12.967658,77.582232
61235348,2025-04-17T05:06:00.000,2025-04-23T18:58:00.000,Street Light Out,Closed,Hubballi,15.385436,75.11454
61235446,2025-04-17T07:21:00.000,2025-04-26T11:37:00.000,Street Light Out,Closed,Tumakuru,13.373942,77.080133
61235633,2025-04-17T07:47:00.000,2025-06-13T13:08:28.000,Street Light Dim,Closed,Tumakuru,13.364961,77.093575
61235687,2025-04-17T09:29:00.000,2025-04-24T09:48:00.000,Street Light Out,Closed,Belagavi,15.844046,74.486072
61235789,2025-04-17T17:12:00.000,2025-04-28T16:06:51.000,Street Light Out,Closed,Shivamogga,13.92783,75.55138
61235871,2025-04-17T17:43:00.000,2025-04-23T15:10:00.000,Street Light Out,Closed,Tumakuru,13.335553,77.116273
61235914,2025-04-17T18:07:00.000,2025-04-19T18:21:00.000,Street Light Out,Closed,Bengaluru,13.002358,77.574216
61236043,2025-04-17T21:29:00.000,2025-04-18T10:42:00.000,Street Light Out,Closed,Mangaluru,12.881096,74.858656
61236408,2025-04-17T21:57:00.000,2025-04-23T08:10:48.000,Street Light Out,Closed,Bengaluru,12.977025,77.601245
61236431,2025-04-17T22:37:00.000,2025-05-03T10:15:00.000,Street Light Out,Closed,Mangaluru,12.903158,74.856718
61236445,2025-04-17T22:41:00.000,2025-04-21T17:11:00.000,Street Light Out,Closed,Mangaluru,12.875688,74.865222
61236677,2025-04-17T23:18:00.000,2025-04-22T09:18:00.000,Street Light Out,Closed,Hubballi,15.39601,75.10645
61236681,2025-04-18T00:44:00.000,2025-04-21T13:51:58.000,Street Light Out,Closed,Mysuru,12.28579,76.649023
61236984,2025-04-18T01:32:00.000,2025-04-25T11:53:00.000,Street Light Out,Closed,Mangaluru,12.879358,74.870971
61236991,2025-04-18T08:21:00.000,2025-05-08T16:04:47.000,Street Light Out,Closed,Bengaluru,12.973535,77.587412
61237005,2025-04-18T08:57:00.000,2025-04-19T08:06:45.000,Street Light Out,Closed,Bengaluru,12.951599,77.62204
61237165,2025-04-18T09:43:00.000,2025-04-20T12:21:55.000,Street Light Out,Closed,Mysuru,12.319003,76.634789
61237206,2025-04-18T09:45:00.000,2025-04-21T13:31:07.000,Street Light Out,Closed,Mysuru,12.308099,76.627692
61237219,2025-04-18T10:39:00.000,2025-05-09T08:26:00.000,Street Light Out,Closed,Mysuru,12.316705,76.670384
61237233,2025-04-18T12:34:00.000,2025-05-20T15:05:00.000,Street Light Out,Closed,Bengaluru,12.961945,77.722691
61237273,2025-04-18T14:58:00.000,2025-04-21T17:17:58.000,Street Light Out,Closed,Bengaluru,12.916666,77.562333
61237384,2025-04-18T16:46:00.000,2025-04-29T17:20:00.000,Street Light Out,Closed,Bengaluru,12.934539,77.637069
61237419,2025-04-18T17:58:00.000,2025-05-02T10:43:39.000,Street Light Out,Closed,Tumakuru,13.355784,77.081307
61237605,2025-04-18T18:25:00.000,2025-05-01T08:24:21.000,Street Light Out,Closed,Belagavi,15.848085,74.487206
61237681,2025-04-18T18:49:00.000,2025-04-21T13:59:00.000,Street Light Out,Closed,Shivamogga,13.922548,75.546882
61237714,2025-04-18T18:52:00.000,2025-04-25T15:29:19.000,Street Light Out,Closed,Mysuru,12.29857,76.67722
61237841,2025-04-18T19:43:00.000,2025-04-23T11:15:00.000,Street Light Out,Closed,Shivamogga,13.921809,75.548198
61238045,2025-04-18T21:16:00.000,2025-04-20T11:24:02.000,Street Light Out,Closed,Mysuru,12.310697,76.671244
61238098,2025-04-18T21:33:00.000,2025-04-23T15:41:00.000,Street Light Out,Closed,Tumakuru,13.344097,77.096083
61238256,2025-04-18T21:56:00.000,2025-04-22T13:17:43.000,Street Light Out,Closed,Bengaluru,12.920555,77.634735
61238506,2025-04-18T22:20:00.000,2025-04-30T17:51:26.000,Street Light Out,Closed,Belagavi,15.875579,74.5263
61238703,2025-04-18T23:28:00.000,2025-04-23T14:00:00.000,Street Light Out,Closed,Bengaluru,12.876637,77.579053
61239440,2025-04-18T23:30:00.000,2025-05-02T10:30:00.000,Street Light Out,Closed,Mysuru,12.293987,76.67047
61239444,2025-04-18T23:42:00.000,2025-04-24T13:02:00.000,Street Light Out,Closed,Mysuru,12.349185,76.68199
61239470,2025-04-18T23:58:00.000,2025-04-22T09:07:41.000,Street Light Out,Closed,Mangaluru,12.885766,74.917977
61239497,2025-04-19T00:26:00.000,2025-04-20T14:31:52.000,Street Light Out,Closed,Bengaluru,12.945434,77.59307
61239551,2025-04-19T00:27:00.000,2025-04-27T10:55:00.000,Street Light Out,Closed,Mysuru,12.303318,76.663781
61239692,2025-04-19T08:10:00.000,2025-04-23T16:25:52.000,Street Light Out,Closed,Shivamogga,13.917017,75.569497
61239698,2025-04-19T09:25:00.000,2025-04-23T14:11:00.000,Street Light Out,Closed,Shivamogga,13.925847,75.572329
61239808,2025-04-19T09:34:00.000,2025-04-21T13:15:59.000,Street Light Dayburning,Closed,Mysuru,12.28738,76.640997
61240220,2025-04-19T10:45:00.000,2025-04-23T13:44:00.000,Street Light Out,Closed,Shivamogga,13.93569,75.552408
61240412,2025-04-19T11:37:00.000,2025-04-23T16:11:12.000,Street Light Out,Closed,Tumakuru,13.323854,77.081911
61240783,2025-04-19T16:49:00.000,2025-04-28T12:29:00.000,Street Light Out,Closed,Tumakuru,13.332977,77.125447
61240994,2025-04-19T17:23:00.000,2025-06-26T12:09:30.000,Street Light Out,Closed,Mysuru,12.303184,76.650302
61241284,2025-04-19T17:27:00.000,2025-04-23T11:34:00.000,Street Light Out,Closed,Belagavi,15.847186,74.486382
61241457,2025-04-19T17:43:00.000,2025-04-24T18:39:00.000,Street Light Out,Closed,Tumakuru,13.335514,77.104322
61241502,2025-04-19T18:29:00.000,2025-04-24T09:21:00.000,Street Light Out,Closed,Tumakuru,13.365248,77.119794
61241575,2025-04-19T19:57:00.000,2025-04-24T10:31:00.000,Street Light Cycling,Closed,Bengaluru,12.942404,77.616736
61242033,2025-04-19T21:08:00.000,2025-04-23T14:41:00.000,Street Light Out,Closed,Mangaluru,12.87759,74.859502
61242103,2025-04-19T21:18:00.000,2025-04-27T09:47:00.000,Street Light Out,Closed,Hubballi,15.388033,75.142119
61242124,2025-04-20T07:03:00.000,2025-04-22T18:19:42.000,Street Light Out,Closed,Mysuru,12.269339,76.625553
61242183,2025-04-20T10:16:00.000,2025-05-03T14:40:00.000,Street Light Out,Closed,Tumakuru,13.328723,77.100727
61242185,2025-04-20T18:22:00.000,2025-05-22T08:25:20.000,Street Light Out,Closed,Bengaluru,13.020503,77.56541
61242224,2025-04-20T18:37:00.000,2025-04-24T14:26:30.000,Street Light Out,Closed,Bengaluru,12.969654,77.597117
61242342,2025-04-20T18:39:00.000,2025-04-23T14:44:00.000,Street Light Out,Closed,Bengaluru,12.963509,77.578807
61242391,2025-04-20T19:22:00.000,2025-05-02T11:59:00.000,Street Light Out,Closed,Shivamogga,13.937106,75.597455
61242783,2025-04-20T19:43:00.000,2025-05-22T08:37:31.000,Street Light Out,Closed,Shivamogga,13.940022,75.553939
61242832,2025-04-20T21:37:00.000,2025-04-23T08:21:17.000,Street Light Out,Closed,Bengaluru,12.956831,77.642379
61243116,2025-04-20T21:54:00.000,2025-04-23T15:39:00.000,Street Light Out,Closed,Mysuru,12.270614,76.626628
61243123,2025-04-20T22:15:00.000,2025-04-27T16:38:00.000,Street Light Out,Closed,Mangaluru,12.87821,74.868862
61243153,2025-04-20T22:24:00.000,2025-05-06T12:18:00.000,Street Light Out,Closed,Hubballi,15.359113,75.143461
61243154,2025-04-21T06:34:00.000,2025-04-27T09:21:00.000,Street Light Out,Closed,Mysuru,12.310043,76.655051
61243163,2025-04-21T07:16:00.000,2025-04-27T16:17:00.000,Street Light Out,Closed,Hubballi,15.349759,75.125967
61243318,2025-04-21T07:38:00.000,2025-06-03T13:28:16.000,Street Light Out,Closed,Tumakuru,13.335185,77.106891
61243506,2025-04-21T07:47:00.000,2025-04-23T09:45:00.000,Lamppost Damaged,Closed,Mysuru,12.299175,76.649201
61243522,2025-04-21T09:00:00.000,2025-04-22T11:47:28.000,Street Light Cycling,Closed,Bengaluru,12.951826,77.617111
61243547,2025-04-21T10:04:00.000,2025-04-25T16:08:00.000,Street Light Out,Closed,Bengaluru,12.962329,77.548097
61243730,2025-04-21T13:07:00.000,2025-04-22T08:52:23.000,Street Light Out,Closed,Mangaluru,12.874816,74.86145
61244022,2025-04-21T17:32:00.000,2025-04-25T16:39:00.000,Street Light Out,Closed,Mangaluru,12.884121,74.846981
61244178,2025-04-21T17:51:00.000,2025-04-28T12:09:00.000,Street Light Out,Closed,Bengaluru,12.9321,77.606069
61244354,2025-04-21T18:31:00.000,2025-04-25T17:59:32.000,Street Light Out,Closed,Bengaluru,12.914586,77.555766
61244426,2025-04-21T18:41:00.000,2025-05-03T12:19:00.000,Street Light Dayburning,Closed,Belagavi,15.870493,74.517037
61244453,2025-04-21T18:52:00.000,2025-04-26T18:14:00.000,Street Light Cycling,Closed,Bengaluru,12.871809,77.563637
61244571,2025-04-21T18:59:00.000,2025-05-06T16:06:17.000,Street Light Out,Closed,Bengaluru,12.969821,77.606413
61244776,2025-04-21T19:29:00.000,2025-04-23T13:41:35.000,Street Light Out,Closed,Bengaluru,12.973672,77.646793
61244818,2025-04-21T19:40:00.000,2025-04-25T08:46:00.000,Street Light Out,Closed,Hubballi,15.348488,75.128062
61245009,2025-04-21T19:44:00.000,2025-05-10T18:17:00.000,Street Light Out,Closed,Tumakuru,13.331809,77.107788
61245071,2025-04-21T20:30:00.000,2025-04-24T12:22:12.000,Street Light Out,Closed,Mysuru,12.27923,76.643345
61245167,2025-04-21T20:34:00.000,2025-04-23T11:56:53.000,Street Light Out,Closed,Bengaluru,13.027674,77.573992
61245171,2025-04-21T20:52:00.000,2025-04-28T13:52:00.000,Street Light Out,Closed,Hubballi,15.3812,75.123962
61245269,2025-04-21T21:02:00.000,2025-04-24T08:28:00.000,Street Light Out,Closed,Hubballi,15.348612,75.142791
61245387,2025-04-21T21:09:00.000,2025-04-27T11:18:00.000,Street Light Out,Closed,Bengaluru,12.907085,77.521552
61245429,2025-04-21T21:16:00.000,2025-04-23T14:46:19.000,Street Light Cycling,Closed,Bengaluru,12.944335,77.737271
61245489,2025-04-21T22:33:00.000,2025-04-27T12:55:00.000,Street Light Out,Closed,Shivamogga,13.917653,75.545649
61245493,2025-04-21T23:37:00.000,2025-05-04T12:15:00.000,Street Light Out,Closed,Mysuru,12.293162,76.63847
61245828,2025-04-21T23:44:00.000,2025-04-23T12:26:50.000,Lamppost Damaged,Closed,Bengaluru,12.97605,77.59823
61245903,2025-04-22T00:13:00.000,2025-05-09T10:08:26.000,Street Light Out,Closed,Shivamogga,13.919246,75.542497
61246197,2025-04-22T00:26:00.000,2025-04-27T09:47:59.000,Street Light Out,Closed,Bengaluru,12.989789,77.612926
61246283,2025-04-22T07:18:00.000,2025-05-26T11:07:01.000,Street Light Out,Closed,Mysuru,12.290026,76.639716
61246503,2025-04-22T09:23:00.000,2025-04-23T11:52:00.000,Street Light Out,Closed,Tumakuru,13.378007,77.062126
61246783,2025-04-22T11:14:00.000,2025-04-26T16:55:40.000,Street Light Out,Closed,Bengaluru,12.972376,77.576285
61246888,2025-04-22T11:21:00.000,2025-05-08T12:01:00.000,Street Light Cycling,Closed,Mysuru,12.289611,76.639087
61246914,2025-04-22T14:29:00.000,2025-04-24T15:20:00.000,Street Light Out,Closed,Mysuru,12.296448,76.671969
61246949,2025-04-22T17:30:00.000,2025-04-27T17:29:00.000,Street Light Out,Closed,Tumakuru,13.317676,77.123851
61246965,2025-04-22T18:13:00.000,2025-05-08T18:47:00.000,Street Light Dim,Closed,Hubballi,15.333196,75.190933
61247025,2025-04-22T18:20:00.000,2025-04-24T17:07:51.000,Street Light Out,Closed,Mangaluru,12.89001,74.866134
61247069,2025-04-22T20:36:00.000,2025-05-02T09:54:19.000,Street Light Out,Closed,Mysuru,12.326373,76.660952
61247215,2025-04-22T21:26:00.000,2025-05-10T15:54:00.000,Street Light Out,Closed,Bengaluru,13.064735,77.582445
61247501,2025-04-22T21:49:00.000,2025-05-05T17:02:31.000,Street Light Dayburning,Closed,Hubballi,15.349825,75.135405
61247512,2025-04-22T22:45:00.000,2025-04-28T17:28:00.000,Street Light Out,Closed,Mangaluru,12.893506,74.857294
61247543,2025-04-22T22:46:00.000,2025-04-26T12:12:28.000,Street Light Out,Closed,Shivamogga,13.92718,75.558485
61247566,2025-04-23T04:58:00.000,2025-04-30T11:42:00.000,Street Light Dim,Closed,Bengaluru,12.982184,77.634483
61247681,2025-04-23T07:45:00.000,2025-04-28T09:09:00.000,Street Light Out,Closed,Mangaluru,12.880828,74.862597
61247919,2025-04-23T09:52:00.000,2025-05-02T09:26:00.000,Street Light Out,Closed,Mangaluru,12.88439,74.881234
61247921,2025-04-23T11:15:00.000,2025-05-14T18:57:21.000,Street Light Out,Closed,Tumakuru,13.367941,77.135069
61247946,2025-04-23T11:54:00.000,2025-05-05T14:32:37.000,Street Light Out,Closed,Hubballi,15.364389,75.11914
61248413,2025-04-23T12:19:00.000,2025-04-27T18:13:00.000,Street Light Out,Closed,Belagavi,15.83969,74.492473
61248781,2025-04-23T12:57:00.000,2025-04-27T18:36:29.000,Street Light Out,Closed,Mysuru,12.314284,76.677485
61248974,2025-04-23T18:03:00.000,2025-04-29T09:10:00.000,Street Light Out,Closed,Bengaluru,13.005898,77.576827
61248989,2025-04-23T18:20:00.000,2025-05-05T14:17:32.000,Street Light Out,Closed,Bengaluru,12.950171,77.551415
61248990,2025-04-23T18:49:00.000,2025-04-25T08:45:00.000,Street Light Dayburning,Closed,Bengaluru,12.885336,77.522296
61249220,2025-04-23T19:24:00.000,2025-04-27T16:50:00.000,Street Light Out,Closed,Bengaluru,12.966806,77.605568
61249629,2025-04-23T19:43:00.000,2025-04-26T10:38:55.000,Street Light Out,Closed,Belagavi,15.830455,74.52241
61249645,2025-04-23T19:58:00.000,2025-05-07T09:28:21.000,Street Light Out,Closed,Hubballi,15.365039,75.147745
61249688,2025-04-23T21:06:00.000,2025-04-28T17:16:00.000,Street Light Out,Closed,Bengaluru,12.932356,77.591873
61250061,2025-04-23T21:53:00.000,2025-04-27T17:22:00.000,Street Light Out,Closed,Mysuru,12.314009,76.688227
61250220,2025-04-23T22:06:00.000,2025-05-05T15:17:00.000,Street Light Out,Closed,Tumakuru,13.334079,77.123646
61250329,2025-04-23T22:50:00.000,2025-04-28T11:43:01.000,Street Light Out,Closed,Hubballi,15.351614,75.149024
61250403,2025-04-24T00:21:00.000,2025-04-25T11:19:00.000,Street Light Out,Closed,Shivamogga,13.931738,75.562979
61250479,2025-04-24T00:21:00.000,2025-04-28T13:01:00.000,Street Light Out,Closed,Bengaluru,12.924437,77.591998
61250593,2025-04-24T00:27:00.000,2025-04-29T14:33:00.000,Street Light Out,Closed,Bengaluru,12.948902,77.634902
61250729,2025-04-24T02:49:00.000,2025-04-25T16:23:34.000,Street Light Out,Closed,Tumakuru,13.34507,77.087994
61250814,2025-04-24T07:00:00.000,2025-04-25T16:06:00.000,Street Light Out,Closed,Mysuru,12.299211,76.649163
61251172,2025-04-24T07:03:00.000,2025-05-01T08:47:26.000,Street Light Out,Closed,Mangaluru,12.868211,74.853179
61251280,2025-04-24T07:55:00.000,2025-04-30T16:34:00.000,Street Light Out,Closed,Hubballi,15.355137,75.12379
61251290,2025-04-24T08:42:00.000,2025-04-25T17:50:51.000,Street Light Out,Closed,Bengaluru,12.940674,77.623814
61251413,2025-04-24T09:40:00.000,2025-05-19T11:34:00.000,Street Light Out,Closed,Shivamogga,13.94785,75.546499
61251594,2025-04-24T09:56:00.000,2025-04-26T15:11:00.000,Street Light Out,Closed,Belagavi,15.819696,74.552203
61251708,2025-04-24T11:00:00.000,2025-05-01T18:54:00.000,Street Light Out,Closed,Tumakuru,13.334659,77.12338
61251802,2025-04-24T17:27:00.000,2025-05-04T10:21:00.000,Street Light Out,Closed,Shivamogga,13.914852,75.577064
61251825,2025-04-24T17:57:00.000,2025-04-29T17:20:00.000,Street Light Out,Closed,Mangaluru,12.856151,74.883283
61252136,2025-04-24T18:28:00.000,2025-05-31T15:48:00.000,Street Light Out,Closed,Mangaluru,12.875579,74.872201
61252223,2025-04-24T19:08:00.000,2025-04-27T14:10:22.000,Street Light Dayburning,Closed,Bengaluru,12.966664,77.601151
61252401,2025-04-24T19:25:00.000,2025-04-30T08:26:00.000,Street Light Out,Closed,Hubballi,15.38692,75.113416
61252460,2025-04-24T19:53:00.000,2025-04-26T14:30:00.000,Street Light Out,Closed,Bengaluru,12.950594,77.738906
61252508,2025-04-24T20:41:00.000,2025-04-27T14:59:00.000,Lamppost Damaged,Closed,Mangaluru,12.873015,74.867124
61252551,2025-04-24T21:53:00.000,2025-05-04T18:59:00.000,Street Light Out,Closed,Hubballi,15.348077,75.086694
61252581,2025-04-24T22:03:00.000,2025-05-19T13:57:00.000,Street Light Out,Closed,Mysuru,12.29967,76.637363
61253249,2025-04-24T22:26:00.000,2025-04-27T13:31:37.000,Street Light Out,Closed,Tumakuru,13.364059,77.121564
61253375,2025-04-24T22:38:00.000,2025-07-10T16:53:00.000,Street Light Out,Closed,Bengaluru,12.957681,77.578706
61253460,2025-04-24T22:47:00.000,2025-06-03T13:55:49.000,Street Light Out,Closed,Bengaluru,12.921885,77.604059
61253508,2025-04-24T23:57:00.000,2025-04-27T18:01:00.000,Lamppost Damaged,Closed,Bengaluru,12.974013,77.586546
61253947,2025-04-25T00:05:00.000,2025-05-08T09:13:00.000,Street Light Out,Closed,Tumakuru,13.339086,77.105146
61253962,2025-04-25T00:19:00.000,2025-04-30T10:17:00.000,Street Light Out,Closed,Bengaluru,12.956859,77.6424
61253963,2025-04-25T06:43:00.000,2025-04-28T10:40:00.000,Street Light Out,Closed,Tumakuru,13.357837,77.086107
61254009,2025-04-25T06:43:00.000,2025-04-30T09:16:00.000,Street Light Out,Closed,Bengaluru,12.929609,77.582175
61254563,2025-04-25T07:01:00.000,2025-05-03T11:52:33.000,Street Light Out,Closed,Mangaluru,12.891501,74.899088
61254605,2025-04-25T07:51:00.000,2025-04-27T12:20:00.000,Street Light Out,Closed,Shivamogga,13.92926,75.557931
61254655,2025-04-25T08:02:00.000,2025-05-01T10:38:00.000,Street Light Out,Closed,Bengaluru,12.97226,77.598206
61254684,2025-04-25T10:13:00.000,2025-05-09T08:59:31.000,Street Light Out,Closed,Mangaluru,12.889952,74.865586
61254779,2025-04-25T10:34:00.000,2025-05-03T12:40:31.000,Street Light Out,Closed,Mysuru,12.320376,76.678081
61254867,2025-04-25T10:43:00.000,2025-05-01T08:14:00.000,Street Light Out,Closed,Hubballi,15.363352,75.129479
61255235,2025-04-25T13:20:00.000,2025-05-07T18:37:59.000,Street Light Out,Closed,Hubballi,15.343176,75.130556
61255253,2025-04-25T14:19:00.000,2025-05-02T10:58:00.000,Street Light Out,Closed,Mangaluru,12.876695,74.879592
61255417,2025-04-25T15:21:00.000,2025-05-03T15:12:51.000,Street Light Dim,Closed,Bengaluru,12.988255,77.665172
61255559,2025-04-25T15:58:00.000,2025-04-28T16:48:36.000,Street Light Out,Closed,Hubballi,15.350961,75.127495
61255864,2025-04-25T16:00:00.000,2025-05-21T10:48:00.000,Street Light Out,Closed,Belagavi,15.819525,74.550667
61255949,2025-04-25T16:12:00.000,2025-04-27T08:27:23.000,Street Light Out,Closed,Belagavi,15.854894,74.530708
61255967,2025-04-25T19:23:00.000,2025-05-03T08:56:00.000,Street Light Cycling,Closed,Mangaluru,12.863893,74.868773
61256273,2025-04-25T19:47:00.000,2025-05-15T11:01:00.000,Street Light Out,Closed,Bengaluru,12.966726,77.619516
61256322,2025-04-25T20:23:00.000,2025-05-03T16:13:00.000,Street Light Cycling,Closed,Tumakuru,13.341246,77.123263
61256508,2025-04-25T20:33:00.000,2025-05-01T14:08:43.000,Street Light Out,Closed,Mangaluru,12.919237,74.854279
61256562,2025-04-25T20:41:00.000,2025-05-02T11:50:14.000,Lamppost Damaged,Closed,Tumakuru,13.349663,77.079682
61256755,2025-04-25T21:44:00.000,2025-04-28T09:57:14.000,Street Light Out,Closed,Bengaluru,12.979019,77.572487
61256831,2025-04-25T22:42:00.000,2025-05-06T16:30:22.000,Street Light Out,Closed,Mangaluru,12.893394,74.861379
61256945,2025-04-25T22:45:00.000,2025-05-04T16:08:00.000,Street Light Out,Closed,Bengaluru,13.10679,77.539395
61257047,2025-04-25T22:57:00.000,2025-05-01T11:27:00.000,Street Light Out,Closed,Hubballi,15.345464,75.130069
61257121,2025-04-25T23:43:00.000,2025-05-22T16:12:00.000,Street Light Out,Closed,Bengaluru,12.952511,77.653363
61257388,2025-04-25T23:44:00.000,2025-04-29T10:50:40.000,Street Light Out,Closed,Mysuru,12.322743,76.635713
61257517,2025-04-26T00:38:00.000,2025-05-04T11:21:27.000,Street Light Out,Closed,Mysuru,12.309999,76.658469
61257529,2025-04-26T03:34:00.000,2025-05-08T14:22:42.000,Street Light Out,Closed,Hubballi,15.377974,75.120054
61257730,2025-04-26T04:47:00.000,2025-05-13T15:11:01.000,Street Light Out,Closed,Mysuru,12.25192,76.656276
61257909,2025-04-26T06:19:00.000,2025-05-01T09:17:00.000,Street Light Out,Closed,Belagavi,15.90443,74.512702
61257990,2025-04-26T07:05:00.000,2025-05-05T17:12:00.000,Street Light Out,Closed,Tumakuru,13.344947,77.078114
61258012,2025-04-26T07:37:00.000,2025-05-02T10:01:00.000,Street Light Out,Closed,Hubballi,15.357296,75.115086
61258112,2025-04-26T07:43:00.000,2025-05-03T16:32:00.000,Street Light Out,Closed,Bengaluru,12.915543,77.69277
61258249,2025-04-26T09:34:00.000,2025-04-28T09:11:35.000,Street Light Out,Closed,Bengaluru,12.942458,77.616696
61258277,2025-04-26T09:44:00.000,2025-05-04T08:59:00.000,Street Light Out,Closed,Mangaluru,12.912605,74.855843
61258422,2025-04-26T10:11:00.000,2025-04-27T10:25:13.000,Street Light Out,Closed,Mysuru,12.308006,76.651677
61258588,2025-04-26T10:26:00.000,2025-05-08T14:28:31.000,Street Light Out,Closed,Bengaluru,12.952451,77.649393
61258589,2025-04-26T12:19:00.000,2025-05-01T14:23:14.000,Street Light Out,Closed,Mangaluru,12.895507,74.89927
61258741,2025-04-26T12:34:00.000,2025-05-05T18:08:00.000,Street Light Out,Closed,Shivamogga,13.929903,75.552479
61258753,2025-04-26T17:04:00.000,2025-04-30T18:12:00.000,Street Light Out,Closed,Mangaluru,12.879102,74.870575
61258869,2025-04-26T18:07:00.000,2025-05-01T15:58:19.000,Street Light Out,Closed,Bengaluru,12.973606,77.596931
61258891,2025-04-26T18:17:00.000,2025-04-30T10:03:06.000,Street Light Out,Closed,Mysuru,12.342844,76.689948
61258960,2025-04-26T18:55:00.000,2025-05-02T08:05:00.000,Street Light Out,Closed,Mysuru,12.328841,76.654672
61259176,2025-04-26T19:41:00.000,2025-04-30T17:38:42.000,Street Light Out,Closed,Shivamogga,13.931742,75.611473
61259475,2025-04-26T22:04:00.000,2025-04-29T09:26:46.000,Street Light Cycling,Closed,Mysuru,12.318711,76.691103
61259646,2025-04-26T22:34:00.000,2025-05-05T08:13:00.000,Street Light Out,Closed,Hubballi,15.392572,75.125546
61259859,2025-04-26T23:54:00.000,2025-04-28T15:18:53.000,Street Light Out,Closed,Hubballi,15.356503,75.125133
61260064,2025-04-27T03:09:00.000,2025-05-03T15:05:00.000,Street Light Out,Closed,Mysuru,12.300019,76.667683
61260359,2025-04-27T08:18:00.000,2025-05-14T16:04:44.000,Street Light Out,Closed,Tumakuru,13.380966,77.073354
61260368,2025-04-27T08:52:00.000,2025-05-11T09:19:00.000,Street Light Out,Closed,Belagavi,15.844723,74.52091
61260386,2025-04-27T08:56:00.000,2025-04-30T08:55:00.000,Street Light Out,Closed,Shivamogga,13.887235,75.570176
61260488,2025-04-27T09:22:00.000,2025-04-29T15:06:00.000,Street Light Out,Closed,Bengaluru,12.973158,77.623871
61260756,2025-04-27T13:54:00.000,2025-05-11T11:25:23.000,Street Light Out,Closed,Hubballi,15.333952,75.140257
61261323,2025-04-27T15:02:00.000,2025-04-29T18:49:00.000,Street Light Out,Closed,Shivamogga,13.934509,75.550456
61261431,2025-04-27T15:14:00.000,2025-05-02T17:07:00.000,Street Light Out,Closed,Mysuru,12.368193,76.612381
61261747,2025-04-27T15:33:00.000,2025-04-30T11:36:00.000,Street Light Out,Closed,Mysuru,12.309232,76.676568
61261812,2025-04-27T18:07:00.000,2025-05-25T14:56:19.000,Street Light Out,Closed,Shivamogga,13.933522,75.576886
61261822,2025-04-27T18:33:00.000,2025-05-01T09:17:00.000,Street Light Out,Closed,Mysuru,12.342445,76.672844
61262072,2025-04-27T19:32:00.000,2025-05-13T10:17:07.000,Street Light Out,Closed,Tumakuru,13.358159,77.08237
61262125,2025-04-27T20:31:00.000,2025-04-30T11:07:26.000,Street Light Dim,Closed,Bengaluru,12.940656,77.623863
61262295,2025-04-27T20:56:00.000,2025-05-03T13:20:00.000,Street Light Out,Closed,Belagavi,15.888941,74.464214
61262581,2025-04-27T22:05:00.000,2025-05-02T09:19:00.000,Street Light Out,Closed,Bengaluru,12.980922,77.603169
61262674,2025-04-28T00:07:00.000,2025-05-02T08:56:00.000,Street Light Out,Closed,Mysuru,12.3035,76.680193
61262692,2025-04-28T00:41:00.000,2025-04-30T11:37:22.000,Street Light Out,Closed,Shivamogga,13.946895,75.545913
61262736,2025-04-28T06:48:00.000,2025-05-06T15:16:00.000,Street Light Out,Closed,Mangaluru,12.877604,74.859482
61262794,2025-04-28T08:20:00.000,2025-05-06T15:19:00.000,Street Light Out,Closed,Mangaluru,12.878208,74.868872
61262833,2025-04-28T09:38:00.000,2025-05-08T10:40:13.000,Street Light Out,Closed,Belagavi,15.848647,74.481922
61262853,2025-04-28T10:13:00.000,2025-05-06T17:04:00.000,Street Light Out,Closed,Bengaluru,13.001182,77.58555
61262947,2025-04-28T10:38:00.000,2025-05-02T12:29:10.000,Street Light Out,Closed,Bengaluru,12.987756,77.532235
61263062,2025-04-28T11:02:00.000,2025-05-16T17:55:00.000,Street Light Out,Closed,Bengaluru,13.001843,77.633185
61263343,2025-04-28T11:10:00.000,2025-05-02T15:15:00.000,Street Light Out,Closed,Mysuru,12.312635,76.715519
61263356,2025-04-28T12:36:00.000,2025-05-11T13:00:00.000,Street Light Out,Closed,Bengaluru,12.957031,77.732004
61263566,2025-04-28T17:07:00.000,2025-05-03T10:15:06.000,Street Light Out,Closed,Bengaluru,12.967932,77.581316
61263663,2025-04-28T17:58:00.000,2025-05-22T14:06:00.000,Street Light Out,Closed,Hubballi,15.35983,75.140836
61263855,2025-04-28T18:07:00.000,2025-05-01T08:28:00.000,Street Light Out,Closed,Bengaluru,12.982443,77.561229
61263917,2025-04-28T18:09:00.000,2025-05-01T16:58:00.000,Street Light Out,Closed,Mangaluru,12.876221,74.854877
61264218,2025-04-28T18:09:00.000,2025-05-16T11:19:58.000,Street Light Out,Closed,Belagavi,15.884145,74.485829
61264347,2025-04-28T18:09:00.000,2025-05-05T08:24:00.000,Street Light Out,Closed,Belagavi,15.839057,74.46428
61264474,2025-04-28T18:50:00.000,2025-05-04T10:22:03.000,Street Light Out,Closed,Bengaluru,12.984537,77.685589
61264505,2025-04-28T19:15:00.000,2025-04-30T15:54:07.000,Street Light Out,Closed,Bengaluru,12.981844,77.661529
61264559,2025-04-28T19:31:00.000,2025-05-01T18:37:11.000,Street Light Dim,Closed,Shivamogga,13.952685,75.54737
61264645,2025-04-28T21:00:00.000,2025-05-02T10:18:00.000,Street Light Out,Closed,Shivamogga,13.931176,75.564894
61264675,2025-04-28T21:34:00.000,2025-05-05T12:06:18.000,Street Light Out,Closed,Hubballi,15.370498,75.121389
61264694,2025-04-28T22:33:00.000,2025-05-05T12:05:00.000,Street Light Out,Closed,Mangaluru,12.882776,74.846106
61264707,2025-04-28T22:48:00.000,2025-05-12T09:40:18.000,Street Light Out,Closed,Mysuru,12.30772,76.654428
61264895,2025-04-29T07:06:00.000,2025-05-01T14:36:00.000,Street Light Out,Closed,Mysuru,12.336579,76.672849
61264970,2025-04-29T07:25:00.000,2025-05-02T13:40:00.000,Street Light Out,Closed,Tumakuru,13.340852,77.089654
61264988,2025-04-29T12:56:00.000,2025-05-16T14:22:00.000,Street Light Cycling,Closed,Shivamogga,13.94239,75.554007
61265278,2025-04-29T15:59:00.000,2025-05-04T14:27:22.000,Street Light Out,Closed,Mysuru,12.315157,76.690695
61265326,2025-04-29T17:03:00.000,2025-05-05T09:28:38.000,Street Light Dayburning,Closed,Bengaluru,13.048775,77.635288
61265428,2025-04-29T18:03:00.000,2025-05-02T11:34:00.000,Street Light Out,Closed,Mysuru,12.293381,76.667445
61265677,2025-04-29T18:10:00.000,2025-05-06T15:10:17.000,Street Light Out,Closed,Belagavi,15.881212,74.483277
61265730,2025-04-29T18:38:00.000,2025-05-03T15:45:00.000,Street Light Out,Closed,Tumakuru,13.354858,77.091195
61265741,2025-04-29T19:04:00.000,2025-05-04T17:30:00.000,Street Light Out,Closed,Mangaluru,12.876315,74.868771
61265982,2025-04-29T21:01:00.000,2025-05-02T15:45:00.000,Street Light Out,Closed,Mangaluru,12.885869,74.862342
61266362,2025-04-29T21:35:00.000,2025-04-30T18:37:23.000,Street Light Out,Closed,Shivamogga,13.931312,75.552343
61266393,2025-04-29T22:19:00.000,2025-05-03T08:34:56.000,Street Light Cycling,Closed,Tumakuru,13.309852,77.101383
61266437,2025-04-29T22:23:00.000,2025-05-03T13:55:00.000,Street Light Out,Closed,Shivamogga,13.932213,75.569456
61266577,2025-04-29T22:34:00.000,2025-05-18T09:50:00.000,Street Light Out,Closed,Tumakuru,13.356082,77.11258
61266634,2025-04-29T22:41:00.000,2025-05-20T12:36:00.000,Street Light Dayburning,Closed,Mysuru,12.305181,76.657578
61266656,2025-04-29T23:51:00.000,2025-05-03T14:16:00.000,Street Light Out,Closed,Bengaluru,13.013699,77.56216
61266853,2025-04-30T03:28:00.000,2025-05-02T09:33:00.000,Street Light Dayburning,Closed,Bengaluru,12.940169,77.636069
61266889,2025-04-30T07:15:00.000,2025-05-02T13:48:44.000,Street Light Out,Closed,Mysuru,12.296674,76.654058
61267116,2025-04-30T09:15:00.000,2025-05-01T15:39:17.000,Street Light Out,Closed,Tumakuru,13.34141,77.098588
61267427,2025-04-30T10:16:00.000,2025-05-02T10:56:00.000,Street Light Out,Closed,Shivamogga,13.933799,75.559724
61267442,2025-04-30T12:38:00.000,2025-05-01T12:03:00.000,Street Light Out,Closed,Bengaluru,12.979035,77.572494
61267462,2025-04-30T16:10:00.000,2025-05-03T15:20:12.000,Street Light Out,Closed,Mysuru,12.315089,76.658264
61267631,2025-04-30T18:04:00.000,2025-05-12T13:35:00.000,Street Light Out,Closed,Mysuru,12.282129,76.701718
61267827,2025-04-30T20:36:00.000,2025-05-06T09:07:58.000,Street Light Out,Closed,Hubballi,15.410334,75.139866
61267909,2025-05-01T03:01:00.000,2025-05-04T18:08:28.000,Street Light Out,Closed,Mysuru,12.298653,76.613128
61267955,2025-05-01T04:11:00.000,2025-05-03T13:48:27.000,Street Light Cycling,Closed,Tumakuru,13.344596,77.099414
61268183,2025-05-01T06:40:00.000,2025-05-03T13:48:00.000,Street Light Out,Closed,Mysuru,12.319066,76.637786
61268264,2025-05-01T08:43:00.000,2025-05-03T08:52:00.000,Street Light Out,Closed,Hubballi,15.365405,75.130219
61268380,2025-05-01T09:01:00.000,2025-05-13T09:17:52.000,Street Light Out,Closed,Mysuru,12.314863,76.686315
61268698,2025-05-01T11:08:00.000,2025-05-05T17:07:00.000,Street Light Out,Closed,Mangaluru,12.903926,74.847615
61268713,2025-05-01T16:32:00.000,2025-05-06T09:30:00.000,Street Light Out,Closed,Bengaluru,12.985429,77.590364
61268751,2025-05-01T16:45:00.000,2025-05-18T15:36:00.000,Street Light Out,Closed,Belagavi,15.85029,74.486898
61268793,2025-05-01T18:19:00.000,2025-05-07T09:42:00.000,Street Light Out,Closed,Mangaluru,12.882879,74.867566
61269113,2025-05-01T20:14:00.000,2025-05-09T10:36:01.000,Street Light Out,Closed,Bengaluru,13.073819,77.631447
61269140,2025-05-01T20:27:00.000,2025-05-09T10:28:00.000,Street Light Out,Closed,Bengaluru,12.980409,77.658018
61269346,2025-05-01T23:19:00.000,2025-05-08T16:10:00.000,Street Light Out,Closed,Hubballi,15.368859,75.124618
61269361,2025-05-02T00:11:00.000,2025-05-05T16:58:18.000,Street Light Cycling,Closed,Hubballi,15.383506,75.121509
61269631,2025-05-02T01:59:00.000,2025-07-25T08:58:00.000,Street Light Out,Closed,Mysuru,12.310576,76.659
61269685,2025-05-02T03:52:00.000,2025-05-10T16:55:00.000,Street Light Cycling,Closed,Mysuru,12.299679,76.660674
61269921,2025-05-02T05:53:00.000,2025-05-05T11:03:00.000,Street Light Cycling,Closed,Bengaluru,12.963043,77.595633
61270334,2025-05-02T06:28:00.000,2025-05-18T18:56:00.000,Street Light Out,Closed,Bengaluru,12.972998,77.543945
61270336,2025-05-02T07:38:00.000,2025-05-05T16:52:24.000,Street Light Dayburning,Closed,Hubballi,15.32565,75.156415
61270371,2025-05-02T08:10:00.000,2025-05-14T09:52:10.000,Street Light Out,Closed,Hubballi,15.352342,75.135806
61270444,2025-05-02T08:57:00.000,2025-05-10T16:33:00.000,Street Light Out,Closed,Tumakuru,13.353445,77.082268
61270488,2025-05-02T13:04:00.000,2025-05-04T08:14:57.000,Street Light Out,Closed,Tumakuru,13.35188,77.104705
61270601,2025-05-02T14:27:00.000,2025-05-14T11:25:28.000,Street Light Out,Closed,Hubballi,15.349373,75.128293
61270805,2025-05-02T17:54:00.000,2025-05-05T09:35:13.000,Street Light Out,Closed,Mysuru,12.304845,76.660017
61270820,2025-05-02T18:02:00.000,2025-05-05T16:12:53.000,Street Light Out,Closed,Mysuru,12.302875,76.644305
61271163,2025-05-02T18:18:00.000,2025-05-07T18:41:00.000,Street Light Out,Closed,Hubballi,15.383615,75.123793
61271219,2025-05-02T19:06:00.000,2025-05-05T13:16:00.000,Street Light Out,Closed,Mangaluru,12.882834,74.855431
61271233,2025-05-02T20:30:00.000,2025-05-05T08:13:00.000,Street Light Out,Closed,Bengaluru,12.923101,77.577585
61271355,2025-05-02T20:33:00.000,2025-05-06T16:10:39.000,Street Light Out,Closed,Bengaluru,12.979135,77.654359
61271516,2025-05-02T20:36:00.000,2025-05-05T18:03:50.000,Street Light Out,Closed,Hubballi,15.349793,75.126007
61271521,2025-05-02T21:06:00.000,2025-06-13T16:54:00.000,Street Light Out,Closed,Mysuru,12.322909,76.713581
61271686,2025-05-02T21:17:00.000,2025-05-07T15:42:00.000,Street Light Out,Closed,Bengaluru,12.978336,77.58142
61271759,2025-05-02T21:27:00.000,2025-05-09T15:43:33.000,Street Light Out,Closed,Mysuru,12.266418,76.626903
61272132,2025-05-02T21:50:00.000,2025-05-15T16:40:00.000,Street Light Out,Closed,Mysuru,12.320855,76.654189
61272133,2025-05-02T22:37:00.000,2025-05-18T10:34:00.000,Street Light Out,Closed,Belagavi,15.837162,74.529606
61272163,2025-05-02T22:54:00.000,2025-05-28T10:03:00.000,Street Light Out,Closed,Mangaluru,12.878414,74.857163
61272248,2025-05-03T00:11:00.000,2025-05-16T18:35:26.000,Street Light Out,Closed,Hubballi,15.366181,75.157467
61272449,2025-05-03T00:26:00.000,2025-05-14T08:33:00.000,Street Light Out,Closed,Hubballi,15.349983,75.128621
61272711,2025-05-03T02:01:00.000,2025-05-11T14:48:59.000,Street Light Out,Closed,Mysuru,12.297416,76.651443
61273203,2025-05-03T07:46:00.000,2025-05-05T12:33:27.000,Street Light Out,Closed,Mysuru,12.270466,76.629183
61273337,2025-05-03T07:50:00.000,2025-05-14T15:14:00.000,Street Light Out,Closed,Hubballi,15.356364,75.150155
61273698,2025-05-03T08:41:00.000,2025-05-08T14:31:00.000,Street Light Out,Closed,Mangaluru,12.851917,74.853339
61273858,2025-05-03T09:15:00.000,2025-05-06T16:56:37.000,Street Light Out,Closed,Shivamogga,13.935946,75.558417
61274263,2025-05-03T09:25:00.000,2025-05-22T17:58:00.000,Street Light Out,Closed,Tumakuru,13.339492,77.090707
61274359,2025-05-03T11:09:00.000,2025-05-08T13:49:24.000,Street Light Out,Closed,Mysuru,12.310712,76.671264
61274396,2025-05-03T12:55:00.000,2025-05-07T12:17:19.000,Street Light Out,Closed,Mangaluru,12.875481,74.854221
61274400,2025-05-03T12:57:00.000,2025-05-09T12:29:18.000,Street Light Out,Closed,Bengaluru,13.001252,77.584053
61274424,2025-05-03T13:58:00.000,2025-05-10T13:54:00.000,Street Light Out,Closed,Bengaluru,12.947877,77.579713
61274662,2025-05-03T14:27:00.000,2025-05-06T13:00:00.000,Street Light Out,Closed,Bengaluru,12.908418,77.525497
61274663,2025-05-03T16:03:00.000,2025-05-12T13:57:45.000,Street Light Out,Closed,Mysuru,12.291223,76.651711
61274841,2025-05-03T16:28:00.000,2025-07-07T09:14:05.000,Street Light Out,Closed,Mangaluru,12.878546,74.871834
61274927,2025-05-03T17:27:00.000,2025-05-06T11:26:00.000,Street Light Out,Closed,Bengaluru,12.998886,77.485092
61275083,2025-05-03T19:12:00.000,2025-05-04T11:46:00.000,Street Light Out,Closed,Bengaluru,12.989112,77.571124
61275134,2025-05-03T19:28:00.000,2025-06-05T11:08:05.000,Street Light Out,Closed,Bengaluru,12.982048,77.580591
61275272,2025-05-03T19:44:00.000,2025-05-08T15:06:15.000,Street Light Out,Closed,Bengaluru,12.97629,77.551321
61275340,2025-05-03T19:44:00.000,2025-05-16T11:45:00.000,Street Light Out,Closed,Bengaluru,12.974378,77.619959
61275422,2025-05-03T20:12:00.000,2025-05-15T08:40:00.000,Street Light Out,Closed,Mysuru,12.294676,76.65042
61275448,2025-05-03T21:15:00.000,2025-05-08T14:01:00.000,Street Light Out,Closed,Bengaluru,12.949965,77.72328
61275686,2025-05-03T21:22:00.000,2025-05-05T16:30:00.000,Street Light Out,Closed,Tumakuru,13.341567,77.12119
61275749,2025-05-03T21:27:00.000,2025-05-11T08:15:00.000,Street Light Out,Closed,Bengaluru,12.967886,77.581331
61275870,2025-05-03T22:23:00.000,2025-05-08T11:24:00.000,Street Light Out,Closed,Mysuru,12.318294,76.653734
61276258,2025-05-03T22:48:00.000,2025-05-07T09:04:00.000,Street Light Out,Closed,Bengaluru,12.979047,77.580226
61276472,2025-05-04T00:01:00.000,2025-05-10T09:14:26.000,Street Light Out,Closed,Hubballi,15.352422,75.127543
61276588,2025-05-04T02:56:00.000,2025-05-12T14:01:00.000,Street Light Out,Closed,Bengaluru,13.023314,77.550391
61276869,2025-05-04T05:29:00.000,2025-05-08T13:43:00.000,Street Light Out,Closed,Mysuru,12.303545,76.667049
61276897,2025-05-04T07:41:00.000,2025-05-21T09:03:00.000,Street Light Out,Closed,Belagavi,15.823273,74.558953
61277034,2025-05-04T07:54:00.000,2025-05-11T12:22:44.000,Street Light Out,Closed,Tumakuru,13.34003,77.082326
61277083,2025-05-04T07:57:00.000,2025-06-01T09:14:31.000,Street Light Out,Closed,Mysuru,12.294823,76.639851
61277547,2025-05-04T08:12:00.000,2025-05-11T13:23:00.000,Street Light Out,Closed,Bengaluru,12.944941,77.617499
61277688,2025-05-04T15:39:00.000,2025-05-16T08:33:27.000,Street Light Dayburning,Closed,Bengaluru,12.955881,77.578239
61277954,2025-05-04T17:51:00.000,2025-05-08T14:24:00.000,Street Light Out,Closed,Bengaluru,12.971141,77.594078
61278009,2025-05-04T18:09:00.000,2025-05-10T18:34:00.000,Street Light Out,Closed,Bengaluru,12.970648,77.578823
61278026,2025-05-04T18:15:00.000,2025-05-08T08:57:04.000,Street Light Out,Closed,Hubballi,15.357937,75.130028
61278357,2025-05-04T18:26:00.000,2025-05-13T10:23:00.000,Street Light Out,Closed,Bengaluru,12.986276,77.628408
61278758,2025-05-04T18:32:00.000,2025-05-13T12:46:00.000,Street Light Out,Closed,Mysuru,12.254833,76.627271
61278866,2025-05-04T20:30:00.000,2025-05-10T16:01:00.000,Street Light Cycling,Closed,Hubballi,15.370552,75.121033
61278912,2025-05-04T20:33:00.000,2025-05-05T12:57:04.000,Street Light Out,Closed,Tumakuru,13.335899,77.129229
61278935,2025-05-04T20:43:00.000,2025-05-08T08:46:04.000,Street Light Out,Closed,Bengaluru,12.976319,77.567931
61278949,2025-05-04T21:13:00.000,2025-05-16T17:27:30.000,Street Light Out,Closed,Mangaluru,12.873271,74.858208
61278981,2025-05-04T22:26:00.000,2025-05-08T12:00:49.000,Street Light Out,Closed,Bengaluru,12.987193,77.614774
61279517,2025-05-04T23:30:00.000,2025-05-09T17:18:10.000,Street Light Out,Closed,Mysuru,12.324131,76.65562
61279571,2025-05-04T23:38:00.000,2025-05-06T13:17:39.000,Street Light Out,Closed,Bengaluru,12.981444,77.580787
61280084,2025-05-05T07:40:00.000,2025-05-06T17:07:47.000,Street Light Out,Closed,Bengaluru,12.987532,77.689257
61280127,2025-05-05T08:42:00.000,2025-08-03T08:42:00.000,Street Light Cycling,Closed,Tumakuru,13.370916,77.075492
61280229,2025-05-05T09:03:00.000,2025-05-10T18:01:00.000,Street Light Out,Closed,Bengaluru,12.98606,77.698633
61280469,2025-05-05T09:26:00.000,2025-05-10T10:44:00.000,Street Light Out,Closed,Belagavi,15.797609,74.517976
61280475,2025-05-05T10:00:00.000,2025-06-15T16:07:00.000,Street Light Out,Closed,Tumakuru,13.352863,77.104291
61280640,2025-05-05T10:40:00.000,2025-05-09T15:15:46.000,Street Light Dayburning,Closed,Hubballi,15.351499,75.122488
61280737,2025-05-05T13:17:00.000,2025-05-11T15:49:35.000,Street Light Out,Closed,Hubballi,15.352425,75.123621
61280811,2025-05-05T15:07:00.000,2025-05-14T08:32:18.000,Street Light Dayburning,Closed,Hubballi,15.379714,75.123943
61280874,2025-05-05T17:35:00.000,2025-05-09T13:33:00.000,Street Light Out,Closed,Hubballi,15.345951,75.135854
61281610,2025-05-05T18:46:00.000,2025-05-16T12:42:00.000,Street Light Cycling,Closed,Mysuru,12.273725,76.60554
61281805,2025-05-05T19:46:00.000,2025-05-08T13:00:05.000,Street Light Out,Closed,Bengaluru,12.984637,77.54811
61282002,2025-05-05T20:16:00.000,2025-05-10T09:53:00.000,Street Light Cycling,Closed,Belagavi,15.856324,74.477523
61282134,2025-05-05T20:40:00.000,2025-05-12T18:32:48.000,Street Light Out,Closed,Tumakuru,13.342719,77.121061
61282196,2025-05-05T20:45:00.000,2025-05-11T18:52:15.000,Street Light Out,Closed,Bengaluru,12.951629,77.537312
61282474,2025-05-05T20:48:00.000,2025-05-11T18:18:00.000,Street Light Out,Closed,Bengaluru,12.974512,77.616848
61282617,2025-05-05T22:10:00.000,2025-05-26T09:40:00.000,Street Light Out,Closed,Bengaluru,13.003621,77.566026
61282907,2025-05-05T22:28:00.000,2025-05-10T15:53:00.000,Street Light Out,Closed,Mysuru,12.317894,76.666287
61282926,2025-05-05T22:33:00.000,2025-05-09T18:31:00.000,Street Light Dayburning,Closed,Hubballi,15.385507,75.111443
61282990,2025-05-05T22:43:00.000,2025-05-10T14:58:00.000,Street Light Out,Closed,Mangaluru,12.836345,74.865167
61283001,2025-05-05T23:51:00.000,2025-06-01T10:55:00.000,Street Light Cycling,Closed,Tumakuru,13.348018,77.103969
61283003,2025-05-06T01:38:00.000,2025-05-15T09:14:48.000,Street Light Out,Closed,Bengaluru,12.977015,77.60124
61283091,2025-05-06T07:23:00.000,2025-05-16T15:36:00.000,Street Light Out,Closed,Shivamogga,13.929264,75.557988
61283103,2025-05-06T08:42:00.000,2025-05-11T11:38:00.000,Street Light Out,Closed,Shivamogga,13.952877,75.537505
61283169,2025-05-06T08:57:00.000,2025-05-07T12:43:46.000,Street Light Out,Closed,Bengaluru,12.952922,77.644562
61283230,2025-05-06T09:04:00.000,2025-05-08T15:19:44.000,Street Light Out,Closed,Belagavi,15.904445,74.512668
61283419,2025-05-06T09:13:00.000,2025-06-25T16:18:56.000,Street Light Out,Closed,Belagavi,15.865294,74.497292
61283592,2025-05-06T11:04:00.000,2025-05-19T11:10:04.000,Street Light Dim,Closed,Mysuru,12.308954,76.66572
61283768,2025-05-06T14:04:00.000,2025-05-12T16:54:00.000,Street Light Out,Closed,Shivamogga,13.927068,75.55915
61283914,2025-05-06T14:59:00.000,2025-05-09T12:34:00.000,Street Light Out,Closed,Bengaluru,13.012104,77.575356
61284148,2025-05-06T17:12:00.000,2025-05-14T12:25:00.000,Street Light Out,Closed,Mysuru,12.299055,76.655557
61284234,2025-05-06T17:37:00.000,2025-05-08T18:00:29.000,Street Light Out,Closed,Mysuru,12.317643,76.657148
61284350,2025-05-06T19:18:00.000,2025-05-09T17:58:00.000,Street Light Out,Closed,Mangaluru,12.875666,74.865249
61284456,2025-05-06T19:29:00.000,2025-05-11T13:11:00.000,Street Light Out,Closed,Hubballi,15.361037,75.130973
61284631,2025-05-06T19:59:00.000,2025-05-11T13:44:55.000,Street Light Out,Closed,Tumakuru,13.3929,77.123353
61284691,2025-05-06T20:16:00.000,2025-05-12T11:33:00.000,Street Light Out,Closed,Bengaluru,13.032289,77.537507
61284694,2025-05-06T20:37:00.000,2025-05-17T18:34:05.000,Street Light Dim,Closed,Mysuru,12.313258,76.659276
61284755,2025-05-06T22:51:00.000,2025-05-12T16:14:00.000,Street Light Out,Closed,Mangaluru,12.883843,74.842048
61284783,2025-05-06T22:54:00.000,2025-05-18T08:55:00.000,Street Light Out,Closed,Shivamogga,13.94577,75.5408
61284996,2025-05-06T23:00:00.000,2025-05-16T18:21:00.000,Street Light Out,Closed,Bengaluru,12.971513,77.621912
61285018,2025-05-06T23:08:00.000,2025-05-08T08:30:00.000,Street Light Out,Closed,Tumakuru,13.349535,77.108162
61285091,2025-05-07T00:05:00.000,2025-05-20T09:45:43.000,Street Light Out,Closed,Belagavi,15.843072,74.519735
61285267,2025-05-07T00:17:00.000,2025-05-13T16:13:00.000,Street Light Out,Closed,Hubballi,15.353261,75.12661
61285330,2025-05-07T00:18:00.000,2025-05-19T17:21:22.000,Street Light Out,Closed,Mysuru,12.283302,76.643576
61285388,2025-05-07T03:42:00.000,2025-05-10T16:37:00.000,Street Light Out,Closed,Mangaluru,12.878405,74.891447
61285518,2025-05-07T03:44:00.000,2025-05-09T11:40:40.000,Street Light Dayburning,Closed,Mysuru,12.311653,76.651309
61285553,2025-05-07T07:05:00.000,2025-05-11T15:23:25.000,Street Light Out,Closed,Mangaluru,12.887776,74.84812
61285556,2025-05-07T09:48:00.000,2025-05-08T08:25:52.000,Street Light Out,Closed,Shivamogga,13.909621,75.560637
61285578,2025-05-07T10:06:00.000,2025-06-24T15:59:00.000,Street Light Out,Closed,Bengaluru,12.966616,77.601131
61285622,2025-05-07T10:27:00.000,2025-05-13T11:33:42.000,Street Light Out,Closed,Mysuru,12.289305,76.651884
61285727,2025-05-07T10:39:00.000,2025-05-08T14:00:03.000,Street Light Out,Closed,Belagavi,15.8815,74.519802
61285767,2025-05-07T11:16:00.000,2025-05-10T16:20:00.000,Street Light Out,Closed,Bengaluru,12.916642,77.562392
61285854,2025-05-07T13:44:00.000,2025-05-24T17:56:00.000,Street Light Out,Closed,Mysuru,12.293584,76.638321
61285914,2025-05-07T17:04:00.000,2025-05-16T14:08:23.000,Street Light Out,Closed,Shivamogga,13.92651,75.573282
61285982,2025-05-07T19:41:00.000,2025-05-09T15:57:51.000,Street Light Out,Closed,Bengaluru,12.935732,77.618331
61286121,2025-05-07T19:53:00.000,2025-05-18T12:00:50.000,Street Light Out,Closed,Shivamogga,13.92796,75.581618
61286239,2025-05-07T20:16:00.000,2025-05-09T11:53:18.000,Street Light Out,Closed,Mysuru,12.314574,76.661176
61286341,2025-05-07T20:34:00.000,2025-05-29T15:08:01.000,Street Light Out,Closed,Mysuru,12.310663,76.643502
61286632,2025-05-07T21:20:00.000,2025-05-15T15:36:31.000,Street Light Out,Closed,Mangaluru,12.891207,74.897233
61286669,2025-05-07T21:51:00.000,2025-05-15T12:45:00.000,Street Light Out,Closed,Tumakuru,13.362382,77.095402
61286707,2025-05-07T22:02:00.000,2025-05-16T08:52:50.000,Street Light Out,Closed,Hubballi,15.349801,75.137109
61286726,2025-05-07T22:30:00.000,2025-05-11T16:02:52.000,Street Light Out,Closed,Mysuru,12.293606,76.647887
61286757,2025-05-07T22:46:00.000,2025-05-10T15:35:00.000,Street Light Out,Closed,Bengaluru,12.96073,77.650433
61287021,2025-05-07T22:57:00.000,2025-05-10T09:47:34.000,Lamppost Damaged,Closed,Mysuru,12.352524,76.660973
61287026,2025-05-07T23:50:00.000,2025-06-13T16:31:00.000,Street Light Dayburning,Closed,Mangaluru,12.919886,74.846717
61287226,2025-05-08T05:38:00.000,2025-05-12T14:03:13.000,Street Light Out,Closed,Mangaluru,12.890825,74.855078
61287342,2025-05-08T06:03:00.000,2025-05-10T14:16:00.000,Lamppost Damaged,Closed,Tumakuru,13.343156,77.097762
61287395,2025-05-08T06:16:00.000,2025-05-13T14:23:00.000,Street Light Out,Closed,Tumakuru,13.337937,77.102846
61287514,2025-05-08T09:55:00.000,2025-05-24T14:45:00.000,Street Light Out,Closed,Shivamogga,13.952429,75.540615
61287651,2025-05-08T10:34:00.000,2025-05-10T18:37:00.000,Street Light Out,Closed,Belagavi,15.868353,74.513987
61287690,2025-05-08T10:38:00.000,2025-05-11T17:27:00.000,Street Light Out,Closed,Mangaluru,12.883019,74.87149
61287745,2025-05-08T10:54:00.000,2025-05-14T14:03:22.000,Street Light Cycling,Closed,Bengaluru,12.915366,77.646048
61287817,2025-05-08T14:19:00.000,2025-05-15T10:54:27.000,Street Light Out,Closed,Tumakuru,13.346343,77.098302
61287866,2025-05-08T15:19:00.000,2025-05-14T09:33:00.000,Street Light Cycling,Closed,Hubballi,15.358159,75.114112
61287904,2025-05-08T16:11:00.000,2025-05-12T13:47:00.000,Street Light Out,Closed,Bengaluru,12.971343,77.562543
61287927,2025-05-08T18:59:00.000,2025-05-13T13:30:00.000,Street Light Cycling,Closed,Bengaluru,12.945009,77.626446
61288003,2025-05-08T19:13:00.000,2025-05-13T12:40:00.000,Street Light Out,Closed,Bengaluru,12.977068,77.594321
61288056,2025-05-08T19:32:00.000,2025-07-09T15:49:17.000,Street Light Out,Closed,Mangaluru,12.875845,74.864317
61288172,2025-05-08T21:48:00.000,2025-05-13T13:33:00.000,Street Light Out,Closed,Hubballi,15.363802,75.128962
61288436,2025-05-08T22:17:00.000,2025-05-13T15:24:36.000,Street Light Out,Closed,Bengaluru,12.958272,77.579145
61288519,2025-05-08T22:22:00.000,2025-05-17T14:54:00.000,Street Light Out,Closed,Bengaluru,12.922722,77.568277
61288532,2025-05-09T01:11:00.000,2025-05-10T09:26:00.000,Street Light Out,Closed,Bengaluru,12.95097,77.649989
61288678,2025-05-09T05:46:00.000,2025-05-12T08:32:00.000,Street Light Out,Closed,Bengaluru,13.013566,77.57701
61288924,2025-05-09T05:48:00.000,2025-05-13T11:43:21.000,Street Light Out,Closed,Shivamogga,13.929882,75.552484
61289045,2025-05-09T07:57:00.000,2025-05-11T11:33:29.000,Street Light Out,Closed,Bengaluru,12.988043,77.581753
61289220,2025-05-09T08:27:00.000,2025-05-12T18:09:12.000,Street Light Out,Closed,Bengaluru,12.979071,77.572408
61289224,2025-05-09T09:30:00.000,2025-06-02T08:26:00.000,Street Light Dayburning,Closed,Mysuru,12.248716,76.632573
61289334,2025-05-09T10:30:00.000,2025-05-13T14:45:10.000,Street Light Out,Closed,Mysuru,12.251572,76.670373
61289345,2025-05-09T11:13:00.000,2025-05-13T08:42:46.000,Street Light Out,Closed,Bengaluru,12.937888,77.658181
61289407,2025-05-09T11:42:00.000,2025-05-13T17:49:00.000,Street Light Out,Closed,Bengaluru,13.005656,77.581732
61289713,2025-05-09T12:57:00.000,2025-05-13T10:47:57.000,Street Light Out,Closed,Hubballi,15.349636,75.137446
61289822,2025-05-09T17:33:00.000,2025-05-25T09:36:00.000,Street Light Out,Closed,Mysuru,12.303748,76.637289
61289981,2025-05-09T18:09:00.000,2025-06-23T11:54:36.000,Street Light Out,Closed,Mysuru,12.290705,76.665967
61290017,2025-05-09T18:13:00.000,2025-05-18T11:16:00.000,Street Light Out,Closed,Bengaluru,12.979818,77.596052
61290042,2025-05-09T18:54:00.000,2025-05-17T12:19:00.000,Street Light Out,Closed,Bengaluru,13.032613,77.631211
61290114,2025-05-09T20:08:00.000,2025-05-12T12:55:43.000,Street Light Out,Closed,Tumakuru,13.370002,77.129317
61290201,2025-05-09T20:57:00.000,2025-05-15T14:13:56.000,Street Light Out,Closed,Tumakuru,13.337524,77.1
61290370,2025-05-09T20:58:00.000,2025-05-14T15:50:22.000,Street Light Out,Closed,Mangaluru,12.873054,74.867143
61290453,2025-05-09T22:00:00.000,2025-07-01T09:00:00.000,Street Light Out,Closed,Mangaluru,12.878739,74.856947
61290811,2025-05-09T22:03:00.000,2025-05-10T08:48:15.000,Street Light Out,Closed,Bengaluru,12.922467,77.601215
61291023,2025-05-09T22:30:00.000,2025-05-15T11:24:31.000,Street Light Out,Closed,Tumakuru,13.355799,77.085708
61291148,2025-05-09T22:38:00.000,2025-05-19T16:34:00.000,Street Light Out,Closed,Tumakuru,13.336731,77.100506
61291233,2025-05-09T23:35:00.000,2025-05-15T08:58:06.000,Street Light Out,Closed,Shivamogga,13.931713,75.554943
61291444,2025-05-10T00:05:00.000,2025-05-14T11:46:00.000,Street Light Out,Closed,Mangaluru,12.878128,74.858681
61291504,2025-05-10T01:22:00.000,2025-05-15T16:29:00.000,Street Light Out,Closed,Mangaluru,12.847542,74.88503
61291562,2025-05-10T01:58:00.000,2025-07-18T17:30:17.000,Street Light Cycling,Closed,Bengaluru,12.955585,77.625845
61291567,2025-05-10T05:52:00.000,2025-05-16T13:00:17.000,Street Light Out,Closed,Mysuru,12.323794,76.635251
61291594,2025-05-10T09:16:00.000,2025-05-31T14:59:23.000,Street Light Out,Closed,Shivamogga,13.950202,75.537348
61291695,2025-05-10T17:21:00.000,2025-05-29T16:29:18.000,Street Light Dim,Closed,Bengaluru,12.974487,77.600872
61291802,2025-05-10T17:55:00.000,2025-05-13T13:30:00.000,Street Light Out,Closed,Belagavi,15.86454,74.502741
61291866,2025-05-10T18:22:00.000,2025-05-14T10:03:03.000,Street Light Out,Closed,Bengaluru,12.938184,77.637434
61291995,2025-05-10T18:36:00.000,2025-05-17T15:21:00.000,Street Light Out,Closed,Mysuru,12.300948,76.659997
61292222,2025-05-10T19:03:00.000,2025-05-14T15:42:00.000,Street Light Out,Closed,Tumakuru,13.346139,77.116581
61292695,2025-05-10T20:00:00.000,2025-05-22T12:31:00.000,Street Light Out,Closed,Hubballi,15.339869,75.112839
61292789,2025-05-10T20:07:00.000,2025-05-22T14:35:00.000,Street Light Out,Closed,Hubballi,15.36671,75.136878
61292792,2025-05-10T21:10:00.000,2025-05-17T09:06:27.000,Street Light Out,Closed,Belagavi,15.854226,74.52223
61292926,2025-05-10T21:18:00.000,2025-05-13T17:29:42.000,Street Light Dim,Closed,Bengaluru,12.937761,77.621266
61293360,2025-05-10T21:23:00.000,2025-05-23T13:06:00.000,Street Light Out,Closed,Belagavi,15.846056,74.484252
61293413,2025-05-10T21:39:00.000,2025-06-04T12:38:07.000,Street Light Out,Closed,Tumakuru,13.323812,77.122053
61293575,2025-05-10T22:53:00.000,2025-05-14T12:05:00.000,Street Light Out,Closed,Bengaluru,12.936534,77.574704
61293757,2025-05-11T01:19:00.000,2025-05-15T12:43:13.000,Street Light Out,Closed,Hubballi,15.372609,75.125151
61293825,2025-05-11T01:55:00.000,2025-05-14T16:01:48.000,Street Light Out,Closed,Bengaluru,12.955728,77.654871
61293842,2025-05-11T07:42:00.000,2025-05-14T15:42:22.000,Street Light Dim,Closed,Hubballi,15.392549,75.125538
61294007,2025-05-11T09:05:00.000,2025-05-14T14:59:00.000,Street Light Out,Closed,Mysuru,12.312691,76.645808
61294342,2025-05-11T09:44:00.000,2025-06-09T10:55:00.000,Street Light Cycling,Closed,Hubballi,15.362939,75.121991
61294401,2025-05-11T12:21:00.000,2025-05-26T09:06:25.000,Street Light Out,Closed,Mysuru,12.292898,76.644664
61294685,2025-05-11T13:54:00.000,2025-05-20T08:40:00.000,Street Light Out,Closed,Hubballi,15.361009,75.111841
61294687,2025-05-11T15:26:00.000,2025-05-14T08:37:00.000,Street Light Out,Closed,Bengaluru,12.947179,77.611103
61294743,2025-05-11T15:36:00.000,2025-05-14T13:17:31.000,Street Light Dim,Closed,Shivamogga,13.923379,75.5648
61294897,2025-05-11T17:18:00.000,2025-05-17T15:35:00.000,Street Light Out,Closed,Mangaluru,12.877185,74.865502
61295009,2025-05-11T17:40:00.000,2025-05-12T14:25:28.000,Street Light Out,Closed,Bengaluru,12.967732,77.544065
61295273,2025-05-11T18:05:00.000,2025-05-14T09:25:00.000,Street Light Out,Closed,Mangaluru,12.885039,74.850591
61295399,2025-05-11T19:39:00.000,2025-05-21T15:34:08.000,Street Light Out,Closed,Mangaluru,12.829262,74.901509
61295425,2025-05-11T19:52:00.000,2025-05-24T11:29:50.000,Street Light Cycling,Closed,Shivamogga,13.919835,75.584022
61295486,2025-05-11T20:07:00.000,2025-05-15T15:26:00.000,Street Light Out,Closed,Mysuru,12.294756,76.675465
61295764,2025-05-11T20:11:00.000,2025-05-14T09:57:22.000,Street Light Out,Closed,Tumakuru,13.336188,77.093901
61295944,2025-05-11T20:31:00.000,2025-05-15T16:06:00.000,Street Light Out,Closed,Bengaluru,12.971127,77.594181
61296022,2025-05-11T20:38:00.000,2025-05-24T12:11:00.000,Street Light Out,Closed,Shivamogga,13.937785,75.548759
61296112,2025-05-12T01:59:00.000,2025-05-13T10:39:00.000,Street Light Out,Closed,Mysuru,12.328883,76.654632
61296304,2025-05-12T03:16:00.000,2025-05-14T15:45:00.000,Street Light Out,Closed,Bengaluru,12.961259,77.645125
61296337,2025-05-12T07:02:00.000,2025-05-21T18:16:00.000,Street Light Out,Closed,Belagavi,15.884529,74.477309
61296356,2025-05-12T08:16:00.000,2025-05-16T10:50:02.000,Street Light Out,Closed,Bengaluru,12.955102,77.614946
61296358,2025-05-12T08:27:00.000,2025-05-14T16:08:21.000,Street Light Dim,Closed,Bengaluru,13.011863,77.57249
61297031,2025-05-12T11:05:00.000,2025-05-17T17:37:00.000,Street Light Out,Closed,Hubballi,15.387993,75.142134
61297107,2025-05-12T15:54:00.000,2025-05-31T16:02:04.000,Street Light Out,Closed,Mysuru,12.310743,76.655037
61297216,2025-05-12T16:47:00.000,2025-05-16T10:58:00.000,Street Light Out,Closed,Bengaluru,12.969671,77.610098
61297332,2025-05-12T17:46:00.000,2025-05-14T11:49:00.000,Street Light Out,Closed,Bengaluru,13.008539,77.663899
61297365,2025-05-12T19:47:00.000,2025-06-10T17:00:00.000,Street Light Out,Closed,Belagavi,15.876638,74.494879
61297372,2025-05-12T20:19:00.000,2025-05-15T13:05:00.000,Street Light Out,Closed,Shivamogga,13.957731,75.549533
61297398,2025-05-12T21:41:00.000,2025-05-24T14:47:00.000,Street Light Out,Closed,Mysuru,12.300593,76.628155
61297416,2025-05-12T21:54:00.000,2025-05-28T08:37:00.000,Street Light Out,Closed,Tumakuru,13.35438,77.104491
61297743,2025-05-12T22:16:00.000,2025-05-20T17:57:00.000,Street Light Out,Closed,Hubballi,15.361204,75.129701
61297928,2025-05-12T22:58:00.000,2025-06-07T11:42:47.000,Street Light Cycling,Closed,Belagavi,15.847105,74.49259
61297938,2025-05-12T23:55:00.000,2025-05-16T09:14:00.000,Street Light Out,Closed,Mysuru,12.320688,76.660137
61298216,2025-05-13T00:57:00.000,2025-05-15T16:43:00.000,Street Light Out,Closed,Bengaluru,13.00855,77.575506
61298287,2025-05-13T05:09:00.000,2025-05-27T14:14:00.000,Street Light Out,Closed,Hubballi,15.376989,75.143854
61298451,2025-05-13T07:38:00.000,2025-05-18T08:05:13.000,Street Light Out,Closed,Bengaluru,12.99314,77.606647
61298477,2025-05-13T07:55:00.000,2025-05-31T10:31:00.000,Street Light Out,Closed,Shivamogga,13.954272,75.536923
61298481,2025-05-13T08:27:00.000,2025-05-14T17:27:11.000,Street Light Out,Closed,Mangaluru,12.856166,74.883264
61298527,2025-05-13T09:58:00.000,2025-05-15T16:12:30.000,Street Light Out,Closed,Mangaluru,12.862899,74.841202
61298605,2025-05-13T10:24:00.000,2025-05-15T10:04:00.000,Street Light Dayburning,Closed,Bengaluru,12.91781,77.629103
61298645,2025-05-13T10:38:00.000,2025-06-03T18:34:00.000,Street Light Out,Closed,Tumakuru,13.369135,77.12932
61299155,2025-05-13T11:55:00.000,2025-05-14T09:27:21.000,Street Light Out,Closed,Tumakuru,13.328776,77.07886
61299392,2025-05-13T12:31:00.000,2025-05-18T10:48:00.000,Street Light Out,Closed,Tumakuru,13.33807,77.100031
61299393,2025-05-13T12:57:00.000,2025-05-18T10:19:00.000,Street Light Out,Closed,Bengaluru,13.035476,77.623592
61299394,2025-05-13T15:38:00.000,2025-05-18T14:17:06.000,Street Light Out,Closed,Tumakuru,13.332726,77.13942
61299596,2025-05-13T20:09:00.000,2025-07-01T16:04:00.000,Street Light Out,Closed,Tumakuru,13.376261,77.131104
61299613,2025-05-13T20:17:00.000,2025-05-16T12:34:08.000,Street Light Out,Closed,Bengaluru,12.953792,77.552355
61299699,2025-05-13T20:33:00.000,2025-05-17T17:09:22.000,Street Light Out,Closed,Mangaluru,12.913015,74.857
61299851,2025-05-13T21:16:00.000,2025-05-15T09:06:00.000,Street Light Out,Closed,Shivamogga,13.947709,75.541005
61300070,2025-05-13T21:35:00.000,2025-05-15T12:00:55.000,Street Light Dim,Closed,Bengaluru,12.97215,77.592455
61300241,2025-05-13T23:10:00.000,2025-05-23T14:34:00.000,Street Light Out,Closed,Tumakuru,13.339135,77.067483
61300422,2025-05-14T00:35:00.000,2025-05-22T17:19:00.000,Street Light Out,Closed,Tumakuru,13.325652,77.096976
61300574,2025-05-14T02:05:00.000,2025-06-27T18:45:00.000,Street Light Out,Closed,Bengaluru,12.968278,77.647725
61300586,2025-05-14T08:12:00.000,2025-05-23T09:20:00.000,Street Light Out,Closed,Tumakuru,13.338168,77.101455
61300590,2025-05-14T08:32:00.000,2025-05-20T12:32:00.000,Street Light Out,Closed,Mysuru,12.307451,76.689555
61300592,2025-05-14T09:24:00.000,2025-05-31T13:45:00.000,Street Light Out,Closed,Mysuru,12.317903,76.666296
61300715,2025-05-14T11:10:00.000,2025-05-16T15:35:26.000,Street Light Out,Closed,Bengaluru,12.988283,77.665207
61300721,2025-05-14T12:16:00.000,2025-05-26T14:21:00.000,Street Light Out,Closed,Hubballi,15.358205,75.148799
61300864,2025-05-14T21:39:00.000,2025-05-27T17:36:00.000,Street Light Out,Closed,Tumakuru,13.333791,77.123935
61300963,2025-05-14T22:10:00.000,2025-05-23T13:05:49.000,Street Light Out,Closed,Shivamogga,13.924491,75.562432
61301064,2025-05-15T00:03:00.000,2025-05-27T17:10:14.000,Street Light Out,Closed,Hubballi,15.38146,75.126268
61301361,2025-05-15T00:37:00.000,2025-05-20T13:23:03.000,Street Light Out,Closed,Mysuru,12.322696,76.635846
61301380,2025-05-15T01:09:00.000,2025-06-06T16:33:14.000,Street Light Out,Closed,Mysuru,12.282146,76.701601
61301425,2025-05-15T06:29:00.000,2025-05-17T12:30:18.000,Street Light Out,Closed,Bengaluru,12.99998,77.56779
61301694,2025-05-15T06:54:00.000,2025-05-17T12:24:22.000,Street Light Dayburning,Closed,Tumakuru,13.323794,77.093603
61301805,2025-05-15T07:06:00.000,2025-05-22T08:25:00.000,Street Light Out,Closed,Hubballi,15.359122,75.123088
61301917,2025-05-15T09:17:00.000,2025-05-16T15:03:55.000,Street Light Out,Closed,Mysuru,12.322957,76.674404
61301996,2025-05-15T10:57:00.000,2025-05-18T08:53:08.000,Street Light Out,Closed,Mysuru,12.295846,76.675828
61302112,2025-05-15T15:01:00.000,2025-05-19T12:04:00.000,Street Light Out,Closed,Mysuru,12.303566,76.669616
61302519,2025-05-15T18:07:00.000,2025-05-20T11:25:00.000,Street Light Cycling,Closed,Mysuru,12.34258,76.67907
61302561,2025-05-15T18:11:00.000,2025-05-20T08:33:00.000,Street Light Out,Closed,Mysuru,12.262589,76.629779
61302645,2025-05-15T18:47:00.000,2025-05-26T11:18:47.000,Street Light Out,Closed,Mysuru,12.317724,76.674343
61302648,2025-05-15T21:10:00.000,2025-05-25T16:21:51.000,Street Light Out,Closed,Bengaluru,12.955219,77.528637
61303070,2025-05-15T22:00:00.000,2025-05-21T09:20:00.000,Street Light Out,Closed,Bengaluru,12.973582,77.646868
61303170,2025-05-16T00:27:00.000,2025-05-19T08:32:00.000,Street Light Out,Closed,Shivamogga,13.930719,75.512004
61303484,2025-05-16T01:43:00.000,2025-05-24T14:04:56.000,Street Light Out,Closed,Belagavi,15.856955,74.558585
61303553,2025-05-16T02:05:00.000,2025-05-21T15:26:33.000,Street Light Out,Closed,Mangaluru,12.87376,74.861986
61303725,2025-05-16T06:22:00.000,2025-05-17T15:29:13.000,Street Light Out,Closed,Tumakuru,13.339971,77.08231
61303980,2025-05-16T07:00:00.000,2025-05-23T08:08:00.000,Street Light Out,Closed,Belagavi,15.820203,74.555262
61304150,2025-05-16T08:32:00.000,2025-05-20T16:44:49.000,Street Light Out,Closed,Mysuru,12.318565,76.659962
61304207,2025-05-16T08:40:00.000,2025-05-21T08:25:00.000,Street Light Out,Closed,Shivamogga,13.934871,75.565244
61304289,2025-05-16T08:40:00.000,2025-05-24T16:16:31.000,Street Light Out,Closed,Shivamogga,13.92937,75.589852
61304298,2025-05-16T08:49:00.000,2025-05-17T14:33:32.000,Street Light Out,Closed,Bengaluru,12.959881,77.599226
61304357,2025-05-16T08:53:00.000,2025-05-18T16:00:45.000,Street Light Out,Closed,Bengaluru,13.027698,77.573957
61304370,2025-05-16T15:11:00.000,2025-05-18T14:37:38.000,Street Light Out,Closed,Mysuru,12.297902,76.64893
61304462,2025-05-16T18:15:00.000,2025-05-27T11:34:00.000,Street Light Out,Closed,Mangaluru,12.87073,74.85881
61304523,2025-05-16T18:15:00.000,2025-05-20T15:45:00.000,Street Light Out,Closed,Bengaluru,12.986012,77.587798
61304599,2025-05-16T19:28:00.000,2025-05-21T18:08:10.000,Street Light Out,Closed,Mangaluru,12.863779,74.86874
61304602,2025-05-16T19:34:00.000,2025-05-18T17:10:00.000,Street Light Out,Closed,Hubballi,15.349874,75.135472
61304660,2025-05-16T20:27:00.000,2025-05-22T18:57:00.000,Street Light Out,Closed,Hubballi,15.337781,75.17253
61304872,2025-05-16T20:39:00.000,2025-05-25T09:52:00.000,Street Light Out,Closed,Mysuru,12.316449,76.63216
61305020,2025-05-16T20:43:00.000,2025-06-04T13:55:06.000,Street Light Out,Closed,Hubballi,15.388056,75.143588
61305026,2025-05-16T20:48:00.000,2025-05-19T10:46:21.000,Street Light Out,Closed,Shivamogga,13.951574,75.538014
61305071,2025-05-16T22:01:00.000,2025-05-24T16:44:00.000,Street Light Out,Closed,Tumakuru,13.375064,77.097218
61305248,2025-05-16T22:23:00.000,2025-05-23T17:22:24.000,Street Light Out,Closed,Mysuru,12.325087,76.678557
61305485,2025-05-16T23:38:00.000,2025-05-31T08:28:00.000,Street Light Out,Closed,Bengaluru,12.984588,77.685619
61305612,2025-05-17T00:06:00.000,2025-05-26T12:19:02.000,Street Light Cycling,Closed,Mysuru,12.306512,76.673181
61305613,2025-05-17T00:12:00.000,2025-05-23T11:17:00.000,Street Light Out,Closed,Tumakuru,13.358153,77.082411
61305645,2025-05-17T00:35:00.000,2025-05-19T17:35:00.000,Street Light Out,Closed,Belagavi,15.841149,74.492692
61305950,2025-05-17T02:53:00.000,2025-05-24T13:50:50.000,Street Light Cycling,Closed,Mysuru,12.276886,76.635499
61306139,2025-05-17T07:05:00.000,2025-06-12T13:57:00.000,Street Light Out,Closed,Mangaluru,12.884709,74.856185
61306181,2025-05-17T08:00:00.000,2025-05-18T12:57:34.000,Street Light Dayburning,Closed,Mysuru,12.290185,76.615829
61306223,2025-05-17T08:42:00.000,2025-05-20T08:10:00.000,Street Light Out,Closed,Bengaluru,12.990108,77.558593
61306234,2025-05-17T09:02:00.000,2025-05-26T18:45:00.000,Street Light Out,Closed,Hubballi,15.381221,75.123921
61306261,2025-05-17T09:13:00.000,2025-05-22T08:11:12.000,Street Light Out,Closed,Bengaluru,13.012772,77.502469
61306565,2025-05-17T16:18:00.000,2025-06-08T08:29:00.000,Street Light Out,Closed,Hubballi,15.352202,75.130299
61306930,2025-05-17T19:27:00.000,2025-05-21T15:47:00.000,Street Light Out,Closed,Bengaluru,12.98895,77.571751
61307048,2025-05-17T19:48:00.000,2025-05-20T16:14:43.000,Street Light Out,Closed,Bengaluru,12.989202,77.580917
61307062,2025-05-17T21:34:00.000,2025-05-25T10:36:00.000,Street Light Out,Closed,Hubballi,15.354361,75.132836
61307076,2025-05-17T22:41:00.000,2025-05-21T13:00:00.000,Street Light Out,Closed,Mysuru,12.293392,76.667459
61307082,2025-05-17T23:14:00.000,2025-05-21T13:32:00.000,Street Light Cycling,Closed,Shivamogga,13.948045,75.595131
61307258,2025-05-17T23:40:00.000,2025-05-22T09:45:00.000,Street Light Out,Closed,Bengaluru,12.958296,77.556275
61307440,2025-05-18T04:51:00.000,2025-06-03T18:11:00.000,Street Light Out,Closed,Bengaluru,12.912653,77.637582
61307651,2025-05-18T07:24:00.000,2025-05-24T16:21:00.000,Street Light Out,Closed,Bengaluru,12.980237,77.57866
61307658,2025-05-18T08:01:00.000,2025-05-27T10:57:00.000,Street Light Dayburning,Closed,Tumakuru,13.345271,77.10151
61307679,2025-05-18T08:04:00.000,2025-05-24T14:50:20.000,Street Light Cycling,Closed,Belagavi,15.882498,74.510325
61307874,2025-05-18T10:28:00.000,2025-05-25T15:59:09.000,Street Light Out,Closed,Belagavi,15.882607,74.518166
61308426,2025-05-18T11:06:00.000,2025-05-22T15:41:09.000,Street Light Dim,Closed,Hubballi,15.355569,75.126624
61308454,2025-05-18T11:46:00.000,2025-05-24T08:20:00.000,Street Light Out,Closed,Mysuru,12.301139,76.672286
61308479,2025-05-18T13:35:00.000,2025-05-21T11:48:00.000,Street Light Out,Closed,Belagavi,15.862886,74.523935
61308512,2025-05-18T14:02:00.000,2025-05-21T16:51:19.000,Street Light Dayburning,Closed,Hubballi,15.354212,75.132936
61308607,2025-05-18T17:27:00.000,2025-05-24T16:53:30.000,Street Light Out,Closed,Shivamogga,13.934547,75.550399
61308623,2025-05-18T18:16:00.000,2025-05-20T09:11:36.000,Street Light Out,Closed,Mangaluru,12.883385,74.861588
61308695,2025-05-18T19:08:00.000,2025-05-23T13:45:00.000,Street Light Dayburning,Closed,Mysuru,12.295909,76.675872
61308807,2025-05-18T19:11:00.000,2025-05-20T11:50:57.000,Street Light Dayburning,Closed,Bengaluru,12.95596,77.66196
61308817,2025-05-18T20:49:00.000,2025-05-23T13:31:00.000,Street Light Out,Closed,Mysuru,12.288204,76.599693
61309128,2025-05-18T21:11:00.000,2025-05-23T11:42:00.000,Street Light Out,Closed,Mangaluru,12.875405,74.856713
61309181,2025-05-18T21:34:00.000,2025-05-24T09:54:23.000,Street Light Out,Closed,Mysuru,12.29442,76.657729
61309325,2025-05-18T23:47:00.000,2025-05-22T08:48:00.000,Street Light Out,Closed,Bengaluru,12.991578,77.53974
61309397,2025-05-19T03:43:00.000,2025-06-13T09:25:00.000,Street Light Out,Closed,Belagavi,15.847813,74.48118
61309622,2025-05-19T08:44:00.000,2025-05-28T17:45:00.000,Street Light Out,Closed,Mysuru,12.294771,76.675465
61309926,2025-05-19T08:58:00.000,2025-06-06T08:50:00.000,Street Light Out,Closed,Mysuru,12.319046,76.637772
61310161,2025-05-19T09:33:00.000,2025-05-25T09:47:00.000,Street Light Out,Closed,Bengaluru,12.95923,77.587444
61310204,2025-05-19T09:52:00.000,2025-05-24T17:34:00.000,Lamppost Damaged,Closed,Bengaluru,12.960784,77.650477
61310254,2025-05-19T10:20:00.000,2025-05-25T18:14:23.000,Street Light Out,Closed,Hubballi,15.345959,75.138283
61310773,2025-05-19T11:11:00.000,2025-05-22T12:12:27.000,Street Light Out,Closed,Mangaluru,12.937278,74.844563
61310882,2025-05-19T11:18:00.000,2025-05-22T09:52:09.000,Street Light Out,Closed,Mangaluru,12.882986,74.872433
61310942,2025-05-19T12:46:00.000,2025-05-23T16:06:57.000,Street Light Dayburning,Closed,Bengaluru,12.946287,77.631687
61311012,2025-05-19T17:09:00.000,2025-05-23T08:54:04.000,Street Light Dayburning,Closed,Hubballi,15.370657,75.113056
61311741,2025-05-19T17:24:00.000,2025-05-21T17:06:28.000,Street Light Out,Closed,Mangaluru,12.885386,74.856357
61311755,2025-05-19T18:09:00.000,2025-05-21T12:05:00.000,Street Light Out,Closed,Mysuru,12.312647,76.715484
61312028,2025-05-19T19:50:00.000,2025-05-23T17:41:43.000,Street Light Out,Closed,Mangaluru,12.874417,74.867966
61312063,2025-05-19T21:14:00.000,2025-06-05T11:54:00.000,Street Light Out,Closed,Bengaluru,12.979609,77.591743
61312139,2025-05-19T21:19:00.000,2025-05-24T14:02:00.000,Street Light Out,Closed,Mysuru,12.344009,76.683505
61312145,2025-05-19T22:29:00.000,2025-06-01T09:36:42.000,Street Light Out,Closed,Hubballi,15.382712,75.129391
61312211,2025-05-20T07:08:00.000,2025-05-27T12:13:00.000,Street Light Out,Closed,Mysuru,12.315137,76.658291
61312338,2025-05-20T08:52:00.000,2025-05-22T12:27:00.000,Street Light Out,Closed,Tumakuru,13.369414,77.134075
61312613,2025-05-20T10:15:00.000,2025-05-21T10:39:54.000,Street Light Out,Closed,Mysuru,12.254821,76.627274
61312715,2025-05-20T10:33:00.000,2025-05-25T10:00:00.000,Street Light Out,Closed,Mysuru,12.302967,76.658935
61312964,2025-05-20T14:03:00.000,2025-05-23T15:48:00.000,Street Light Cycling,Closed,Tumakuru,13.33789,77.095099
61313359,2025-05-20T15:23:00.000,2025-05-23T18:30:00.000,Street Light Out,Closed,Shivamogga,13.941565,75.563781
61313513,2025-05-20T17:16:00.000,2025-05-28T18:47:13.000,Street Light Out,Closed,Belagavi,15.837133,74.529549
61313525,2025-05-20T17:49:00.000,2025-05-24T17:37:47.000,Street Light Out,Closed,Hubballi,15.315005,75.1202
61313615,2025-05-20T18:32:00.000,2025-05-23T10:51:20.000,Street Light Dayburning,Closed,Hubballi,15.377347,75.120517
61313877,2025-05-20T18:56:00.000,2025-05-21T13:58:21.000,Street Light Out,Closed,Belagavi,15.856541,74.509914
61314081,2025-05-20T19:30:00.000,2025-05-31T16:52:10.000,Street Light Out,Closed,Hubballi,15.351556,75.123289
61314152,2025-05-20T19:42:00.000,2025-06-06T12:42:00.000,Street Light Out,Closed,Tumakuru,13.331812,77.099817
61314257,2025-05-20T21:48:00.000,2025-06-01T16:28:30.000,Street Light Out,Closed,Mangaluru,12.880464,74.859762
61314299,2025-05-20T21:53:00.000,2025-05-29T18:43:00.000,Street Light Out,Closed,Bengaluru,12.940144,77.63605
61314591,2025-05-20T22:47:00.000,2025-05-27T15:42:42.000,Street Light Out,Closed,Bengaluru,13.00405,77.570973
61314710,2025-05-21T02:06:00.000,2025-06-08T14:59:00.000,Street Light Out,Closed,Tumakuru,13.349928,77.101071
61314758,2025-05-21T08:04:00.000,2025-05-23T16:12:50.000,Street Light Out,Closed,Mysuru,12.322788,76.666109
61315124,2025-05-21T08:07:00.000,2025-07-08T14:11:00.000,Street Light Out,Closed,Hubballi,15.355146,75.124734
61315367,2025-05-21T09:11:00.000,2025-05-23T15:34:00.000,Street Light Cycling,Closed,Belagavi,15.841275,74.518375
61315432,2025-05-21T09:23:00.000,2025-05-28T16:04:00.000,Street Light Out,Closed,Tumakuru,13.344277,77.093416
61315624,2025-05-21T10:00:00.000,2025-05-29T16:28:11.000,Street Light Out,Closed,Shivamogga,13.925553,75.558732
61315865,2025-05-21T16:29:00.000,2025-08-01T11:23:00.000,Street Light Out,Closed,Shivamogga,13.910244,75.559287
61315905,2025-05-21T16:44:00.000,2025-05-23T14:40:21.000,Street Light Out,Closed,Belagavi,15.829242,74.54061
61316105,2025-05-21T17:29:00.000,2025-05-24T08:03:00.000,Street Light Out,Closed,Shivamogga,13.927952,75.556096
61316125,2025-05-21T18:00:00.000,2025-05-23T11:22:00.000,Street Light Out,Closed,Mysuru,12.261863,76.656769
61316151,2025-05-21T18:46:00.000,2025-05-26T13:14:03.000,Street Light Out,Closed,Bengaluru,12.945229,77.626168
61316160,2025-05-21T19:06:00.000,2025-05-30T14:18:00.000,Street Light Out,Closed,Bengaluru,13.032554,77.63127
61316263,2025-05-21T19:34:00.000,2025-07-04T12:50:42.000,Street Light Out,Closed,Belagavi,15.848918,74.485918
61316318,2025-05-21T19:47:00.000,2025-05-25T08:46:15.000,Street Light Dim,Closed,Bengaluru,12.978556,77.643302
61316495,2025-05-21T20:00:00.000,2025-05-23T10:53:35.000,Street Light Out,Closed,Belagavi,15.834399,74.556929
61316510,2025-05-21T20:16:00.000,2025-05-22T15:26:40.000,Street Light Cycling,Closed,Bengaluru,12.966092,77.567601
61316600,2025-05-21T21:59:00.000,2025-05-24T16:41:59.000,Street Light Out,Closed,Bengaluru,12.982346,77.664012
61316902,2025-05-21T22:48:00.000,2025-06-03T18:39:52.000,Street Light Out,Closed,Mangaluru,12.91698,74.846925
61316932,2025-05-21T23:23:00.000,2025-05-28T11:26:00.000,Street Light Out,Closed,Mangaluru,12.887006,74.852968
61316938,2025-05-22T01:59:00.000,2025-05-28T16:35:58.000,Street Light Out,Closed,Tumakuru,13.354262,77.086668
61317042,2025-05-22T04:27:00.000,2025-05-24T16:57:00.000,Street Light Out,Closed,Bengaluru,12.96267,77.625221
61317123,2025-05-22T07:26:00.000,2025-05-29T15:14:00.000,Street Light Out,Closed,Mangaluru,12.837738,74.847583
61317224,2025-05-22T09:37:00.000,2025-05-24T09:34:00.000,Street Light Out,Closed,Bengaluru,12.924502,77.592084
61317234,2025-05-22T10:00:00.000,2025-05-28T13:00:00.000,Street Light Out,Closed,Bengaluru,13.034617,77.452487
61317357,2025-05-22T14:50:00.000,2025-05-27T10:44:00.000,Street Light Out,Closed,Shivamogga,13.916787,75.583437
61317412,2025-05-22T16:14:00.000,2025-05-29T14:28:59.000,Street Light Out,Closed,Shivamogga,13.927066,75.55912
61317572,2025-05-22T16:50:00.000,2025-05-26T10:55:15.000,Street Light Out,Closed,Bengaluru,12.93287,77.550247
61318010,2025-05-22T18:15:00.000,2025-05-31T09:18:00.000,Street Light Out,Closed,Tumakuru,13.329833,77.073381
61318183,2025-05-22T18:21:00.000,2025-05-27T09:11:45.000,Street Light Out,Closed,Bengaluru,12.933852,77.610693
61318189,2025-05-22T19:17:00.000,2025-06-16T18:55:00.000,Street Light Out,Closed,Bengaluru,12.966724,77.619563
61318509,2025-05-22T19:57:00.000,2025-05-23T10:20:04.000,Street Light Out,Closed,Bengaluru,13.00589,77.503508
61318528,2025-05-22T20:39:00.000,2025-06-06T11:12:00.000,Street Light Out,Closed,Mangaluru,12.888669,74.885756
61318557,2025-05-22T20:43:00.000,2025-05-31T08:23:31.000,Street Light Out,Closed,Bengaluru,12.948629,77.629625
61318679,2025-05-22T22:23:00.000,2025-05-31T17:38:00.000,Street Light Dayburning,Closed,Mangaluru,12.878323,74.868811
61318689,2025-05-22T23:12:00.000,2025-06-10T17:25:50.000,Street Light Out,Closed,Mysuru,12.309837,76.649483
61318718,2025-05-22T23:51:00.000,2025-05-29T14:05:00.000,Street Light Out,Closed,Hubballi,15.359534,75.14072
61318719,2025-05-22T23:52:00.000,2025-05-27T12:11:00.000,Street Light Dayburning,Closed,Tumakuru,13.321475,77.082911
61318959,2025-05-23T01:06:00.000,2025-05-27T16:56:00.000,Street Light Out,Closed,Belagavi,15.882734,74.47687
61318990,2025-05-23T08:03:00.000,2025-05-24T17:39:00.000,Street Light Out,Closed,Bengaluru,12.936645,77.613454
61319317,2025-05-23T08:10:00.000,2025-06-01T08:46:00.000,Street Light Out,Closed,Bengaluru,12.97259,77.604845
61319352,2025-05-23T08:23:00.000,2025-05-26T12:05:00.000,Street Light Out,Closed,Shivamogga,13.936844,75.570958
61319419,2025-05-23T09:16:00.000,2025-05-25T13:07:01.000,Street Light Out,Closed,Tumakuru,13.375397,77.131208
61319489,2025-05-23T12:25:00.000,2025-07-08T15:32:00.000,Street Light Out,Closed,Bengaluru,12.957673,77.648009
61319672,2025-05-23T17:31:00.000,2025-05-27T16:31:00.000,Lamppost Damaged,Closed,Belagavi,15.874767,74.544295
61319847,2025-05-23T17:48:00.000,2025-05-31T11:19:41.000,Street Light Out,Closed,Belagavi,15.902193,74.506783
61319919,2025-05-23T18:10:00.000,2025-06-01T09:00:00.000,Street Light Out,Closed,Hubballi,15.353538,75.115288
61319931,2025-05-23T19:18:00.000,2025-05-30T15:49:00.000,Street Light Out,Closed,Belagavi,15.826159,74.557647
61319962,2025-05-23T19:51:00.000,2025-05-27T09:32:40.000,Street Light Out,Closed,Tumakuru,13.339024,77.105135
61320075,2025-05-23T20:54:00.000,2025-05-27T08:55:00.000,Lamppost Damaged,Closed,Bengaluru,12.972087,77.597237
61320871,2025-05-23T22:07:00.000,2025-06-20T13:22:00.000,Street Light Out,Closed,Bengaluru,12.954827,77.65151
61320937,2025-05-23T22:50:00.000,2025-05-25T15:52:27.000,Street Light Out,Closed,Hubballi,15.344075,75.133036
61321054,2025-05-23T22:54:00.000,2025-05-31T15:56:36.000,Street Light Out,Closed,Hubballi,15.313861,75.139259
61321074,2025-05-23T22:54:00.000,2025-05-26T17:33:29.000,Street Light Out,Closed,Mangaluru,12.875929,74.862367
61321124,2025-05-23T23:02:00.000,2025-05-25T17:33:00.000,Street Light Out,Closed,Mysuru,12.302432,76.665576
61321152,2025-05-24T02:30:00.000,2025-05-28T15:12:00.000,Street Light Out,Closed,Belagavi,15.847712,74.530728
61321240,2025-05-24T08:38:00.000,2025-05-29T13:48:26.000,Street Light Cycling,Closed,Mysuru,12.305113,76.663832
61321552,2025-05-24T10:18:00.000,2025-05-26T17:32:05.000,Street Light Out,Closed,Mysuru,12.292977,76.661809
61321787,2025-05-24T13:38:00.000,2025-06-04T08:22:00.000,Street Light Out,Closed,Belagavi,15.845426,74.500284
61322359,2025-05-24T16:15:00.000,2025-05-28T10:00:00.000,Street Light Out,Closed,Bengaluru,12.961857,77.593975
61322620,2025-05-24T18:15:00.000,2025-06-08T10:38:00.000,Street Light Out,Closed,Tumakuru,13.33213,77.114189
61322828,2025-05-24T18:20:00.000,2025-05-28T16:05:47.000,Street Light Out,Closed,Hubballi,15.344403,75.146425
61322857,2025-05-24T19:38:00.000,2025-05-26T08:27:59.000,Street Light Out,Closed,Bengaluru,12.931683,77.668221
61322927,2025-05-24T21:46:00.000,2025-05-30T13:13:00.000,Street Light Out,Closed,Tumakuru,13.345082,77.087936
61323100,2025-05-24T21:51:00.000,2025-05-29T11:30:02.000,Street Light Out,Closed,Mysuru,12.267604,76.64295
61323128,2025-05-24T22:02:00.000,2025-05-27T13:57:21.000,Street Light Out,Closed,Hubballi,15.314494,75.10185
61323362,2025-05-24T23:45:00.000,2025-06-18T12:33:00.000,Street Light Out,Closed,Tumakuru,13.346332,77.098444
61323478,2025-05-25T08:26:00.000,2025-05-29T15:09:00.000,Street Light Out,Closed,Tumakuru,13.343116,77.097752
61323513,2025-05-25T09:47:00.000,2025-05-28T09:22:18.000,Street Light Out,Closed,Bengaluru,13.021535,77.494282
61323584,2025-05-25T09:59:00.000,2025-06-01T17:53:23.000,Street Light Out,Closed,Hubballi,15.359118,75.143467
61323686,2025-05-25T11:13:00.000,2025-05-26T16:40:18.000,Street Light Out,Closed,Bengaluru,12.977166,77.576467
61324065,2025-05-25T13:16:00.000,2025-05-31T13:41:34.000,Street Light Out,Closed,Tumakuru,13.323741,77.146172
61324133,2025-05-25T17:28:00.000,2025-06-01T10:55:00.000,Street Light Out,Closed,Shivamogga,13.958242,75.555187
61324215,2025-05-25T18:21:00.000,2025-06-01T11:26:17.000,Street Light Dayburning,Closed,Bengaluru,12.971261,77.583016
61324241,2025-05-25T18:42:00.000,2025-06-03T16:14:00.000,Street Light Out,Closed,Hubballi,15.352294,75.136878
61324302,2025-05-25T18:43:00.000,2025-05-28T12:25:00.000,Street Light Out,Closed,Bengaluru,12.964523,77.57345
61324527,2025-05-25T20:03:00.000,2025-06-27T15:14:20.000,Street Light Dayburning,Closed,Tumakuru,13.343209,77.107042
61324922,2025-05-25T21:44:00.000,2025-05-31T16:54:00.000,Street Light Out,Closed,Mangaluru,12.884354,74.845068
61325079,2025-05-25T21:53:00.000,2025-06-02T18:19:00.000,Street Light Out,Closed,Mysuru,12.299294,76.656789
61325218,2025-05-25T22:33:00.000,2025-05-29T15:55:00.000,Street Light Out,Closed,Belagavi,15.848117,74.487228
61325257,2025-05-25T23:43:00.000,2025-05-30T16:23:00.000,Street Light Out,Closed,Bengaluru,12.959801,77.613243
61325411,2025-05-25T23:48:00.000,2025-05-28T18:09:54.000,Street Light Out,Closed,Mangaluru,12.870843,74.857284
61325561,2025-05-25T23:49:00.000,2025-06-01T14:37:00.000,Street Light Out,Closed,Mysuru,12.303651,76.651671
61325656,2025-05-26T08:12:00.000,2025-05-31T10:40:42.000,Street Light Out,Closed,Mysuru,12.298456,76.677198
61325819,2025-05-26T08:15:00.000,2025-06-17T08:14:25.000,Street Light Out,Closed,Mysuru,12.291224,76.651706
61325862,2025-05-26T08:21:00.000,2025-05-30T15:20:00.000,Street Light Out,Closed,Belagavi,15.884655,74.477256
61325920,2025-05-26T09:29:00.000,2025-05-28T14:08:36.000,Street Light Out,Closed,Bengaluru,12.988032,77.694797
61325944,2025-05-26T11:14:00.000,2025-05-27T15:48:00.000,Street Light Out,Closed,Mysuru,12.294544,76.650414
61325991,2025-05-26T12:41:00.000,2025-05-31T17:01:00.000,Street Light Out,Closed,Mangaluru,12.877898,74.856633
61326051,2025-05-26T14:02:00.000,2025-06-04T14:59:08.000,Street Light Out,Closed,Shivamogga,13.932258,75.569484
61326077,2025-05-26T14:31:00.000,2025-05-30T18:10:00.000,Street Light Out,Closed,Mysuru,12.319839,76.644357
61326191,2025-05-26T17:16:00.000,2025-05-31T18:00:00.000,Street Light Out,Closed,Bengaluru,12.932801,77.583831
61326289,2025-05-26T18:06:00.000,2025-06-02T14:49:51.000,Street Light Cycling,Closed,Hubballi,15.322696,75.177306
61326394,2025-05-26T18:30:00.000,2025-05-31T12:58:00.000,Street Light Out,Closed,Mangaluru,12.883339,74.861561
61326482,2025-05-26T19:06:00.000,2025-05-28T14:57:22.000,Street Light Out,Closed,Hubballi,15.359289,75.118433
61326528,2025-05-26T19:14:00.000,2025-06-05T10:56:00.000,Street Light Out,Closed,Tumakuru,13.367472,77.127088
61326651,2025-05-26T19:24:00.000,2025-07-22T14:19:00.000,Street Light Out,Closed,Hubballi,15.366767,75.163382
61326742,2025-05-26T20:28:00.000,2025-06-05T09:13:00.000,Street Light Out,Closed,Hubballi,15.356788,75.148725
61326802,2025-05-26T20:56:00.000,2025-05-29T11:15:00.000,Street Light Out,Closed,Mysuru,12.323782,76.620068
61326941,2025-05-26T21:04:00.000,2025-05-30T11:03:09.000,Street Light Dim,Closed,Bengaluru,13.007998,77.61315
61326996,2025-05-26T21:24:00.000,2025-05-31T14:28:00.000,Street Light Out,Closed,Mysuru,12.295238,76.62003
61327123,2025-05-26T21:53:00.000,2025-06-07T15:25:00.000,Street Light Out,Closed,Hubballi,15.377512,75.123471
61327131,2025-05-26T21:55:00.000,2025-06-03T15:12:23.000,Street Light Out,Closed,Mysuru,12.292415,76.648851
61327458,2025-05-26T22:09:00.000,2025-05-27T18:54:39.000,Street Light Dayburning,Closed,Mysuru,12.312088,76.671948
61327635,2025-05-27T00:32:00.000,2025-06-05T09:01:00.000,Street Light Out,Closed,Mysuru,12.334028,76.677622
61327641,2025-05-27T04:48:00.000,2025-05-29T12:42:01.000,Street Light Dayburning,Closed,Mangaluru,12.87329,74.858191
61327678,2025-05-27T08:21:00.000,2025-06-11T09:25:32.000,Street Light Out,Closed,Bengaluru,13.064703,77.582391
61328066,2025-05-27T15:27:00.000,2025-06-02T13:03:14.000,Street Light Out,Closed,Hubballi,15.367777,75.127806
61328072,2025-05-27T18:47:00.000,2025-05-30T14:27:00.000,Street Light Out,Closed,Mysuru,12.3175,76.659114
61328248,2025-05-27T20:46:00.000,2025-06-01T14:42:00.000,Street Light Out,Closed,Bengaluru,12.934879,77.558073
61328451,2025-05-28T00:01:00.000,2025-06-04T09:50:56.000,Street Light Out,Closed,Hubballi,15.3794,75.117864
61328470,2025-05-28T01:02:00.000,2025-05-29T11:35:09.000,Street Light Dim,Closed,Bengaluru,12.942118,77.593977
61328612,2025-05-28T08:13:00.000,2025-06-27T08:58:00.000,Street Light Out,Closed,Bengaluru,12.895746,77.577341
61328824,2025-05-28T08:20:00.000,2025-06-03T12:45:34.000,Street Light Out,Closed,Mangaluru,12.873907,74.862102
61329066,2025-05-28T08:31:00.000,2025-05-30T15:00:00.000,Street Light Out,Closed,Bengaluru,12.943856,77.575064
61329208,2025-05-28T08:47:00.000,2025-06-01T16:22:00.000,Street Light Out,Closed,Bengaluru,12.924283,77.66106
61329244,2025-05-28T08:56:00.000,2025-05-30T08:09:00.000,Street Light Out,Closed,Mangaluru,12.874742,74.859984
61329362,2025-05-28T09:08:00.000,2025-06-25T08:47:26.000,Street Light Out,Closed,Mangaluru,12.881429,74.853048
61329414,2025-05-28T09:28:00.000,2025-05-30T16:45:00.000,Street Light Out,Closed,Tumakuru,13.344691,77.111697
61329732,2025-05-28T11:23:00.000,2025-05-31T14:41:11.000,Street Light Out,Closed,Bengaluru,12.963866,77.636065
61329742,2025-05-28T11:30:00.000,2025-06-01T12:57:26.000,Street Light Dayburning,Closed,Mysuru,12.303664,76.671393
61329830,2025-05-28T18:02:00.000,2025-06-09T09:08:34.000,Street Light Out,Closed,Hubballi,15.39138,75.136437
61329843,2025-05-28T18:43:00.000,2025-06-07T08:19:00.000,Street Light Out,Closed,Hubballi,15.301643,75.111349
61330134,2025-05-28T19:03:00.000,2025-06-15T15:07:03.000,Lamppost Damaged,Closed,Mangaluru,12.882498,74.858458
61330138,2025-05-28T20:21:00.000,2025-07-10T14:53:19.000,Street Light Out,Closed,Bengaluru,12.946357,77.631661
61330154,2025-05-28T20:54:00.000,2025-06-03T16:02:00.000,Street Light Out,Closed,Belagavi,15.85819,74.452573
61330340,2025-05-28T22:57:00.000,2025-05-30T11:08:23.000,Street Light Dayburning,Closed,Mysuru,12.304186,76.624297
61330572,2025-05-28T23:30:00.000,2025-06-06T18:47:00.000,Street Light Out,Closed,Mysuru,12.279416,76.696048
61330655,2025-05-29T00:10:00.000,2025-06-05T13:49:59.000,Street Light Out,Closed,Mysuru,12.313264,76.659376
61330970,2025-05-29T00:57:00.000,2025-05-30T13:59:14.000,Street Light Out,Closed,Mangaluru,12.881293,74.847317
61331157,2025-05-29T04:06:00.000,2025-06-10T15:11:00.000,Street Light Out,Closed,Bengaluru,13.009446,77.596073
61331578,2025-05-29T06:35:00.000,2025-06-03T10:28:00.000,Street Light Out,Closed,Bengaluru,13.022228,77.648716
61331770,2025-05-29T09:07:00.000,2025-07-14T16:46:39.000,Street Light Out,Closed,Mysuru,12.307726,76.65449
61331780,2025-05-29T09:45:00.000,2025-06-04T18:29:55.000,Street Light Out,Closed,Bengaluru,12.979034,77.572476
61331942,2025-05-29T10:28:00.000,2025-06-07T18:35:00.000,Street Light Cycling,Closed,Hubballi,15.385513,75.111452
61332147,2025-05-29T10:39:00.000,2025-06-03T13:10:46.000,Street Light Dayburning,Closed,Mangaluru,12.891951,74.861359
61332198,2025-05-29T10:42:00.000,2025-05-30T11:05:44.000,Street Light Out,Closed,Bengaluru,12.972927,77.594534
61332340,2025-05-29T10:46:00.000,2025-06-04T18:07:29.000,Street Light Out,Closed,Bengaluru,12.986876,77.699459
61332459,2025-05-29T10:57:00.000,2025-05-30T17:30:00.000,Street Light Out,Closed,Bengaluru,12.944355,77.584254
61332619,2025-05-29T13:15:00.000,2025-06-03T10:11:00.000,Street Light Out,Closed,Bengaluru,12.988226,77.66516
61332685,2025-05-29T15:17:00.000,2025-05-31T08:04:00.000,Street Light Out,Closed,Mangaluru,12.906269,74.891295
61332802,2025-05-29T16:16:00.000,2025-06-03T17:31:15.000,Street Light Out,Closed,Mangaluru,12.829251,74.901562
61332994,2025-05-29T16:35:00.000,2025-05-30T14:13:00.000,Street Light Out,Closed,Mysuru,12.343034,76.718292
61333045,2025-05-29T16:35:00.000,2025-06-03T09:58:53.000,Street Light Out,Closed,Mangaluru,12.877423,74.857878
61333398,2025-05-29T18:52:00.000,2025-05-31T18:12:23.000,Street Light Out,Closed,Mysuru,12.312839,76.682086
61333518,2025-05-29T19:56:00.000,2025-06-18T12:04:00.000,Street Light Out,Closed,Shivamogga,13.913271,75.55977
61333662,2025-05-29T21:50:00.000,2025-06-21T14:48:00.000,Street Light Out,Closed,Mangaluru,12.881047,74.867262
61333726,2025-05-29T22:35:00.000,2025-06-03T17:13:00.000,Street Light Out,Closed,Hubballi,15.370931,75.133343
61333751,2025-05-29T23:58:00.000,2025-06-04T16:28:24.000,Street Light Out,Closed,Tumakuru,13.336864,77.109732
61333783,2025-05-30T00:03:00.000,2025-06-05T13:25:00.000,Street Light Out,Closed,Mysuru,12.287473,76.616792
61333863,2025-05-30T07:28:00.000,2025-06-02T17:12:00.000,Street Light Out,Closed,Belagavi,15.840226,74.491331
61333943,2025-05-30T07:53:00.000,2025-06-12T14:49:00.000,Street Light Out,Closed,Hubballi,15.313999,75.121232
61334193,2025-05-30T09:05:00.000,2025-06-05T18:27:00.000,Street Light Out,Closed,Bengaluru,12.98899,77.587919
61334208,2025-05-30T09:56:00.000,2025-06-05T08:22:47.000,Street Light Out,Closed,Mysuru,12.298117,76.641746
61334985,2025-05-30T10:18:00.000,2025-06-09T13:09:00.000,Street Light Out,Closed,Shivamogga,13.93958,75.570949
61335379,2025-05-30T10:47:00.000,2025-06-11T14:11:29.000,Street Light Out,Closed,Mysuru,12.322999,76.66629
61335619,2025-05-30T11:05:00.000,2025-06-02T16:50:00.000,Street Light Out,Closed,Shivamogga,13.9312,75.564867
61335640,2025-05-30T11:56:00.000,2025-06-21T17:41:00.000,Street Light Out,Closed,Hubballi,15.356648,75.123142
61335651,2025-05-30T14:27:00.000,2025-06-03T18:15:00.000,Street Light Out,Closed,Hubballi,15.349818,75.125985
61335919,2025-05-30T15:17:00.000,2025-06-03T08:20:33.000,Street Light Out,Closed,Hubballi,15.381112,75.132041
61336003,2025-05-30T16:40:00.000,2025-06-04T13:29:00.000,Street Light Out,Closed,Bengaluru,12.942502,77.616704
61336132,2025-05-30T17:07:00.000,2025-06-13T08:05:11.000,Street Light Out,Closed,Belagavi,15.838552,74.518733
61336399,2025-05-30T17:21:00.000,2025-06-03T10:42:01.000,Street Light Out,Closed,Mysuru,12.331965,76.688421
61336412,2025-05-30T17:33:00.000,2025-06-01T18:01:00.000,Street Light Out,Closed,Bengaluru,12.876644,77.578997
61336714,2025-05-30T18:28:00.000,2025-06-20T15:09:00.000,Street Light Dayburning,Closed,Bengaluru,12.950165,77.551356
61336735,2025-05-30T20:06:00.000,2025-06-10T16:30:00.000,Street Light Out,Closed,Hubballi,15.406158,75.121522
61336762,2025-05-30T21:01:00.000,2025-06-04T12:08:01.000,Street Light Dim,Closed,Mangaluru,12.857359,74.896155
61336912,2025-05-30T21:40:00.000,2025-06-07T16:15:46.000,Street Light Dayburning,Closed,Bengaluru,13.005726,77.562667
61337058,2025-05-30T22:10:00.000,2025-06-09T13:06:23.000,Street Light Out,Closed,Hubballi,15.359014,75.14587
61337193,2025-05-30T22:34:00.000,2025-06-15T15:40:00.000,Street Light Out,Closed,Mangaluru,12.87575,74.845127
61337224,2025-05-31T00:26:00.000,2025-06-02T09:22:05.000,Street Light Out,Closed,Mangaluru,12.873032,74.867122
61337225,2025-05-31T01:42:00.000,2025-07-09T09:57:00.000,Street Light Out,Closed,Hubballi,15.35978,75.137106
61337292,2025-05-31T07:15:00.000,2025-07-28T16:58:07.000,Street Light Out,Closed,Mangaluru,12.875671,74.865225
61337330,2025-05-31T08:43:00.000,2025-07-18T14:15:03.000,Street Light Out,Closed,Mysuru,12.294097,76.638664
61337398,2025-05-31T10:15:00.000,2025-06-03T08:23:00.000,Street Light Out,Closed,Bengaluru,12.951196,77.548334
61337500,2025-05-31T10:27:00.000,2025-06-07T18:58:00.000,Street Light Out,Closed,Mysuru,12.291596,76.638676
61337619,2025-05-31T10:34:00.000,2025-06-13T09:48:00.000,Street Light Out,Closed,Bengaluru,12.9524,77.649375
61337821,2025-05-31T11:46:00.000,2025-06-03T15:32:00.000,Street Light Out,Closed,Bengaluru,12.886626,77.525121
61337959,2025-05-31T15:01:00.000,2025-06-04T14:19:31.000,Street Light Out,Closed,Mysuru,12.300182,76.680028
61337961,2025-05-31T15:37:00.000,2025-06-03T10:40:00.000,Street Light Out,Closed,Mysuru,12.34822,76.674729
61337971,2025-05-31T17:56:00.000,2025-06-04T17:03:12.000,Street Light Out,Closed,Bengaluru,12.937646,77.613049
61338012,2025-05-31T18:00:00.000,2025-06-03T12:53:00.000,Street Light Out,Closed,Bengaluru,12.97429,77.615685
61338054,2025-05-31T18:45:00.000,2025-06-05T15:03:00.000,Street Light Out,Closed,Tumakuru,13.339496,77.090714
61338127,2025-05-31T19:33:00.000,2025-06-03T09:03:00.000,Street Light Out,Closed,Mysuru,12.306496,76.664267
61338197,2025-05-31T20:06:00.000,2025-06-06T13:58:41.000,Street Light Out,Closed,Hubballi,15.345955,75.138277
61338279,2025-05-31T20:27:00.000,2025-06-07T09:36:00.000,Street Light Out,Closed,Mysuru,12.314006,76.688222
61338301,2025-05-31T23:10:00.000,2025-06-04T12:13:48.000,Street Light Out,Closed,Bengaluru,12.911256,77.698071
61338315,2025-05-31T23:50:00.000,2025-07-12T15:49:00.000,Street Light Out,Closed,Mysuru,12.322468,76.652461
61338369,2025-06-01T02:24:00.000,2025-06-01T13:56:41.000,Street Light Out,Closed,Bengaluru,12.961281,77.645138
61338610,2025-06-01T03:02:00.000,2025-06-11T16:41:54.000,Street Light Out,Closed,Bengaluru,12.979492,77.581251
61338669,2025-06-01T05:13:00.000,2025-06-25T15:35:40.000,Street Light Out,Closed,Hubballi,15.345902,75.135852
61338727,2025-06-01T06:54:00.000,2025-06-04T09:03:49.000,Street Light Out,Closed,Tumakuru,13.346017,77.116625
61338742,2025-06-01T07:34:00.000,2025-06-04T09:33:00.000,Street Light Out,Closed,Hubballi,15.349847,75.135387
61338889,2025-06-01T07:55:00.000,2025-06-12T14:10:00.000,Street Light Dayburning,Closed,Hubballi,15.353632,75.11958
61338954,2025-06-01T09:01:00.000,2025-07-05T17:49:00.000,Street Light Out,Closed,Bengaluru,12.97617,77.651273
61339005,2025-06-01T09:37:00.000,2025-06-09T11:21:00.000,Street Light Out,Closed,Mysuru,12.317789,76.633224
61339131,2025-06-01T09:54:00.000,2025-06-04T08:39:00.000,Street Light Cycling,Closed,Bengaluru,12.982821,77.587765
61339263,2025-06-01T14:09:00.000,2025-06-18T10:59:00.000,Street Light Out,Closed,Bengaluru,12.982977,77.626873
61339504,2025-06-01T15:26:00.000,2025-06-22T13:00:00.000,Street Light Out,Closed,Mangaluru,12.844697,74.911405
61339665,2025-06-01T16:37:00.000,2025-06-08T14:55:00.000,Street Light Out,Closed,Mysuru,12.31736,76.655403
61339978,2025-06-01T16:46:00.000,2025-06-04T15:58:53.000,Street Light Cycling,Closed,Bengaluru,12.970695,77.594451
61339994,2025-06-01T18:59:00.000,2025-06-07T18:28:00.000,Street Light Out,Closed,Bengaluru,13.005513,77.629602
61340338,2025-06-01T19:04:00.000,2025-06-17T14:13:00.000,Street Light Out,Closed,Tumakuru,13.319621,77.132078
61340406,2025-06-01T19:08:00.000,2025-06-08T17:01:05.000,Street Light Out,Closed,Hubballi,15.330366,75.090839
61340700,2025-06-01T19:17:00.000,2025-07-30T13:01:00.000,Street Light Out,Closed,Mysuru,12.291552,76.618045
61340714,2025-06-01T19:47:00.000,2025-06-04T14:00:42.000,Street Light Out,Closed,Mangaluru,12.875537,74.872174
61340795,2025-06-01T21:01:00.000,2025-06-03T08:58:35.000,Street Light Out,Closed,Bengaluru,12.94696,77.591625
61340838,2025-06-01T21:24:00.000,2025-06-15T09:42:00.000,Street Light Out,Closed,Bengaluru,12.982661,77.68727
61340913,2025-06-01T21:34:00.000,2025-06-08T16:37:00.000,Street Light Out,Closed,Mysuru,12.297716,76.662821
61341029,2025-06-01T21:48:00.000,2025-06-04T13:25:22.000,Street Light Out,Closed,Mangaluru,12.891001,74.859222
61341197,2025-06-02T05:38:00.000,2025-06-04T16:58:47.000,Street Light Out,Closed,Bengaluru,12.940479,77.719903
61341957,2025-06-02T06:56:00.000,2025-06-10T16:11:34.000,Street Light Out,Closed,Hubballi,15.330086,75.092858
61342018,2025-06-02T07:10:00.000,2025-06-09T12:57:39.000,Street Light Out,Closed,Mysuru,12.309603,76.670009
61342020,2025-06-02T09:41:00.000,2025-06-09T10:38:00.000,Street Light Dim,Closed,Mangaluru,12.888584,74.899325
61342091,2025-06-02T09:42:00.000,2025-06-06T11:06:28.000,Street Light Out,Closed,Shivamogga,13.903991,75.562436
61342562,2025-06-02T09:43:00.000,2025-07-30T10:30:10.000,Street Light Out,Closed,Tumakuru,13.33921,77.087709
61343085,2025-06-02T09:59:00.000,2025-06-13T13:44:00.000,Lamppost Damaged,Closed,Mangaluru,12.877587,74.859462
61343092,2025-06-02T10:29:00.000,2025-06-26T17:05:35.000,Street Light Out,Closed,Bengaluru,12.966243,77.637647
61343116,2025-06-02T15:53:00.000,2025-06-05T16:43:00.000,Street Light Out,Closed,Mangaluru,12.899061,74.85703
61343122,2025-06-02T16:48:00.000,2025-06-05T11:58:00.000,Street Light Out,Closed,Hubballi,15.358683,75.140224
61343223,2025-06-02T17:55:00.000,2025-06-04T15:58:00.000,Street Light Out,Closed,Mysuru,12.3226,76.635714
61343231,2025-06-02T18:42:00.000,2025-06-08T12:51:00.000,Street Light Out,Closed,Hubballi,15.322558,75.112362
61343397,2025-06-02T18:58:00.000,2025-06-06T15:07:00.000,Street Light Out,Closed,Tumakuru,13.344637,77.099428
61343402,2025-06-02T19:48:00.000,2025-06-05T12:27:00.000,Street Light Out,Closed,Mysuru,12.302196,76.652418
61343479,2025-06-02T20:23:00.000,2025-06-28T16:37:45.000,Street Light Out,Closed,Tumakuru,13.337963,77.099993
61343493,2025-06-02T20:38:00.000,2025-06-06T09:06:00.000,Street Light Out,Closed,Tumakuru,13.333759,77.107635
61343546,2025-06-02T21:13:00.000,2025-06-05T08:26:00.000,Street Light Out,Closed,Mysuru,12.315493,76.634344
61343692,2025-06-02T21:38:00.000,2025-06-06T13:04:00.000,Street Light Out,Closed,Bengaluru,12.959234,77.592574
61343794,2025-06-02T22:50:00.000,2025-06-06T18:32:41.000,Street Light Out,Closed,Hubballi,15.361479,75.128273
61344033,2025-06-02T22:54:00.000,2025-06-06T08:41:00.000,Street Light Out,Closed,Belagavi,15.826584,74.555693
61344076,2025-06-03T00:26:00.000,2025-06-16T10:21:00.000,Street Light Out,Closed,Mysuru,12.289931,76.673807
61344158,2025-06-03T00:41:00.000,2025-06-05T15:48:00.000,Street Light Cycling,Closed,Bengaluru,12.977642,77.591212
61344199,2025-06-03T07:19:00.000,2025-06-17T13:12:41.000,Street Light Out,Closed,Shivamogga,13.926532,75.568731
61344240,2025-06-03T07:44:00.000,2025-06-06T09:23:38.000,Street Light Out,Closed,Hubballi,15.355694,75.129226
61344361,2025-06-03T07:57:00.000,2025-06-19T12:32:00.000,Street Light Out,Closed,Mysuru,12.292806,76.671786
61344383,2025-06-03T08:01:00.000,2025-06-12T10:58:00.000,Street Light Out,Closed,Mysuru,12.311415,76.649505
61344425,2025-06-03T08:16:00.000,2025-06-06T15:34:16.000,Street Light Out,Closed,Mangaluru,12.878037,74.856711
61344639,2025-06-03T08:54:00.000,2025-07-20T15:29:00.000,Street Light Out,Closed,Hubballi,15.376597,75.122133
61344734,2025-06-03T09:33:00.000,2025-06-06T09:39:00.000,Street Light Dim,Closed,Mangaluru,12.851825,74.853111
61344870,2025-06-03T10:16:00.000,2025-06-08T16:53:21.000,Street Light Out,Closed,Belagavi,15.852666,74.512295
61345283,2025-06-03T10:46:00.000,2025-06-08T10:06:00.000,Street Light Cycling,Closed,Mysuru,12.298478,76.660613
61345322,2025-06-03T12:37:00.000,2025-06-05T13:26:18.000,Street Light Out,Closed,Bengaluru,13.040761,77.599608
61345487,2025-06-03T14:25:00.000,2025-06-05T14:48:37.000,Street Light Out,Closed,Bengaluru,12.987813,77.668444
61345605,2025-06-03T16:38:00.000,2025-06-08T15:29:00.000,Street Light Out,Closed,Shivamogga,13.925894,75.572367
61345757,2025-06-03T18:20:00.000,2025-06-07T11:39:34.000,Street Light Cycling,Closed,Mangaluru,12.88291,74.871469
61345794,2025-06-03T19:01:00.000,2025-06-09T16:57:48.000,Street Light Out,Closed,Mangaluru,12.895486,74.899296
61345931,2025-06-03T19:55:00.000,2025-06-08T17:15:50.000,Street Light Out,Closed,Bengaluru,12.97045,77.59613
61346060,2025-06-03T19:57:00.000,2025-06-10T08:05:18.000,Street Light Out,Closed,Bengaluru,12.938539,77.609103
61346116,2025-06-03T20:06:00.000,2025-06-07T08:38:00.000,Street Light Out,Closed,Mangaluru,12.890485,74.855737
61346119,2025-06-03T20:15:00.000,2025-06-11T13:54:00.000,Street Light Out,Closed,Tumakuru,13.337076,77.07584
61346207,2025-06-03T20:40:00.000,2025-06-06T16:46:00.000,Street Light Out,Closed,Shivamogga,13.932872,75.567085
61346306,2025-06-03T21:56:00.000,2025-06-09T17:55:16.000,Street Light Out,Closed,Mangaluru,12.880918,74.900802
61346378,2025-06-03T22:12:00.000,2025-06-05T18:28:17.000,Street Light Out,Closed,Belagavi,15.861221,74.512401
61346477,2025-06-03T22:16:00.000,2025-06-10T18:59:07.000,Street Light Out,Closed,Shivamogga,13.940664,75.565195
61346689,2025-06-03T22:17:00.000,2025-06-08T08:20:00.000,Street Light Out,Closed,Tumakuru,13.32773,77.112288
61346740,2025-06-03T22:23:00.000,2025-06-08T09:33:00.000,Street Light Out,Closed,Hubballi,15.354123,75.121053
61346771,2025-06-03T23:16:00.000,2025-06-06T12:48:00.000,Street Light Out,Closed,Tumakuru,13.343123,77.0985
61346869,2025-06-03T23:51:00.000,2025-06-05T16:57:00.000,Street Light Out,Closed,Belagavi,15.875601,74.512002
61347137,2025-06-04T03:17:00.000,2025-06-07T14:01:00.000,Street Light Out,Closed,Bengaluru,12.917074,77.636964
61347171,2025-06-04T06:49:00.000,2025-06-05T14:01:00.000,Street Light Out,Closed,Bengaluru,12.951118,77.607376
61347205,2025-06-04T07:22:00.000,2025-06-08T18:13:19.000,Street Light Out,Closed,Bengaluru,12.971204,77.649306
61347447,2025-06-04T07:43:00.000,2025-07-25T14:06:00.000,Street Light Out,Closed,Bengaluru,12.984607,77.548104
61347705,2025-06-04T07:45:00.000,2025-06-07T13:08:00.000,Street Light Out,Closed,Hubballi,15.349087,75.124161
61347971,2025-06-04T07:46:00.000,2025-06-09T09:19:30.000,Street Light Dim,Closed,Bengaluru,12.896534,77.635124
61348006,2025-06-04T07:56:00.000,2025-06-09T13:59:07.000,Street Light Out,Closed,Mangaluru,12.873823,74.857123
61348120,2025-06-04T09:06:00.000,2025-06-05T11:34:30.000,Street Light Out,Closed,Mysuru,12.324482,76.651338
61348188,2025-06-04T09:06:00.000,2025-06-16T11:05:28.000,Street Light Out,Closed,Bengaluru,13.00591,77.576817
61348286,2025-06-04T09:20:00.000,2025-06-14T08:53:00.000,Street Light Out,Closed,Mangaluru,12.878288,74.855956
61348319,2025-06-04T09:55:00.000,2025-07-17T08:46:02.000,Street Light Out,Closed,Hubballi,15.31385,75.13926
61348486,2025-06-04T10:31:00.000,2025-06-09T12:07:40.000,Street Light Out,Closed,Hubballi,15.379371,75.143737
61348628,2025-06-04T12:10:00.000,2025-06-05T11:50:00.000,Street Light Out,Closed,Shivamogga,13.931327,75.55231
61348638,2025-06-04T18:56:00.000,2025-06-11T11:12:37.000,Street Light Out,Closed,Bengaluru,12.95159,77.537295
61348646,2025-06-04T19:03:00.000,2025-07-08T15:47:17.000,Street Light Out,Closed,Mysuru,12.298535,76.677174
61348782,2025-06-04T19:24:00.000,2025-06-08T12:34:00.000,Street Light Out,Closed,Mysuru,12.297436,76.658914
61349055,2025-06-04T20:09:00.000,2025-06-14T12:17:02.000,Street Light Out,Closed,Bengaluru,12.897633,77.529546
61349092,2025-06-04T21:11:00.000,2025-06-07T10:16:00.000,Street Light Out,Closed,Mysuru,12.320229,76.636753
61349140,2025-06-04T21:32:00.000,2025-06-15T11:09:00.000,Street Light Out,Closed,Tumakuru,13.355789,77.085777
61349188,2025-06-04T21:49:00.000,2025-06-06T08:36:30.000,Street Light Dayburning,Closed,Mysuru,12.298558,76.613129
61349256,2025-06-04T22:19:00.000,2025-06-10T11:29:00.000,Street Light Out,Closed,Mysuru,12.306513,76.624198
61349332,2025-06-04T23:22:00.000,2025-06-09T16:50:47.000,Street Light Dayburning,Closed,Mysuru,12.281531,76.661322
61349341,2025-06-04T23:28:00.000,2025-06-06T10:48:00.000,Street Light Out,Closed,Bengaluru,13.021937,77.517657
61349467,2025-06-05T00:27:00.000,2025-06-10T16:49:00.000,Street Light Out,Closed,Bengaluru,12.940573,77.623818
61349548,2025-06-05T05:56:00.000,2025-06-11T11:53:43.000,Street Light Out,Closed,Shivamogga,13.92614,75.57129
61349549,2025-06-05T06:51:00.000,2025-06-08T16:22:03.000,Street Light Out,Closed,Bengaluru,13.004944,77.585667
61349655,2025-06-05T07:00:00.000,2025-06-15T16:56:00.000,Street Light Dim,Closed,Belagavi,15.859259,74.518569
61349693,2025-06-05T08:32:00.000,2025-07-15T12:37:19.000,Lamppost Damaged,Closed,Hubballi,15.358367,75.148623
61349699,2025-06-05T08:36:00.000,2025-06-12T12:12:00.000,Street Light Out,Closed,Shivamogga,13.931631,75.563017
61349753,2025-06-05T08:39:00.000,2025-06-15T09:42:00.000,Street Light Out,Closed,Tumakuru,13.325225,77.103794
61349926,2025-06-05T09:11:00.000,2025-06-14T18:26:00.000,Street Light Cycling,Closed,Hubballi,15.359487,75.148153
61349994,2025-06-05T09:30:00.000,2025-06-17T14:25:00.000,Street Light Out,Closed,Belagavi,15.90474,74.519952
61350101,2025-06-05T10:47:00.000,2025-06-12T15:56:00.000,Street Light Out,Closed,Bengaluru,13.026388,77.623965
61350188,2025-06-05T11:39:00.000,2025-08-02T08:25:00.000,Street Light Out,Closed,Belagavi,15.855495,74.499335
61350252,2025-06-05T17:54:00.000,2025-06-11T08:12:20.000,Street Light Out,Closed,Tumakuru,13.328759,77.100711
61350339,2025-06-05T19:11:00.000,2025-07-01T09:10:45.000,Street Light Out,Closed,Tumakuru,13.337384,77.119725
61350434,2025-06-05T19:26:00.000,2025-06-07T14:00:00.000,Street Light Out,Closed,Mangaluru,12.876909,74.877743
61350438,2025-06-05T19:33:00.000,2025-06-08T16:57:35.000,Street Light Out,Closed,Mysuru,12.319903,76.633497
61350671,2025-06-05T19:36:00.000,2025-06-23T15:34:00.000,Street Light Out,Closed,Hubballi,15.382284,75.118699
61350677,2025-06-05T20:52:00.000,2025-06-07T09:28:46.000,Street Light Out,Closed,Tumakuru,13.336258,77.093887
61351227,2025-06-05T20:54:00.000,2025-07-05T17:40:00.000,Street Light Out,Closed,Belagavi,15.858344,74.514932
61351369,2025-06-05T20:56:00.000,2025-06-09T18:02:00.000,Street Light Out,Closed,Hubballi,15.397604,75.11715
61351539,2025-06-05T21:02:00.000,2025-06-10T14:52:00.000,Lamppost Damaged,Closed,Belagavi,15.862177,74.51577
61351543,2025-06-05T21:32:00.000,2025-06-15T08:50:00.000,Street Light Cycling,Closed,Shivamogga,13.930043,75.570142
61351546,2025-06-05T22:04:00.000,2025-06-11T10:56:17.000,Street Light Out,Closed,Bengaluru,12.969738,77.60637
61351567,2025-06-05T22:10:00.000,2025-06-09T08:51:41.000,Street Light Out,Closed,Belagavi,15.860601,74.491363
61351573,2025-06-05T22:32:00.000,2025-06-07T15:03:22.000,Street Light Out,Closed,Bengaluru,13.011441,77.488134
61351687,2025-06-05T22:50:00.000,2025-06-10T14:08:30.000,Street Light Out,Closed,Mangaluru,12.876514,74.854972
61351742,2025-06-05T23:12:00.000,2025-06-10T13:54:00.000,Street Light Out,Closed,Bengaluru,12.978975,77.572531
61351861,2025-06-06T00:08:00.000,2025-06-11T08:38:00.000,Street Light Out,Closed,Tumakuru,13.340821,77.111251
61352273,2025-06-06T03:18:00.000,2025-06-14T09:46:48.000,Street Light Out,Closed,Bengaluru,12.930658,77.627054
61352276,2025-06-06T05:22:00.000,2025-06-08T09:25:00.000,Street Light Out,Closed,Belagavi,15.845546,74.488818
61352288,2025-06-06T08:27:00.000,2025-06-08T17:10:21.000,Street Light Cycling,Closed,Hubballi,15.348029,75.146733
61352606,2025-06-06T09:23:00.000,2025-06-08T15:03:00.000,Street Light Dim,Closed,Hubballi,15.344988,75.133108
61352997,2025-06-06T09:46:00.000,2025-06-07T12:58:00.000,Lamppost Damaged,Closed,Tumakuru,13.351375,77.118382
61353016,2025-06-06T09:49:00.000,2025-06-18T13:53:27.000,Street Light Cycling,Closed,Bengaluru,12.94804,77.550335
61353440,2025-06-06T11:44:00.000,2025-06-09T14:20:00.000,Street Light Out,Closed,Hubballi,15.369569,75.158879
61353444,2025-06-06T12:35:00.000,2025-06-08T14:01:00.000,Street Light Out,Closed,Mangaluru,12.876571,74.855357
61353475,2025-06-06T14:09:00.000,2025-06-12T18:34:00.000,Street Light Out,Closed,Mysuru,12.283424,76.672897
61353518,2025-06-06T15:12:00.000,2025-06-09T17:49:15.000,Street Light Out,Closed,Bengaluru,12.969049,77.591238
61353524,2025-06-06T15:49:00.000,2025-06-10T12:37:00.000,Street Light Out,Closed,Bengaluru,13.002942,77.560924
61353632,2025-06-06T17:32:00.000,2025-06-12T12:20:00.000,Street Light Out,Closed,Tumakuru,13.340579,77.088479
61353717,2025-06-06T17:58:00.000,2025-06-11T15:14:41.000,Street Light Out,Closed,Mysuru,12.311564,76.643435
61353723,2025-06-06T20:35:00.000,2025-06-10T11:00:00.000,Street Light Out,Closed,Belagavi,15.847074,74.485778
61354146,2025-06-06T20:39:00.000,2025-06-09T10:18:00.000,Street Light Out,Closed,Bengaluru,12.975466,77.591573
61354196,2025-06-06T21:14:00.000,2025-06-22T16:29:00.000,Street Light Out,Closed,Hubballi,15.359068,75.123025
61354246,2025-06-06T21:32:00.000,2025-06-16T11:34:44.000,Street Light Out,Closed,Bengaluru,13.012776,77.502442
61354306,2025-06-06T21:50:00.000,2025-06-08T15:10:08.000,Street Light Cycling,Closed,Belagavi,15.884565,74.477271
61354348,2025-06-06T23:43:00.000,2025-06-11T16:41:00.000,Street Light Out,Closed,Shivamogga,13.952559,75.543317
61354491,2025-06-07T00:38:00.000,2025-06-09T17:14:46.000,Street Light Out,Closed,Mysuru,12.318287,76.653726
61354950,2025-06-07T01:38:00.000,2025-07-07T16:36:35.000,Street Light Out,Closed,Tumakuru,13.34889,77.103463
61355969,2025-06-07T09:08:00.000,2025-06-09T14:08:32.000,Street Light Out,Closed,Mysuru,12.298531,76.613085
61356004,2025-06-07T09:48:00.000,2025-06-09T08:02:00.000,Street Light Out,Closed,Belagavi,15.854824,74.53078
61356175,2025-06-07T17:18:00.000,2025-06-21T18:21:01.000,Street Light Dayburning,Closed,Hubballi,15.359783,75.140805
61356347,2025-06-07T19:15:00.000,2025-06-24T13:26:00.000,Street Light Out,Closed,Mysuru,12.322906,76.674408
61356351,2025-06-07T19:18:00.000,2025-07-31T17:46:00.000,Street Light Out,Closed,Bengaluru,12.976902,77.601178
61356560,2025-06-07T19:40:00.000,2025-06-11T11:27:00.000,Street Light Out,Closed,Bengaluru,12.958701,77.557875
61356683,2025-06-07T20:32:00.000,2025-06-09T13:30:41.000,Street Light Out,Closed,Mysuru,12.319387,76.650216
61356843,2025-06-07T20:42:00.000,2025-06-13T13:33:00.000,Street Light Out,Closed,Hubballi,15.353377,75.136239
61356962,2025-06-07T20:49:00.000,2025-08-05T14:46:50.000,Street Light Out,Closed,Mangaluru,12.8878,74.848153
61356975,2025-06-07T21:02:00.000,2025-06-08T11:28:45.000,Street Light Cycling,Closed,Bengaluru,12.96193,77.539442
61357005,2025-06-07T22:55:00.000,2025-06-20T12:09:15.000,Street Light Out,Closed,Hubballi,15.351586,75.14901
61357047,2025-06-08T00:06:00.000,2025-06-10T18:27:45.000,Street Light Out,Closed,Mangaluru,12.88405,74.846869
61357062,2025-06-08T01:52:00.000,2025-06-10T12:08:44.000,Street Light Out,Closed,Hubballi,15.351524,75.122397
61357127,2025-06-08T03:57:00.000,2025-06-14T12:06:15.000,Street Light Out,Closed,Mangaluru,12.919244,74.854295
61357163,2025-06-08T05:41:00.000,2025-06-11T17:58:00.000,Street Light Out,Closed,Mysuru,12.308536,76.667013
61357320,2025-06-08T07:20:00.000,2025-06-11T14:05:10.000,Street Light Out,Closed,Mysuru,12.306434,76.664282
61357333,2025-06-08T07:57:00.000,2025-06-11T13:40:00.000,Street Light Out,Closed,Mangaluru,12.897307,74.855475
61357417,2025-06-08T08:04:00.000,2025-06-11T15:33:18.000,Lamppost Damaged,Closed,Mysuru,12.26941,76.63159
61357542,2025-06-08T08:48:00.000,2025-06-10T14:09:00.000,Street Light Out,Closed,Bengaluru,13.026244,77.515246
61357543,2025-06-08T16:03:00.000,2025-06-17T17:59:12.000,Street Light Out,Closed,Bengaluru,12.963043,77.595606
61357785,2025-06-08T16:57:00.000,2025-06-21T13:17:35.000,Street Light Cycling,Closed,Bengaluru,12.946975,77.591558
61357948,2025-06-08T17:07:00.000,2025-06-11T15:03:44.000,Street Light Out,Closed,Bengaluru,12.956826,77.65138
61358476,2025-06-08T18:02:00.000,2025-06-13T18:10:00.000,Street Light Out,Closed,Shivamogga,13.917691,75.545555
61358479,2025-06-08T19:01:00.000,2025-06-09T13:39:00.000,Street Light Out,Closed,Bengaluru,12.967936,77.58571
61358629,2025-06-08T19:44:00.000,2025-06-15T16:40:00.000,Street Light Out,Closed,Bengaluru,12.985343,77.588184
61358649,2025-06-08T19:54:00.000,2025-06-11T09:07:53.000,Street Light Out,Closed,Bengaluru,12.967814,77.544076
61358662,2025-06-08T20:00:00.000,2025-06-15T15:46:50.000,Street Light Cycling,Closed,Mangaluru,12.886989,74.852964
61358732,2025-06-08T20:19:00.000,2025-06-15T15:25:00.000,Street Light Out,Closed,Mysuru,12.303721,76.685811
61359001,2025-06-08T20:29:00.000,2025-06-18T11:39:00.000,Street Light Dim,Closed,Belagavi,15.836453,74.488944
61359097,2025-06-08T20:30:00.000,2025-06-14T08:49:01.000,Street Light Out,Closed,Mysuru,12.306817,76.660669
61359276,2025-06-08T20:47:00.000,2025-06-13T18:56:00.000,Street Light Out,Closed,Mysuru,12.296302,76.636424
61359614,2025-06-08T21:05:00.000,2025-06-21T08:34:00.000,Street Light Out,Closed,Tumakuru,13.376198,77.126883
61359631,2025-06-08T21:16:00.000,2025-06-24T17:37:00.000,Street Light Out,Closed,Tumakuru,13.342999,77.093942
61359647,2025-06-08T21:26:00.000,2025-06-11T14:23:03.000,Street Light Out,Closed,Tumakuru,13.337797,77.13309
61359846,2025-06-08T21:57:00.000,2025-06-26T14:00:07.000,Street Light Out,Closed,Hubballi,15.330395,75.090784
61360047,2025-06-08T22:27:00.000,2025-06-14T17:01:50.000,Street Light Out,Closed,Mysuru,12.293981,76.658265
61360150,2025-06-08T22:45:00.000,2025-06-13T12:30:28.000,Street Light Out,Closed,Shivamogga,13.914911,75.577055
61360244,2025-06-09T01:15:00.000,2025-06-12T08:48:00.000,Street Light Out,Closed,Bengaluru,12.95638,77.623178
61360295,2025-06-09T03:33:00.000,2025-06-16T11:23:09.000,Street Light Out,Closed,Bengaluru,12.963805,77.646891
61360296,2025-06-09T03:41:00.000,2025-06-11T14:39:43.000,Street Light Out,Closed,Mangaluru,12.873942,74.861636
61360639,2025-06-09T07:01:00.000,2025-06-18T08:59:21.000,Street Light Out,Closed,Tumakuru,13.344796,77.118548
61360798,2025-06-09T07:08:00.000,2025-06-13T12:41:45.000,Lamppost Damaged,Closed,Bengaluru,13.004242,77.561639
61360893,2025-06-09T07:52:00.000,2025-06-17T18:04:57.000,Street Light Out,Closed,Hubballi,15.361513,75.128362
61360927,2025-06-09T08:04:00.000,2025-06-11T12:31:00.000,Street Light Out,Closed,Bengaluru,12.932851,77.583842
61360954,2025-06-09T08:31:00.000,2025-06-10T16:43:00.000,Street Light Out,Closed,Hubballi,15.360182,75.145958
61361080,2025-06-09T09:11:00.000,2025-06-11T08:24:00.000,Street Light Out,Closed,Tumakuru,13.37457,77.12822
61361087,2025-06-09T10:29:00.000,2025-06-16T11:46:00.000,Street Light Out,Closed,Tumakuru,13.351806,77.098889
61361119,2025-06-09T11:51:00.000,2025-06-13T12:23:00.000,Street Light Out,Closed,Bengaluru,12.951353,77.629154
61361224,2025-06-09T15:15:00.000,2025-06-13T16:53:00.000,Street Light Out,Closed,Mysuru,12.317002,76.665491
61361226,2025-06-09T17:21:00.000,2025-06-13T17:09:35.000,Street Light Out,Closed,Bengaluru,12.969746,77.652781
61361464,2025-06-09T18:24:00.000,2025-06-19T16:02:00.000,Street Light Out,Closed,Shivamogga,13.938266,75.565797
61361689,2025-06-09T18:32:00.000,2025-06-19T08:45:00.000,Street Light Out,Closed,Bengaluru,12.974626,77.598933
61361804,2025-06-09T18:43:00.000,2025-06-12T10:39:00.000,Street Light Out,Closed,Belagavi,15.833379,74.495183
61362238,2025-06-09T18:43:00.000,2025-06-16T18:33:10.000,Street Light Out,Closed,Mangaluru,12.874822,74.86145
61362266,2025-06-09T19:27:00.000,2025-06-16T17:11:00.000,Street Light Out,Closed,Shivamogga,13.922025,75.565174
61362330,2025-06-09T20:29:00.000,2025-06-12T16:39:00.000,Street Light Out,Closed,Shivamogga,13.915889,75.566263
61362445,2025-06-09T21:05:00.000,2025-06-12T16:51:44.000,Street Light Out,Closed,Hubballi,15.339809,75.112684
61362538,2025-06-09T21:17:00.000,2025-06-15T11:46:00.000,Street Light Out,Closed,Tumakuru,13.324642,77.080054
61362574,2025-06-09T21:26:00.000,2025-06-23T12:02:00.000,Street Light Cycling,Closed,Mysuru,12.278039,76.659786
61362596,2025-06-09T21:59:00.000,2025-06-11T18:02:46.000,Street Light Out,Closed,Mangaluru,12.873226,74.856666
61362770,2025-06-09T22:09:00.000,2025-06-12T10:42:53.000,Street Light Out,Closed,Tumakuru,13.337836,77.104951
61362996,2025-06-09T23:12:00.000,2025-06-14T15:29:00.000,Street Light Out,Closed,Mysuru,12.295865,76.67588
61363054,2025-06-09T23:31:00.000,2025-06-15T18:10:00.000,Street Light Out,Closed,Bengaluru,12.944384,77.737264
61363060,2025-06-09T23:49:00.000,2025-06-13T18:51:00.000,Street Light Out,Closed,Belagavi,15.853459,74.50847
61363087,2025-06-10T01:47:00.000,2025-06-11T18:54:41.000,Street Light Out,Closed,Bengaluru,13.004388,77.578768
61363165,2025-06-10T05:33:00.000,2025-06-13T13:59:00.000,Street Light Out,Closed,Tumakuru,13.343281,77.120133
61363256,2025-06-10T08:12:00.000,2025-06-26T11:28:15.000,Street Light Out,Closed,Hubballi,15.378091,75.113477
61363310,2025-06-10T11:13:00.000,2025-06-17T14:59:00.000,Lamppost Damaged,Closed,Belagavi,15.851476,74.517661
61363357,2025-06-10T11:31:00.000,2025-06-14T10:04:16.000,Street Light Dayburning,Closed,Mysuru,12.268631,76.62845
61363463,2025-06-10T13:43:00.000,2025-06-14T10:27:11.000,Street Light Out,Closed,Tumakuru,13.345638,77.12231
61363535,2025-06-10T14:52:00.000,2025-06-18T14:55:21.000,Street Light Dayburning,Closed,Mangaluru,12.888682,74.885757
61363546,2025-06-10T15:23:00.000,2025-06-15T09:48:00.000,Street Light Out,Closed,Hubballi,15.344095,75.133042
61363582,2025-06-10T17:34:00.000,2025-06-21T12:39:37.000,Street Light Out,Closed,Hubballi,15.355328,75.123411
61363596,2025-06-10T18:11:00.000,2025-06-17T14:38:00.000,Street Light Out,Closed,Bengaluru,12.974022,77.58657
61363749,2025-06-10T18:33:00.000,2025-06-17T14:53:00.000,Street Light Out,Closed,Mysuru,12.318099,76.63779
61363750,2025-06-10T19:11:00.000,2025-06-15T15:53:14.000,Street Light Out,Closed,Hubballi,15.402441,75.129331
61363994,2025-06-10T19:26:00.000,2025-06-17T15:03:00.000,Street Light Out,Closed,Mysuru,12.314135,76.680359
61364202,2025-06-10T19:40:00.000,2025-06-16T12:57:24.000,Street Light Out,Closed,Mangaluru,12.875438,74.852611
61364241,2025-06-10T19:52:00.000,2025-06-24T14:35:00.000,Street Light Out,Closed,Mysuru,12.342531,76.679046
61364410,2025-06-10T20:38:00.000,2025-06-18T16:51:49.000,Street Light Out,Closed,Mangaluru,12.878241,74.868861
61364571,2025-06-10T21:02:00.000,2025-06-14T08:15:00.000,Street Light Cycling,Closed,Bengaluru,12.958543,77.594085
61364603,2025-06-10T21:18:00.000,2025-07-18T14:35:00.000,Street Light Out,Closed,Bengaluru,12.907076,77.521508
61364683,2025-06-10T22:56:00.000,2025-06-17T11:12:00.000,Street Light Out,Closed,Belagavi,15.850841,74.493712
61364708,2025-06-10T23:57:00.000,2025-06-14T08:57:00.000,Street Light Dayburning,Closed,Mysuru,12.330208,76.63513
61364999,2025-06-11T00:06:00.000,2025-06-17T10:38:06.000,Street Light Dayburning,Closed,Belagavi,15.842799,74.491072
61365067,2025-06-11T03:04:00.000,2025-06-12T17:33:00.000,Street Light Out,Closed,Bengaluru,12.935085,77.608461
61365196,2025-06-11T06:22:00.000,2025-06-13T13:50:55.000,Street Light Out,Closed,Mysuru,12.328896,76.654624
61365350,2025-06-11T08:15:00.000,2025-06-14T14:17:00.000,Street Light Out,Closed,Bengaluru,13.019588,77.556084
61365480,2025-06-11T08:17:00.000,2025-06-17T14:42:50.000,Street Light Out,Closed,Shivamogga,13.937776,75.5488
61365528,2025-06-11T08:25:00.000,2025-06-15T15:56:12.000,Street Light Out,Closed,Mangaluru,12.8844,74.845089
61365675,2025-06-11T08:42:00.000,2025-08-01T11:19:00.000,Street Light Out,Closed,Mangaluru,12.912998,74.857008
61365680,2025-06-11T09:21:00.000,2025-06-16T14:24:00.000,Street Light Out,Closed,Bengaluru,12.975874,77.569726
61366015,2025-06-11T09:44:00.000,2025-06-13T11:14:55.000,Street Light Out,Closed,Bengaluru,12.956845,77.642394
61366031,2025-06-11T10:12:00.000,2025-06-17T13:27:57.000,Street Light Out,Closed,Tumakuru,13.335166,77.096268
61366038,2025-06-11T13:51:00.000,2025-06-13T11:27:12.000,Street Light Out,Closed,Mysuru,12.298406,76.661333
61366178,2025-06-11T14:10:00.000,2025-06-17T15:10:23.000,Street Light Out,Closed,Mysuru,12.307728,76.681567
61366241,2025-06-11T16:30:00.000,2025-06-15T10:52:00.000,Street Light Out,Closed,Mysuru,12.324192,76.655586
61366404,2025-06-11T17:23:00.000,2025-06-19T13:57:00.000,Street Light Out,Closed,Hubballi,15.356641,75.132254
61366660,2025-06-11T17:58:00.000,2025-06-16T16:52:27.000,Street Light Out,Closed,Hubballi,15.368522,75.169336
61366706,2025-06-11T18:18:00.000,2025-06-16T14:55:09.000,Street Light Out,Closed,Bengaluru,12.989731,77.568656
61367131,2025-06-11T18:25:00.000,2025-06-14T10:19:55.000,Street Light Out,Closed,Belagavi,15.848152,74.487179
61367721,2025-06-11T18:41:00.000,2025-06-17T16:31:00.000,Street Light Out,Closed,Tumakuru,13.379522,77.102964
61368602,2025-06-11T18:50:00.000,2025-06-16T08:28:00.000,Street Light Out,Closed,Mysuru,12.293736,76.638283
61368991,2025-06-11T19:16:00.000,2025-07-01T09:37:13.000,Street Light Out,Closed,Bengaluru,12.979187,77.557215
61369111,2025-06-11T20:47:00.000,2025-06-15T17:55:14.000,Street Light Out,Closed,Bengaluru,12.988069,77.602965
61369118,2025-06-11T21:08:00.000,2025-06-18T13:42:00.000,Street Light Out,Closed,Mangaluru,12.893964,74.846571
61369315,2025-06-11T21:51:00.000,2025-06-14T18:07:00.000,Lamppost Damaged,Closed,Bengaluru,12.948858,77.634883
61369401,2025-06-11T22:05:00.000,2025-06-16T13:39:33.000,Street Light Out,Closed,Hubballi,15.349355,75.142037
61369587,2025-06-11T22:35:00.000,2025-06-15T12:28:12.000,Street Light Out,Closed,Tumakuru,13.337341,77.098648
61369613,2025-06-11T23:12:00.000,2025-06-18T09:51:08.000,Street Light Out,Closed,Hubballi,15.352297,75.135815
61369630,2025-06-11T23:19:00.000,2025-07-10T11:44:04.000,Street Light Cycling,Closed,Bengaluru,12.982429,77.561306
61369851,2025-06-11T23:34:00.000,2025-07-12T08:39:08.000,Street Light Out,Closed,Bengaluru,13.001396,77.657118
61369966,2025-06-11T23:39:00.000,2025-06-15T10:41:00.000,Street Light Out,Closed,Mangaluru,12.881705,74.864563
61370001,2025-06-12T01:51:00.000,2025-06-18T12:40:47.000,Street Light Cycling,Closed,Hubballi,15.383473,75.121592
61370016,2025-06-12T05:39:00.000,2025-06-15T18:34:39.000,Street Light Out,Closed,Mysuru,12.301193,76.655379
61370031,2025-06-12T08:08:00.000,2025-06-15T08:25:46.000,Street Light Out,Closed,Bengaluru,12.937836,77.615219
61370047,2025-06-12T09:08:00.000,2025-07-03T17:09:00.000,Street Light Out,Closed,Bengaluru,12.938786,77.630045
61370129,2025-06-12T10:13:00.000,2025-06-13T16:16:02.000,Street Light Out,Closed,Shivamogga,13.88876,75.55791
61370166,2025-06-12T10:22:00.000,2025-06-13T16:34:09.000,Lamppost Damaged,Closed,Bengaluru,13.054526,77.557352
61370377,2025-06-12T11:14:00.000,2025-06-14T13:25:00.000,Street Light Out,Closed,Hubballi,15.349651,75.120451
61370546,2025-06-12T15:23:00.000,2025-06-16T18:29:00.000,Street Light Out,Closed,Mysuru,12.299166,76.649241
61370678,2025-06-12T17:45:00.000,2025-06-14T14:57:00.000,Street Light Out,Closed,Belagavi,15.837635,74.48801
61370922,2025-06-12T18:14:00.000,2025-06-14T09:44:00.000,Street Light Out,Closed,Mysuru,12.315315,76.649534
61371166,2025-06-12T18:21:00.000,2025-06-15T10:19:00.000,Street Light Cycling,Closed,Tumakuru,13.380271,77.103703
61371180,2025-06-12T18:58:00.000,2025-06-15T17:49:20.000,Street Light Out,Closed,Bengaluru,12.873282,77.539181
61371203,2025-06-12T19:17:00.000,2025-06-16T11:46:00.000,Street Light Out,Closed,Bengaluru,12.980859,77.603214
61371229,2025-06-12T20:55:00.000,2025-06-16T12:34:00.000,Street Light Out,Closed,Mangaluru,12.874544,74.853862
61371234,2025-06-12T21:35:00.000,2025-06-24T15:20:13.000,Street Light Out,Closed,Tumakuru,13.3448,77.096965
61371255,2025-06-12T22:28:00.000,2025-06-17T16:15:46.000,Street Light Out,Closed,Shivamogga,13.929256,75.557948
61371520,2025-06-12T23:08:00.000,2025-06-16T16:01:38.000,Street Light Out,Closed,Bengaluru,12.964877,77.612537
61371535,2025-06-12T23:31:00.000,2025-07-24T18:49:57.000,Street Light Out,Closed,Hubballi,15.351608,75.125807
61371995,2025-06-13T00:26:00.000,2025-06-17T14:56:00.000,Street Light Cycling,Closed,Bengaluru,12.987154,77.614742
61372079,2025-06-13T00:48:00.000,2025-06-18T11:43:00.000,Street Light Out,Closed,Shivamogga,13.935265,75.559673
61372307,2025-06-13T05:23:00.000,2025-06-27T13:09:00.000,Street Light Out,Closed,Mangaluru,12.888244,74.880882
61372491,2025-06-13T06:36:00.000,2025-06-17T10:04:00.000,Street Light Out,Closed,Bengaluru,13.036654,77.51461
61372630,2025-06-13T07:17:00.000,2025-06-22T09:45:11.000,Street Light Out,Closed,Bengaluru,13.005633,77.58182
61372848,2025-06-13T07:34:00.000,2025-06-15T15:24:00.000,Street Light Out,Closed,Shivamogga,13.9406,75.56029
61373072,2025-06-13T07:40:00.000,2025-06-16T12:12:43.000,Street Light Out,Closed,Tumakuru,13.360862,77.113685
61373127,2025-06-13T08:28:00.000,2025-06-15T16:05:00.000,Street Light Out,Closed,Mangaluru,12.870665,74.858737
61373141,2025-06-13T08:51:00.000,2025-06-18T15:33:03.000,Street Light Cycling,Closed,Belagavi,15.85765,74.511927
61373195,2025-06-13T09:43:00.000,2025-06-21T12:03:44.000,Street Light Out,Closed,Tumakuru,13.333232,77.101855
61373220,2025-06-13T09:53:00.000,2025-06-20T14:44:16.000,Street Light Out,Closed,Bengaluru,13.029732,77.625091
61373255,2025-06-13T11:24:00.000,2025-06-15T12:39:24.000,Street Light Out,Closed,Bengaluru,12.988261,77.571279
61373306,2025-06-13T13:42:00.000,2025-06-14T14:38:31.000,Street Light Out,Closed,Mysuru,12.317356,76.635729
61373410,2025-06-13T15:33:00.000,2025-07-14T08:24:17.000,Street Light Out,Closed,Bengaluru,12.99158,77.539735
61373433,2025-06-13T17:45:00.000,2025-06-15T16:21:47.000,Street Light Out,Closed,Bengaluru,13.064778,77.582497
61373501,2025-06-13T18:03:00.000,2025-06-18T13:15:00.000,Street Light Out,Closed,Bengaluru,13.01504,77.564292
61373516,2025-06-13T18:14:00.000,2025-06-25T12:45:00.000,Street Light Out,Closed,Bengaluru,12.940183,77.63611
61373669,2025-06-13T18:38:00.000,2025-06-17T09:16:02.000,Street Light Out,Closed,Mysuru,12.319041,76.680452
61373720,2025-06-13T18:49:00.000,2025-06-19T15:39:00.000,Street Light Out,Closed,Belagavi,15.850803,74.527584
61373810,2025-06-13T19:21:00.000,2025-06-16T18:14:44.000,Street Light Out,Closed,Mysuru,12.302576,76.655595
61374028,2025-06-13T19:40:00.000,2025-06-17T13:10:38.000,Street Light Out,Closed,Mysuru,12.291418,76.645975
61374065,2025-06-13T21:28:00.000,2025-06-15T08:34:02.000,Street Light Out,Closed,Bengaluru,12.968555,77.591544
61374128,2025-06-13T22:12:00.000,2025-06-19T16:45:10.000,Street Light Out,Closed,Belagavi,15.897886,74.524887
61374273,2025-06-13T23:51:00.000,2025-06-25T08:29:40.000,Street Light Out,Closed,Mysuru,12.273005,76.695106
61374298,2025-06-13T23:55:00.000,2025-06-16T14:46:00.000,Street Light Out,Closed,Bengaluru,12.891647,77.52846
61374380,2025-06-14T05:21:00.000,2025-07-08T09:21:53.000,Street Light Out,Closed,Bengaluru,12.963223,77.601319
61374460,2025-06-14T06:35:00.000,2025-06-15T08:19:00.000,Street Light Cycling,Closed,Belagavi,15.859943,74.517583
61374525,2025-06-14T09:50:00.000,2025-06-29T08:28:00.000,Street Light Out,Closed,Hubballi,15.350996,75.127436
61374582,2025-06-14T10:06:00.000,2025-07-03T10:04:04.000,Street Light Out,Closed,Bengaluru,12.951596,77.652189
61374603,2025-06-14T10:39:00.000,2025-06-19T18:55:00.000,Street Light Out,Closed,Hubballi,15.355628,75.12417
61375056,2025-06-14T11:01:00.000,2025-06-20T12:40:00.000,Street Light Out,Closed,Hubballi,15.379302,75.143859
61375061,2025-06-14T11:08:00.000,2025-06-16T08:37:06.000,Street Light Out,Closed,Belagavi,15.855283,74.511961
61375082,2025-06-14T12:30:00.000,2025-06-28T09:11:48.000,Street Light Out,Closed,Bengaluru,12.954224,77.565908
61375595,2025-06-14T15:16:00.000,2025-06-18T11:28:00.000,Street Light Out,Closed,Shivamogga,13.942422,75.55416
61375608,2025-06-14T15:38:00.000,2025-06-21T09:58:00.000,Street Light Out,Closed,Tumakuru,13.356588,77.086713
61375609,2025-06-14T18:05:00.000,2025-06-18T09:59:46.000,Street Light Out,Closed,Hubballi,15.3549,75.134714
61375719,2025-06-14T18:15:00.000,2025-06-20T14:02:44.000,Street Light Out,Closed,Tumakuru,13.338448,77.102896
61375721,2025-06-14T18:43:00.000,2025-06-20T08:18:00.000,Street Light Out,Closed,Bengaluru,12.973688,77.646796
61375826,2025-06-14T19:03:00.000,2025-06-16T15:56:00.000,Street Light Out,Closed,Hubballi,15.379384,75.117941
61375851,2025-06-14T19:24:00.000,2025-06-20T16:02:00.000,Street Light Out,Closed,Mysuru,12.279002,76.68694
61375853,2025-06-14T19:32:00.000,2025-06-16T13:12:03.000,Street Light Out,Closed,Bengaluru,12.984677,77.559584
61375922,2025-06-14T19:36:00.000,2025-08-18T11:44:46.000,Street Light Out,Closed,Hubballi,15.359113,75.143443
61375987,2025-06-14T19:58:00.000,2025-06-25T14:09:00.000,Street Light Out,Closed,Hubballi,15.348448,75.128054
61376079,2025-06-14T20:09:00.000,2025-06-24T08:51:00.000,Street Light Out,Closed,Bengaluru,12.960765,77.650441
61376093,2025-06-14T20:09:00.000,2025-08-20T09:51:00.000,Street Light Out,Closed,Mysuru,12.292353,76.648959
61376175,2025-06-14T21:17:00.000,2025-06-26T15:52:00.000,Street Light Out,Closed,Bengaluru,12.970406,77.62095
61376259,2025-06-14T21:21:00.000,2025-06-30T09:00:00.000,Street Light Cycling,Closed,Mysuru,12.305132,76.663868
61376315,2025-06-15T05:21:00.000,2025-06-30T15:49:24.000,Street Light Out,Closed,Tumakuru,13.344579,77.099391
61376386,2025-06-15T08:19:00.000,2025-06-18T18:56:43.000,Street Light Out,Closed,Bengaluru,13.008721,77.576209
61376547,2025-06-15T08:22:00.000,2025-07-09T16:56:00.000,Street Light Out,Closed,Tumakuru,13.342249,77.102506
61376950,2025-06-15T08:41:00.000,2025-06-19T17:08:01.000,Street Light Out,Closed,Bengaluru,12.975405,77.607225
61377004,2025-06-15T09:48:00.000,2025-06-20T15:50:00.000,Street Light Out,Closed,Mangaluru,12.885644,74.85837
61377005,2025-06-15T10:24:00.000,2025-08-04T17:48:00.000,Street Light Out,Closed,Tumakuru,13.340607,77.120019
61377239,2025-06-15T10:39:00.000,2025-06-17T14:36:00.000,Street Light Out,Closed,Hubballi,15.353521,75.115242
61377467,2025-06-15T11:15:00.000,2025-07-02T13:27:48.000,Street Light Cycling,Closed,Belagavi,15.84864,74.481905
61377511,2025-06-15T11:30:00.000,2025-06-20T11:18:00.000,Street Light Out,Closed,Bengaluru,12.932095,77.590704
61377523,2025-06-15T11:56:00.000,2025-06-28T08:32:00.000,Street Light Out,Closed,Shivamogga,13.923739,75.565446
61377728,2025-06-15T12:49:00.000,2025-06-21T12:19:00.000,Street Light Out,Closed,Tumakuru,13.328297,77.09983
61377754,2025-06-15T14:28:00.000,2025-06-17T16:14:00.000,Street Light Dim,Closed,Shivamogga,13.935606,75.558276
61378039,2025-06-15T17:00:00.000,2025-06-20T08:47:12.000,Street Light Out,Closed,Mysuru,12.320184,76.636785
61378133,2025-06-15T17:33:00.000,2025-06-18T10:44:00.000,Street Light Out,Closed,Shivamogga,13.955522,75.560901
61378145,2025-06-15T18:14:00.000,2025-07-19T11:33:00.000,Street Light Out,Closed,Belagavi,15.822029,74.553154
61378169,2025-06-15T20:24:00.000,2025-06-18T10:26:00.000,Street Light Out,Closed,Bengaluru,12.949831,77.582704
61378236,2025-06-15T20:28:00.000,2025-07-09T15:11:22.000,Street Light Out,Closed,Tumakuru,13.3261,77.078903
61378243,2025-06-15T20:40:00.000,2025-06-20T17:55:00.000,Street Light Out,Closed,Bengaluru,12.95328,77.730615
61378286,2025-06-15T21:20:00.000,2025-06-18T11:46:08.000,Street Light Dayburning,Closed,Mysuru,12.295736,76.645602
61378426,2025-06-15T21:48:00.000,2025-06-20T13:49:18.000,Street Light Out,Closed,Mysuru,12.334758,76.671327
61378610,2025-06-15T21:54:00.000,2025-06-30T16:05:00.000,Street Light Out,Closed,Mangaluru,12.85609,74.895204
61378713,2025-06-15T23:22:00.000,2025-08-10T17:28:11.000,Street Light Out,Closed,Tumakuru,13.337595,77.089867
61378751,2025-06-15T23:37:00.000,2025-06-21T14:06:00.000,Street Light Out,Closed,Shivamogga,13.964071,75.567072
61378877,2025-06-15T23:40:00.000,2025-06-20T10:44:00.000,Street Light Out,Closed,Mangaluru,12.898682,74.862412
61378979,2025-06-15T23:57:00.000,2025-06-17T10:06:00.000,Street Light Out,Closed,Hubballi,15.373133,75.197647
61379058,2025-06-16T01:33:00.000,2025-06-25T18:30:46.000,Street Light Dim,Closed,Mysuru,12.344008,76.683499
61379074,2025-06-16T02:49:00.000,2025-06-18T08:23:00.000,Street Light Out,Closed,Mangaluru,12.875729,74.880592
61379093,2025-06-16T07:25:00.000,2025-07-20T13:33:00.000,Street Light Cycling,Closed,Shivamogga,13.917167,75.574936
61379291,2025-06-16T08:24:00.000,2025-06-19T13:53:00.000,Street Light Out,Closed,Mysuru,12.279225,76.697629
61379344,2025-06-16T09:17:00.000,2025-06-19T09:52:02.000,Street Light Out,Closed,Mangaluru,12.873117,74.887283
61379419,2025-06-16T15:33:00.000,2025-06-23T14:36:00.000,Street Light Out,Closed,Hubballi,15.361732,75.116837
61379517,2025-06-16T18:44:00.000,2025-06-27T10:54:00.000,Street Light Out,Closed,Belagavi,15.848266,74.489811
61379571,2025-06-16T19:20:00.000,2025-06-19T16:38:00.000,Street Light Out,Closed,Mysuru,12.32889,76.654624
61379609,2025-06-16T19:41:00.000,2025-06-22T09:34:00.000,Street Light Out,Closed,Tumakuru,13.351755,77.117009
61379775,2025-06-16T20:33:00.000,2025-06-21T18:48:00.000,Street Light Cycling,Closed,Belagavi,15.8799,74.478112
61379872,2025-06-16T20:50:00.000,2025-06-25T11:18:15.000,Street Light Out,Closed,Tumakuru,13.347203,77.130225
61379896,2025-06-16T21:12:00.000,2025-06-23T16:45:30.000,Street Light Out,Closed,Hubballi,15.348095,75.086829
61379948,2025-06-16T23:33:00.000,2025-06-25T09:46:00.000,Street Light Out,Closed,Mysuru,12.334025,76.677652
61380020,2025-06-17T00:00:00.000,2025-06-18T14:11:15.000,Street Light Out,Closed,Mangaluru,12.926476,74.858696
61380202,2025-06-17T00:22:00.000,2025-06-18T14:38:42.000,Street Light Cycling,Closed,Bengaluru,12.947337,77.565108
61380288,2025-06-17T00:29:00.000,2025-06-29T14:10:00.000,Street Light Out,Closed,Mysuru,12.28271,76.622886
61380289,2025-06-17T00:48:00.000,2025-06-20T10:31:00.000,Street Light Out,Closed,Mysuru,12.295248,76.633119
61380290,2025-06-17T01:46:00.000,2025-06-29T10:51:00.000,Street Light Out,Closed,Bengaluru,13.013906,77.57143
61380529,2025-06-17T01:57:00.000,2025-06-20T13:01:18.000,Street Light Out,Closed,Mangaluru,12.891367,74.870947
61380548,2025-06-17T07:27:00.000,2025-07-05T18:35:00.000,Street Light Out,Closed,Shivamogga,13.939861,75.559217
61380851,2025-06-17T07:37:00.000,2025-06-23T18:34:00.000,Street Light Out,Closed,Hubballi,15.372593,75.125129
61380889,2025-06-17T09:23:00.000,2025-06-27T13:24:59.000,Street Light Out,Closed,Mysuru,12.300511,76.629069
61380992,2025-06-17T09:39:00.000,2025-06-23T13:11:00.000,Street Light Out,Closed,Belagavi,15.874716,74.505378
61381290,2025-06-17T10:39:00.000,2025-07-05T11:07:00.000,Street Light Out,Closed,Belagavi,15.818911,74.554831
61381709,2025-06-17T11:50:00.000,2025-06-20T17:29:43.000,Street Light Out,Closed,Mysuru,12.293219,76.646323
61381808,2025-06-17T14:45:00.000,2025-07-02T15:28:00.000,Street Light Out,Closed,Belagavi,15.882069,74.476659
61381890,2025-06-17T16:18:00.000,2025-07-05T11:49:00.000,Street Light Out,Closed,Bengaluru,12.983771,77.574829
61382335,2025-06-17T18:48:00.000,2025-07-05T11:05:00.000,Street Light Out,Closed,Mangaluru,12.909136,74.857504
61382532,2025-06-17T19:02:00.000,2025-06-19T17:51:17.000,Street Light Out,Closed,Bengaluru,12.97719,77.576442
61382553,2025-06-17T19:42:00.000,2025-06-22T15:13:55.000,Street Light Out,Closed,Bengaluru,12.912761,77.637651
61382603,2025-06-17T20:07:00.000,2025-06-20T16:39:20.000,Street Light Out,Closed,Tumakuru,13.374993,77.132753
61382903,2025-06-17T20:24:00.000,2025-08-15T14:20:34.000,Street Light Out,Closed,Belagavi,15.820796,74.545032
61382943,2025-06-17T20:50:00.000,2025-06-19T14:24:00.000,Street Light Out,Closed,Bengaluru,12.944388,77.584175
61383066,2025-06-17T20:51:00.000,2025-06-30T18:33:00.000,Street Light Out,Closed,Bengaluru,12.985459,77.590268
61383414,2025-06-17T20:51:00.000,2025-06-24T12:26:00.000,Street Light Out,Closed,Bengaluru,12.948583,77.629583
61383473,2025-06-17T21:48:00.000,2025-06-20T18:48:00.000,Street Light Out,Closed,Belagavi,15.849843,74.470858
61383628,2025-06-17T22:03:00.000,2025-06-20T14:49:00.000,Street Light Out,Closed,Mysuru,12.286012,76.659499
61383693,2025-06-18T00:46:00.000,2025-06-24T09:35:00.000,Street Light Out,Closed,Hubballi,15.373739,75.112485
61383774,2025-06-18T01:19:00.000,2025-06-20T14:21:21.000,Street Light Out,Closed,Tumakuru,13.372055,77.131678
61384180,2025-06-18T06:22:00.000,2025-06-23T08:41:35.000,Street Light Out,Closed,Mysuru,12.297399,76.626131
61384330,2025-06-18T09:29:00.000,2025-06-23T18:27:03.000,Street Light Out,Closed,Mangaluru,12.895831,74.902198
61384506,2025-06-18T09:41:00.000,2025-06-27T13:21:11.000,Street Light Cycling,Closed,Bengaluru,12.972526,77.653237
61384743,2025-06-18T09:43:00.000,2025-06-22T17:48:56.000,Street Light Out,Closed,Shivamogga,13.926557,75.573245
61384751,2025-06-18T10:34:00.000,2025-06-26T10:06:00.000,Street Light Out,Closed,Hubballi,15.370979,75.109902
61384780,2025-06-18T11:37:00.000,2025-07-21T15:05:51.000,Street Light Out,Closed,Mysuru,12.326372,76.660931
61384871,2025-06-18T13:34:00.000,2025-06-22T18:08:10.000,Street Light Out,Closed,Tumakuru,13.338835,77.094658
61384962,2025-06-18T14:39:00.000,2025-06-22T09:07:28.000,Street Light Out,Closed,Mysuru,12.302977,76.658945
61384970,2025-06-18T14:43:00.000,2025-06-24T11:36:00.000,Street Light Out,Closed,Tumakuru,13.371856,77.129868
61385017,2025-06-18T16:49:00.000,2025-06-19T09:40:04.000,Street Light Dayburning,Closed,Mangaluru,12.857324,74.896168
61385044,2025-06-18T17:36:00.000,2025-06-21T10:58:00.000,Street Light Out,Closed,Mangaluru,12.876593,74.855362
61385236,2025-06-18T17:49:00.000,2025-06-22T10:00:00.000,Street Light Out,Closed,Bengaluru,12.969894,77.606387
61385402,2025-06-18T18:28:00.000,2025-07-06T18:38:00.000,Street Light Cycling,Closed,Belagavi,15.90089,74.502987
61385512,2025-06-18T18:49:00.000,2025-07-07T10:42:23.000,Street Light Out,Closed,Bengaluru,12.952188,77.643093
61385704,2025-06-18T18:53:00.000,2025-06-29T08:43:40.000,Street Light Out,Closed,Bengaluru,13.00849,77.663938
61385838,2025-06-18T19:38:00.000,2025-06-24T09:32:58.000,Street Light Out,Closed,Mysuru,12.308303,76.674496
61385906,2025-06-18T19:42:00.000,2025-06-25T12:59:00.000,Street Light Out,Closed,Mysuru,12.26842,76.622371
61386522,2025-06-18T19:52:00.000,2025-07-03T09:11:00.000,Street Light Out,Closed,Mangaluru,12.904669,74.856513
61386694,2025-06-18T20:54:00.000,2025-06-20T08:15:36.000,Street Light Out,Closed,Mysuru,12.317544,76.659055
61386766,2025-06-18T21:27:00.000,2025-06-19T14:09:13.000,Street Light Out,Closed,Bengaluru,12.955634,77.647749
61386800,2025-06-18T22:44:00.000,2025-06-26T11:13:00.000,Street Light Out,Closed,Shivamogga,13.917714,75.545588
61386907,2025-06-18T22:45:00.000,2025-06-22T10:52:04.000,Street Light Out,Closed,Bengaluru,13.073779,77.631529
61386955,2025-06-18T23:24:00.000,2025-06-19T17:24:03.000,Street Light Out,Closed,Mangaluru,12.887878,74.875702
61387151,2025-06-18T23:36:00.000,2025-06-25T12:03:00.000,Street Light Out,Closed,Shivamogga,13.919576,75.582975
61387296,2025-06-19T00:32:00.000,2025-06-20T08:31:00.000,Street Light Out,Closed,Bengaluru,12.981016,77.609241
61387353,2025-06-19T00:33:00.000,2025-06-21T12:08:00.000,Street Light Out,Closed,Bengaluru,12.951681,77.62357
61387455,2025-06-19T00:47:00.000,2025-07-02T09:08:00.000,Street Light Cycling,Closed,Tumakuru,13.351448,77.09969
61387636,2025-06-19T03:41:00.000,2025-07-04T09:27:00.000,Street Light Out,Closed,Hubballi,15.359059,75.145938
61387749,2025-06-19T05:00:00.000,2025-07-01T09:06:06.000,Street Light Out,Closed,Tumakuru,13.341762,77.121672
61387754,2025-06-19T09:31:00.000,2025-06-27T15:20:00.000,Street Light Out,Closed,Bengaluru,12.950233,77.621226
61387797,2025-06-19T09:44:00.000,2025-06-23T12:53:00.000,Street Light Out,Closed,Bengaluru,12.993054,77.577393
61387982,2025-06-19T10:22:00.000,2025-06-23T12:58:00.000,Street Light Out,Closed,Mangaluru,12.892811,74.858091
61388082,2025-06-19T10:26:00.000,2025-06-22T18:13:10.000,Street Light Out,Closed,Mangaluru,12.891999,74.861488
61388111,2025-06-19T11:04:00.000,2025-06-21T17:55:20.000,Street Light Out,Closed,Bengaluru,12.977821,77.613398
61388356,2025-06-19T12:23:00.000,2025-06-26T16:24:00.000,Street Light Out,Closed,Mysuru,12.311048,76.660892
61388516,2025-06-19T16:37:00.000,2025-06-20T16:57:57.000,Street Light Out,Closed,Hubballi,15.35772,75.123119
61388526,2025-06-19T16:41:00.000,2025-06-27T09:15:24.000,Street Light Out,Closed,Shivamogga,13.971921,75.546869
61388529,2025-06-19T17:24:00.000,2025-06-23T10:10:42.000,Street Light Out,Closed,Mangaluru,12.821709,74.868654
61388586,2025-06-19T18:14:00.000,2025-06-23T09:40:25.000,Street Light Out,Closed,Belagavi,15.892648,74.510075
61389417,2025-06-19T18:50:00.000,2025-06-23T08:17:00.000,Street Light Out,Closed,Bengaluru,12.961831,77.722588
61389523,2025-06-19T19:25:00.000,2025-07-09T08:45:00.000,Street Light Out,Closed,Tumakuru,13.336876,77.096399
61389573,2025-06-19T20:20:00.000,2025-06-21T16:19:00.000,Street Light Dayburning,Closed,Belagavi,15.843412,74.491167
61389772,2025-06-19T21:04:00.000,2025-06-21T13:01:00.000,Street Light Cycling,Closed,Mysuru,12.292717,76.665946
61389984,2025-06-19T22:02:00.000,2025-06-20T18:02:38.000,Street Light Out,Closed,Mysuru,12.262401,76.614713
61390033,2025-06-19T22:31:00.000,2025-07-01T18:25:12.000,Street Light Out,Closed,Mysuru,12.304222,76.663241
61390336,2025-06-19T23:08:00.000,2025-06-29T11:20:56.000,Street Light Out,Closed,Tumakuru,13.346189,77.096238
61390398,2025-06-20T01:00:00.000,2025-06-30T16:51:00.000,Street Light Out,Closed,Belagavi,15.895902,74.497212
61390408,2025-06-20T01:04:00.000,2025-06-28T17:23:44.000,Street Light Out,Closed,Belagavi,15.866826,74.479177
61390479,2025-06-20T04:15:00.000,2025-06-26T13:16:17.000,Street Light Dayburning,Closed,Tumakuru,13.340717,77.097646
61390540,2025-06-20T05:56:00.000,2025-06-25T12:02:00.000,Street Light Out,Closed,Tumakuru,13.343471,77.100719
61390770,2025-06-20T06:05:00.000,2025-07-27T08:11:00.000,Street Light Out,Closed,Belagavi,15.862191,74.479683
61390854,2025-06-20T06:53:00.000,2025-07-01T12:24:05.000,Street Light Out,Closed,Hubballi,15.344924,75.133096
61390959,2025-06-20T07:31:00.000,2025-06-29T13:28:00.000,Street Light Out,Closed,Mangaluru,12.874955,74.861379
61391057,2025-06-20T10:32:00.000,2025-06-22T15:46:00.000,Street Light Out,Closed,Mysuru,12.266489,76.662529
61391066,2025-06-20T10:38:00.000,2025-07-03T17:01:00.000,Street Light Out,Closed,Belagavi,15.841119,74.525886
61391168,2025-06-20T11:28:00.000,2025-07-04T11:57:00.000,Street Light Out,Closed,Hubballi,15.367825,75.143706
61391210,2025-06-20T11:54:00.000,2025-06-29T15:48:00.000,Street Light Cycling,Closed,Tumakuru,13.380866,77.073371
61391317,2025-06-20T13:47:00.000,2025-06-24T10:50:00.000,Street Light Out,Closed,Bengaluru,12.977201,77.576443
61391327,2025-06-20T16:05:00.000,2025-06-24T15:02:53.000,Street Light Out,Closed,Tumakuru,13.354883,77.091104
61391389,2025-06-20T17:41:00.000,2025-06-27T12:36:00.000,Street Light Out,Closed,Bengaluru,12.927101,77.615866
61391682,2025-06-20T17:48:00.000,2025-07-17T17:02:00.000,Street Light Dayburning,Closed,Hubballi,15.351566,75.149026
61391861,2025-06-20T19:35:00.000,2025-06-25T13:08:33.000,Street Light Out,Closed,Shivamogga,13.926435,75.56875
61391882,2025-06-20T20:59:00.000,2025-06-25T10:06:00.000,Street Light Out,Closed,Belagavi,15.843615,74.518149
61392266,2025-06-20T21:17:00.000,2025-06-25T15:54:23.000,Street Light Out,Closed,Bengaluru,13.035295,77.635016
61392334,2025-06-20T21:17:00.000,2025-06-23T08:13:13.000,Street Light Out,Closed,Mangaluru,12.87828,74.868841
61392460,2025-06-20T21:30:00.000,2025-06-25T17:30:00.000,Street Light Out,Closed,Mysuru,12.306475,76.676158
61392532,2025-06-20T22:36:00.000,2025-06-23T09:53:00.000,Street Light Out,Closed,Bengaluru,12.971171,77.583003
61392545,2025-06-20T23:23:00.000,2025-07-03T11:30:00.000,Street Light Out,Closed,Bengaluru,12.979077,77.553387
61392630,2025-06-21T00:03:00.000,2025-06-25T18:09:00.000,Street Light Out,Closed,Tumakuru,13.331647,77.112438
61392653,2025-06-21T00:54:00.000,2025-06-27T10:03:00.000,Street Light Cycling,Closed,Mangaluru,12.89549,74.868722
61392866,2025-06-21T03:24:00.000,2025-07-03T17:49:33.000,Street Light Out,Closed,Mangaluru,12.880374,74.865477
61392925,2025-06-21T05:26:00.000,2025-06-25T09:48:00.000,Street Light Out,Closed,Bengaluru,12.952454,77.554618
61392997,2025-06-21T05:29:00.000,2025-06-28T12:27:33.000,Street Light Out,Closed,Belagavi,15.86059,74.491371
61393030,2025-06-21T08:04:00.000,2025-07-01T13:41:00.000,Street Light Out,Closed,Bengaluru,12.992295,77.621177
61393184,2025-06-21T09:12:00.000,2025-07-02T09:14:49.000,Street Light Out,Closed,Bengaluru,12.977116,77.650312
61393668,2025-06-21T09:48:00.000,2025-06-22T09:01:00.000,Street Light Out,Closed,Mysuru,12.288985,76.679664
61393968,2025-06-21T10:16:00.000,2025-07-18T16:41:56.000,Street Light Out,Closed,Mangaluru,12.878416,74.891377
61394097,2025-06-21T10:52:00.000,2025-06-29T17:55:30.000,Street Light Out,Closed,Tumakuru,13.343872,77.119051
61394366,2025-06-21T17:57:00.000,2025-06-25T18:15:00.000,Street Light Out,Closed,Hubballi,15.366683,75.136972
61395288,2025-06-21T19:26:00.000,2025-07-01T13:01:00.000,Street Light Out,Closed,Hubballi,15.359309,75.113849
61395350,2025-06-21T19:42:00.000,2025-07-10T17:53:00.000,Street Light Out,Closed,Bengaluru,12.91663,77.562354
61395410,2025-06-21T20:13:00.000,2025-06-23T08:28:00.000,Street Light Out,Closed,Bengaluru,12.937912,77.615192
61395441,2025-06-21T20:17:00.000,2025-07-01T16:04:18.000,Street Light Cycling,Closed,Mangaluru,12.875497,74.872223
61395549,2025-06-21T21:27:00.000,2025-07-03T16:34:29.000,Street Light Out,Closed,Bengaluru,12.987456,77.645078
61395683,2025-06-21T21:50:00.000,2025-07-10T12:55:15.000,Street Light Out,Closed,Shivamogga,13.926981,75.559561
61395832,2025-06-21T22:25:00.000,2025-06-25T17:45:00.000,Street Light Out,Closed,Shivamogga,13.922049,75.571477
61395927,2025-06-21T23:42:00.000,2025-06-28T11:56:00.000,Street Light Out,Closed,Mysuru,12.311589,76.656449
61396084,2025-06-22T00:57:00.000,2025-06-29T11:30:00.000,Street Light Out,Closed,Bengaluru,12.957262,77.651583
61396141,2025-06-22T06:41:00.000,2025-06-26T13:01:22.000,Street Light Out,Closed,Tumakuru,13.363704,77.082882
61396188,2025-06-22T07:32:00.000,2025-07-01T14:22:00.000,Street Light Cycling,Closed,Bengaluru,12.873297,77.53921
61396250,2025-06-22T08:06:00.000,2025-06-25T16:57:00.000,Street Light Out,Closed,Hubballi,15.357217,75.115194
61396438,2025-06-22T08:30:00.000,2025-06-26T13:39:00.000,Street Light Out,Closed,Tumakuru,13.343878,77.095131
61396462,2025-06-22T08:53:00.000,2025-06-27T10:42:36.000,Street Light Out,Closed,Bengaluru,13.032601,77.570471
61396497,2025-06-22T09:20:00.000,2025-06-24T18:35:00.000,Street Light Out,Closed,Bengaluru,12.973968,77.586533
61396992,2025-06-22T10:09:00.000,2025-06-27T11:06:24.000,Street Light Out,Closed,Bengaluru,12.932815,77.550323
61396997,2025-06-22T10:48:00.000,2025-06-27T12:01:02.000,Street Light Out,Closed,Hubballi,15.35923,75.118407
61397174,2025-06-22T11:38:00.000,2025-08-05T10:22:00.000,Street Light Out,Closed,Mangaluru,12.87956,74.858621
61397305,2025-06-22T11:56:00.000,2025-07-01T12:09:00.000,Street Light Cycling,Closed,Shivamogga,13.907056,75.554344
61397406,2025-06-22T12:25:00.000,2025-07-22T13:39:00.000,Street Light Dayburning,Closed,Hubballi,15.381404,75.12622
61397457,2025-06-22T12:37:00.000,2025-07-06T18:22:55.000,Street Light Out,Closed,Belagavi,15.84481,74.489656
61397487,2025-06-22T17:41:00.000,2025-06-28T12:54:00.000,Street Light Out,Closed,Hubballi,15.364208,75.13549
61397550,2025-06-22T18:38:00.000,2025-06-25T08:09:07.000,Street Light Out,Closed,Bengaluru,12.988937,77.571805
61397569,2025-06-22T20:28:00.000,2025-06-29T18:13:00.000,Street Light Out,Closed,Hubballi,15.353341,75.136252
61397604,2025-06-22T21:37:00.000,2025-06-29T12:39:00.000,Street Light Out,Closed,Bengaluru,13.069641,77.580872
61397621,2025-06-22T21:40:00.000,2025-06-24T14:00:00.000,Street Light Out,Closed,Bengaluru,12.973108,77.615522
61397757,2025-06-22T21:51:00.000,2025-06-29T11:13:00.000,Street Light Out,Closed,Bengaluru,13.007934,77.572519
61397902,2025-06-23T01:20:00.000,2025-06-29T09:51:00.000,Street Light Dayburning,Closed,Bengaluru,12.981407,77.579713
61398099,2025-06-23T03:11:00.000,2025-06-26T10:22:22.000,Street Light Out,Closed,Bengaluru,12.950085,77.634619
61398149,2025-06-23T04:06:00.000,2025-06-30T14:45:56.000,Street Light Out,Closed,Bengaluru,12.943886,77.627428
61398269,2025-06-23T06:59:00.000,2025-07-02T17:14:48.000,Street Light Out,Closed,Mysuru,12.305266,76.667715
61398401,2025-06-23T07:04:00.000,2025-06-27T14:51:00.000,Lamppost Damaged,Closed,Bengaluru,12.952429,77.649395
61398416,2025-06-23T08:23:00.000,2025-06-29T17:05:02.000,Street Light Out,Closed,Bengaluru,12.897516,77.529678
61398494,2025-06-23T08:42:00.000,2025-06-26T17:11:00.000,Street Light Out,Closed,Shivamogga,13.921569,75.588958
61398535,2025-06-23T13:54:00.000,2025-07-19T11:19:00.000,Street Light Out,Closed,Hubballi,15.356606,75.132317
61398984,2025-06-23T15:51:00.000,2025-06-27T17:39:11.000,Street Light Out,Closed,Bengaluru,12.938523,77.646886
61398993,2025-06-23T16:35:00.000,2025-06-25T11:30:00.000,Street Light Out,Closed,Bengaluru,12.982929,77.626952
61398995,2025-06-23T18:49:00.000,2025-06-27T18:59:00.000,Street Light Out,Closed,Belagavi,15.823659,74.555881
61399106,2025-06-23T18:59:00.000,2025-06-25T09:31:31.000,Street Light Out,Closed,Bengaluru,12.987186,77.614734
61399192,2025-06-23T19:37:00.000,2025-06-30T18:36:07.000,Street Light Out,Closed,Tumakuru,13.34708,77.07244
61399488,2025-06-23T19:50:00.000,2025-06-26T09:54:10.000,Street Light Out,Closed,Tumakuru,13.336946,77.109759
61399556,2025-06-23T20:00:00.000,2025-06-30T14:44:00.000,Street Light Out,Closed,Mangaluru,12.885032,74.850579
61399728,2025-06-23T20:22:00.000,2025-07-15T10:11:00.000,Street Light Dayburning,Closed,Mysuru,12.299758,76.637367
61399796,2025-06-23T20:44:00.000,2025-07-11T14:07:00.000,Street Light Out,Closed,Shivamogga,13.933017,75.553321
61399821,2025-06-23T21:46:00.000,2025-06-28T10:30:00.000,Street Light Out,Closed,Belagavi,15.85042,74.486899
61399861,2025-06-23T21:57:00.000,2025-06-25T11:47:00.000,Street Light Cycling,Closed,Hubballi,15.356581,75.126022
61399867,2025-06-23T21:59:00.000,2025-06-27T10:01:00.000,Street Light Out,Closed,Bengaluru,12.978118,77.592416
61400421,2025-06-24T00:04:00.000,2025-06-29T09:59:00.000,Street Light Cycling,Closed,Bengaluru,12.915802,77.605224
61400454,2025-06-24T02:03:00.000,2025-07-01T15:31:00.000,Street Light Out,Closed,Bengaluru,12.985645,77.568264
61400542,2025-06-24T02:25:00.000,2025-07-11T13:34:36.000,Street Light Out,Closed,Belagavi,15.850891,74.527444
61400562,2025-06-24T05:23:00.000,2025-06-28T18:21:00.000,Street Light Out,Closed,Belagavi,15.848016,74.485727
61400667,2025-06-24T07:19:00.000,2025-06-29T18:58:23.000,Street Light Cycling,Closed,Hubballi,15.380441,75.141773
61400674,2025-06-24T07:37:00.000,2025-06-28T08:07:00.000,Street Light Out,Closed,Mysuru,12.307282,76.669821
61400732,2025-06-24T08:00:00.000,2025-07-04T10:15:00.000,Street Light Out,Closed,Bengaluru,12.95921,77.587438
61400904,2025-06-24T08:13:00.000,2025-06-29T15:08:30.000,Street Light Out,Closed,Shivamogga,13.931237,75.554494
61401041,2025-06-24T09:04:00.000,2025-07-12T16:36:00.000,Street Light Dayburning,Closed,Shivamogga,13.93116,75.564845
61401168,2025-06-24T09:39:00.000,2025-06-30T16:46:50.000,Street Light Out,Closed,Bengaluru,12.973033,77.60156
61401420,2025-06-24T13:49:00.000,2025-07-05T15:57:00.000,Street Light Dayburning,Closed,Bengaluru,12.960785,77.636299
61401443,2025-06-24T18:50:00.000,2025-07-11T15:14:36.000,Street Light Out,Closed,Tumakuru,13.35625,77.105179
61401742,2025-06-24T19:37:00.000,2025-07-04T11:09:00.000,Street Light Out,Closed,Bengaluru,12.948545,77.605622
61402056,2025-06-24T19:46:00.000,2025-06-27T10:49:51.000,Street Light Out,Closed,Bengaluru,12.980337,77.601426
61402274,2025-06-24T20:16:00.000,2025-07-03T13:53:00.000,Street Light Out,Closed,Tumakuru,13.354816,77.0911
61402342,2025-06-24T20:50:00.000,2025-07-09T18:41:00.000,Street Light Out,Closed,Mysuru,12.302962,76.658947
61402469,2025-06-24T20:56:00.000,2025-07-03T13:11:58.000,Street Light Out,Closed,Hubballi,15.366944,75.125146
61402755,2025-06-24T21:36:00.000,2025-07-06T16:57:56.000,Street Light Out,Closed,Bengaluru,12.999821,77.516537
61402796,2025-06-24T21:52:00.000,2025-06-26T16:00:00.000,Street Light Out,Closed,Mangaluru,12.880486,74.859842
61402973,2025-06-24T22:10:00.000,2025-07-12T13:46:00.000,Street Light Out,Closed,Mangaluru,12.852271,74.870491
61403102,2025-06-24T22:13:00.000,2025-08-06T16:46:00.000,Street Light Out,Closed,Hubballi,15.38823,75.143584
61403203,2025-06-25T00:02:00.000,2025-07-02T09:28:00.000,Street Light Out,Closed,Shivamogga,13.956478,75.539426
61403316,2025-06-25T00:19:00.000,2025-06-27T08:44:14.000,Street Light Out,Closed,Mysuru,12.303649,76.651651
61403436,2025-06-25T07:28:00.000,2025-06-30T13:23:34.000,Street Light Out,Closed,Shivamogga,13.927145,75.554815
61403956,2025-06-25T07:35:00.000,2025-06-29T16:14:00.000,Street Light Out,Closed,Tumakuru,13.369952,77.136918
61403986,2025-06-25T09:00:00.000,2025-07-21T12:36:31.000,Street Light Out,Closed,Bengaluru,12.969753,77.652786
61404000,2025-06-25T10:25:00.000,2025-07-07T13:36:00.000,Street Light Out,Closed,Bengaluru,12.953643,77.73007
61404036,2025-06-25T10:28:00.000,2025-06-28T16:34:00.000,Street Light Out,Closed,Bengaluru,12.955542,77.606913
61404110,2025-06-25T11:27:00.000,2025-08-06T12:53:28.000,Street Light Out,Closed,Bengaluru,12.923397,77.64133
61404134,2025-06-25T12:10:00.000,2025-07-01T14:57:38.000,Street Light Out,Closed,Mangaluru,12.885703,74.917948
61404503,2025-06-25T12:55:00.000,2025-07-15T08:06:23.000,Street Light Out,Closed,Belagavi,15.849128,74.47744
61404686,2025-06-25T16:51:00.000,2025-07-04T10:53:01.000,Street Light Out,Closed,Hubballi,15.35866,75.140241
61404692,2025-06-25T18:51:00.000,2025-07-14T16:03:00.000,Street Light Out,Closed,Mangaluru,12.891646,74.861853
61404783,2025-06-25T19:03:00.000,2025-06-28T13:33:03.000,Street Light Out,Closed,Mangaluru,12.890026,74.864706
61404903,2025-06-25T19:26:00.000,2025-07-14T09:03:18.000,Street Light Out,Closed,Bengaluru,12.975483,77.592409
61405043,2025-06-25T20:50:00.000,2025-07-01T13:01:17.000,Street Light Out,Closed,Bengaluru,12.971123,77.5941
61405061,2025-06-25T20:56:00.000,2025-06-27T14:30:14.000,Street Light Out,Closed,Hubballi,15.354439,75.141434
61405207,2025-06-25T21:18:00.000,2025-06-29T12:31:00.000,Street Light Out,Closed,Mysuru,12.323945,76.642412
61405257,2025-06-25T22:15:00.000,2025-07-01T16:08:00.000,Street Light Out,Closed,Hubballi,15.338658,75.114185
61405271,2025-06-25T22:16:00.000,2025-06-28T17:22:00.000,Street Light Dim,Closed,Mysuru,12.3425,76.672888
61405595,2025-06-25T22:35:00.000,2025-07-13T12:08:53.000,Street Light Out,Closed,Belagavi,15.878605,74.522033
61406094,2025-06-26T07:29:00.000,2025-06-27T13:09:00.000,Street Light Out,Closed,Bengaluru,12.961917,77.722639
61406211,2025-06-26T07:33:00.000,2025-07-01T08:26:00.000,Street Light Out,Closed,Bengaluru,12.958345,77.740065
61406820,2025-06-26T08:39:00.000,2025-07-12T10:54:51.000,Street Light Out,Closed,Hubballi,15.361867,75.134294
61407065,2025-06-26T09:03:00.000,2025-07-12T14:33:14.000,Street Light Out,Closed,Belagavi,15.870577,74.517041
61407295,2025-06-26T12:16:00.000,2025-06-28T14:47:00.000,Street Light Out,Closed,Bengaluru,12.96991,77.60639
61407366,2025-06-26T12:55:00.000,2025-07-06T12:19:00.000,Street Light Out,Closed,Mysuru,12.294757,76.639896
61407551,2025-06-26T16:57:00.000,2025-06-30T15:50:00.000,Street Light Out,Closed,Tumakuru,13.336026,77.100913
61407593,2025-06-26T17:46:00.000,2025-07-04T15:41:00.000,Street Light Out,Closed,Mangaluru,12.886991,74.852988
61407768,2025-06-26T18:09:00.000,2025-06-28T13:34:37.000,Street Light Out,Closed,Hubballi,15.371182,75.129332
61407880,2025-06-26T18:36:00.000,2025-06-27T13:49:00.000,Street Light Out,Closed,Bengaluru,12.917092,77.636976
61407964,2025-06-26T19:09:00.000,2025-06-29T13:21:51.000,Street Light Out,Closed,Bengaluru,12.991852,77.569189
61408082,2025-06-26T20:19:00.000,2025-06-29T17:37:00.000,Street Light Out,Closed,Tumakuru,13.325202,77.103766
61408497,2025-06-26T20:24:00.000,2025-07-10T13:16:33.000,Street Light Out,Closed,Belagavi,15.866566,74.525458
61408668,2025-06-26T22:33:00.000,2025-07-02T12:11:21.000,Street Light Out,Closed,Shivamogga,13.927425,75.550157
61408862,2025-06-26T22:37:00.000,2025-07-01T08:14:00.000,Street Light Cycling,Closed,Shivamogga,13.916809,75.583382
61408931,2025-06-26T22:54:00.000,2025-07-08T16:00:38.000,Street Light Dayburning,Closed,Tumakuru,13.374607,77.128205
61408942,2025-06-26T23:21:00.000,2025-07-08T11:15:40.000,Street Light Cycling,Closed,Hubballi,15.351952,75.128845
61409023,2025-06-27T00:56:00.000,2025-07-04T09:31:00.000,Street Light Out,Closed,Bengaluru,12.970688,77.594448
61409070,2025-06-27T06:35:00.000,2025-07-03T18:18:00.000,Street Light Out,Closed,Shivamogga,13.939323,75.551242
61409301,2025-06-27T07:18:00.000,2025-07-29T14:53:00.000,Street Light Dayburning,Closed,Belagavi,15.856292,74.529144
61409330,2025-06-27T07:24:00.000,2025-06-30T14:01:00.000,Street Light Out,Closed,Tumakuru,13.31773,77.123918
61409684,2025-06-27T07:51:00.000,2025-06-28T17:14:00.000,Street Light Out,Closed,Bengaluru,12.951559,77.537261
61409710,2025-06-27T10:20:00.000,2025-09-02T15:13:00.000,Street Light Out,Closed,Bengaluru,12.915382,77.64603
61410384,2025-06-27T12:30:00.000,2025-07-02T11:15:45.000,Street Light Out,Closed,Hubballi,15.353181,75.147619
61410612,2025-06-27T13:18:00.000,2025-07-12T16:11:52.000,Street Light Out,Closed,Bengaluru,12.948843,77.634849
61410841,2025-06-27T13:48:00.000,2025-06-29T17:31:00.000,Street Light Out,Closed,Bengaluru,12.9614,77.597003
61410932,2025-06-27T15:17:00.000,2025-07-05T16:41:00.000,Street Light Out,Closed,Belagavi,15.850858,74.493686
61411022,2025-06-27T17:11:00.000,2025-06-30T08:10:00.000,Street Light Out,Closed,Bengaluru,12.98769,77.59732
61411209,2025-06-27T18:10:00.000,2025-07-05T17:19:00.000,Street Light Out,Closed,Shivamogga,13.92231,75.572432
61411214,2025-06-27T20:18:00.000,2025-06-30T17:06:00.000,Street Light Out,Closed,Hubballi,15.345764,75.10175
61411695,2025-06-27T21:15:00.000,2025-08-10T14:03:00.000,Street Light Out,Closed,Shivamogga,13.95244,75.538565
61411835,2025-06-27T23:58:00.000,2025-07-03T13:29:00.000,Street Light Out,Closed,Mangaluru,12.879071,74.86731
61411884,2025-06-28T00:21:00.000,2025-07-01T12:43:00.000,Street Light Out,Closed,Hubballi,15.349055,75.116755
61411893,2025-06-28T01:34:00.000,2025-06-30T14:56:00.000,Street Light Out,Closed,Shivamogga,13.932749,75.552729
61411926,2025-06-28T05:54:00.000,2025-07-03T18:01:00.000,Street Light Out,Closed,Bengaluru,12.981095,77.562574
61412094,2025-06-28T05:58:00.000,2025-07-01T18:40:00.000,Street Light Out,Closed,Bengaluru,12.964853,77.635457
61412145,2025-06-28T06:17:00.000,2025-06-30T14:38:02.000,Street Light Out,Closed,Hubballi,15.312083,75.124059
61412165,2025-06-28T06:49:00.000,2025-06-30T10:45:00.000,Street Light Out,Closed,Mysuru,12.32282,76.635758
61412436,2025-06-28T07:56:00.000,2025-07-02T12:43:00.000,Street Light Out,Closed,Hubballi,15.365365,75.12784
61412495,2025-06-28T08:02:00.000,2025-07-13T15:43:00.000,Street Light Out,Closed,Tumakuru,13.370039,77.12926
61412936,2025-06-28T08:03:00.000,2025-07-04T18:16:12.000,Street Light Out,Closed,Shivamogga,13.882633,75.579611
61412971,2025-06-28T09:15:00.000,2025-08-07T14:04:00.000,Street Light Cycling,Closed,Belagavi,15.904436,74.512669
61413150,2025-06-28T09:21:00.000,2025-07-01T17:09:00.000,Street Light Out,Closed,Mysuru,12.305107,76.658247
61413445,2025-06-28T10:11:00.000,2025-07-02T18:56:00.000,Street Light Out,Closed,Belagavi,15.872299,74.507461
61413558,2025-06-28T10:19:00.000,2025-07-04T18:39:00.000,Street Light Out,Closed,Mysuru,12.301126,76.672303
61413724,2025-06-28T10:54:00.000,2025-06-28T17:47:55.000,Street Light Out,Closed,Mysuru,12.30642,76.67606
61413991,2025-06-28T11:59:00.000,2025-06-30T09:43:36.000,Street Light Out,Closed,Bengaluru,12.977086,77.576511
61414299,2025-06-28T12:19:00.000,2025-07-04T16:41:00.000,Street Light Out,Closed,Belagavi,15.897007,74.450395
61414301,2025-06-28T12:31:00.000,2025-07-11T18:44:00.000,Street Light Out,Closed,Bengaluru,12.928882,77.585493
61414453,2025-06-28T13:47:00.000,2025-07-03T15:24:55.000,Street Light Out,Closed,Bengaluru,12.971178,77.582947
61414918,2025-06-28T13:55:00.000,2025-07-15T18:30:22.000,Street Light Out,Closed,Mysuru,12.317027,76.665444
61414927,2025-06-28T15:16:00.000,2025-07-10T09:42:41.000,Street Light Out,Closed,Tumakuru,13.32568,77.138674
61414939,2025-06-28T15:51:00.000,2025-07-09T18:46:00.000,Street Light Out,Closed,Tumakuru,13.354614,77.094007
61415140,2025-06-28T16:52:00.000,2025-07-03T13:00:00.000,Street Light Out,Closed,Bengaluru,12.96638,77.61019
61415168,2025-06-28T17:45:00.000,2025-07-08T16:26:00.000,Street Light Out,Closed,Hubballi,15.339747,75.112716
61415236,2025-06-28T19:09:00.000,2025-07-05T13:03:00.000,Street Light Out,Closed,Bengaluru,12.973584,77.58749
61415443,2025-06-28T19:36:00.000,2025-07-01T18:55:00.000,Street Light Out,Closed,Belagavi,15.837497,74.52883
61415851,2025-06-28T19:52:00.000,2025-07-05T15:00:05.000,Street Light Out,Closed,Bengaluru,12.960831,77.650502
61415879,2025-06-28T20:20:00.000,2025-06-30T15:51:05.000,Street Light Out,Closed,Bengaluru,12.984273,77.662266
61416056,2025-06-28T20:37:00.000,2025-07-02T08:37:20.000,Street Light Out,Closed,Mangaluru,12.882466,74.85843
61416070,2025-06-28T20:42:00.000,2025-07-04T13:06:00.000,Street Light Out,Closed,Bengaluru,12.997737,77.584721
61416346,2025-06-28T21:00:00.000,2025-07-02T17:07:04.000,Street Light Out,Closed,Shivamogga,13.924059,75.609771
61416351,2025-06-28T21:27:00.000,2025-07-01T14:55:37.000,Street Light Out,Closed,Hubballi,15.366633,75.136953
61416415,2025-06-28T21:28:00.000,2025-07-10T11:37:00.000,Street Light Out,Closed,Tumakuru,13.353521,77.103987
61416735,2025-06-28T21:49:00.000,2025-07-01T10:44:00.000,Street Light Out,Closed,Mysuru,12.304959,76.672171
61416853,2025-06-28T21:56:00.000,2025-07-01T11:20:00.000,Street Light Out,Closed,Mysuru,12.318724,76.630282
61416892,2025-06-28T22:00:00.000,2025-07-05T10:59:00.000,Street Light Out,Closed,Mysuru,12.346457,76.676687
61416935,2025-06-29T01:19:00.000,2025-07-02T16:05:00.000,Street Light Out,Closed,Mysuru,12.319087,76.680381
61416955,2025-06-29T03:25:00.000,2025-07-04T13:23:00.000,Street Light Out,Closed,Mangaluru,12.897525,74.85411
61417008,2025-06-29T07:00:00.000,2025-07-05T13:28:00.000,Street Light Out,Closed,Mysuru,12.302579,76.65557
61417166,2025-06-29T12:29:00.000,2025-07-03T11:16:00.000,Street Light Out,Closed,Mysuru,12.299274,76.641809
61417177,2025-06-29T12:50:00.000,2025-07-10T12:02:00.000,Street Light Out,Closed,Hubballi,15.378772,75.124687
61417263,2025-06-29T13:03:00.000,2025-07-01T08:47:00.000,Street Light Out,Closed,Shivamogga,13.929255,75.557941
61417305,2025-06-29T14:56:00.000,2025-08-02T12:11:00.000,Street Light Out,Closed,Shivamogga,13.93451,75.550444
61417567,2025-06-29T17:39:00.000,2025-07-04T15:50:00.000,Street Light Out,Closed,Mysuru,12.31455,76.661169
61417635,2025-06-29T18:33:00.000,2025-07-02T14:52:00.000,Street Light Out,Closed,Belagavi,15.857238,74.512078
61417656,2025-06-29T18:56:00.000,2025-08-21T14:33:00.000,Street Light Out,Closed,Bengaluru,13.048798,77.635299
61417912,2025-06-29T19:03:00.000,2025-07-03T09:49:09.000,Street Light Out,Closed,Hubballi,15.351518,75.120811
61418059,2025-06-29T19:12:00.000,2025-07-06T08:03:00.000,Street Light Out,Closed,Mangaluru,12.887072,74.859674
61418304,2025-06-29T19:30:00.000,2025-07-06T09:58:33.000,Street Light Out,Closed,Belagavi,15.875607,74.512702
61418450,2025-06-29T20:03:00.000,2025-07-03T09:19:32.000,Street Light Out,Closed,Mangaluru,12.890025,74.864717
61418473,2025-06-29T20:25:00.000,2025-07-04T13:35:46.000,Street Light Out,Closed,Bengaluru,12.955063,77.614982
61418703,2025-06-29T20:28:00.000,2025-08-03T18:44:00.000,Street Light Out,Closed,Tumakuru,13.33718,77.087332
61418808,2025-06-29T20:35:00.000,2025-07-11T13:35:00.000,Street Light Out,Closed,Belagavi,15.842719,74.48944
61419240,2025-06-29T20:44:00.000,2025-07-02T09:16:00.000,Street Light Out,Closed,Mysuru,12.281954,76.681785
61419314,2025-06-29T21:44:00.000,2025-07-02T15:05:50.000,Street Light Out,Closed,Mysuru,12.25189,76.656252
61419508,2025-06-29T23:39:00.000,2025-07-01T16:53:47.000,Street Light Out,Closed,Mysuru,12.349178,76.681986
61419522,2025-06-30T00:42:00.000,2025-07-07T10:52:00.000,Street Light Out,Closed,Tumakuru,13.344974,77.088211
61419585,2025-06-30T07:14:00.000,2025-07-05T17:16:29.000,Street Light Out,Closed,Mangaluru,12.889629,74.8791
61419941,2025-06-30T08:36:00.000,2025-07-01T18:34:50.000,Street Light Out,Closed,Bengaluru,12.956737,77.745999
61420291,2025-06-30T09:46:00.000,2025-07-02T15:16:44.000,Street Light Dayburning,Closed,Mangaluru,12.878444,74.857015
61420441,2025-06-30T11:00:00.000,2025-07-17T11:38:39.000,Street Light Out,Closed,Hubballi,15.351575,75.123298
61420568,2025-06-30T17:08:00.000,2025-07-06T11:58:00.000,Street Light Out,Closed,Belagavi,15.836085,74.494611
61420853,2025-06-30T17:19:00.000,2025-07-04T08:16:00.000,Street Light Out,Closed,Bengaluru,12.851086,77.616095
61421227,2025-06-30T17:34:00.000,2025-07-03T18:43:40.000,Street Light Out,Closed,Mysuru,12.306791,76.660662
61421296,2025-06-30T20:35:00.000,2025-07-03T13:31:00.000,Street Light Out,Closed,Hubballi,15.348215,75.121852
61421484,2025-06-30T20:47:00.000,2025-07-04T09:44:00.000,Street Light Out,Closed,Mysuru,12.305785,76.675153
61421774,2025-06-30T20:59:00.000,2025-07-24T12:19:00.000,Street Light Out,Closed,Shivamogga,13.946939,75.545886
61421866,2025-06-30T21:06:00.000,2025-07-03T18:51:00.000,Street Light Cycling,Closed,Hubballi,15.354346,75.132836
61421926,2025-06-30T21:14:00.000,2025-07-04T08:18:00.000,Street Light Out,Closed,Bengaluru,13.015026,77.564255
61421973,2025-07-01T00:31:00.000,2025-08-19T14:29:09.000,Street Light Out,Closed,Mangaluru,12.877428,74.857899
61422077,2025-07-01T00:32:00.000,2025-07-02T17:34:36.000,Street Light Out,Closed,Bengaluru,12.997818,77.494962
61422437,2025-07-01T01:03:00.000,2025-07-06T15:42:00.000,Lamppost Damaged,Closed,Hubballi,15.363246,75.136667
61422439,2025-07-01T06:20:00.000,2025-07-04T18:00:46.000,Street Light Dayburning,Closed,Bengaluru,13.064799,77.582448
61422570,2025-07-01T06:25:00.000,2025-07-03T11:55:00.000,Street Light Out,Closed,Shivamogga,13.900152,75.554367
61422644,2025-07-01T09:04:00.000,2025-07-09T13:40:00.000,Street Light Out,Closed,Hubballi,15.356448,75.139625
61422674,2025-07-01T09:10:00.000,2025-07-03T08:27:00.000,Street Light Out,Closed,Mysuru,12.27828,76.699235
61422712,2025-07-01T09:49:00.000,2025-08-06T14:59:00.000,Street Light Cycling,Closed,Shivamogga,13.91604,75.566265
61422991,2025-07-01T10:42:00.000,2025-08-20T18:08:44.000,Street Light Out,Closed,Bengaluru,12.928204,77.615894
61423029,2025-07-01T12:30:00.000,2025-09-02T09:06:00.000,Street Light Out,Closed,Shivamogga,13.918478,75.573598
61423285,2025-07-01T13:29:00.000,2025-07-13T13:41:41.000,Street Light Out,Closed,Belagavi,15.847075,74.530646
61423480,2025-07-01T18:11:00.000,2025-07-08T14:40:32.000,Street Light Out,Closed,Bengaluru,12.977175,77.589134
61423523,2025-07-01T18:16:00.000,2025-07-03T10:52:44.000,Street Light Cycling,Closed,Shivamogga,13.953725,75.539549
61423752,2025-07-01T18:54:00.000,2025-07-03T10:38:31.000,Street Light Out,Closed,Hubballi,15.35262,75.123622
61423801,2025-07-01T19:22:00.000,2025-07-13T15:15:00.000,Street Light Dim,Closed,Bengaluru,12.975866,77.569701
61423806,2025-07-01T20:05:00.000,2025-07-03T14:49:33.000,Street Light Out,Closed,Mangaluru,12.881477,74.852965
61423833,2025-07-01T20:42:00.000,2025-07-04T14:42:01.000,Street Light Out,Closed,Belagavi,15.84776,74.530676
61423951,2025-07-01T21:03:00.000,2025-07-05T17:05:48.000,Street Light Dim,Closed,Bengaluru,12.963755,77.593963
61423992,2025-07-01T22:32:00.000,2025-07-03T17:46:00.000,Street Light Cycling,Closed,Hubballi,15.377453,75.120555
61424138,2025-07-01T22:45:00.000,2025-07-04T11:22:00.000,Lamppost Damaged,Closed,Shivamogga,13.917725,75.545607
61424479,2025-07-01T23:51:00.000,2025-07-05T16:18:00.000,Street Light Out,Closed,Tumakuru,13.345103,77.087987
61424570,2025-07-02T00:06:00.000,2025-07-13T17:33:00.000,Street Light Out,Closed,Bengaluru,12.972454,77.576207
61424691,2025-07-02T03:33:00.000,2025-07-15T12:30:00.000,Street Light Out,Closed,Hubballi,15.354861,75.131293
61424752,2025-07-02T07:29:00.000,2025-07-04T08:53:00.000,Street Light Dayburning,Closed,Shivamogga,13.929437,75.552498
61424993,2025-07-02T08:06:00.000,2025-07-16T12:36:00.000,Street Light Out,Closed,Tumakuru,13.368738,77.132849
61425024,2025-07-02T09:53:00.000,2025-07-05T13:28:24.000,Street Light Out,Closed,Tumakuru,13.38084,77.073413
61425257,2025-07-02T10:22:00.000,2025-07-04T10:40:00.000,Street Light Out,Closed,Bengaluru,12.966712,77.601152
61425512,2025-07-02T13:10:00.000,2025-07-19T11:27:00.000,Street Light Out,Closed,Shivamogga,13.931014,75.556799
61425739,2025-07-02T16:59:00.000,2025-07-05T09:50:00.000,Lamppost Damaged,Closed,Mangaluru,12.855406,74.880956
61426103,2025-07-02T18:01:00.000,2025-07-04T18:08:58.000,Street Light Dayburning,Closed,Mysuru,12.324129,76.65564
61426212,2025-07-02T18:21:00.000,2025-07-05T16:34:00.000,Street Light Out,Closed,Bengaluru,12.99151,77.579228
61426346,2025-07-02T18:55:00.000,2025-07-03T17:02:42.000,Street Light Dayburning,Closed,Tumakuru,13.358596,77.0789
61426479,2025-07-02T20:12:00.000,2025-07-25T10:19:00.000,Street Light Cycling,Closed,Bengaluru,12.968329,77.576432
61426984,2025-07-02T20:16:00.000,2025-07-06T18:35:41.000,Street Light Out,Closed,Mangaluru,12.888334,74.863529
61427014,2025-07-02T21:07:00.000,2025-07-05T08:16:00.000,Street Light Out,Closed,Bengaluru,12.896975,77.504872
61427095,2025-07-02T21:28:00.000,2025-07-22T13:00:00.000,Street Light Out,Closed,Hubballi,15.352206,75.112637
61427175,2025-07-02T21:33:00.000,2025-07-05T15:11:43.000,Street Light Out,Closed,Hubballi,15.353218,75.147612
61427232,2025-07-02T22:46:00.000,2025-07-04T12:00:53.000,Street Light Out,Closed,Mangaluru,12.883878,74.842055
61427253,2025-07-02T23:14:00.000,2025-07-05T11:42:42.000,Street Light Dayburning,Closed,Bengaluru,12.967626,77.582216
61427285,2025-07-02T23:23:00.000,2025-07-03T11:00:06.000,Street Light Out,Closed,Bengaluru,12.918158,77.641678
61427359,2025-07-02T23:45:00.000,2025-07-08T10:17:15.000,Street Light Out,Closed,Shivamogga,13.920402,75.567475
61427373,2025-07-03T01:27:00.000,2025-07-11T12:18:20.000,Street Light Out,Closed,Hubballi,15.342212,75.095149
61427537,2025-07-03T02:16:00.000,2025-07-06T10:53:01.000,Street Light Out,Closed,Bengaluru,12.969768,77.573248
61427805,2025-07-03T02:41:00.000,2025-07-06T14:22:00.000,Street Light Out,Closed,Bengaluru,12.929288,77.575669
61427876,2025-07-03T07:04:00.000,2025-07-07T12:09:46.000,Street Light Out,Closed,Hubballi,15.358779,75.13389
61427957,2025-07-03T08:11:00.000,2025-07-05T17:41:00.000,Street Light Out,Closed,Mysuru,12.293055,76.635861
61428094,2025-07-03T10:26:00.000,2025-07-08T13:14:30.000,Street Light Out,Closed,Shivamogga,13.923364,75.578659
61428107,2025-07-03T17:48:00.000,2025-07-05T09:09:00.000,Street Light Out,Closed,Hubballi,15.373882,75.144473
61428170,2025-07-03T17:56:00.000,2025-08-05T17:17:06.000,Street Light Out,Closed,Tumakuru,13.365094,77.075782
61428722,2025-07-03T18:12:00.000,2025-07-08T12:03:00.000,Street Light Out,Closed,Bengaluru,12.958347,77.605313
61428901,2025-07-03T18:32:00.000,2025-07-06T13:11:47.000,Street Light Out,Closed,Mangaluru,12.882897,74.873374
61428905,2025-07-03T18:47:00.000,2025-07-14T08:29:00.000,Street Light Out,Closed,Mangaluru,12.891205,74.897195
61429070,2025-07-03T18:51:00.000,2025-07-16T09:52:51.000,Street Light Out,Closed,Belagavi,15.844762,74.520849
61429092,2025-07-03T19:29:00.000,2025-07-06T10:04:00.000,Street Light Out,Closed,Belagavi,15.853232,74.517542
61429249,2025-07-03T20:55:00.000,2025-07-22T12:22:00.000,Street Light Out,Closed,Belagavi,15.834026,74.468084
61429285,2025-07-03T21:27:00.000,2025-07-05T08:29:58.000,Street Light Out,Closed,Bengaluru,12.976085,77.598244
61429286,2025-07-03T22:09:00.000,2025-07-04T18:00:14.000,Street Light Out,Closed,Bengaluru,12.962627,77.625223
61429346,2025-07-03T22:49:00.000,2025-07-12T18:49:00.000,Street Light Out,Closed,Belagavi,15.872395,74.554425
61429464,2025-07-03T23:14:00.000,2025-07-08T17:25:14.000,Street Light Out,Closed,Hubballi,15.349297,75.144237
61429501,2025-07-03T23:40:00.000,2025-07-05T12:56:12.000,Street Light Dayburning,Closed,Bengaluru,12.975325,77.614298
61429622,2025-07-04T00:36:00.000,2025-08-14T13:51:48.000,Street Light Out,Closed,Mysuru,12.301539,76.651707
61429741,2025-07-04T00:46:00.000,2025-07-04T11:59:33.000,Street Light Cycling,Closed,Bengaluru,13.007998,77.61312
61429927,2025-07-04T00:48:00.000,2025-08-02T13:05:00.000,Street Light Dayburning,Closed,Hubballi,15.346053,75.138299
61429968,2025-07-04T07:42:00.000,2025-07-07T14:46:00.000,Street Light Cycling,Closed,Mangaluru,12.900705,74.862543
61430060,2025-07-04T08:24:00.000,2025-07-18T08:04:00.000,Street Light Dim,Closed,Belagavi,15.842786,74.488649
61430098,2025-07-04T11:38:00.000,2025-07-11T11:44:40.000,Street Light Out,Closed,Hubballi,15.360916,75.117524
61430263,2025-07-04T13:21:00.000,2025-07-12T15:12:00.000,Street Light Out,Closed,Mysuru,12.34245,76.672805
61430373,2025-07-04T14:35:00.000,2025-07-19T16:58:00.000,Street Light Out,Closed,Belagavi,15.904785,74.519819
61430543,2025-07-04T14:44:00.000,2025-07-09T16:06:00.000,Street Light Out,Closed,Hubballi,15.368481,75.12756
61430810,2025-07-04T17:18:00.000,2025-07-06T18:15:52.000,Street Light Out,Closed,Bengaluru,12.976467,77.574682
61430986,2025-07-04T17:47:00.000,2025-07-09T18:59:00.000,Street Light Out,Closed,Shivamogga,13.923853,75.573631
61431030,2025-07-04T19:06:00.000,2025-07-11T18:45:00.000,Street Light Out,Closed,Hubballi,15.365319,75.13019
61431038,2025-07-04T19:54:00.000,2025-07-12T09:04:00.000,Street Light Out,Closed,Tumakuru,13.340489,77.088452
61431044,2025-07-04T20:02:00.000,2025-07-13T17:18:10.000,Street Light Dayburning,Closed,Mysuru,12.289779,76.613788
61431076,2025-07-04T20:17:00.000,2025-07-06T14:48:00.000,Lamppost Damaged,Closed,Bengaluru,12.957049,77.558135
61431168,2025-07-04T20:18:00.000,2025-07-10T11:59:00.000,Street Light Out,Closed,Hubballi,15.35904,75.152452
61431297,2025-07-04T21:06:00.000,2025-07-08T08:18:24.000,Street Light Out,Closed,Mangaluru,12.90472,74.851162
61431374,2025-07-04T21:57:00.000,2025-07-07T11:11:39.000,Street Light Out,Closed,Bengaluru,12.917102,77.636959
61431566,2025-07-04T22:45:00.000,2025-07-09T16:01:00.000,Street Light Out,Closed,Bengaluru,12.995418,77.588681
61431622,2025-07-04T23:14:00.000,2025-07-19T15:33:13.000,Street Light Out,Closed,Bengaluru,13.033267,77.563321
61431952,2025-07-05T02:02:00.000,2025-07-12T10:30:04.000,Street Light Out,Closed,Bengaluru,13.012075,77.575288
61432143,2025-07-05T07:55:00.000,2025-07-08T09:08:00.000,Street Light Dayburning,Closed,Mangaluru,12.883333,74.861549
61432514,2025-07-05T07:56:00.000,2025-07-23T11:44:00.000,Street Light Out,Closed,Mysuru,12.339528,76.664971
61432643,2025-07-05T08:48:00.000,2025-07-13T10:00:00.000,Street Light Out,Closed,Belagavi,15.850891,74.538134
61432673,2025-07-05T09:13:00.000,2025-07-08T11:26:00.000,Street Light Out,Closed,Bengaluru,12.973156,77.615389
61432690,2025-07-05T09:25:00.000,2025-07-18T14:45:11.000,Street Light Out,Closed,Bengaluru,12.975055,77.6531
61432873,2025-07-05T09:36:00.000,2025-07-09T18:14:28.000,Street Light Out,Closed,Bengaluru,13.048351,77.633755
61432979,2025-07-05T09:52:00.000,2025-07-06T11:48:48.000,Street Light Out,Closed,Bengaluru,12.993676,77.592564
61432997,2025-07-05T11:40:00.000,2025-08-10T08:19:00.000,Street Light Out,Closed,Tumakuru,13.352468,77.106067
61433454,2025-07-05T13:04:00.000,2025-07-24T09:20:30.000,Street Light Out,Closed,Hubballi,15.355481,75.123752
61433492,2025-07-05T15:00:00.000,2025-07-10T16:11:00.000,Street Light Out,Closed,Shivamogga,13.950652,75.585113
61433874,2025-07-05T15:34:00.000,2025-07-06T09:25:27.000,Street Light Out,Closed,Mysuru,12.294875,76.638135
61434087,2025-07-05T18:59:00.000,2025-08-16T10:34:09.000,Street Light Out,Closed,Tumakuru,13.332985,77.09144
61434104,2025-07-05T19:22:00.000,2025-07-15T10:50:00.000,Street Light Out,Closed,Mangaluru,12.891373,74.871021
61434459,2025-07-05T20:01:00.000,2025-07-07T09:48:00.000,Street Light Out,Closed,Mysuru,12.319261,76.661068
61434549,2025-07-05T21:07:00.000,2025-07-08T13:42:00.000,Street Light Out,Closed,Belagavi,15.876659,74.494832
61434802,2025-07-05T21:43:00.000,2025-07-09T18:42:00.000,Street Light Cycling,Closed,Bengaluru,12.971792,77.587026
61435282,2025-07-05T22:26:00.000,2025-07-11T08:24:32.000,Street Light Dayburning,Closed,Bengaluru,13.026219,77.515299
61435498,2025-07-05T22:27:00.000,2025-08-01T18:09:00.000,Street Light Out,Closed,Bengaluru,12.975468,77.589931
61435587,2025-07-05T22:31:00.000,2025-07-12T14:50:40.000,Street Light Out,Closed,Belagavi,15.870277,74.481131
61435733,2025-07-05T22:59:00.000,2025-07-14T16:10:00.000,Street Light Out,Closed,Bengaluru,12.937819,77.615186
61435783,2025-07-05T23:12:00.000,2025-07-07T08:32:00.000,Street Light Out,Closed,Bengaluru,12.928803,77.583396
61435850,2025-07-06T00:08:00.000,2025-07-06T15:58:03.000,Street Light Out,Closed,Mangaluru,12.882915,74.855446
61435973,2025-07-06T01:27:00.000,2025-07-14T11:02:00.000,Street Light Out,Closed,Bengaluru,12.978491,77.589343
61436210,2025-07-06T01:51:00.000,2025-07-28T16:34:52.000,Street Light Out,Closed,Hubballi,15.328893,75.085481
61436211,2025-07-06T03:23:00.000,2025-07-12T08:18:29.000,Street Light Out,Closed,Mysuru,12.289572,76.625405
61436212,2025-07-06T08:07:00.000,2025-07-21T09:54:00.000,Street Light Out,Closed,Bengaluru,12.985538,77.565598
61436216,2025-07-06T08:54:00.000,2025-07-15T16:57:00.000,Street Light Out,Closed,Bengaluru,12.964874,77.594073
61436527,2025-07-06T10:03:00.000,2025-07-16T14:09:20.000,Street Light Out,Closed,Belagavi,15.839062,74.464266
61436579,2025-07-06T10:25:00.000,2025-07-11T17:03:59.000,Street Light Out,Closed,Hubballi,15.352641,75.124287
61436607,2025-07-06T12:23:00.000,2025-07-10T15:49:00.000,Street Light Out,Closed,Shivamogga,13.922132,75.559516
61436621,2025-07-06T13:53:00.000,2025-07-23T12:21:41.000,Street Light Out,Closed,Hubballi,15.356626,75.129774
61437096,2025-07-06T14:24:00.000,2025-07-10T10:44:00.000,Street Light Dayburning,Closed,Shivamogga,13.935955,75.57331
61437203,2025-07-06T17:14:00.000,2025-07-11T12:54:09.000,Street Light Dayburning,Closed,Belagavi,15.854365,74.463033
61437317,2025-07-06T18:09:00.000,2025-07-12T08:31:00.000,Street Light Out,Closed,Bengaluru,12.9946,77.54312
61437620,2025-07-06T18:28:00.000,2025-07-09T18:35:00.000,Street Light Out,Closed,Mysuru,12.311346,76.64955
61437675,2025-07-06T18:32:00.000,2025-07-13T15:12:33.000,Street Light Out,Closed,Bengaluru,12.984381,77.61894
61437706,2025-07-06T18:36:00.000,2025-07-07T08:36:50.000,Street Light Out,Closed,Mysuru,12.298558,76.61314
61437837,2025-07-06T18:59:00.000,2025-07-16T09:04:03.000,Street Light Out,Closed,Shivamogga,13.924976,75.549096
61437930,2025-07-06T19:49:00.000,2025-07-09T10:00:00.000,Street Light Out,Closed,Belagavi,15.858469,74.509731
61438164,2025-07-06T20:12:00.000,2025-07-26T18:07:00.000,Street Light Out,Closed,Mysuru,12.3152,76.690644
61438450,2025-07-06T20:22:00.000,2025-07-09T16:47:02.000,Street Light Out,Closed,Mysuru,12.313082,76.660132
61438767,2025-07-06T20:52:00.000,2025-07-19T13:20:01.000,Street Light Out,Closed,Bengaluru,13.015087,77.564249
61438914,2025-07-06T21:10:00.000,2025-07-11T18:39:00.000,Street Light Out,Closed,Bengaluru,13.00428,77.549441
61439038,2025-07-06T21:22:00.000,2025-07-08T18:08:54.000,Street Light Out,Closed,Bengaluru,12.959207,77.587449
61439045,2025-07-06T21:31:00.000,2025-07-11T17:10:00.000,Street Light Out,Closed,Mysuru,12.289935,76.673795
61439113,2025-07-06T21:54:00.000,2025-07-11T15:39:00.000,Street Light Out,Closed,Bengaluru,12.951729,77.623572
61439203,2025-07-06T22:00:00.000,2025-07-10T13:59:59.000,Street Light Out,Closed,Shivamogga,13.949248,75.556815
61439276,2025-07-06T22:08:00.000,2025-07-23T08:20:00.000,Street Light Out,Closed,Mysuru,12.306475,76.643701
61439342,2025-07-07T03:15:00.000,2025-07-29T09:29:00.000,Street Light Dayburning,Closed,Hubballi,15.410258,75.139862
61439460,2025-07-07T05:43:00.000,2025-07-09T08:53:00.000,Street Light Out,Closed,Bengaluru,12.94893,77.547274
61439573,2025-07-07T06:10:00.000,2025-07-11T18:51:00.000,Street Light Out,Closed,Mangaluru,12.881361,74.870882
61439679,2025-07-07T10:47:00.000,2025-07-10T14:31:00.000,Street Light Out,Closed,Hubballi,15.355192,75.125654
61439697,2025-07-07T11:00:00.000,2025-07-14T10:17:00.000,Street Light Out,Closed,Mangaluru,12.892037,74.861496
61439749,2025-07-07T13:00:00.000,2025-07-09T18:47:00.000,Street Light Out,Closed,Mysuru,12.311496,76.643392
61439862,2025-07-07T14:58:00.000,2025-07-12T08:40:22.000,Street Light Out,Closed,Belagavi,15.882407,74.561951
61439975,2025-07-07T15:59:00.000,2025-07-11T16:16:00.000,Street Light Out,Closed,Shivamogga,13.935581,75.558269
61440031,2025-07-07T16:03:00.000,2025-07-21T08:19:00.000,Street Light Out,Closed,Shivamogga,13.932911,75.567124
61440233,2025-07-07T18:48:00.000,2025-07-14T17:42:00.000,Street Light Out,Closed,Bengaluru,12.980996,77.586403
61440293,2025-07-07T19:16:00.000,2025-07-12T15:32:50.000,Street Light Cycling,Closed,Mysuru,12.317903,76.67154
61440349,2025-07-07T19:43:00.000,2025-07-15T08:43:00.000,Street Light Out,Closed,Tumakuru,13.347119,77.072302
61440502,2025-07-07T20:41:00.000,2025-07-14T12:07:00.000,Street Light Out,Closed,Shivamogga,13.932871,75.552729
61440536,2025-07-07T21:43:00.000,2025-07-10T11:44:43.000,Street Light Dayburning,Closed,Hubballi,15.361013,75.111734
61440582,2025-07-07T22:23:00.000,2025-07-09T17:08:17.000,Street Light Out,Closed,Bengaluru,12.981425,77.580693
61440901,2025-07-07T22:44:00.000,2025-07-13T17:10:00.000,Street Light Out,Closed,Bengaluru,12.989088,77.571143
61440904,2025-07-07T23:00:00.000,2025-07-13T15:53:42.000,Street Light Out,Closed,Tumakuru,13.356022,77.089747
61440954,2025-07-07T23:35:00.000,2025-07-11T09:06:00.000,Street Light Out,Closed,Mangaluru,12.878698,74.872999
61441029,2025-07-08T01:30:00.000,2025-07-12T16:59:08.000,Street Light Out,Closed,Bengaluru,12.986261,77.572314
61441131,2025-07-08T01:45:00.000,2025-07-11T16:27:00.000,Street Light Out,Closed,Mangaluru,12.917066,74.84698
61441224,2025-07-08T04:42:00.000,2025-07-19T08:06:00.000,Street Light Out,Closed,Belagavi,15.854765,74.512224
61441455,2025-07-08T07:41:00.000,2025-08-03T18:03:00.000,Street Light Dayburning,Closed,Hubballi,15.362937,75.122014
61441919,2025-07-08T09:15:00.000,2025-07-11T09:23:00.000,Street Light Out,Closed,Bengaluru,13.008114,77.613176
61441946,2025-07-08T09:44:00.000,2025-07-15T16:19:00.000,Street Light Out,Closed,Bengaluru,12.967711,77.635053
61442223,2025-07-08T09:56:00.000,2025-07-25T13:42:00.000,Street Light Out,Closed,Mysuru,12.292213,76.660602
61442240,2025-07-08T10:06:00.000,2025-07-18T08:07:00.000,Street Light Out,Closed,Bengaluru,13.001447,77.598979
61442366,2025-07-08T10:13:00.000,2025-07-12T08:44:51.000,Street Light Out,Closed,Tumakuru,13.353501,77.101744
61442475,2025-07-08T10:22:00.000,2025-07-13T14:12:00.000,Street Light Cycling,Closed,Hubballi,15.365346,75.12776
61442480,2025-07-08T11:09:00.000,2025-07-11T12:10:00.000,Street Light Out,Closed,Shivamogga,13.920012,75.571613
61442643,2025-07-08T11:17:00.000,2025-09-06T08:54:46.000,Street Light Out,Closed,Bengaluru,12.932863,77.583786
61442734,2025-07-08T11:48:00.000,2025-08-04T15:00:00.000,Street Light Dayburning,Closed,Mysuru,12.301925,76.661903
61442942,2025-07-08T12:26:00.000,2025-08-27T16:14:00.000,Street Light Out,Closed,Shivamogga,13.893636,75.578768
61442974,2025-07-08T12:33:00.000,2025-07-14T13:05:00.000,Street Light Out,Closed,Shivamogga,13.917748,75.545586
61443016,2025-07-08T12:51:00.000,2025-07-18T08:42:49.000,Street Light Out,Closed,Mangaluru,12.889994,74.864677
61443045,2025-07-08T16:59:00.000,2025-07-14T18:02:00.000,Street Light Out,Closed,Mysuru,12.290749,76.66589
61443194,2025-07-08T17:38:00.000,2025-07-16T16:41:00.000,Street Light Out,Closed,Tumakuru,13.337083,77.093939
61443512,2025-07-08T17:51:00.000,2025-07-11T12:24:00.000,Street Light Out,Closed,Bengaluru,13.032269,77.537465
61443535,2025-07-08T19:28:00.000,2025-07-12T14:23:44.000,Street Light Out,Closed,Belagavi,15.843504,74.491188
61443592,2025-07-08T19:30:00.000,2025-07-16T11:39:28.000,Street Light Out,Closed,Hubballi,15.374876,75.117494
61443601,2025-07-08T20:31:00.000,2025-07-14T17:25:12.000,Street Light Out,Closed,Mangaluru,12.906173,74.850303
61443736,2025-07-08T20:39:00.000,2025-07-18T09:19:00.000,Street Light Out,Closed,Bengaluru,12.978014,77.561401
61443781,2025-07-08T20:55:00.000,2025-07-13T17:45:00.000,Street Light Out,Closed,Bengaluru,12.971133,77.594118
61443829,2025-07-08T21:09:00.000,2025-07-14T11:08:00.000,Street Light Out,Closed,Tumakuru,13.349994,77.101039
61444047,2025-07-08T21:11:00.000,2025-07-16T12:21:00.000,Street Light Cycling,Closed,Hubballi,15.369552,75.158929
61444311,2025-07-08T22:33:00.000,2025-08-20T18:59:00.000,Street Light Out,Closed,Shivamogga,13.919614,75.56431
61444317,2025-07-08T23:16:00.000,2025-07-14T17:30:00.000,Street Light Out,Closed,Shivamogga,13.932018,75.55576
61444460,2025-07-09T00:18:00.000,2025-07-10T15:41:35.000,Street Light Out,Closed,Belagavi,15.888578,74.489054
61444883,2025-07-09T01:42:00.000,2025-07-14T14:14:00.000,Street Light Dayburning,Closed,Bengaluru,12.997605,77.488302
61444889,2025-07-09T07:03:00.000,2025-07-15T18:35:34.000,Street Light Out,Closed,Shivamogga,13.933378,75.55625
61445544,2025-07-09T08:14:00.000,2025-07-22T11:25:12.000,Street Light Cycling,Closed,Belagavi,15.8423,74.531746
61445548,2025-07-09T11:05:00.000,2025-07-12T18:08:00.000,Street Light Out,Closed,Belagavi,15.842816,74.491178
61445554,2025-07-09T12:58:00.000,2025-07-12T09:55:00.000,Street Light Out,Closed,Bengaluru,13.021461,77.494247
61445582,2025-07-09T14:24:00.000,2025-07-13T09:28:00.000,Street Light Out,Closed,Mysuru,12.320092,76.658926
61445611,2025-07-09T17:01:00.000,2025-07-15T08:03:00.000,Street Light Out,Closed,Bengaluru,12.959181,77.587507
61445735,2025-07-09T17:35:00.000,2025-08-01T08:53:25.000,Street Light Cycling,Closed,Bengaluru,12.912256,77.647258
61445747,2025-07-09T17:52:00.000,2025-07-12T12:40:03.000,Street Light Out,Closed,Belagavi,15.848117,74.487147
61445852,2025-07-09T18:10:00.000,2025-07-18T18:54:00.000,Street Light Dim,Closed,Mangaluru,12.887919,74.857993
61445987,2025-07-09T18:19:00.000,2025-07-10T18:59:52.000,Street Light Out,Closed,Mysuru,12.334759,76.671414
61446093,2025-07-09T18:54:00.000,2025-08-22T09:00:00.000,Street Light Dayburning,Closed,Bengaluru,12.958771,77.557893
61446123,2025-07-09T19:05:00.000,2025-07-15T13:35:00.000,Street Light Out,Closed,Shivamogga,13.917628,75.567278
61446820,2025-07-09T20:23:00.000,2025-07-13T12:30:00.000,Street Light Out,Closed,Belagavi,15.858497,74.509717
61447032,2025-07-09T20:38:00.000,2025-08-31T10:44:00.000,Street Light Dayburning,Closed,Tumakuru,13.34608,77.116556
61447049,2025-07-09T20:43:00.000,2025-07-11T08:40:00.000,Street Light Out,Closed,Bengaluru,12.963116,77.595675
61447218,2025-07-09T20:48:00.000,2025-07-14T08:03:00.000,Street Light Out,Closed,Hubballi,15.352439,75.123541
61447310,2025-07-09T21:01:00.000,2025-07-15T15:34:41.000,Street Light Out,Closed,Hubballi,15.368487,75.127511
61447349,2025-07-09T21:27:00.000,2025-07-25T17:43:00.000,Street Light Out,Closed,Mysuru,12.314226,76.644912
61447355,2025-07-09T22:35:00.000,2025-07-16T10:17:00.000,Street Light Out,Closed,Hubballi,15.348674,75.1427
61447388,2025-07-09T22:58:00.000,2025-07-28T08:00:00.000,Street Light Out,Closed,Tumakuru,13.339996,77.082346
61447422,2025-07-10T00:03:00.000,2025-07-19T15:12:57.000,Street Light Out,Closed,Tumakuru,13.347531,77.118703
61447592,2025-07-10T00:54:00.000,2025-07-13T17:04:16.000,Street Light Out,Closed,Belagavi,15.877869,74.479625
61447777,2025-07-10T06:53:00.000,2025-07-29T13:03:00.000,Street Light Out,Closed,Mangaluru,12.926493,74.858628
61447808,2025-07-10T07:14:00.000,2025-07-14T11:09:36.000,Street Light Out,Closed,Mangaluru,12.886251,74.873254
61447853,2025-07-10T09:22:00.000,2025-07-12T08:08:09.000,Street Light Out,Closed,Hubballi,15.379441,75.117953
61447949,2025-07-10T11:00:00.000,2025-07-13T15:06:10.000,Street Light Out,Closed,Tumakuru,13.340491,77.106809
61448033,2025-07-10T13:28:00.000,2025-07-20T16:44:29.000,Street Light Out,Closed,Shivamogga,13.919228,75.542433
61448122,2025-07-10T15:29:00.000,2025-08-06T09:17:00.000,Street Light Out,Closed,Mysuru,12.346404,76.676758
61448139,2025-07-10T15:39:00.000,2025-07-14T15:52:00.000,Street Light Out,Closed,Bengaluru,13.026386,77.623988
61448311,2025-07-10T16:36:00.000,2025-07-18T11:29:00.000,Street Light Out,Closed,Belagavi,15.849568,74.519938
61448423,2025-07-10T16:49:00.000,2025-07-14T12:31:00.000,Street Light Out,Closed,Bengaluru,12.942176,77.594025
61448568,2025-07-10T16:51:00.000,2025-07-15T17:03:00.000,Street Light Out,Closed,Mangaluru,12.875475,74.85872
61448755,2025-07-10T20:17:00.000,2025-07-14T15:38:13.000,Street Light Out,Closed,Mysuru,12.276909,76.635546
61448859,2025-07-10T20:52:00.000,2025-07-14T09:27:00.000,Street Light Out,Closed,Belagavi,15.848658,74.481953
61448939,2025-07-10T21:37:00.000,2025-07-12T18:54:00.000,Street Light Out,Closed,Bengaluru,12.93489,77.558039
61449241,2025-07-10T22:08:00.000,2025-07-12T14:08:00.000,Street Light Out,Closed,Bengaluru,12.891739,77.528447
61449259,2025-07-10T22:44:00.000,2025-07-24T14:56:24.000,Street Light Out,Closed,Mangaluru,12.901331,74.85626
61449448,2025-07-10T23:33:00.000,2025-07-14T08:27:00.000,Street Light Dim,Closed,Bengaluru,12.987716,77.559958
61449790,2025-07-11T07:17:00.000,2025-07-13T10:13:19.000,Street Light Out,Closed,Mysuru,12.282348,76.673033
61449824,2025-07-11T07:53:00.000,2025-07-19T16:38:58.000,Street Light Dim,Closed,Mangaluru,12.873014,74.867138
61449919,2025-07-11T08:25:00.000,2025-07-23T14:25:32.000,Street Light Out,Closed,Bengaluru,12.940109,77.622443
61449975,2025-07-11T11:23:00.000,2025-07-13T17:36:00.000,Street Light Out,Closed,Belagavi,15.897007,74.450431
61450102,2025-07-11T12:22:00.000,2025-07-14T12:20:51.000,Street Light Out,Closed,Tumakuru,13.360803,77.113633
61450206,2025-07-11T17:47:00.000,2025-07-12T11:22:53.000,Street Light Out,Closed,Tumakuru,13.328853,77.100765
61450940,2025-07-11T19:25:00.000,2025-07-16T13:45:06.000,Street Light Out,Closed,Bengaluru,12.967761,77.544081
61450985,2025-07-11T19:50:00.000,2025-07-17T08:08:00.000,Street Light Out,Closed,Bengaluru,12.943616,77.547678
61451085,2025-07-11T20:47:00.000,2025-07-14T13:47:00.000,Street Light Out,Closed,Shivamogga,13.922689,75.563561
61451165,2025-07-11T21:16:00.000,2025-07-16T16:24:08.000,Street Light Out,Closed,Bengaluru,12.989829,77.578964
61451555,2025-07-11T21:19:00.000,2025-07-13T11:18:48.000,Street Light Out,Closed,Mangaluru,12.899885,74.87964
61451765,2025-07-11T21:50:00.000,2025-07-20T18:34:00.000,Street Light Out,Closed,Belagavi,15.865194,74.497291
61451832,2025-07-11T22:13:00.000,2025-08-24T11:17:00.000,Street Light Out,Closed,Shivamogga,13.918299,75.561501
61452351,2025-07-11T22:20:00.000,2025-07-13T15:23:12.000,Street Light Out,Closed,Bengaluru,13.013605,77.577052
61452475,2025-07-11T22:31:00.000,2025-08-10T12:08:00.000,Street Light Out,Closed,Mangaluru,12.880105,74.864117
61452642,2025-07-11T22:34:00.000,2025-07-27T18:33:07.000,Street Light Out,Closed,Mangaluru,12.869612,74.865823
61452655,2025-07-11T22:50:00.000,2025-07-16T08:41:33.000,Street Light Out,Closed,Bengaluru,12.962812,77.627152
61452682,2025-07-12T00:06:00.000,2025-07-15T09:18:00.000,Street Light Out,Closed,Mysuru,12.318216,76.668642
61452783,2025-07-12T03:09:00.000,2025-07-19T14:49:00.000,Street Light Out,Closed,Hubballi,15.381102,75.132043
61452793,2025-07-12T04:58:00.000,2025-08-02T08:04:55.000,Street Light Out,Closed,Bengaluru,12.945454,77.592989
61452878,2025-07-12T07:41:00.000,2025-07-17T13:37:00.000,Street Light Out,Closed,Bengaluru,12.945618,77.531851
61452962,2025-07-12T08:02:00.000,2025-07-27T16:08:00.000,Street Light Out,Closed,Bengaluru,12.984129,77.569892
61453068,2025-07-12T08:29:00.000,2025-07-26T08:27:12.000,Street Light Cycling,Closed,Mysuru,12.312621,76.64727
61453237,2025-07-12T09:03:00.000,2025-07-14T09:05:00.000,Street Light Out,Closed,Belagavi,15.850791,74.527581
61453275,2025-07-12T09:20:00.000,2025-07-19T08:21:00.000,Street Light Out,Closed,Bengaluru,12.9517,77.53728
61453282,2025-07-12T09:32:00.000,2025-07-27T18:00:07.000,Street Light Out,Closed,Hubballi,15.353569,75.115275
61453507,2025-07-12T09:46:00.000,2025-07-26T10:31:39.000,Street Light Out,Closed,Hubballi,15.350189,75.14672
61453580,2025-07-12T10:08:00.000,2025-08-28T08:36:00.000,Street Light Out,Closed,Mysuru,12.321828,76.660311
61453645,2025-07-12T10:09:00.000,2025-07-16T15:47:08.000,Street Light Out,Closed,Mysuru,12.323911,76.635249
61453711,2025-07-12T10:46:00.000,2025-07-15T08:53:00.000,Street Light Out,Closed,Mysuru,12.291581,76.638671
61453752,2025-07-12T11:18:00.000,2025-07-14T11:44:20.000,Street Light Out,Closed,Mysuru,12.292967,76.634985
61453796,2025-07-12T12:04:00.000,2025-07-14T09:53:00.000,Street Light Out,Closed,Bengaluru,12.953192,77.730635
61454068,2025-07-12T12:32:00.000,2025-07-15T18:55:27.000,Street Light Out,Closed,Mangaluru,12.854728,74.896359
61454327,2025-07-12T16:05:00.000,2025-07-14T15:27:55.000,Street Light Out,Closed,Bengaluru,13.032621,77.631172
61454436,2025-07-12T16:14:00.000,2025-07-18T18:01:32.000,Street Light Out,Closed,Belagavi,15.892674,74.509986
61454478,2025-07-12T17:39:00.000,2025-07-14T15:07:57.000,Street Light Cycling,Closed,Belagavi,15.854868,74.5308
61454549,2025-07-12T19:21:00.000,2025-07-18T11:12:04.000,Street Light Out,Closed,Hubballi,15.385398,75.111541
61454720,2025-07-12T19:34:00.000,2025-07-17T13:48:36.000,Street Light Out,Closed,Hubballi,15.354884,75.134695
61454852,2025-07-12T19:52:00.000,2025-07-18T10:03:00.000,Street Light Out,Closed,Bengaluru,12.940478,77.719954
61454987,2025-07-12T19:59:00.000,2025-08-03T15:47:52.000,Street Light Out,Closed,Shivamogga,13.923865,75.573732
61455013,2025-07-12T20:19:00.000,2025-07-18T14:19:00.000,Street Light Out,Closed,Shivamogga,13.921571,75.58894
61455067,2025-07-12T20:21:00.000,2025-07-23T08:39:00.000,Street Light Out,Closed,Bengaluru,12.951173,77.548298
61455107,2025-07-12T20:37:00.000,2025-07-16T15:27:00.000,Street Light Dayburning,Closed,Belagavi,15.847718,74.530714
61455130,2025-07-12T21:01:00.000,2025-07-25T11:21:03.000,Street Light Out,Closed,Shivamogga,13.949971,75.569989
61455389,2025-07-12T21:19:00.000,2025-07-16T08:13:00.000,Street Light Cycling,Closed,Tumakuru,13.347895,77.102862
61455422,2025-07-12T21:41:00.000,2025-07-13T17:57:13.000,Street Light Out,Closed,Bengaluru,12.975347,77.607266
61455701,2025-07-12T21:45:00.000,2025-07-27T16:16:00.000,Street Light Out,Closed,Belagavi,15.844807,74.489785
61455928,2025-07-12T22:18:00.000,2025-07-19T16:11:00.000,Street Light Out,Closed,Mysuru,12.297534,76.659803
61456113,2025-07-12T22:21:00.000,2025-07-17T17:09:00.000,Street Light Out,Closed,Bengaluru,13.021528,77.563518
61456224,2025-07-12T22:22:00.000,2025-07-16T16:10:00.000,Street Light Out,Closed,Mangaluru,12.884281,74.881268
61456427,2025-07-12T22:44:00.000,2025-07-24T16:12:00.000,Street Light Out,Closed,Bengaluru,12.955732,77.654882
61456940,2025-07-12T22:47:00.000,2025-07-28T10:38:00.000,Street Light Dayburning,Closed,Mysuru,12.311353,76.661387
61457068,2025-07-13T00:46:00.000,2025-07-16T18:35:00.000,Street Light Out,Closed,Shivamogga,13.931709,75.555034
61457187,2025-07-13T09:10:00.000,2025-07-15T11:37:36.000,Street Light Out,Closed,Bengaluru,12.980089,77.593369
61457430,2025-07-13T10:38:00.000,2025-07-15T10:34:00.000,Street Light Out,Closed,Mangaluru,12.88074,74.862231
61457453,2025-07-13T10:53:00.000,2025-07-19T09:48:52.000,Street Light Cycling,Closed,Mysuru,12.278347,76.699315
61457464,2025-07-13T11:50:00.000,2025-07-18T18:58:00.000,Street Light Cycling,Closed,Bengaluru,12.88535,77.522307
61457641,2025-07-13T12:14:00.000,2025-07-17T10:33:11.000,Street Light Out,Closed,Mysuru,12.291183,76.611788
61457652,2025-07-13T16:42:00.000,2025-07-16T08:46:00.000,Street Light Out,Closed,Hubballi,15.361013,75.11758
61457668,2025-07-13T17:16:00.000,2025-07-16T12:05:00.000,Street Light Out,Closed,Bengaluru,12.982081,77.580625
61457741,2025-07-13T17:58:00.000,2025-07-16T10:46:28.000,Street Light Out,Closed,Bengaluru,12.972257,77.598253
61457760,2025-07-13T18:17:00.000,2025-07-15T13:55:00.000,Street Light Out,Closed,Bengaluru,12.967564,77.58215
61457861,2025-07-13T18:36:00.000,2025-07-17T17:16:00.000,Street Light Out,Closed,Bengaluru,13.001352,77.584107
61457906,2025-07-13T18:37:00.000,2025-07-18T09:21:00.000,Street Light Out,Closed,Tumakuru,13.344812,77.1205
61457931,2025-07-13T19:02:00.000,2025-07-20T12:55:42.000,Street Light Out,Closed,Mysuru,12.24802,76.676707
61458041,2025-07-13T19:31:00.000,2025-08-06T13:24:00.000,Street Light Dim,Closed,Tumakuru,13.337305,77.10364
61458046,2025-07-13T19:34:00.000,2025-07-24T09:22:59.000,Street Light Out,Closed,Mysuru,12.287407,76.640963
61458065,2025-07-13T19:46:00.000,2025-07-21T08:30:00.000,Street Light Out,Closed,Mysuru,12.309544,76.650822
61458133,2025-07-13T20:01:00.000,2025-07-17T12:42:51.000,Street Light Out,Closed,Tumakuru,13.32884,77.10088
61458144,2025-07-13T20:26:00.000,2025-07-26T17:43:00.000,Street Light Out,Closed,Bengaluru,12.938778,77.628345
61458190,2025-07-13T20:56:00.000,2025-07-17T11:59:00.000,Street Light Out,Closed,Belagavi,15.872415,74.554325
61458613,2025-07-13T21:09:00.000,2025-09-10T11:50:23.000,Street Light Out,Closed,Bengaluru,12.988836,77.590863
61458969,2025-07-13T22:06:00.000,2025-07-19T14:12:13.000,Street Light Out,Closed,Shivamogga,13.960844,75.551141
61459290,2025-07-13T22:57:00.000,2025-07-17T15:31:00.000,Street Light Cycling,Closed,Bengaluru,13.007965,77.596106
61459339,2025-07-13T23:47:00.000,2025-07-18T09:44:00.000,Street Light Out,Closed,Bengaluru,12.986571,77.581549
61459458,2025-07-14T01:58:00.000,2025-07-23T10:42:00.000,Street Light Out,Closed,Tumakuru,13.374573,77.128239
61459506,2025-07-14T06:02:00.000,2025-07-18T10:38:57.000,Street Light Out,Closed,Mysuru,12.342488,76.672877
61459527,2025-07-14T08:02:00.000,2025-07-16T11:34:00.000,Street Light Out,Closed,Belagavi,15.8706,74.517114
61459544,2025-07-14T08:37:00.000,2025-07-16T11:18:00.000,Street Light Out,Closed,Tumakuru,13.340616,77.08845
61459609,2025-07-14T14:41:00.000,2025-07-19T18:11:52.000,Street Light Out,Closed,Tumakuru,13.342254,77.102431
61459670,2025-07-14T17:31:00.000,2025-07-20T11:07:00.000,Street Light Dim,Closed,Mysuru,12.290472,76.639071
61459676,2025-07-14T18:00:00.000,2025-07-20T16:04:00.000,Street Light Out,Closed,Mysuru,12.298952,76.64623
61460148,2025-07-14T19:07:00.000,2025-07-21T16:14:00.000,Street Light Dayburning,Closed,Hubballi,15.322807,75.119072
61460445,2025-07-14T19:38:00.000,2025-07-19T17:43:00.000,Street Light Out,Closed,Hubballi,15.369284,75.138645
61460466,2025-07-14T19:41:00.000,2025-07-16T09:02:24.000,Street Light Out,Closed,Bengaluru,12.962868,77.567948
61461019,2025-07-14T20:03:00.000,2025-07-15T11:27:51.000,Street Light Out,Closed,Mysuru,12.297922,76.609905
61461075,2025-07-14T20:11:00.000,2025-07-25T09:47:52.000,Street Light Out,Closed,Shivamogga,13.953688,75.54097
61461126,2025-07-14T20:15:00.000,2025-09-02T09:13:14.000,Street Light Out,Closed,Mangaluru,12.871625,74.859115
61461164,2025-07-14T20:15:00.000,2025-07-19T14:07:03.000,Street Light Dayburning,Closed,Tumakuru,13.340626,77.119219
61461756,2025-07-14T20:50:00.000,2025-07-16T18:39:39.000,Street Light Out,Closed,Belagavi,15.851615,74.446614
61461809,2025-07-14T21:06:00.000,2025-07-20T13:16:53.000,Street Light Out,Closed,Bengaluru,12.968553,77.592885
61461912,2025-07-14T21:56:00.000,2025-07-17T17:48:33.000,Street Light Out,Closed,Mysuru,12.285682,76.648944
61462005,2025-07-14T22:01:00.000,2025-07-18T13:15:00.000,Street Light Out,Closed,Bengaluru,12.986782,77.617606
61462060,2025-07-14T22:06:00.000,2025-08-02T15:56:00.000,Street Light Out,Closed,Bengaluru,12.978665,77.563158
61462185,2025-07-14T22:10:00.000,2025-07-15T15:06:00.000,Street Light Out,Closed,Mangaluru,12.873866,74.861575
61462244,2025-07-14T22:42:00.000,2025-07-18T16:37:00.000,Street Light Out,Closed,Bengaluru,12.981666,77.640738
61462526,2025-07-14T22:50:00.000,2025-08-26T17:30:00.000,Street Light Out,Closed,Hubballi,15.345902,75.135883
61462585,2025-07-14T23:00:00.000,2025-07-18T14:17:00.000,Street Light Out,Closed,Mysuru,12.313926,76.688277
61462612,2025-07-14T23:05:00.000,2025-07-26T13:12:00.000,Street Light Out,Closed,Bengaluru,12.967718,77.594332
61462692,2025-07-14T23:07:00.000,2025-08-01T12:05:59.000,Street Light Out,Closed,Mysuru,12.308975,76.69058
61462694,2025-07-15T00:14:00.000,2025-07-17T10:00:27.000,Street Light Out,Closed,Hubballi,15.348888,75.154433
61462724,2025-07-15T00:32:00.000,2025-07-19T09:46:00.000,Street Light Out,Closed,Mangaluru,12.921927,74.856383
61462782,2025-07-15T04:26:00.000,2025-07-20T15:57:15.000,Street Light Out,Closed,Bengaluru,12.982682,77.659293
61462811,2025-07-15T07:40:00.000,2025-07-16T08:05:30.000,Street Light Out,Closed,Mangaluru,12.882263,74.846947
61462945,2025-07-15T07:48:00.000,2025-07-23T14:13:00.000,Street Light Out,Closed,Shivamogga,13.939264,75.551314
61463205,2025-07-15T08:03:00.000,2025-08-02T08:04:00.000,Street Light Out,Closed,Mangaluru,12.856094,74.88332
61463359,2025-07-15T08:34:00.000,2025-07-18T12:52:10.000,Street Light Out,Closed,Bengaluru,12.959787,77.613333
61463367,2025-07-15T09:24:00.000,2025-08-06T16:18:00.000,Street Light Out,Closed,Shivamogga,13.920924,75.581128
61463372,2025-07-15T09:32:00.000,2025-07-18T15:45:00.000,Street Light Out,Closed,Mysuru,12.308798,76.662032
61463768,2025-07-15T09:39:00.000,2025-07-24T08:25:00.000,Street Light Out,Closed,Hubballi,15.37936,75.117996
61464043,2025-07-15T09:48:00.000,2025-08-29T09:48:00.000,Street Light Out,Closed,Mangaluru,12.886309,74.861626
61464119,2025-07-15T13:29:00.000,2025-07-21T14:54:00.000,Street Light Out,Closed,Bengaluru,12.950079,77.634629
61464169,2025-07-15T14:38:00.000,2025-07-19T13:37:00.000,Street Light Out,Closed,Belagavi,15.877852,74.510284
61464296,2025-07-15T14:59:00.000,2025-07-22T16:06:11.000,Street Light Out,Closed,Mysuru,12.319409,76.650252
61464412,2025-07-15T15:12:00.000,2025-09-10T10:27:10.000,Street Light Out,Closed,Hubballi,15.360202,75.139233
61464427,2025-07-15T16:08:00.000,2025-07-18T18:02:00.000,Street Light Out,Closed,Bengaluru,13.00477,77.550878
61464710,2025-07-15T17:28:00.000,2025-07-20T11:03:00.000,Street Light Out,Closed,Mangaluru,12.885602,74.917923
61464835,2025-07-15T17:50:00.000,2025-07-18T09:58:02.000,Street Light Out,Closed,Hubballi,15.373736,75.135103
61464876,2025-07-15T19:01:00.000,2025-07-19T16:12:21.000,Street Light Out,Closed,Bengaluru,12.960956,77.655352
61464929,2025-07-15T19:47:00.000,2025-08-13T15:15:46.000,Street Light Out,Closed,Tumakuru,13.348488,77.148152
61465004,2025-07-15T20:06:00.000,2025-07-26T10:49:00.000,Street Light Out,Closed,Tumakuru,13.36523,77.119823
61465051,2025-07-15T21:16:00.000,2025-07-22T13:01:00.000,Street Light Out,Closed,Belagavi,15.834471,74.556841
61465085,2025-07-15T21:42:00.000,2025-07-20T18:56:18.000,Street Light Out,Closed,Tumakuru,13.365399,77.137635
61465390,2025-07-15T22:00:00.000,2025-07-18T16:46:26.000,Street Light Out,Closed,Tumakuru,13.338012,77.100003
61465488,2025-07-15T22:34:00.000,2025-07-18T14:06:17.000,Street Light Out,Closed,Belagavi,15.827136,74.563258
61465583,2025-07-15T22:49:00.000,2025-09-17T17:22:00.000,Street Light Out,Closed,Bengaluru,12.968339,77.647723
61465600,2025-07-15T23:04:00.000,2025-07-24T11:33:25.000,Street Light Out,Closed,Belagavi,15.842477,74.489649
61465676,2025-07-15T23:36:00.000,2025-08-12T14:54:00.000,Street Light Out,Closed,Mysuru,12.284365,76.620057
61465811,2025-07-16T01:38:00.000,2025-08-01T15:16:00.000,Street Light Out,Closed,Tumakuru,13.330025,77.104249
61465920,2025-07-16T06:36:00.000,2025-07-31T10:54:37.000,Street Light Out,Closed,Bengaluru,12.982652,77.596082
61466023,2025-07-16T08:09:00.000,2025-07-20T11:02:00.000,Street Light Out,Closed,Bengaluru,12.982226,77.636441
61466653,2025-07-16T10:11:00.000,2025-07-26T12:41:00.000,Street Light Out,Closed,Mangaluru,12.88295,74.872528
61466753,2025-07-16T10:45:00.000,2025-07-23T13:10:00.000,Street Light Out,Closed,Hubballi,15.337788,75.172488
61467187,2025-07-16T11:34:00.000,2025-07-20T14:44:00.000,Street Light Out,Closed,Bengaluru,12.86329,77.637733
61467517,2025-07-16T11:47:00.000,2025-07-20T11:49:48.000,Street Light Out,Closed,Mangaluru,12.88896,74.87243
61467578,2025-07-16T12:15:00.000,2025-10-14T12:15:00.000,Street Light Out,Closed,Belagavi,15.849304,74.523199
61467589,2025-07-16T13:05:00.000,2025-07-27T13:54:00.000,Street Light Out,Closed,Mangaluru,12.873908,74.856997
61467870,2025-07-16T13:07:00.000,2025-07-25T12:22:12.000,Street Light Out,Closed,Belagavi,15.832242,74.500177
61467936,2025-07-16T16:23:00.000,2025-07-19T16:45:43.000,Street Light Out,Closed,Mangaluru,12.857802,74.85129
61468030,2025-07-16T17:56:00.000,2025-07-31T13:59:00.000,Street Light Out,Closed,Hubballi,15.344111,75.133071
61468076,2025-07-16T18:21:00.000,2025-07-28T15:26:03.000,Street Light Out,Closed,Bengaluru,12.980899,77.603199
61468353,2025-07-16T20:23:00.000,2025-07-22T12:16:00.000,Street Light Out,Closed,Bengaluru,12.865125,77.492316
61468364,2025-07-16T20:35:00.000,2025-07-19T09:23:48.000,Street Light Out,Closed,Shivamogga,13.941904,75.538261
61468570,2025-07-16T20:43:00.000,2025-07-18T12:10:00.000,Street Light Out,Closed,Hubballi,15.354784,75.131345
61468722,2025-07-16T20:53:00.000,2025-07-25T15:32:00.000,Street Light Out,Closed,Hubballi,15.357728,75.123096
61468760,2025-07-16T21:25:00.000,2025-07-20T09:02:25.000,Street Light Out,Closed,Tumakuru,13.336823,77.096374
61468935,2025-07-16T21:43:00.000,2025-07-22T14:11:00.000,Street Light Out,Closed,Tumakuru,13.343553,77.100689
61469020,2025-07-17T00:15:00.000,2025-08-30T08:16:09.000,Street Light Dim,Closed,Shivamogga,13.939837,75.554039
61469056,2025-07-17T01:07:00.000,2025-07-22T16:51:13.000,Street Light Out,Closed,Bengaluru,12.934875,77.57585
61469089,2025-07-17T07:55:00.000,2025-08-03T08:53:25.000,Street Light Out,Closed,Hubballi,15.352387,75.153535
61469390,2025-07-17T08:08:00.000,2025-07-18T14:53:37.000,Street Light Out,Closed,Bengaluru,12.95166,77.623554
61469710,2025-07-17T09:19:00.000,2025-07-27T14:58:00.000,Street Light Cycling,Closed,Tumakuru,13.33794,77.095042
61469807,2025-07-17T09:54:00.000,2025-07-22T14:36:43.000,Street Light Dayburning,Closed,Bengaluru,12.981438,77.593551
61469824,2025-07-17T10:10:00.000,2025-07-20T11:16:00.000,Street Light Out,Closed,Mysuru,12.293282,76.638433
61469855,2025-07-17T10:19:00.000,2025-08-16T17:01:00.000,Street Light Out,Closed,Tumakuru,13.340506,77.088577
61469874,2025-07-17T10:58:00.000,2025-07-20T14:35:34.000,Street Light Out,Closed,Mysuru,12.351812,76.649485
61470094,2025-07-17T16:26:00.000,2025-09-01T14:08:00.000,Street Light Out,Closed,Shivamogga,13.925529,75.57797
61470103,2025-07-17T16:26:00.000,2025-07-22T08:16:00.000,Street Light Dim,Closed,Mangaluru,12.914081,74.887908
61470813,2025-07-17T16:58:00.000,2025-07-25T12:39:00.000,Street Light Out,Closed,Bengaluru,12.987195,77.614807
61470907,2025-07-17T17:22:00.000,2025-07-24T09:15:00.000,Street Light Out,Closed,Tumakuru,13.339875,77.10103
61470912,2025-07-17T17:56:00.000,2025-08-05T18:49:00.000,Street Light Out,Closed,Mysuru,12.31155,76.643478
61470965,2025-07-17T18:10:00.000,2025-08-04T16:16:00.000,Street Light Out,Closed,Shivamogga,13.922597,75.5636
61470976,2025-07-17T19:04:00.000,2025-07-23T13:40:22.000,Street Light Out,Closed,Mangaluru,12.879606,74.850685
61471068,2025-07-17T19:09:00.000,2025-08-21T10:01:00.000,Street Light Out,Closed,Bengaluru,12.930854,77.446493
61471131,2025-07-17T19:25:00.000,2025-07-25T09:07:48.000,Street Light Out,Closed,Bengaluru,12.973239,77.623146
61471254,2025-07-17T20:51:00.000,2025-07-21T14:27:33.000,Lamppost Damaged,Closed,Mysuru,12.293782,76.6424
61471440,2025-07-17T20:58:00.000,2025-07-19T13:15:00.000,Street Light Out,Closed,Bengaluru,12.970043,77.585922
61471475,2025-07-17T22:58:00.000,2025-07-25T12:16:00.000,Street Light Out,Closed,Belagavi,15.842179,74.536644
61471517,2025-07-17T23:16:00.000,2025-07-20T15:05:00.000,Street Light Out,Closed,Bengaluru,12.966403,77.563963
61471534,2025-07-18T00:36:00.000,2025-08-25T12:51:00.000,Street Light Out,Closed,Mysuru,12.289711,76.625442
61471582,2025-07-18T05:14:00.000,2025-07-21T13:48:49.000,Street Light Out,Closed,Hubballi,15.356989,75.122751
61471933,2025-07-18T06:55:00.000,2025-07-20T13:05:16.000,Street Light Out,Closed,Bengaluru,12.98216,77.634498
61472216,2025-07-18T08:06:00.000,2025-07-21T17:59:00.000,Street Light Out,Closed,Mysuru,12.324457,76.669634
61472375,2025-07-18T09:56:00.000,2025-07-20T10:56:17.000,Street Light Out,Closed,Bengaluru,12.936031,77.61007
61472557,2025-07-18T10:44:00.000,2025-07-24T14:03:00.000,Street Light Out,Closed,Belagavi,15.872333,74.50743
61473054,2025-07-18T11:14:00.000,2025-08-15T08:08:00.000,Street Light Out,Closed,Bengaluru,12.945992,77.629288
61473143,2025-07-18T11:28:00.000,2025-07-26T15:05:16.000,Street Light Out,Closed,Belagavi,15.841024,74.54015
61473315,2025-07-18T14:08:00.000,2025-07-24T18:01:25.000,Street Light Out,Closed,Tumakuru,13.336189,77.093875
61473658,2025-07-18T14:25:00.000,2025-07-24T16:31:43.000,Street Light Out,Closed,Belagavi,15.848132,74.487132
61473742,2025-07-18T16:37:00.000,2025-07-22T17:52:00.000,Street Light Out,Closed,Bengaluru,12.992737,77.591505
61473761,2025-07-18T18:17:00.000,2025-07-23T16:16:40.000,Street Light Out,Closed,Tumakuru,13.324639,77.080089
61474048,2025-07-18T18:23:00.000,2025-07-24T16:07:00.000,Street Light Cycling,Closed,Bengaluru,12.965681,77.664094
61474607,2025-07-18T18:40:00.000,2025-08-26T18:45:43.000,Street Light Cycling,Closed,Mysuru,12.295527,76.634238
61474873,2025-07-18T19:01:00.000,2025-07-19T16:52:10.000,Street Light Out,Closed,Mysuru,12.303695,76.637302
61474879,2025-07-18T19:19:00.000,2025-07-26T10:49:00.000,Street Light Out,Closed,Hubballi,15.381568,75.124588
61475068,2025-07-18T19:31:00.000,2025-07-27T17:38:12.000,Street Light Out,Closed,Shivamogga,13.913364,75.56321
61475179,2025-07-18T19:34:00.000,2025-07-21T16:03:48.000,Street Light Out,Closed,Mysuru,12.276956,76.65444
61475439,2025-07-18T22:14:00.000,2025-07-20T09:24:53.000,Street Light Out,Closed,Bengaluru,12.965956,77.500985
61475593,2025-07-18T22:31:00.000,2025-07-22T15:42:00.000,Street Light Out,Closed,Bengaluru,12.975123,77.653217
61475603,2025-07-18T23:21:00.000,2025-07-23T16:56:00.000,Street Light Out,Closed,Bengaluru,12.988984,77.571792
61475825,2025-07-18T23:47:00.000,2025-07-21T17:37:46.000,Street Light Out,Closed,Hubballi,15.345701,75.137433
61475858,2025-07-18T23:56:00.000,2025-07-23T08:47:00.000,Street Light Out,Closed,Mangaluru,12.858486,74.845712
61475950,2025-07-19T03:13:00.000,2025-09-07T10:28:00.000,Street Light Out,Closed,Mangaluru,12.8954,74.8687
61476041,2025-07-19T03:49:00.000,2025-07-20T15:29:34.000,Street Light Out,Closed,Bengaluru,12.921948,77.689594
61476211,2025-07-19T07:57:00.000,2025-07-28T15:55:07.000,Street Light Cycling,Closed,Shivamogga,13.919703,75.550608
61476308,2025-07-19T08:04:00.000,2025-07-26T18:11:00.000,Street Light Dim,Closed,Tumakuru,13.335575,77.116272
61476355,2025-07-19T08:22:00.000,2025-07-27T15:16:00.000,Street Light Out,Closed,Mangaluru,12.856031,74.895198
61476459,2025-07-19T08:49:00.000,2025-07-31T12:45:00.000,Street Light Out,Closed,Mangaluru,12.878612,74.87191
61476504,2025-07-19T09:02:00.000,2025-07-31T09:46:00.000,Street Light Out,Closed,Shivamogga,13.925597,75.558674
61476682,2025-07-19T09:17:00.000,2025-07-25T14:46:00.000,Street Light Out,Closed,Tumakuru,13.37623,77.126889
61477099,2025-07-19T10:05:00.000,2025-08-06T11:00:33.000,Street Light Out,Closed,Shivamogga,13.924673,75.564909
61477136,2025-07-19T12:50:00.000,2025-07-30T15:42:57.000,Street Light Out,Closed,Tumakuru,13.346202,77.096262
61477189,2025-07-19T16:01:00.000,2025-07-24T08:41:00.000,Street Light Out,Closed,Hubballi,15.356384,75.147105
61477561,2025-07-19T17:23:00.000,2025-07-25T14:42:26.000,Street Light Out,Closed,Mangaluru,12.873226,74.856682
61477659,2025-07-19T18:10:00.000,2025-07-24T10:44:00.000,Street Light Out,Closed,Tumakuru,13.349859,77.101881
61477701,2025-07-19T18:13:00.000,2025-07-29T16:46:00.000,Street Light Out,Closed,Tumakuru,13.368798,77.132923
61477887,2025-07-19T18:16:00.000,2025-07-25T08:44:54.000,Street Light Out,Closed,Mysuru,12.30378,76.685739
61478517,2025-07-19T20:25:00.000,2025-07-27T11:34:19.000,Street Light Dayburning,Closed,Bengaluru,12.986297,77.654206
61478685,2025-07-19T20:44:00.000,2025-07-21T14:49:00.000,Street Light Out,Closed,Bengaluru,12.977994,77.656349
61478694,2025-07-19T20:48:00.000,2025-07-29T13:57:00.000,Street Light Out,Closed,Shivamogga,13.930039,75.570817
61479017,2025-07-19T21:52:00.000,2025-07-30T13:22:09.000,Street Light Out,Closed,Shivamogga,13.952403,75.540578
61479214,2025-07-19T21:53:00.000,2025-09-14T12:35:00.000,Street Light Out,Closed,Mysuru,12.262482,76.692425
61479227,2025-07-19T21:54:00.000,2025-07-22T08:56:00.000,Street Light Out,Closed,Bengaluru,12.972474,77.576176
61479372,2025-07-19T22:29:00.000,2025-09-06T18:40:07.000,Street Light Out,Closed,Mangaluru,12.873954,74.862674
61479447,2025-07-19T22:52:00.000,2025-07-25T18:06:00.000,Street Light Dayburning,Closed,Tumakuru,13.323365,77.114202
61479555,2025-07-19T23:43:00.000,2025-07-25T14:09:37.000,Street Light Out,Closed,Bengaluru,12.981847,77.494453
61479688,2025-07-19T23:58:00.000,2025-08-18T15:07:41.000,Street Light Out,Closed,Bengaluru,13.007959,77.596145
61479779,2025-07-20T07:59:00.000,2025-07-26T10:04:41.000,Street Light Out,Closed,Bengaluru,12.988299,77.665224
61479927,2025-07-20T08:20:00.000,2025-07-25T09:05:00.000,Street Light Out,Closed,Mangaluru,12.906305,74.891302
61479931,2025-07-20T09:34:00.000,2025-07-22T18:35:00.000,Street Light Out,Closed,Bengaluru,12.930057,77.615227
61480221,2025-07-20T10:37:00.000,2025-07-24T08:56:00.000,Street Light Out,Closed,Bengaluru,12.922658,77.568251
61480243,2025-07-20T11:47:00.000,2025-07-28T08:40:00.000,Street Light Out,Closed,Bengaluru,12.977198,77.576415
61480304,2025-07-20T11:58:00.000,2025-07-21T12:21:37.000,Street Light Out,Closed,Mangaluru,12.883084,74.85204
61480385,2025-07-20T13:27:00.000,2025-07-22T08:09:00.000,Street Light Out,Closed,Bengaluru,13.024186,77.565627
61480451,2025-07-20T13:45:00.000,2025-07-27T15:08:00.000,Street Light Out,Closed,Belagavi,15.847218,74.483669
61480478,2025-07-20T15:09:00.000,2025-09-19T11:43:00.000,Street Light Out,Closed,Bengaluru,12.942141,77.594055
61480496,2025-07-20T17:27:00.000,2025-07-23T17:04:00.000,Street Light Out,Closed,Shivamogga,13.933373,75.556196
61480589,2025-07-20T17:43:00.000,2025-08-02T13:42:00.000,Street Light Out,Closed,Shivamogga,13.916444,75.555783
61480750,2025-07-20T19:00:00.000,2025-08-13T12:40:09.000,Street Light Out,Closed,Belagavi,15.874964,74.484813
61480786,2025-07-20T19:01:00.000,2025-07-24T08:27:00.000,Street Light Out,Closed,Mysuru,12.298967,76.655567
61481020,2025-07-20T19:36:00.000,2025-08-09T14:16:31.000,Street Light Out,Closed,Mysuru,12.301265,76.672248
61481066,2025-07-20T19:40:00.000,2025-07-27T18:26:00.000,Street Light Cycling,Closed,Tumakuru,13.346587,77.118806
61481075,2025-07-20T20:07:00.000,2025-09-07T14:24:00.000,Street Light Cycling,Closed,Belagavi,15.818882,74.554838
61481087,2025-07-20T20:50:00.000,2025-07-30T17:08:00.000,Street Light Out,Closed,Mysuru,12.2803,76.660182
61481406,2025-07-20T21:18:00.000,2025-08-04T14:53:00.000,Street Light Out,Closed,Mysuru,12.329626,76.677772
61481529,2025-07-20T21:30:00.000,2025-08-04T14:08:00.000,Street Light Out,Closed,Mysuru,12.286538,76.661453
61481730,2025-07-20T22:02:00.000,2025-07-24T18:58:14.000,Street Light Out,Closed,Bengaluru,12.995384,77.588535
61481850,2025-07-20T22:06:00.000,2025-07-24T15:34:00.000,Street Light Out,Closed,Bengaluru,12.970978,77.567615
61481892,2025-07-20T23:08:00.000,2025-07-25T08:14:00.000,Street Light Out,Closed,Belagavi,15.83041,74.538159
61481950,2025-07-20T23:28:00.000,2025-07-31T15:06:00.000,Street Light Cycling,Closed,Mysuru,12.285672,76.648954
61482081,2025-07-21T02:44:00.000,2025-07-24T18:27:52.000,Street Light Out,Closed,Bengaluru,13.026118,77.515297
61482111,2025-07-21T09:33:00.000,2025-07-26T18:37:00.000,Street Light Out,Closed,Hubballi,15.360207,75.145966
61482433,2025-07-21T09:59:00.000,2025-07-25T13:15:00.000,Lamppost Damaged,Closed,Bengaluru,13.002402,77.574339
61482662,2025-07-21T10:10:00.000,2025-07-27T08:28:00.000,Street Light Out,Closed,Shivamogga,13.920718,75.58287
61482724,2025-07-21T11:15:00.000,2025-07-23T18:01:00.000,Street Light Out,Closed,Hubballi,15.359535,75.140769
61482764,2025-07-21T16:03:00.000,2025-08-01T10:25:49.000,Street Light Out,Closed,Belagavi,15.843216,74.523298
61482802,2025-07-21T17:11:00.000,2025-07-23T16:46:00.000,Street Light Out,Closed,Bengaluru,13.002979,77.560923
61482875,2025-07-21T18:03:00.000,2025-07-25T15:06:46.000,Street Light Out,Closed,Tumakuru,13.335485,77.118076
61482950,2025-07-21T19:02:00.000,2025-07-28T09:15:00.000,Street Light Out,Closed,Mysuru,12.298364,76.604598
61482990,2025-07-21T19:11:00.000,2025-07-30T18:34:56.000,Street Light Out,Closed,Belagavi,15.866337,74.477193
61483149,2025-07-21T19:41:00.000,2025-07-25T11:50:22.000,Street Light Out,Closed,Bengaluru,12.990081,77.61098
61483176,2025-07-21T21:07:00.000,2025-08-08T14:49:43.000,Street Light Out,Closed,Tumakuru,13.336917,77.109835
61483346,2025-07-21T21:16:00.000,2025-08-22T11:48:14.000,Street Light Out,Closed,Belagavi,15.850483,74.486155
61483654,2025-07-21T22:00:00.000,2025-07-27T12:22:00.000,Street Light Out,Closed,Bengaluru,12.979597,77.588011
61483772,2025-07-21T22:42:00.000,2025-07-23T08:36:00.000,Lamppost Damaged,Closed,Mysuru,12.28186,76.681882
61483817,2025-07-21T23:22:00.000,2025-08-01T18:46:32.000,Lamppost Damaged,Closed,Mangaluru,12.877924,74.875806
61483894,2025-07-22T00:56:00.000,2025-07-27T10:47:00.000,Street Light Out,Closed,Mysuru,12.328556,76.683629
61483907,2025-07-22T01:25:00.000,2025-08-09T13:10:00.000,Street Light Out,Closed,Mysuru,12.298975,76.646233
61483917,2025-07-22T07:22:00.000,2025-07-29T18:34:00.000,Street Light Out,Closed,Mysuru,12.313826,76.664918
61483920,2025-07-22T07:22:00.000,2025-07-24T16:59:00.000,Street Light Out,Closed,Mysuru,12.314251,76.677461
61484034,2025-07-22T08:18:00.000,2025-07-30T09:48:00.000,Street Light Dayburning,Closed,Mysuru,12.333421,76.663596
61484110,2025-07-22T08:40:00.000,2025-08-10T17:19:46.000,Street Light Out,Closed,Tumakuru,13.3518,77.098866
61484244,2025-07-22T08:51:00.000,2025-07-24T15:46:00.000,Street Light Dayburning,Closed,Bengaluru,12.934429,77.63714
61484388,2025-07-22T09:11:00.000,2025-08-04T15:51:00.000,Street Light Out,Closed,Tumakuru,13.351894,77.09936
61484578,2025-07-22T09:54:00.000,2025-07-25T08:11:00.000,Street Light Out,Closed,Mangaluru,12.874313,74.861357
61485154,2025-07-22T11:07:00.000,2025-09-30T12:04:45.000,Street Light Out,Closed,Belagavi,15.804574,74.551706
61485577,2025-07-22T11:10:00.000,2025-07-24T10:20:59.000,Street Light Out,Closed,Belagavi,15.882764,74.476861
61486014,2025-07-22T12:00:00.000,2025-07-27T09:03:30.000,Street Light Out,Closed,Bengaluru,12.915459,77.692898
61486887,2025-07-22T13:22:00.000,2025-07-27T12:14:00.000,Street Light Out,Closed,Mysuru,12.291328,76.582983
61486944,2025-07-22T16:53:00.000,2025-08-04T09:32:38.000,Street Light Out,Closed,Mysuru,12.2595,76.642311
61487047,2025-07-22T17:34:00.000,2025-07-24T15:12:00.000,Street Light Out,Closed,Tumakuru,13.333701,77.107639
61487810,2025-07-22T17:38:00.000,2025-08-10T11:34:00.000,Lamppost Damaged,Closed,Bengaluru,12.944337,77.620481
61487846,2025-07-22T18:58:00.000,2025-08-13T17:33:00.000,Street Light Out,Closed,Mysuru,12.321737,76.631396
61488081,2025-07-22T21:15:00.000,2025-07-23T15:25:20.000,Street Light Out,Closed,Shivamogga,13.929877,75.552469
61488120,2025-07-22T21:40:00.000,2025-07-24T10:21:27.000,Street Light Out,Closed,Mangaluru,12.889336,74.850116
61488146,2025-07-22T21:44:00.000,2025-08-16T09:27:00.000,Street Light Out,Closed,Belagavi,15.838336,74.486389
61488461,2025-07-22T22:04:00.000,2025-07-30T12:21:00.000,Street Light Out,Closed,Shivamogga,13.952939,75.540719
61488487,2025-07-22T22:16:00.000,2025-08-07T14:56:00.000,Street Light Dim,Closed,Belagavi,15.856272,74.511979
61488766,2025-07-22T22:31:00.000,2025-09-14T14:53:08.000,Street Light Out,Closed,Bengaluru,12.969744,77.652837
61489044,2025-07-22T23:26:00.000,2025-08-11T17:54:14.000,Street Light Out,Closed,Belagavi,15.908028,74.482631
61489240,2025-07-22T23:39:00.000,2025-08-02T08:57:27.000,Street Light Out,Closed,Mysuru,12.317546,76.659062
61489883,2025-07-23T00:08:00.000,2025-08-17T13:51:00.000,Street Light Out,Closed,Bengaluru,13.054502,77.557222
61490022,2025-07-23T00:59:00.000,2025-07-24T09:08:06.000,Street Light Out,Closed,Bengaluru,12.935997,77.61009
61490120,2025-07-23T04:01:00.000,2025-07-31T10:27:31.000,Street Light Out,Closed,Shivamogga,13.924083,75.60975
61490141,2025-07-23T06:16:00.000,2025-07-30T18:53:25.000,Street Light Out,Closed,Hubballi,15.298511,75.136651
61490163,2025-07-23T09:14:00.000,2025-07-29T13:04:16.000,Street Light Out,Closed,Mangaluru,12.87768,74.858815
61490252,2025-07-23T09:14:00.000,2025-08-18T18:40:00.000,Street Light Dayburning,Closed,Hubballi,15.359062,75.145947
61490761,2025-07-23T09:40:00.000,2025-08-08T13:01:00.000,Street Light Out,Closed,Shivamogga,13.93488,75.565212
61490794,2025-07-23T09:43:00.000,2025-08-08T16:15:00.000,Street Light Out,Closed,Bengaluru,13.019782,77.497142
61490825,2025-07-23T11:14:00.000,2025-08-20T12:46:00.000,Street Light Out,Closed,Belagavi,15.842799,74.488673
61490840,2025-07-23T11:24:00.000,2025-07-31T11:15:50.000,Street Light Out,Closed,Belagavi,15.844695,74.485814
61491037,2025-07-23T12:10:00.000,2025-07-24T16:44:54.000,Street Light Dayburning,Closed,Bengaluru,13.023582,77.542019
61491074,2025-07-23T13:00:00.000,2025-08-10T15:32:00.000,Street Light Out,Closed,Tumakuru,13.344394,77.093436
61491130,2025-07-23T15:14:00.000,2025-07-31T10:47:00.000,Street Light Out,Closed,Mysuru,12.298568,76.630842
61491304,2025-07-23T18:07:00.000,2025-07-29T09:07:23.000,Street Light Out,Closed,Tumakuru,13.327015,77.079935
61491369,2025-07-23T18:19:00.000,2025-07-26T17:05:00.000,Street Light Out,Closed,Mysuru,12.298541,76.613149
61491486,2025-07-23T18:26:00.000,2025-08-02T11:35:00.000,Street Light Out,Closed,Bengaluru,12.859567,77.572381
61491651,2025-07-23T18:59:00.000,2025-07-27T14:01:41.000,Street Light Cycling,Closed,Shivamogga,13.906626,75.58366
61491981,2025-07-23T19:22:00.000,2025-07-29T08:02:00.000,Street Light Out,Closed,Shivamogga,13.941051,75.568192
61492005,2025-07-23T19:38:00.000,2025-08-11T17:46:00.000,Street Light Out,Closed,Hubballi,15.385005,75.134536
61492115,2025-07-23T22:06:00.000,2025-07-31T10:43:07.000,Street Light Cycling,Closed,Mangaluru,12.886508,74.848874
61492551,2025-07-23T22:18:00.000,2025-09-20T10:44:51.000,Street Light Out,Closed,Mangaluru,12.87815,74.858657
61492596,2025-07-23T22:50:00.000,2025-07-27T09:08:00.000,Street Light Out,Closed,Belagavi,15.881753,74.489322
61492668,2025-07-23T23:16:00.000,2025-07-30T12:04:00.000,Street Light Out,Closed,Mysuru,12.292227,76.615985
61492676,2025-07-23T23:18:00.000,2025-08-18T13:34:00.000,Street Light Out,Closed,Shivamogga,13.929712,75.543622
61492723,2025-07-23T23:19:00.000,2025-07-24T11:41:58.000,Street Light Out,Closed,Bengaluru,12.950143,77.63464
61492877,2025-07-23T23:37:00.000,2025-07-24T10:38:03.000,Street Light Out,Closed,Bengaluru,12.976042,77.571812
61493063,2025-07-24T02:15:00.000,2025-08-01T16:47:11.000,Street Light Out,Closed,Tumakuru,13.364073,77.121563
61493135,2025-07-24T02:22:00.000,2025-07-27T11:08:00.000,Street Light Out,Closed,Shivamogga,13.909584,75.560507
61493381,2025-07-24T05:49:00.000,2025-08-05T12:49:43.000,Street Light Out,Closed,Mangaluru,12.886171,74.873203
61493472,2025-07-24T06:24:00.000,2025-07-28T09:30:59.000,Street Light Out,Closed,Mysuru,12.258897,76.646485
61493514,2025-07-24T06:39:00.000,2025-07-26T10:49:35.000,Street Light Out,Closed,Bengaluru,12.957648,77.578858
61493922,2025-07-24T09:14:00.000,2025-07-27T10:13:00.000,Street Light Out,Closed,Mysuru,12.322859,76.713529
61494144,2025-07-24T10:01:00.000,2025-07-29T16:33:00.000,Lamppost Damaged,Closed,Bengaluru,12.972094,77.63187
61494192,2025-07-24T10:39:00.000,2025-07-29T12:22:01.000,Street Light Out,Closed,Mysuru,12.311249,76.69433
61494225,2025-07-24T11:48:00.000,2025-07-29T10:29:39.000,Street Light Out,Closed,Mysuru,12.349231,76.675438
61494406,2025-07-24T12:13:00.000,2025-08-01T13:46:00.000,Street Light Out,Closed,Bengaluru,12.965568,77.554155
61494431,2025-07-24T16:24:00.000,2025-07-27T09:26:00.000,Street Light Dim,Closed,Mysuru,12.294891,76.638081
61494641,2025-07-24T17:24:00.000,2025-07-31T17:41:00.000,Lamppost Damaged,Closed,Bengaluru,12.903851,77.480637
61494644,2025-07-24T19:19:00.000,2025-08-11T13:08:00.000,Street Light Out,Closed,Mysuru,12.296945,76.671637
61494660,2025-07-24T20:05:00.000,2025-07-27T12:45:27.000,Street Light Out,Closed,Bengaluru,12.959223,77.587468
61494673,2025-07-24T20:15:00.000,2025-08-01T12:23:56.000,Street Light Out,Closed,Mangaluru,12.879197,74.850727
61494803,2025-07-24T20:20:00.000,2025-07-26T11:16:00.000,Street Light Out,Closed,Belagavi,15.888997,74.464195
61495357,2025-07-24T20:21:00.000,2025-08-04T12:39:34.000,Street Light Dayburning,Closed,Belagavi,15.864547,74.502748
61495550,2025-07-24T21:24:00.000,2025-07-25T15:04:33.000,Street Light Out,Closed,Bengaluru,12.958043,77.590513
61495641,2025-07-24T21:43:00.000,2025-07-29T08:07:45.000,Street Light Out,Closed,Shivamogga,13.957698,75.546461
61495726,2025-07-24T21:45:00.000,2025-07-27T09:49:14.000,Street Light Out,Closed,Belagavi,15.841777,74.532421
61495753,2025-07-24T23:22:00.000,2025-08-03T13:17:49.000,Street Light Out,Closed,Hubballi,15.314429,75.101852
61495791,2025-07-24T23:45:00.000,2025-07-25T11:47:04.000,Street Light Cycling,Closed,Mysuru,12.320787,76.654105
61496441,2025-07-25T02:35:00.000,2025-08-01T12:14:00.000,Street Light Out,Closed,Belagavi,15.841066,74.492694
61496489,2025-07-25T06:26:00.000,2025-07-27T09:35:00.000,Street Light Out,Closed,Shivamogga,13.939327,75.551153
61496547,2025-07-25T08:45:00.000,2025-07-27T10:40:34.000,Street Light Out,Closed,Bengaluru,13.019612,77.55602
61496665,2025-07-25T09:09:00.000,2025-07-28T10:13:00.000,Street Light Out,Closed,Mysuru,12.302855,76.639936
61496869,2025-07-25T09:28:00.000,2025-07-26T17:55:00.000,Street Light Dim,Closed,Mysuru,12.313997,76.688171
61496877,2025-07-25T10:15:00.000,2025-08-02T14:47:00.000,Street Light Out,Closed,Hubballi,15.367499,75.151009
61496998,2025-07-25T10:49:00.000,2025-07-28T17:21:07.000,Street Light Out,Closed,Hubballi,15.348322,75.139279
61497254,2025-07-25T15:31:00.000,2025-07-28T14:12:00.000,Street Light Out,Closed,Shivamogga,13.931227,75.564845
61497468,2025-07-25T18:09:00.000,2025-09-06T15:34:00.000,Street Light Out,Closed,Mysuru,12.266431,76.626927
61497675,2025-07-25T18:16:00.000,2025-08-24T18:59:00.000,Street Light Cycling,Closed,Mangaluru,12.873035,74.867093
61497817,2025-07-25T18:21:00.000,2025-07-31T13:24:00.000,Street Light Out,Closed,Mysuru,12.311353,76.664657
61497908,2025-07-25T18:22:00.000,2025-07-31T16:07:02.000,Street Light Out,Closed,Bengaluru,12.971214,77.613674
61497942,2025-07-25T18:34:00.000,2025-07-29T13:31:00.000,Street Light Out,Closed,Tumakuru,13.336705,77.100455
61498178,2025-07-25T20:37:00.000,2025-08-02T11:40:28.000,Street Light Out,Closed,Belagavi,15.849113,74.477537
61498292,2025-07-25T20:50:00.000,2025-07-31T12:24:00.000,Street Light Out,Closed,Bengaluru,12.938563,77.60907
61498555,2025-07-25T21:27:00.000,2025-08-03T17:11:00.000,Street Light Out,Closed,Belagavi,15.838311,74.488765
61498744,2025-07-25T22:00:00.000,2025-07-28T14:45:00.000,Street Light Dayburning,Closed,Bengaluru,12.921911,77.575207
61498865,2025-07-25T22:25:00.000,2025-07-27T16:16:00.000,Street Light Out,Closed,Bengaluru,12.931743,77.668188
61498931,2025-07-25T22:33:00.000,2025-07-29T14:23:00.000,Street Light Out,Closed,Shivamogga,13.939192,75.591403
61499000,2025-07-25T22:52:00.000,2025-07-30T14:06:00.000,Street Light Out,Closed,Hubballi,15.377363,75.101647
61499251,2025-07-25T23:27:00.000,2025-07-30T11:02:00.000,Street Light Out,Closed,Shivamogga,13.937772,75.554739
61499374,2025-07-25T23:28:00.000,2025-07-30T14:22:00.000,Street Light Out,Closed,Bengaluru,12.927142,77.615896
61499416,2025-07-25T23:34:00.000,2025-08-07T16:27:24.000,Street Light Out,Closed,Bengaluru,13.005748,77.503498
61499747,2025-07-25T23:58:00.000,2025-08-06T13:09:11.000,Street Light Out,Closed,Shivamogga,13.929448,75.590006
61499963,2025-07-26T00:29:00.000,2025-08-02T15:35:09.000,Street Light Out,Closed,Shivamogga,13.940611,75.56029
61499969,2025-07-26T04:36:00.000,2025-08-06T11:14:00.000,Street Light Out,Closed,Tumakuru,13.373963,77.080183
61499976,2025-07-26T07:02:00.000,2025-08-07T15:24:27.000,Street Light Out,Closed,Belagavi,15.843618,74.518166
61500064,2025-07-26T07:05:00.000,2025-07-29T17:31:00.000,Street Light Out,Closed,Belagavi,15.844522,74.492476
61500150,2025-07-26T08:44:00.000,2025-07-31T15:55:01.000,Street Light Out,Closed,Hubballi,15.346743,75.109087
61500258,2025-07-26T09:33:00.000,2025-08-29T15:45:03.000,Street Light Out,Closed,Mangaluru,12.879819,74.856389
61500335,2025-07-26T11:38:00.000,2025-07-28T13:19:00.000,Street Light Out,Closed,Tumakuru,13.32983,77.073389
61500508,2025-07-26T11:43:00.000,2025-08-05T14:58:00.000,Street Light Out,Closed,Shivamogga,13.924387,75.561296
61500668,2025-07-26T17:36:00.000,2025-07-30T18:53:34.000,Street Light Out,Closed,Mangaluru,12.87885,74.860469
61500796,2025-07-26T18:20:00.000,2025-08-01T16:09:06.000,Street Light Dim,Closed,Bengaluru,12.886592,77.525123
61500804,2025-07-26T18:48:00.000,2025-07-31T09:37:00.000,Street Light Out,Closed,Mysuru,12.28359,76.663175
61500928,2025-07-26T19:10:00.000,2025-08-01T09:32:00.000,Street Light Out,Closed,Belagavi,15.840218,74.491391
61501352,2025-07-26T19:41:00.000,2025-07-31T14:32:00.000,Street Light Out,Closed,Hubballi,15.330466,75.090806
61501388,2025-07-26T20:29:00.000,2025-08-11T16:20:00.000,Street Light Out,Closed,Shivamogga,13.946884,75.601184
61501767,2025-07-26T20:49:00.000,2025-08-07T08:25:00.000,Street Light Dim,Closed,Tumakuru,13.337738,77.101372
61501784,2025-07-26T20:54:00.000,2025-08-02T12:16:00.000,Street Light Out,Closed,Hubballi,15.365091,75.147782
61502045,2025-07-26T21:01:00.000,2025-08-01T12:33:38.000,Street Light Out,Closed,Bengaluru,12.958221,77.617139
61502233,2025-07-26T23:08:00.000,2025-08-08T17:32:22.000,Street Light Out,Closed,Hubballi,15.354558,75.12256
61502330,2025-07-26T23:21:00.000,2025-08-01T09:26:41.000,Street Light Out,Closed,Mangaluru,12.882818,74.872513
61502520,2025-07-26T23:42:00.000,2025-08-05T17:45:00.000,Street Light Out,Closed,Shivamogga,13.927605,75.559945
61502597,2025-07-26T23:46:00.000,2025-08-12T18:48:00.000,Street Light Out,Closed,Bengaluru,12.969727,77.597137
61502896,2025-07-27T03:45:00.000,2025-07-28T18:22:54.000,Street Light Out,Closed,Bengaluru,12.983767,77.574892
61503111,2025-07-27T05:59:00.000,2025-08-15T13:38:00.000,Street Light Out,Closed,Bengaluru,12.929149,77.612256
61503296,2025-07-27T06:46:00.000,2025-08-27T14:51:17.000,Street Light Out,Closed,Belagavi,15.824583,74.553829
61503507,2025-07-27T07:43:00.000,2025-08-04T14:49:00.000,Street Light Out,Closed,Mysuru,12.302777,76.678174
61503571,2025-07-27T08:03:00.000,2025-08-01T08:02:11.000,Street Light Out,Closed,Mysuru,12.310323,76.670569
61503732,2025-07-27T09:22:00.000,2025-07-28T13:19:00.000,Street Light Out,Closed,Hubballi,15.345466,75.130044
61503780,2025-07-27T09:50:00.000,2025-08-08T16:45:00.000,Street Light Out,Closed,Bengaluru,12.903428,77.511608
61504030,2025-07-27T09:54:00.000,2025-07-29T14:16:37.000,Street Light Out,Closed,Bengaluru,12.988059,77.603033
61504095,2025-07-27T15:55:00.000,2025-07-31T17:04:45.000,Street Light Out,Closed,Mangaluru,12.878505,74.857054
61504227,2025-07-27T16:53:00.000,2025-08-07T17:54:22.000,Street Light Out,Closed,Bengaluru,12.989773,77.578944
61504307,2025-07-27T18:14:00.000,2025-08-08T08:27:17.000,Street Light Out,Closed,Mysuru,12.328888,76.654625
61504388,2025-07-27T18:24:00.000,2025-08-03T09:44:00.000,Street Light Out,Closed,Mysuru,12.314881,76.686343
61504414,2025-07-27T18:50:00.000,2025-08-02T08:21:00.000,Street Light Out,Closed,Bengaluru,12.99756,77.488263
61504454,2025-07-27T19:23:00.000,2025-08-02T13:00:00.000,Street Light Out,Closed,Bengaluru,12.855679,77.680758
61504549,2025-07-27T20:47:00.000,2025-07-29T14:41:56.000,Street Light Out,Closed,Bengaluru,12.967604,77.594267
61504628,2025-07-27T22:35:00.000,2025-08-03T09:55:00.000,Street Light Out,Closed,Mysuru,12.279059,76.686989
61505382,2025-07-27T23:01:00.000,2025-07-30T13:40:00.000,Street Light Cycling,Closed,Tumakuru,13.358785,77.090837
61505542,2025-07-28T00:50:00.000,2025-07-31T17:05:17.000,Street Light Out,Closed,Belagavi,15.850833,74.493681
61505545,2025-07-28T05:38:00.000,2025-08-06T17:02:00.000,Street Light Out,Closed,Hubballi,15.357714,75.123101
61505651,2025-07-28T06:09:00.000,2025-08-01T18:53:47.000,Street Light Dayburning,Closed,Hubballi,15.314039,75.121248
61506033,2025-07-28T07:58:00.000,2025-07-31T11:58:26.000,Street Light Out,Closed,Mangaluru,12.893353,74.85723
61506872,2025-07-28T08:07:00.000,2025-08-01T08:27:00.000,Street Light Out,Closed,Mangaluru,12.887918,74.858054
61506907,2025-07-28T08:43:00.000,2025-07-30T16:40:00.000,Street Light Dim,Closed,Shivamogga,13.953684,75.540953
61507041,2025-07-28T09:44:00.000,2025-08-09T09:08:10.000,Street Light Out,Closed,Shivamogga,13.958179,75.555169
61507148,2025-07-28T10:05:00.000,2025-07-31T08:18:32.000,Street Light Out,Closed,Belagavi,15.83042,74.522441
61507211,2025-07-28T10:20:00.000,2025-07-30T10:14:00.000,Street Light Out,Closed,Bengaluru,12.963241,77.601115
61507458,2025-07-28T11:09:00.000,2025-08-28T11:15:00.000,Street Light Out,Closed,Mangaluru,12.883944,74.846911
61507571,2025-07-28T12:36:00.000,2025-08-08T17:33:00.000,Street Light Out,Closed,Hubballi,15.379397,75.1179
61507688,2025-07-28T12:52:00.000,2025-08-18T17:21:00.000,Street Light Out,Closed,Mangaluru,12.879166,74.870529
61507743,2025-07-28T14:46:00.000,2025-08-03T09:41:00.000,Street Light Out,Closed,Bengaluru,12.970148,77.637814
61507760,2025-07-28T18:41:00.000,2025-08-21T14:02:00.000,Street Light Dayburning,Closed,Hubballi,15.359557,75.137802
61507866,2025-07-28T19:40:00.000,2025-07-31T11:58:54.000,Street Light Dayburning,Closed,Bengaluru,12.967909,77.581267
61507956,2025-07-28T19:51:00.000,2025-08-06T11:50:00.000,Street Light Out,Closed,Belagavi,15.879901,74.478039
61508095,2025-07-28T20:59:00.000,2025-08-08T09:42:45.000,Street Light Out,Closed,Mangaluru,12.837738,74.847583
61508099,2025-07-28T21:49:00.000,2025-08-06T09:30:00.000,Street Light Out,Closed,Bengaluru,12.932157,77.590749
61508240,2025-07-28T22:12:00.000,2025-08-09T16:26:42.000,Street Light Out,Closed,Belagavi,15.847214,74.483695
61508270,2025-07-28T22:23:00.000,2025-08-07T16:22:00.000,Street Light Out,Closed,Belagavi,15.830385,74.538178
61508382,2025-07-29T03:31:00.000,2025-08-07T18:19:00.000,Street Light Out,Closed,Mysuru,12.306496,76.624245
61508547,2025-07-29T04:09:00.000,2025-08-03T16:39:00.000,Street Light Out,Closed,Hubballi,15.369441,75.139425
61508607,2025-07-29T08:30:00.000,2025-08-08T16:58:00.000,Street Light Cycling,Closed,Mangaluru,12.873742,74.857155
61509014,2025-07-29T08:41:00.000,2025-08-01T13:31:04.000,Street Light Out,Closed,Bengaluru,12.966898,77.58986
61509690,2025-07-29T08:57:00.000,2025-08-02T15:55:00.000,Street Light Out,Closed,Hubballi,15.376599,75.122123
61509693,2025-07-29T09:06:00.000,2025-08-02T08:08:00.000,Street Light Out,Closed,Belagavi,15.854386,74.488181
61509917,2025-07-29T09:42:00.000,2025-08-06T15:06:32.000,Street Light Out,Closed,Bengaluru,13.035823,77.602075
61509920,2025-07-29T10:08:00.000,2025-08-02T13:32:35.000,Street Light Out,Closed,Hubballi,15.375253,75.128153
61510087,2025-07-29T10:34:00.000,2025-08-10T12:52:00.000,Street Light Out,Closed,Belagavi,15.847028,74.485792
61510182,2025-07-29T10:37:00.000,2025-08-01T08:59:00.000,Street Light Out,Closed,Hubballi,15.35522,75.124736
61510310,2025-07-29T10:38:00.000,2025-08-21T17:57:44.000,Street Light Out,Closed,Shivamogga,13.947866,75.546606
61510455,2025-07-29T11:18:00.000,2025-08-05T15:54:00.000,Street Light Out,Closed,Bengaluru,12.987015,77.61947
61510823,2025-07-29T17:07:00.000,2025-08-18T14:24:00.000,Street Light Out,Closed,Belagavi,15.872354,74.507421
61511068,2025-07-29T18:10:00.000,2025-08-15T10:57:00.000,Street Light Out,Closed,Mangaluru,12.855725,74.899514
61511114,2025-07-29T18:14:00.000,2025-09-18T10:30:33.000,Street Light Out,Closed,Shivamogga,13.937741,75.548805
61511373,2025-07-29T19:40:00.000,2025-08-21T12:29:28.000,Street Light Out,Closed,Hubballi,15.351199,75.120827
61511527,2025-07-29T20:22:00.000,2025-08-03T11:26:31.000,Street Light Out,Closed,Mangaluru,12.878137,74.85826
61511818,2025-07-29T20:33:00.000,2025-08-03T18:53:00.000,Street Light Out,Closed,Bengaluru,12.962883,77.568001
61511911,2025-07-29T20:48:00.000,2025-08-09T17:01:00.000,Street Light Out,Closed,Mangaluru,12.886726,74.861767
61512298,2025-07-30T00:17:00.000,2025-08-01T14:21:00.000,Street Light Out,Closed,Shivamogga,13.938327,75.565772
61512558,2025-07-30T00:44:00.000,2025-08-07T16:57:16.000,Street Light Out,Closed,Mysuru,12.298191,76.627025
61512770,2025-07-30T04:23:00.000,2025-07-31T16:05:18.000,Street Light Out,Closed,Tumakuru,13.341715,77.121616
61512833,2025-07-30T05:34:00.000,2025-07-31T14:01:51.000,Street Light Out,Closed,Bengaluru,12.987657,77.559949
61513001,2025-07-30T08:18:00.000,2025-08-01T17:58:56.000,Street Light Out,Closed,Bengaluru,13.020823,77.625878
61513053,2025-07-30T08:25:00.000,2025-08-05T18:42:31.000,Street Light Out,Closed,Bengaluru,13.023652,77.542086
61513261,2025-07-30T09:29:00.000,2025-09-29T14:09:00.000,Street Light Out,Closed,Hubballi,15.384384,75.083554
61513349,2025-07-30T09:35:00.000,2025-08-06T14:42:41.000,Street Light Out,Closed,Bengaluru,12.93881,77.630057
61513766,2025-07-30T10:11:00.000,2025-07-31T18:07:34.000,Street Light Out,Closed,Bengaluru,12.942607,77.604063
61513801,2025-07-30T10:19:00.000,2025-08-03T10:04:00.000,Street Light Out,Closed,Hubballi,15.402412,75.129331
61513929,2025-07-30T11:34:00.000,2025-08-05T11:12:48.000,Street Light Out,Closed,Tumakuru,13.341045,77.087911
61513956,2025-07-30T11:41:00.000,2025-08-13T08:27:00.000,Street Light Out,Closed,Tumakuru,13.342954,77.093931
61514129,2025-07-30T14:28:00.000,2025-08-17T10:20:22.000,Street Light Out,Closed,Shivamogga,13.94191,75.538168
61514357,2025-07-30T19:03:00.000,2025-09-01T18:33:29.000,Street Light Out,Closed,Shivamogga,13.921553,75.558429
61514613,2025-07-30T19:46:00.000,2025-08-11T16:51:00.000,Street Light Out,Closed,Belagavi,15.846912,74.461446
61514702,2025-07-30T19:54:00.000,2025-08-07T11:41:00.000,Street Light Dayburning,Closed,Mysuru,12.317327,76.655448
61514947,2025-07-30T19:54:00.000,2025-08-02T09:42:00.000,Street Light Out,Closed,Bengaluru,12.986357,77.572313
61515075,2025-07-30T20:04:00.000,2025-08-11T10:14:00.000,Street Light Out,Closed,Belagavi,15.845212,74.492033
61515197,2025-07-30T20:16:00.000,2025-08-04T13:55:00.000,Street Light Out,Closed,Belagavi,15.84127,74.493095
61515239,2025-07-30T20:48:00.000,2025-08-01T16:32:42.000,Street Light Out,Closed,Mangaluru,12.87078,74.874114
61515600,2025-07-30T21:15:00.000,2025-08-10T09:23:00.000,Street Light Dim,Closed,Mangaluru,12.882148,74.883198
61515635,2025-07-30T21:18:00.000,2025-08-07T08:49:00.000,Street Light Out,Closed,Hubballi,15.343194,75.11554
61515675,2025-07-30T21:53:00.000,2025-08-04T17:00:02.000,Street Light Dayburning,Closed,Bengaluru,12.984347,77.618927
61516047,2025-07-30T21:56:00.000,2025-08-20T16:33:38.000,Street Light Out,Closed,Belagavi,15.837401,74.480952
61516268,2025-07-30T22:00:00.000,2025-08-03T10:50:00.000,Street Light Out,Closed,Bengaluru,12.94799,77.55035
61516657,2025-07-30T23:13:00.000,2025-08-09T16:55:00.000,Street Light Out,Closed,Bengaluru,12.954015,77.734803
61516952,2025-07-31T07:03:00.000,2025-08-05T11:56:14.000,Street Light Out,Closed,Mangaluru,12.855522,74.91276
61517028,2025-07-31T08:08:00.000,2025-08-01T09:29:00.000,Street Light Out,Closed,Bengaluru,12.979754,77.554835
61517175,2025-07-31T08:35:00.000,2025-08-06T16:43:00.000,Street Light Out,Closed,Tumakuru,13.328294,77.099806
61517379,2025-07-31T09:37:00.000,2025-08-06T14:08:00.000,Street Light Out,Closed,Tumakuru,13.340938,77.089641
61517450,2025-07-31T09:50:00.000,2025-08-05T17:33:00.000,Street Light Out,Closed,Mangaluru,12.893503,74.857305
61517505,2025-07-31T10:31:00.000,2025-08-02T11:03:00.000,Street Light Out,Closed,Shivamogga,13.956893,75.548118
61517508,2025-07-31T10:50:00.000,2025-08-03T12:33:00.000,Street Light Out,Closed,Bengaluru,12.952392,77.64939
61517670,2025-07-31T10:54:00.000,2025-08-10T18:12:00.000,Street Light Out,Closed,Belagavi,15.85608,74.502867
61517747,2025-07-31T11:49:00.000,2025-08-01T14:38:29.000,Street Light Out,Closed,Mysuru,12.297599,76.64097
61517749,2025-07-31T16:55:00.000,2025-08-23T13:05:58.000,Street Light Dayburning,Closed,Shivamogga,13.923384,75.564745
61517880,2025-07-31T17:08:00.000,2025-08-13T12:34:00.000,Street Light Out,Closed,Hubballi,15.349921,75.128618
61517996,2025-07-31T17:16:00.000,2025-08-04T11:21:54.000,Street Light Out,Closed,Bengaluru,12.967649,77.582253
61518008,2025-07-31T17:38:00.000,2025-08-08T14:49:53.000,Street Light Out,Closed,Tumakuru,13.374958,77.132907
61518107,2025-07-31T18:46:00.000,2025-08-03T09:05:25.000,Street Light Dayburning,Closed,Hubballi,15.333131,75.132436
61518271,2025-07-31T19:36:00.000,2025-08-22T09:45:00.000,Street Light Out,Closed,Mysuru,12.339285,76.679744
61518478,2025-07-31T19:47:00.000,2025-09-18T16:02:00.000,Street Light Out,Closed,Bengaluru,12.984832,77.559681
61518521,2025-07-31T20:17:00.000,2025-08-01T18:30:46.000,Lamppost Damaged,Closed,Tumakuru,13.343516,77.100767
61518633,2025-07-31T20:20:00.000,2025-08-03T17:33:00.000,Street Light Cycling,Closed,Mysuru,12.302504,76.665965
61518785,2025-07-31T20:20:00.000,2025-08-06T18:42:00.000,Street Light Out,Closed,Bengaluru,12.974611,77.598951
61518836,2025-07-31T22:28:00.000,2025-08-10T08:42:00.000,Street Light Out,Closed,Mangaluru,12.862924,74.841204
61519202,2025-07-31T22:53:00.000,2025-08-06T11:50:00.000,Street Light Dim,Closed,Tumakuru,13.332597,77.091
61519298,2025-07-31T23:23:00.000,2025-08-05T10:56:00.000,Street Light Out,Closed,Bengaluru,12.967692,77.594279
61519341,2025-08-01T03:36:00.000,2025-08-05T09:50:17.000,Street Light Out,Closed,Bengaluru,12.968323,77.572692
61519392,2025-08-01T05:40:00.000,2025-08-03T16:45:00.000,Street Light Dayburning,Closed,Bengaluru,12.935302,77.574256
61519466,2025-08-01T06:24:00.000,2025-08-07T16:02:27.000,Street Light Cycling,Closed,Tumakuru,13.340819,77.097692
61519822,2025-08-01T06:46:00.000,2025-08-08T10:29:00.000,Street Light Out,Closed,Bengaluru,12.973656,77.646798
61519824,2025-08-01T08:09:00.000,2025-08-07T16:51:00.000,Street Light Out,Closed,Mangaluru,12.852211,74.870376
61519903,2025-08-01T09:25:00.000,2025-08-04T18:53:31.000,Street Light Out,Closed,Shivamogga,13.95371,75.53957
61520102,2025-08-01T10:17:00.000,2025-08-14T13:39:00.000,Street Light Dayburning,Closed,Belagavi,15.881555,74.560374
61520180,2025-08-01T10:25:00.000,2025-08-02T09:36:28.000,Street Light Out,Closed,Bengaluru,12.966653,77.601129
61520200,2025-08-01T10:27:00.000,2025-08-23T16:09:15.000,Street Light Out,Closed,Shivamogga,13.933083,75.553331
61520332,2025-08-01T10:30:00.000,2025-08-07T16:40:00.000,Street Light Out,Closed,Mysuru,12.296264,76.669546
61520465,2025-08-01T10:30:00.000,2025-08-05T14:47:50.000,Street Light Out,Closed,Bengaluru,13.00161,77.599415
61520536,2025-08-01T10:30:00.000,2025-08-05T14:13:00.000,Street Light Out,Closed,Bengaluru,12.988993,77.571743
61520770,2025-08-01T12:23:00.000,2025-08-09T14:20:00.000,Street Light Out,Closed,Mangaluru,12.849308,74.871149
61520937,2025-08-01T12:56:00.000,2025-08-05T12:16:34.000,Street Light Out,Closed,Mangaluru,12.878322,74.863972
61521021,2025-08-01T12:59:00.000,2025-08-08T12:18:00.000,Street Light Out,Closed,Mysuru,12.295799,76.675941
61521171,2025-08-01T17:15:00.000,2025-08-06T09:27:49.000,Lamppost Damaged,Closed,Belagavi,15.848469,74.489911
61521176,2025-08-01T17:16:00.000,2025-08-07T15:40:26.000,Street Light Out,Closed,Shivamogga,13.937074,75.597574
61521375,2025-08-01T17:44:00.000,2025-08-05T08:53:00.000,Street Light Out,Closed,Mangaluru,12.879101,74.86877
61521549,2025-08-01T17:59:00.000,2025-08-07T08:42:00.000,Street Light Out,Closed,Tumakuru,13.336065,77.094726
61521606,2025-08-01T18:16:00.000,2025-08-18T14:32:00.000,Street Light Dim,Closed,Tumakuru,13.331907,77.107835
61521682,2025-08-01T19:01:00.000,2025-08-13T13:40:22.000,Street Light Out,Closed,Shivamogga,13.937135,75.568315
61521712,2025-08-01T19:02:00.000,2025-08-10T18:26:00.000,Street Light Out,Closed,Tumakuru,13.348371,77.087602
61521770,2025-08-01T19:18:00.000,2025-08-05T17:52:41.000,Street Light Out,Closed,Bengaluru,12.979004,77.57249
61522339,2025-08-01T19:51:00.000,2025-08-08T17:24:44.000,Street Light Out,Closed,Belagavi,15.820462,74.553591
61522390,2025-08-01T20:00:00.000,2025-08-10T14:32:11.000,Street Light Out,Closed,Tumakuru,13.368999,77.128279
61522540,2025-08-01T20:03:00.000,2025-08-07T15:27:00.000,Street Light Out,Closed,Mysuru,12.287933,76.664721
61522574,2025-08-01T21:35:00.000,2025-08-05T18:34:47.000,Street Light Out,Closed,Bengaluru,12.977598,77.591247
61522595,2025-08-01T22:52:00.000,2025-08-04T12:14:00.000,Street Light Out,Closed,Tumakuru,13.346609,77.118713
61522603,2025-08-01T23:50:00.000,2025-08-03T15:17:49.000,Street Light Out,Closed,Shivamogga,13.914921,75.576944
61522621,2025-08-02T01:13:00.000,2025-08-23T18:17:00.000,Street Light Out,Closed,Bengaluru,12.951573,77.652206
61522728,2025-08-02T03:25:00.000,2025-08-05T14:04:00.000,Street Light Out,Closed,Bengaluru,13.002966,77.560891
61522928,2025-08-02T06:16:00.000,2025-08-04T15:32:00.000,Street Light Out,Closed,Mysuru,12.308467,76.65093
61522977,2025-08-02T06:38:00.000,2025-08-04T16:09:01.000,Street Light Out,Closed,Bengaluru,12.961211,77.651896
61523100,2025-08-02T08:12:00.000,2025-08-07T13:58:00.000,Street Light Out,Closed,Belagavi,15.886492,74.482792
61523149,2025-08-02T08:39:00.000,2025-08-05T12:29:46.000,Street Light Out,Closed,Bengaluru,12.989797,77.608376
61523190,2025-08-02T09:05:00.000,2025-08-15T18:21:46.000,Street Light Out,Closed,Mangaluru,12.87974,74.853718
61523394,2025-08-02T09:28:00.000,2025-08-07T11:15:35.000,Street Light Out,Closed,Mysuru,12.277514,76.633948
61523577,2025-08-02T09:45:00.000,2025-08-05T14:39:00.000,Street Light Out,Closed,Mysuru,12.297237,76.6654
61523707,2025-08-02T10:42:00.000,2025-08-05T11:43:00.000,Street Light Dayburning,Closed,Shivamogga,13.952677,75.54112
61523921,2025-08-02T15:02:00.000,2025-08-08T13:45:00.000,Street Light Out,Closed,Tumakuru,13.365219,77.137572
61524100,2025-08-02T15:58:00.000,2025-09-02T09:47:00.000,Street Light Out,Closed,Hubballi,15.354353,75.132828
61524461,2025-08-02T18:44:00.000,2025-08-21T11:35:01.000,Street Light Out,Closed,Mangaluru,12.897493,74.854054
61524527,2025-08-02T19:59:00.000,2025-08-25T12:15:00.000,Street Light Out,Closed,Bengaluru,12.98139,77.657471
61524562,2025-08-02T20:22:00.000,2025-08-11T12:13:24.000,Street Light Out,Closed,Bengaluru,12.948642,77.62954
61524766,2025-08-02T20:32:00.000,2025-08-08T10:55:00.000,Street Light Out,Closed,Mangaluru,12.916545,74.85338
61525014,2025-08-02T21:09:00.000,2025-09-01T18:15:00.000,Street Light Out,Closed,Bengaluru,12.981078,77.593921
61525041,2025-08-02T21:11:00.000,2025-08-04T12:15:23.000,Street Light Out,Closed,Mysuru,12.322924,76.666236
61525187,2025-08-02T21:31:00.000,2025-08-04T08:39:47.000,Street Light Out,Closed,Mysuru,12.283594,76.663109
61525459,2025-08-02T21:43:00.000,2025-08-10T08:44:00.000,Street Light Out,Closed,Bengaluru,12.966301,77.637439
61525658,2025-08-02T21:44:00.000,2025-08-04T14:45:00.000,Street Light Out,Closed,Bengaluru,12.991789,77.635824
61525792,2025-08-02T21:46:00.000,2025-09-13T15:06:11.000,Street Light Out,Closed,Belagavi,15.884572,74.477294
61525985,2025-08-02T22:43:00.000,2025-08-09T12:25:00.000,Street Light Out,Closed,Mysuru,12.296444,76.662934
61526027,2025-08-03T00:43:00.000,2025-08-04T16:58:00.000,Street Light Out,Closed,Mangaluru,12.876715,74.878347
61526174,2025-08-03T01:41:00.000,2025-08-07T16:41:00.000,Street Light Out,Closed,Bengaluru,12.962714,77.625361
61526282,2025-08-03T04:45:00.000,2025-08-05T17:22:22.000,Street Light Out,Closed,Mysuru,12.314454,76.661439
61526294,2025-08-03T05:55:00.000,2025-08-06T08:37:00.000,Street Light Out,Closed,Belagavi,15.840197,74.491389
61526364,2025-08-03T08:31:00.000,2025-09-30T10:38:00.000,Street Light Out,Closed,Mysuru,12.308878,76.690596
61526386,2025-08-03T08:51:00.000,2025-08-06T16:00:00.000,Street Light Out,Closed,Bengaluru,12.969974,77.606332
61526609,2025-08-03T10:22:00.000,2025-08-14T16:14:21.000,Street Light Out,Closed,Bengaluru,13.004259,77.578783
61526623,2025-08-03T10:42:00.000,2025-08-09T15:46:00.000,Street Light Out,Closed,Mysuru,12.293933,76.658214
61526625,2025-08-03T10:55:00.000,2025-08-17T08:52:00.000,Street Light Dayburning,Closed,Bengaluru,12.940122,77.622513
61526813,2025-08-03T10:58:00.000,2025-08-04T14:32:12.000,Street Light Out,Closed,Hubballi,15.350453,75.151808
61527063,2025-08-03T12:12:00.000,2025-08-09T15:00:00.000,Street Light Out,Closed,Hubballi,15.3612,75.122466
61527229,2025-08-03T16:31:00.000,2025-08-08T13:36:46.000,Street Light Out,Closed,Bengaluru,12.981289,77.573304
61527281,2025-08-03T16:45:00.000,2025-08-04T18:27:05.000,Street Light Out,Closed,Hubballi,15.319762,75.128017
61527329,2025-08-03T18:12:00.000,2025-08-07T18:50:00.000,Street Light Out,Closed,Bengaluru,12.948558,77.605487
61527550,2025-08-03T18:13:00.000,2025-08-08T12:43:00.000,Street Light Out,Closed,Bengaluru,12.979892,77.596122
61527632,2025-08-03T19:22:00.000,2025-08-15T08:10:00.000,Street Light Out,Closed,Mangaluru,12.896879,74.848768
61527711,2025-08-03T19:29:00.000,2025-08-10T17:54:00.000,Street Light Out,Closed,Bengaluru,12.934899,77.557988
61527780,2025-08-03T21:34:00.000,2025-08-08T17:42:00.000,Street Light Out,Closed,Bengaluru,12.957669,77.648
61527781,2025-08-03T22:28:00.000,2025-08-18T11:35:37.000,Street Light Out,Closed,Tumakuru,13.333634,77.104053
61527929,2025-08-03T22:53:00.000,2025-08-14T13:10:00.000,Street Light Cycling,Closed,Bengaluru,12.950145,77.551365
61528036,2025-08-03T23:21:00.000,2025-08-04T18:24:55.000,Street Light Out,Closed,Tumakuru,13.349472,77.108025
61528279,2025-08-03T23:34:00.000,2025-08-12T09:17:00.000,Street Light Out,Closed,Bengaluru,12.945586,77.53186
61528319,2025-08-04T00:34:00.000,2025-08-12T17:41:56.000,Street Light Out,Closed,Mangaluru,12.838166,74.883599
61528410,2025-08-04T06:11:00.000,2025-08-12T16:05:08.000,Street Light Out,Closed,Tumakuru,13.34498,77.078147
61528422,2025-08-04T06:45:00.000,2025-08-13T16:42:00.000,Street Light Out,Closed,Tumakuru,13.343252,77.120166
61528579,2025-08-04T07:31:00.000,2025-08-06T12:44:13.000,Street Light Out,Closed,Tumakuru,13.337065,77.093947
61528971,2025-08-04T08:23:00.000,2025-08-09T16:25:02.000,Street Light Out,Closed,Bengaluru,12.992697,77.591488
61529046,2025-08-04T08:43:00.000,2025-08-19T15:19:36.000,Street Light Out,Closed,Mysuru,12.299536,76.65983
61529167,2025-08-04T09:35:00.000,2025-10-06T08:07:00.000,Street Light Out,Closed,Mangaluru,12.881165,74.858708
61529202,2025-08-04T10:25:00.000,2025-08-07T17:49:20.000,Street Light Out,Closed,Mysuru,12.303188,76.663739
61529251,2025-08-04T11:16:00.000,2025-08-07T08:46:06.000,Street Light Out,Closed,Hubballi,15.357872,75.131208
61529273,2025-08-04T11:32:00.000,2025-09-07T08:06:52.000,Street Light Out,Closed,Tumakuru,13.364082,77.121556
61529328,2025-08-04T12:41:00.000,2025-08-18T13:45:00.000,Street Light Out,Closed,Bengaluru,12.935958,77.565707
61529641,2025-08-04T13:05:00.000,2025-08-06T15:44:00.000,Street Light Out,Closed,Mysuru,12.299141,76.67249
61529739,2025-08-04T18:04:00.000,2025-08-12T18:23:00.000,Street Light Out,Closed,Bengaluru,12.981601,77.640867
61530041,2025-08-04T18:38:00.000,2025-08-07T18:16:26.000,Street Light Out,Closed,Hubballi,15.333379,75.149911
61530474,2025-08-04T19:25:00.000,2025-08-06T16:31:00.000,Street Light Out,Closed,Bengaluru,13.013507,77.56217
61530735,2025-08-04T19:58:00.000,2025-08-09T09:39:00.000,Street Light Dim,Closed,Tumakuru,13.325744,77.097104
61531012,2025-08-04T20:28:00.000,2025-08-06T13:19:52.000,Street Light Out,Closed,Bengaluru,12.968296,77.580634
61531070,2025-08-04T20:46:00.000,2025-08-08T09:14:34.000,Street Light Out,Closed,Bengaluru,12.957841,77.650938
61531341,2025-08-04T21:49:00.000,2025-08-08T09:20:00.000,Street Light Out,Closed,Tumakuru,13.347628,77.11863
61531521,2025-08-04T22:24:00.000,2025-08-08T18:58:00.000,Street Light Out,Closed,Hubballi,15.37497,75.117434
61531573,2025-08-04T23:12:00.000,2025-08-09T08:07:00.000,Street Light Out,Closed,Bengaluru,12.96326,77.601212
61531756,2025-08-04T23:46:00.000,2025-08-20T14:48:22.000,Street Light Out,Closed,Bengaluru,12.954439,77.727047
61532427,2025-08-04T23:59:00.000,2025-08-07T18:47:57.000,Street Light Out,Closed,Tumakuru,13.341231,77.123294
61532446,2025-08-05T01:07:00.000,2025-08-23T10:47:00.000,Street Light Out,Closed,Shivamogga,13.947989,75.59512
61532448,2025-08-05T01:31:00.000,2025-08-14T15:30:00.000,Street Light Out,Closed,Mangaluru,12.877928,74.856681
61532457,2025-08-05T04:05:00.000,2025-08-10T12:50:56.000,Street Light Out,Closed,Bengaluru,13.015126,77.564343
61532463,2025-08-05T05:09:00.000,2025-08-09T15:05:00.000,Street Light Out,Closed,Mangaluru,12.873913,74.862041
61532568,2025-08-05T05:31:00.000,2025-08-06T14:17:00.000,Street Light Out,Closed,Bengaluru,13.005043,77.58564
61532591,2025-08-05T06:15:00.000,2025-08-06T09:28:21.000,Street Light Out,Closed,Hubballi,15.357149,75.115169
61532639,2025-08-05T06:18:00.000,2025-08-07T15:51:00.000,Street Light Out,Closed,Mysuru,12.307153,76.654967
61532744,2025-08-05T06:49:00.000,2025-08-06T13:12:40.000,Street Light Out,Closed,Bengaluru,12.96571,77.614659
61532789,2025-08-05T07:28:00.000,2025-08-10T08:07:13.000,Street Light Out,Closed,Mysuru,12.352672,76.66095
61532969,2025-08-05T08:40:00.000,2025-08-12T14:17:00.000,Street Light Out,Closed,Hubballi,15.377353,75.101626
61533035,2025-08-05T08:42:00.000,2025-08-07T16:40:00.000,Street Light Out,Closed,Mysuru,12.318612,76.660764
61533324,2025-08-05T09:44:00.000,2025-08-07T13:54:00.000,Street Light Cycling,Closed,Shivamogga,13.930864,75.556704
61533393,2025-08-05T11:19:00.000,2025-08-17T10:37:00.000,Street Light Dim,Closed,Belagavi,15.875642,74.512686
61533553,2025-08-05T14:08:00.000,2025-08-23T16:39:00.000,Street Light Out,Closed,Bengaluru,13.023495,77.564891
61533635,2025-08-05T16:22:00.000,2025-08-08T10:05:00.000,Street Light Out,Closed,Bengaluru,13.064775,77.582522
61533761,2025-08-05T18:05:00.000,2025-08-08T10:11:03.000,Street Light Out,Closed,Bengaluru,12.952424,77.649379
61533796,2025-08-05T18:12:00.000,2025-08-15T17:57:00.000,Street Light Out,Closed,Mangaluru,12.882863,74.87151
61533970,2025-08-05T18:43:00.000,2025-08-10T11:02:00.000,Street Light Out,Closed,Mangaluru,12.882883,74.851531
61534318,2025-08-05T19:32:00.000,2025-08-16T12:29:00.000,Street Light Out,Closed,Mysuru,12.304902,76.672234
61534459,2025-08-05T19:41:00.000,2025-09-22T11:11:00.000,Street Light Out,Closed,Bengaluru,12.958144,77.617164
61534578,2025-08-05T20:33:00.000,2025-08-09T16:37:26.000,Street Light Out,Closed,Bengaluru,12.988964,77.588001
61534589,2025-08-05T21:21:00.000,2025-08-14T16:49:00.000,Street Light Cycling,Closed,Bengaluru,12.881406,77.498406
61534602,2025-08-05T21:25:00.000,2025-08-12T13:12:19.000,Street Light Out,Closed,Shivamogga,13.932783,75.561247
61534804,2025-08-05T21:37:00.000,2025-08-11T16:31:00.000,Street Light Out,Closed,Mysuru,12.289667,76.639106
61534826,2025-08-05T22:46:00.000,2025-08-12T14:51:43.000,Street Light Out,Closed,Tumakuru,13.348384,77.107242
61534865,2025-08-05T23:31:00.000,2025-08-13T08:36:52.000,Street Light Out,Closed,Bengaluru,13.123127,77.613959
61534875,2025-08-06T00:10:00.000,2025-08-15T14:01:00.000,Street Light Cycling,Closed,Tumakuru,13.324661,77.080173
61534966,2025-08-06T01:57:00.000,2025-08-12T12:50:00.000,Street Light Out,Closed,Bengaluru,12.977775,77.584896
61535237,2025-08-06T02:18:00.000,2025-08-09T17:21:00.000,Street Light Dim,Closed,Bengaluru,12.989932,77.611021
61535272,2025-08-06T07:01:00.000,2025-08-14T11:18:16.000,Street Light Out,Closed,Belagavi,15.85079,74.527588
61535403,2025-08-06T09:46:00.000,2025-08-10T17:16:54.000,Street Light Dim,Closed,Mysuru,12.343972,76.670961
61535481,2025-08-06T10:07:00.000,2025-08-10T15:53:00.000,Street Light Out,Closed,Mysuru,12.296386,76.638638
61535659,2025-08-06T10:26:00.000,2025-08-16T12:34:00.000,Street Light Out,Closed,Bengaluru,13.040378,77.512942
61535894,2025-08-06T10:44:00.000,2025-08-17T16:36:43.000,Street Light Out,Closed,Mysuru,12.316678,76.670412
61536229,2025-08-06T11:40:00.000,2025-08-11T13:12:35.000,Street Light Out,Closed,Mysuru,12.317326,76.668134
61536379,2025-08-06T11:58:00.000,2025-08-13T15:38:31.000,Street Light Out,Closed,Belagavi,15.869953,74.48703
61536405,2025-08-06T12:30:00.000,2025-08-19T14:14:40.000,Street Light Out,Closed,Shivamogga,13.923776,75.574552
61536440,2025-08-06T14:58:00.000,2025-08-15T11:40:00.000,Street Light Out,Closed,Belagavi,15.854105,74.49293
61536669,2025-08-06T16:06:00.000,2025-08-09T18:18:42.000,Street Light Out,Closed,Bengaluru,12.944313,77.65792
61536679,2025-08-06T16:11:00.000,2025-08-08T17:18:37.000,Street Light Out,Closed,Hubballi,15.353679,75.119646
61536894,2025-08-06T16:48:00.000,2025-08-15T17:41:39.000,Street Light Out,Closed,Shivamogga,13.919231,75.542435
61536921,2025-08-06T17:19:00.000,2025-08-14T17:44:00.000,Street Light Dayburning,Closed,Belagavi,15.856413,74.542736
61536972,2025-08-06T17:38:00.000,2025-09-25T08:24:23.000,Street Light Out,Closed,Tumakuru,13.358589,77.078851
61537059,2025-08-06T18:12:00.000,2025-08-09T12:44:00.000,Street Light Cycling,Closed,Belagavi,15.884719,74.510058
61537123,2025-08-06T19:05:00.000,2025-08-14T13:03:39.000,Street Light Out,Closed,Mangaluru,12.882865,74.873479
61537327,2025-08-06T19:23:00.000,2025-08-09T14:53:00.000,Street Light Out,Closed,Mangaluru,12.880612,74.858222
61537621,2025-08-06T20:14:00.000,2025-08-13T13:05:19.000,Street Light Out,Closed,Tumakuru,13.345124,77.088019
61538203,2025-08-06T21:07:00.000,2025-08-07T16:08:14.000,Street Light Cycling,Closed,Mysuru,12.300975,76.660042
61538358,2025-08-06T21:19:00.000,2025-10-11T09:03:05.000,Street Light Out,Closed,Bengaluru,12.971276,77.649272
61538640,2025-08-06T21:52:00.000,2025-08-09T10:49:11.000,Street Light Cycling,Closed,Tumakuru,13.347239,77.072311
61538683,2025-08-06T23:58:00.000,2025-08-11T14:18:44.000,Street Light Out,Closed,Tumakuru,13.334455,77.105401
61538808,2025-08-07T00:30:00.000,2025-08-10T12:24:54.000,Street Light Out,Closed,Bengaluru,13.016791,77.489154
61538831,2025-08-07T01:33:00.000,2025-08-20T14:47:00.000,Street Light Out,Closed,Hubballi,15.353878,75.119932
61538857,2025-08-07T08:10:00.000,2025-08-09T16:48:00.000,Street Light Out,Closed,Shivamogga,13.956648,75.538655
61539130,2025-08-07T08:19:00.000,2025-08-15T16:46:31.000,Street Light Out,Closed,Belagavi,15.820741,74.534918
61539182,2025-08-07T08:58:00.000,2025-09-21T11:06:00.000,Street Light Out,Closed,Belagavi,15.827303,74.558971
61539200,2025-08-07T09:20:00.000,2025-08-13T14:02:07.000,Street Light Out,Closed,Mangaluru,12.879679,74.858684
61539237,2025-08-07T09:25:00.000,2025-08-11T15:37:00.000,Street Light Out,Closed,Tumakuru,13.335592,77.116273
61539514,2025-08-07T09:44:00.000,2025-08-08T17:36:00.000,Street Light Out,Closed,Bengaluru,12.977602,77.591176
61539863,2025-08-07T10:58:00.000,2025-08-10T18:01:33.000,Street Light Out,Closed,Shivamogga,13.952888,75.537526
61540073,2025-08-07T11:31:00.000,2025-08-13T18:07:51.000,Street Light Out,Closed,Belagavi,15.851752,74.472254
61540202,2025-08-07T17:48:00.000,2025-08-12T13:39:36.000,Street Light Out,Closed,Hubballi,15.342769,75.130907
61540207,2025-08-07T17:49:00.000,2025-08-11T13:41:07.000,Street Light Out,Closed,Bengaluru,12.978083,77.59351
61540223,2025-08-07T19:52:00.000,2025-08-18T15:08:12.000,Street Light Out,Closed,Mysuru,12.299679,76.652236
61540323,2025-08-07T20:25:00.000,2025-08-11T16:06:26.000,Lamppost Damaged,Closed,Tumakuru,13.363093,77.089544
61540483,2025-08-07T20:32:00.000,2025-08-16T16:17:48.000,Street Light Dayburning,Closed,Belagavi,15.84387,74.498109
61540625,2025-08-07T23:38:00.000,2025-08-11T09:02:42.000,Street Light Out,Closed,Mangaluru,12.891089,74.857952
61540726,2025-08-08T00:28:00.000,2025-08-12T11:30:37.000,Street Light Out,Closed,Belagavi,15.879899,74.523175
61540863,2025-08-08T02:55:00.000,2025-08-10T11:12:25.000,Street Light Out,Closed,Mysuru,12.306463,76.6559
61540977,2025-08-08T06:13:00.000,2025-08-13T15:28:20.000,Street Light Cycling,Closed,Hubballi,15.342057,75.123139
61540978,2025-08-08T08:50:00.000,2025-08-17T11:49:00.000,Street Light Dayburning,Closed,Bengaluru,12.944354,77.584255
61541189,2025-08-08T08:50:00.000,2025-08-14T18:23:09.000,Street Light Out,Closed,Bengaluru,12.947345,77.565
61541363,2025-08-08T09:41:00.000,2025-08-15T13:19:00.000,Street Light Cycling,Closed,Shivamogga,13.92748,75.550118
61541496,2025-08-08T10:23:00.000,2025-08-13T14:08:00.000,Street Light Out,Closed,Shivamogga,13.952432,75.540555
61542050,2025-08-08T11:42:00.000,2025-08-10T10:11:00.000,Street Light Out,Closed,Mysuru,12.299044,76.655598
61542127,2025-08-08T12:13:00.000,2025-08-14T08:13:11.000,Street Light Out,Closed,Belagavi,15.835069,74.539194
61542710,2025-08-08T16:28:00.000,2025-08-14T08:05:06.000,Street Light Out,Closed,Bengaluru,12.98215,77.634481
61542714,2025-08-08T17:19:00.000,2025-08-17T13:33:00.000,Street Light Out,Closed,Shivamogga,13.967659,75.582641
61543282,2025-08-08T18:49:00.000,2025-08-09T12:05:25.000,Street Light Out,Closed,Bengaluru,13.001549,77.598968
61543450,2025-08-08T19:02:00.000,2025-08-10T09:49:00.000,Street Light Out,Closed,Bengaluru,12.963068,77.595582
61543621,2025-08-08T20:06:00.000,2025-08-13T09:27:05.000,Street Light Out,Closed,Shivamogga,13.958947,75.542275
61543626,2025-08-08T20:13:00.000,2025-08-10T18:44:05.000,Street Light Out,Closed,Bengaluru,13.076101,77.576063
61543643,2025-08-08T20:47:00.000,2025-08-17T14:33:00.000,Street Light Out,Closed,Mysuru,12.290095,76.615748
61543661,2025-08-08T21:07:00.000,2025-08-10T10:27:00.000,Street Light Out,Closed,Mysuru,12.317502,76.674751
61543688,2025-08-08T21:14:00.000,2025-08-22T17:33:45.000,Street Light Out,Closed,Bengaluru,13.006883,77.58721
61543727,2025-08-08T21:26:00.000,2025-09-11T15:41:00.000,Street Light Out,Closed,Mysuru,12.302865,76.639934
61543756,2025-08-08T21:48:00.000,2025-08-22T08:57:00.000,Street Light Out,Closed,Hubballi,15.351565,75.122421
61543905,2025-08-08T22:10:00.000,2025-08-12T18:17:00.000,Street Light Out,Closed,Bengaluru,12.965039,77.632382
61544101,2025-08-08T23:33:00.000,2025-08-31T08:57:00.000,Street Light Out,Closed,Bengaluru,12.905125,77.61302
61544398,2025-08-09T03:43:00.000,2025-08-15T12:27:00.000,Street Light Out,Closed,Mysuru,12.298547,76.677188
61544426,2025-08-09T07:49:00.000,2025-08-13T10:04:39.000,Street Light Out,Closed,Mysuru,12.348445,76.632623
61544459,2025-08-09T07:50:00.000,2025-08-11T10:26:32.000,Street Light Out,Closed,Hubballi,15.330357,75.090756
61544492,2025-08-09T08:10:00.000,2025-09-18T18:15:43.000,Street Light Out,Closed,Bengaluru,12.97787,77.613424
61545294,2025-08-09T08:12:00.000,2025-09-09T10:10:16.000,Street Light Out,Closed,Mysuru,12.298821,76.637363
61545355,2025-08-09T10:27:00.000,2025-08-13T15:10:29.000,Street Light Out,Closed,Hubballi,15.368414,75.127527
61545450,2025-08-09T10:40:00.000,2025-09-05T14:51:16.000,Street Light Out,Closed,Mysuru,12.291263,76.658594
61545486,2025-08-09T11:12:00.000,2025-08-13T15:39:24.000,Street Light Out,Closed,Mangaluru,12.888634,74.89945
61545589,2025-08-09T11:37:00.000,2025-08-13T14:22:36.000,Street Light Out,Closed,Bengaluru,12.967815,77.544074
61545612,2025-08-09T14:54:00.000,2025-08-20T14:27:01.000,Street Light Out,Closed,Belagavi,15.857673,74.514175
61545659,2025-08-09T18:25:00.000,2025-08-12T15:59:00.000,Street Light Out,Closed,Bengaluru,12.961401,77.596994
61545763,2025-08-09T18:33:00.000,2025-08-10T14:51:49.000,Street Light Out,Closed,Bengaluru,12.952132,77.73617
61545925,2025-08-09T19:06:00.000,2025-08-31T12:47:14.000,Street Light Dim,Closed,Belagavi,15.871868,74.527104
61545951,2025-08-09T19:10:00.000,2025-08-18T09:36:00.000,Street Light Out,Closed,Tumakuru,13.37293,77.135267
61546046,2025-08-09T19:51:00.000,2025-08-14T15:34:37.000,Street Light Out,Closed,Tumakuru,13.336945,77.109778
61546108,2025-08-09T21:06:00.000,2025-08-15T08:19:00.000,Street Light Dayburning,Closed,Hubballi,15.357724,75.12417
61546357,2025-08-09T21:52:00.000,2025-08-12T16:09:58.000,Street Light Out,Closed,Mysuru,12.293161,76.646345
61546513,2025-08-09T21:56:00.000,2025-08-12T14:02:00.000,Street Light Out,Closed,Hubballi,15.356435,75.135961
61546567,2025-08-09T22:02:00.000,2025-08-12T14:15:42.000,Street Light Out,Closed,Belagavi,15.892635,74.510193
61546842,2025-08-09T23:09:00.000,2025-08-17T16:28:30.000,Street Light Out,Closed,Bengaluru,12.951816,77.617076
61546921,2025-08-09T23:14:00.000,2025-08-13T16:54:00.000,Street Light Out,Closed,Mangaluru,12.921888,74.856466
61547100,2025-08-09T23:30:00.000,2025-08-15T12:06:19.000,Street Light Out,Closed,Bengaluru,12.975317,77.614305
61547281,2025-08-09T23:35:00.000,2025-08-11T12:37:00.000,Street Light Out,Closed,Bengaluru,13.001591,77.598869
61547437,2025-08-10T06:03:00.000,2025-08-12T14:37:00.000,Street Light Out,Closed,Bengaluru,12.970167,77.637766
61547473,2025-08-10T08:22:00.000,2025-08-13T09:03:00.000,Street Light Out,Closed,Mysuru,12.268073,76.620517
61547563,2025-08-10T08:23:00.000,2025-08-12T11:31:00.000,Street Light Out,Closed,Tumakuru,13.339163,77.067442
61547810,2025-08-10T09:25:00.000,2025-08-17T09:21:00.000,Street Light Out,Closed,Mysuru,12.320161,76.63676
61547824,2025-08-10T09:41:00.000,2025-08-19T12:09:14.000,Street Light Out,Closed,Tumakuru,13.336369,77.125972
61547828,2025-08-10T10:08:00.000,2025-08-15T12:57:00.000,Street Light Cycling,Closed,Hubballi,15.370611,75.113061
61547891,2025-08-10T10:31:00.000,2025-08-25T12:07:00.000,Street Light Out,Closed,Mangaluru,12.887101,74.8521
61547914,2025-08-10T10:52:00.000,2025-08-13T11:22:00.000,Street Light Out,Closed,Bengaluru,12.97971,77.596073
61547916,2025-08-10T10:53:00.000,2025-08-13T13:02:07.000,Street Light Out,Closed,Mysuru,12.297173,76.645662
61547993,2025-08-10T11:04:00.000,2025-08-16T09:22:00.000,Street Light Out,Closed,Tumakuru,13.332487,77.091052
61548115,2025-08-10T12:24:00.000,2025-08-26T11:53:42.000,Street Light Out,Closed,Belagavi,15.879272,74.519174
61548117,2025-08-10T12:55:00.000,2025-08-15T09:30:00.000,Street Light Out,Closed,Tumakuru,13.365339,77.137603
61548137,2025-08-10T13:13:00.000,2025-08-19T18:35:03.000,Street Light Out,Closed,Hubballi,15.374197,75.132915
61548485,2025-08-10T17:58:00.000,2025-10-09T17:30:00.000,Street Light Out,Closed,Mangaluru,12.912779,74.896874
61548507,2025-08-10T17:58:00.000,2025-10-11T13:00:00.000,Street Light Out,Closed,Hubballi,15.349328,75.142028
61548583,2025-08-10T18:05:00.000,2025-08-13T12:54:34.000,Street Light Out,Closed,Belagavi,15.852645,74.512296
61548595,2025-08-10T19:55:00.000,2025-08-16T12:07:11.000,Street Light Out,Closed,Shivamogga,13.932222,75.56948
61548607,2025-08-10T20:38:00.000,2025-08-16T09:50:00.000,Street Light Out,Closed,Mangaluru,12.829295,74.901603
61548616,2025-08-10T20:40:00.000,2025-08-11T16:06:46.000,Street Light Out,Closed,Bengaluru,12.987516,77.645066
61548821,2025-08-10T20:57:00.000,2025-08-13T18:24:25.000,Street Light Out,Closed,Bengaluru,12.973956,77.607664
61549009,2025-08-10T22:57:00.000,2025-08-14T18:12:00.000,Street Light Out,Closed,Mysuru,12.320807,76.682199
61549122,2025-08-11T00:15:00.000,2025-08-21T12:28:00.000,Street Light Out,Closed,Hubballi,15.388079,75.142128
61549213,2025-08-11T00:16:00.000,2025-08-14T09:27:14.000,Street Light Out,Closed,Hubballi,15.350399,75.151806
61549217,2025-08-11T07:15:00.000,2025-08-28T08:30:14.000,Street Light Out,Closed,Belagavi,15.855402,74.513935
61549346,2025-08-11T08:05:00.000,2025-08-13T11:07:21.000,Street Light Out,Closed,Bengaluru,12.946287,77.631657
61549372,2025-08-11T11:03:00.000,2025-08-18T13:24:00.000,Street Light Cycling,Closed,Tumakuru,13.344523,77.099383
61549585,2025-08-11T12:20:00.000,2025-08-16T11:05:21.000,Street Light Out,Closed,Shivamogga,13.952537,75.543272
61549743,2025-08-11T13:01:00.000,2025-08-19T11:16:39.000,Street Light Out,Closed,Mysuru,12.307076,76.657709
61549840,2025-08-11T15:03:00.000,2025-08-27T12:22:00.000,Street Light Out,Closed,Tumakuru,13.353169,77.110946
61549854,2025-08-11T18:11:00.000,2025-08-23T18:59:00.000,Street Light Out,Closed,Bengaluru,12.973585,77.596873
61549888,2025-08-11T18:55:00.000,2025-08-18T08:05:00.000,Street Light Out,Closed,Bengaluru,12.927737,77.543609
61549924,2025-08-11T19:33:00.000,2025-08-15T15:53:00.000,Lamppost Damaged,Closed,Tumakuru,13.334262,77.109125
61550126,2025-08-11T19:38:00.000,2025-08-15T17:02:35.000,Lamppost Damaged,Closed,Bengaluru,12.955569,77.655163
61550134,2025-08-11T20:59:00.000,2025-08-13T17:46:00.000,Lamppost Damaged,Closed,Hubballi,15.381477,75.190435
61550189,2025-08-11T21:19:00.000,2025-08-17T16:32:00.000,Street Light Out,Closed,Mysuru,12.346448,76.676719
61550199,2025-08-11T21:33:00.000,2025-08-19T10:20:54.000,Street Light Out,Closed,Bengaluru,12.987041,77.592361
61550330,2025-08-11T21:54:00.000,2025-08-13T18:13:39.000,Street Light Out,Closed,Mangaluru,12.915867,74.857255
61550396,2025-08-11T21:56:00.000,2025-08-15T12:18:00.000,Street Light Out,Closed,Bengaluru,12.985494,77.565628
61550485,2025-08-11T21:56:00.000,2025-08-13T11:21:00.000,Street Light Out,Closed,Mangaluru,12.844746,74.911393
61550640,2025-08-11T21:57:00.000,2025-10-05T09:36:00.000,Street Light Cycling,Closed,Shivamogga,13.927243,75.583001
61550643,2025-08-12T00:29:00.000,2025-08-15T12:36:00.000,Street Light Out,Closed,Belagavi,15.843211,74.523303
61550706,2025-08-12T00:53:00.000,2025-08-13T12:56:14.000,Street Light Out,Closed,Bengaluru,12.871869,77.563684
61550956,2025-08-12T01:19:00.000,2025-08-16T17:14:00.000,Street Light Out,Closed,Mangaluru,12.878051,74.856753
61551127,2025-08-12T02:38:00.000,2025-08-14T12:32:00.000,Street Light Out,Closed,Mysuru,12.303707,76.685842
61551502,2025-08-12T03:23:00.000,2025-08-14T10:43:00.000,Street Light Out,Closed,Belagavi,15.853319,74.517615
61551512,2025-08-12T05:12:00.000,2025-08-16T11:52:30.000,Street Light Out,Closed,Belagavi,15.857228,74.512067
61551560,2025-08-12T06:05:00.000,2025-08-14T10:17:00.000,Street Light Out,Closed,Bengaluru,12.92192,77.575213
61551977,2025-08-12T07:14:00.000,2025-08-14T17:00:26.000,Street Light Out,Closed,Hubballi,15.385384,75.111542
61552130,2025-08-12T08:05:00.000,2025-08-15T16:01:00.000,Street Light Out,Closed,Hubballi,15.357224,75.117593
61552223,2025-08-12T08:07:00.000,2025-08-15T11:17:00.000,Street Light Out,Closed,Mangaluru,12.874448,74.859354
61552247,2025-08-12T08:20:00.000,2025-08-16T16:01:00.000,Street Light Out,Closed,Tumakuru,13.364904,77.093547
61552347,2025-08-12T09:13:00.000,2025-08-17T15:08:06.000,Street Light Out,Closed,Mysuru,12.312983,76.682101
61552361,2025-08-12T10:11:00.000,2025-08-23T13:00:43.000,Street Light Out,Closed,Belagavi,15.858416,74.509759
61552509,2025-08-12T11:41:00.000,2025-08-15T15:09:40.000,Street Light Out,Closed,Hubballi,15.301121,75.118938
61552551,2025-08-12T15:10:00.000,2025-08-26T11:09:00.000,Street Light Out,Closed,Tumakuru,13.337702,77.101385
61552589,2025-08-12T16:29:00.000,2025-08-25T12:43:45.000,Street Light Out,Closed,Hubballi,15.361068,75.133235
61552671,2025-08-12T16:41:00.000,2025-08-13T11:58:44.000,Street Light Out,Closed,Belagavi,15.829237,74.540641
61552913,2025-08-12T18:38:00.000,2025-08-17T09:33:39.000,Street Light Out,Closed,Mangaluru,12.874901,74.864423
61553146,2025-08-12T18:47:00.000,2025-08-14T14:33:00.000,Street Light Out,Closed,Bengaluru,12.940641,77.623883
61553234,2025-08-12T19:09:00.000,2025-08-14T18:27:28.000,Street Light Out,Closed,Mysuru,12.298104,76.611142
61553417,2025-08-12T19:45:00.000,2025-08-19T10:19:29.000,Street Light Out,Closed,Mysuru,12.299106,76.672487
61553480,2025-08-12T20:04:00.000,2025-08-15T15:03:27.000,Street Light Out,Closed,Belagavi,15.85288,74.505287
61553820,2025-08-12T22:12:00.000,2025-08-20T11:41:00.000,Street Light Dayburning,Closed,Tumakuru,13.368778,77.137857
61553853,2025-08-12T22:27:00.000,2025-09-26T17:02:10.000,Street Light Out,Closed,Bengaluru,12.963026,77.595641
61553996,2025-08-12T22:39:00.000,2025-08-15T15:44:27.000,Street Light Out,Closed,Bengaluru,12.987344,77.572983
61554026,2025-08-12T23:20:00.000,2025-08-16T18:02:29.000,Street Light Out,Closed,Mangaluru,12.884282,74.845054
61554115,2025-08-13T00:15:00.000,2025-08-14T14:24:28.000,Street Light Out,Closed,Bengaluru,12.98832,77.612437
61554155,2025-08-13T01:08:00.000,2025-08-14T10:16:22.000,Street Light Out,Closed,Shivamogga,13.917839,75.566886
61554428,2025-08-13T01:16:00.000,2025-08-15T13:44:35.000,Street Light Out,Closed,Mangaluru,12.88138,74.852998
61554472,2025-08-13T02:01:00.000,2025-08-16T11:46:00.000,Street Light Out,Closed,Belagavi,15.866597,74.464796
61554475,2025-08-13T02:05:00.000,2025-08-16T09:44:30.000,Street Light Out,Closed,Mangaluru,12.887798,74.86659
61554502,2025-08-13T03:24:00.000,2025-08-17T12:03:00.000,Street Light Out,Closed,Shivamogga,13.91712,75.5749
61554537,2025-08-13T07:04:00.000,2025-08-15T17:31:00.000,Street Light Out,Closed,Mysuru,12.317105,76.665496
61554640,2025-08-13T07:39:00.000,2025-09-14T18:35:12.000,Street Light Out,Closed,Shivamogga,13.930691,75.563192
61554686,2025-08-13T08:29:00.000,2025-08-16T17:47:00.000,Street Light Out,Closed,Bengaluru,12.951714,77.623652
61554752,2025-08-13T11:48:00.000,2025-08-19T18:55:00.000,Street Light Out,Closed,Belagavi,15.87792,74.479541
61554759,2025-08-13T12:07:00.000,2025-08-19T14:16:00.000,Street Light Out,Closed,Tumakuru,13.380474,77.130588
61554975,2025-08-13T12:44:00.000,2025-08-19T12:23:29.000,Street Light Out,Closed,Bengaluru,13.026424,77.623996
61555172,2025-08-13T14:22:00.000,2025-08-22T18:16:00.000,Street Light Out,Closed,Hubballi,15.297679,75.169318
61555296,2025-08-13T15:39:00.000,2025-08-23T17:56:28.000,Street Light Out,Closed,Belagavi,15.837479,74.49381
61555601,2025-08-13T15:59:00.000,2025-08-18T13:13:06.000,Street Light Out,Closed,Tumakuru,13.365458,77.081331
61555791,2025-08-13T16:43:00.000,2025-08-28T09:04:00.000,Street Light Out,Closed,Bengaluru,13.004061,77.583328
61555879,2025-08-13T17:25:00.000,2025-08-16T10:04:00.000,Street Light Out,Closed,Belagavi,15.855885,74.515294
61555908,2025-08-13T18:16:00.000,2025-09-04T08:56:00.000,Street Light Out,Closed,Bengaluru,12.955409,77.632839
61556194,2025-08-13T18:22:00.000,2025-08-17T18:36:00.000,Street Light Out,Closed,Hubballi,15.382777,75.129341
61556412,2025-08-13T19:32:00.000,2025-08-15T09:31:03.000,Street Light Out,Closed,Mysuru,12.290453,76.632722
61556474,2025-08-13T19:59:00.000,2025-08-23T13:30:00.000,Street Light Out,Closed,Hubballi,15.359296,75.113868
61556614,2025-08-13T20:02:00.000,2025-08-15T15:13:00.000,Street Light Out,Closed,Mangaluru,12.872058,74.85452
61556920,2025-08-13T20:41:00.000,2025-08-28T09:20:00.000,Street Light Out,Closed,Bengaluru,12.972453,77.576193
61557090,2025-08-13T21:35:00.000,2025-08-25T17:06:00.000,Street Light Out,Closed,Mangaluru,12.888232,74.880918
61557153,2025-08-14T00:22:00.000,2025-08-28T10:26:00.000,Street Light Out,Closed,Belagavi,15.853862,74.517799
61557393,2025-08-14T01:38:00.000,2025-08-16T11:40:03.000,Street Light Out,Closed,Hubballi,15.357763,75.143975
61557447,2025-08-14T02:55:00.000,2025-08-29T11:55:00.000,Street Light Out,Closed,Bengaluru,12.990225,77.656058
61557518,2025-08-14T03:35:00.000,2025-08-16T14:55:00.000,Street Light Out,Closed,Tumakuru,13.370917,77.07546
61557568,2025-08-14T07:09:00.000,2025-08-21T09:18:31.000,Street Light Out,Closed,Tumakuru,13.34114,77.10293
61557591,2025-08-14T08:30:00.000,2025-08-17T09:35:39.000,Street Light Dayburning,Closed,Bengaluru,12.981438,77.580722
61557610,2025-08-14T09:01:00.000,2025-08-30T18:49:54.000,Street Light Out,Closed,Mysuru,12.273439,76.658957
61557685,2025-08-14T09:44:00.000,2025-08-20T10:57:41.000,Street Light Out,Closed,Bengaluru,12.996908,77.499729
61557799,2025-08-14T10:21:00.000,2025-08-16T18:01:37.000,Street Light Out,Closed,Bengaluru,12.962621,77.625249
61558108,2025-08-14T10:26:00.000,2025-08-20T10:31:43.000,Street Light Out,Closed,Shivamogga,13.882674,75.579593
61558180,2025-08-14T11:13:00.000,2025-08-26T09:00:53.000,Street Light Out,Closed,Mangaluru,12.873948,74.861613
61558221,2025-08-14T13:40:00.000,2025-08-31T08:16:00.000,Street Light Out,Closed,Belagavi,15.842767,74.491164
61558281,2025-08-14T13:42:00.000,2025-08-18T17:38:00.000,Street Light Out,Closed,Bengaluru,12.959799,77.613236
61558430,2025-08-14T16:51:00.000,2025-08-16T12:22:33.000,Street Light Out,Closed,Shivamogga,13.910235,75.559267
61558488,2025-08-14T17:25:00.000,2025-08-24T17:42:00.000,Street Light Out,Closed,Shivamogga,13.957661,75.549563
61558490,2025-08-14T18:04:00.000,2025-09-19T18:07:31.000,Street Light Out,Closed,Belagavi,15.855,74.506154
61558581,2025-08-14T18:36:00.000,2025-08-17T17:10:50.000,Street Light Out,Closed,Tumakuru,13.347972,77.103909
61558741,2025-08-14T19:06:00.000,2025-08-22T17:42:06.000,Street Light Out,Closed,Bengaluru,12.921822,77.604045
61558871,2025-08-14T19:43:00.000,2025-08-23T14:37:00.000,Street Light Out,Closed,Mysuru,12.318089,76.637848
61558928,2025-08-14T19:46:00.000,2025-08-17T15:26:53.000,Street Light Out,Closed,Mysuru,12.274885,76.630233
61559041,2025-08-14T20:08:00.000,2025-08-19T13:09:17.000,Street Light Out,Closed,Mysuru,12.31892,76.67151
61559152,2025-08-14T20:54:00.000,2025-08-20T18:09:00.000,Street Light Dim,Closed,Belagavi,15.854768,74.512136
61559214,2025-08-14T22:16:00.000,2025-09-18T11:52:00.000,Street Light Out,Closed,Shivamogga,13.9277,75.555602
61559361,2025-08-14T22:56:00.000,2025-08-20T16:59:00.000,Street Light Out,Closed,Belagavi,15.846885,74.46147
61559452,2025-08-15T00:24:00.000,2025-08-17T09:05:00.000,Street Light Out,Closed,Bengaluru,12.96771,77.601055
61559761,2025-08-15T02:11:00.000,2025-08-17T08:38:00.000,Street Light Out,Closed,Bengaluru,12.947172,77.611132
61559906,2025-08-15T03:45:00.000,2025-08-22T13:14:00.000,Street Light Out,Closed,Mysuru,12.297491,76.659817
61559931,2025-08-15T07:28:00.000,2025-08-18T12:22:00.000,Street Light Dim,Closed,Bengaluru,12.917095,77.636947
61560030,2025-08-15T07:52:00.000,2025-08-19T16:55:00.000,Street Light Out,Closed,Mysuru,12.291165,76.637578
61560110,2025-08-15T09:15:00.000,2025-08-18T13:52:43.000,Street Light Out,Closed,Bengaluru,12.974562,77.614917
61560165,2025-08-15T09:26:00.000,2025-09-17T11:25:53.000,Street Light Out,Closed,Belagavi,15.858245,74.452465
61560288,2025-08-15T09:33:00.000,2025-08-31T16:51:00.000,Street Light Out,Closed,Tumakuru,13.317724,77.123934
61560524,2025-08-15T10:44:00.000,2025-08-20T14:43:00.000,Street Light Out,Closed,Tumakuru,13.344963,77.07812
61560639,2025-08-15T12:14:00.000,2025-08-23T17:17:09.000,Street Light Cycling,Closed,Mangaluru,12.917046,74.846949
61560675,2025-08-15T18:48:00.000,2025-08-18T10:06:00.000,Street Light Out,Closed,Hubballi,15.35128,75.124095
61560767,2025-08-15T20:38:00.000,2025-08-18T09:44:56.000,Street Light Out,Closed,Shivamogga,13.931268,75.564828
61560846,2025-08-15T20:45:00.000,2025-08-21T18:43:45.000,Street Light Out,Closed,Mysuru,12.302207,76.652376
61561139,2025-08-15T20:53:00.000,2025-10-01T11:36:00.000,Street Light Out,Closed,Shivamogga,13.942356,75.570401
61561145,2025-08-15T21:02:00.000,2025-08-18T15:50:00.000,Street Light Out,Closed,Mysuru,12.297879,76.648932
61561348,2025-08-15T22:03:00.000,2025-08-20T16:28:00.000,Street Light Out,Closed,Belagavi,15.839029,74.46425
61561936,2025-08-15T22:14:00.000,2025-09-02T18:28:00.000,Street Light Out,Closed,Mangaluru,12.882579,74.900974
61562086,2025-08-15T22:38:00.000,2025-08-20T13:31:34.000,Street Light Out,Closed,Shivamogga,13.920696,75.562888
61562269,2025-08-15T22:49:00.000,2025-08-31T10:55:48.000,Street Light Out,Closed,Mangaluru,12.879127,74.86882
61562601,2025-08-16T00:13:00.000,2025-08-19T18:18:00.000,Street Light Out,Closed,Mysuru,12.311588,76.656419
61562775,2025-08-16T01:29:00.000,2025-08-18T17:00:18.000,Street Light Out,Closed,Mysuru,12.363624,76.647644
61562804,2025-08-16T05:09:00.000,2025-08-17T15:57:00.000,Street Light Out,Closed,Bengaluru,12.957332,77.65175
61562849,2025-08-16T06:11:00.000,2025-08-18T12:15:42.000,Street Light Cycling,Closed,Mysuru,12.291432,76.58291
61562968,2025-08-16T07:55:00.000,2025-08-25T08:25:00.000,Street Light Out,Closed,Hubballi,15.344437,75.146458
61563019,2025-08-16T08:08:00.000,2025-08-26T16:59:00.000,Street Light Out,Closed,Bengaluru,12.993139,77.551197
61563169,2025-08-16T08:56:00.000,2025-08-19T18:35:00.000,Street Light Out,Closed,Tumakuru,13.340563,77.095748
61563278,2025-08-16T09:54:00.000,2025-09-28T16:16:00.000,Street Light Out,Closed,Mysuru,12.284078,76.624114
61563293,2025-08-16T10:47:00.000,2025-08-25T13:08:18.000,Street Light Out,Closed,Shivamogga,13.915635,75.544964
61563386,2025-08-16T11:47:00.000,2025-08-30T11:35:48.000,Street Light Out,Closed,Hubballi,15.357737,75.141817
61563591,2025-08-16T14:00:00.000,2025-08-19T18:11:00.000,Street Light Out,Closed,Bengaluru,12.95064,77.738894
61563633,2025-08-16T14:54:00.000,2025-08-19T11:06:00.000,Street Light Out,Closed,Bengaluru,13.006939,77.659244
61563661,2025-08-16T16:46:00.000,2025-08-29T17:03:28.000,Street Light Out,Closed,Mysuru,12.283589,76.663175
61563828,2025-08-16T17:21:00.000,2025-08-18T09:59:53.000,Street Light Out,Closed,Mysuru,12.289916,76.673859
61563894,2025-08-16T18:18:00.000,2025-08-30T10:44:23.000,Street Light Out,Closed,Shivamogga,13.929881,75.552461
61564061,2025-08-16T18:20:00.000,2025-08-21T08:21:24.000,Street Light Out,Closed,Hubballi,15.388101,75.143529
61564068,2025-08-16T18:44:00.000,2025-08-18T12:36:00.000,Street Light Dayburning,Closed,Hubballi,15.330497,75.120355
61564107,2025-08-16T20:08:00.000,2025-08-25T11:00:39.000,Street Light Out,Closed,Tumakuru,13.336128,77.093899
61564179,2025-08-16T20:34:00.000,2025-08-27T08:57:00.000,Street Light Out,Closed,Shivamogga,13.923303,75.578842
61564249,2025-08-16T20:44:00.000,2025-08-20T18:12:03.000,Street Light Out,Closed,Tumakuru,13.349626,77.079691
61564398,2025-08-16T20:56:00.000,2025-08-24T11:54:00.000,Street Light Cycling,Closed,Belagavi,15.875016,74.484871
61564489,2025-08-16T21:45:00.000,2025-08-19T09:20:19.000,Street Light Out,Closed,Bengaluru,12.959267,77.652924
61564630,2025-08-16T21:54:00.000,2025-08-20T10:49:11.000,Street Light Out,Closed,Mysuru,12.308499,76.666988
61564957,2025-08-16T23:30:00.000,2025-08-22T17:28:27.000,Street Light Out,Closed,Bengaluru,12.935975,77.610128
61565023,2025-08-16T23:48:00.000,2025-08-20T11:11:00.000,Street Light Out,Closed,Bengaluru,12.970727,77.594407
61565040,2025-08-17T00:45:00.000,2025-08-19T08:06:39.000,Street Light Out,Closed,Bengaluru,12.921668,77.527492
61565545,2025-08-17T03:22:00.000,2025-08-31T10:33:00.000,Street Light Dayburning,Closed,Bengaluru,12.95539,77.570451
61565571,2025-08-17T05:37:00.000,2025-08-24T12:54:00.000,Street Light Out,Closed,Shivamogga,13.916483,75.516291
61565649,2025-08-17T06:44:00.000,2025-09-12T17:24:25.000,Street Light Out,Closed,Bengaluru,12.976131,77.651323
61565713,2025-08-17T08:22:00.000,2025-08-18T16:20:00.000,Street Light Out,Closed,Bengaluru,12.963267,77.601264
61565789,2025-08-17T08:55:00.000,2025-08-31T18:31:00.000,Street Light Out,Closed,Shivamogga,13.960777,75.551122
61565884,2025-08-17T09:48:00.000,2025-08-18T14:22:00.000,Street Light Out,Closed,Shivamogga,13.938305,75.565761
61565951,2025-08-17T10:15:00.000,2025-08-28T12:29:00.000,Street Light Out,Closed,Hubballi,15.383488,75.121581
61566308,2025-08-17T10:48:00.000,2025-08-19T14:18:17.000,Street Light Out,Closed,Bengaluru,13.008628,77.575519
61566394,2025-08-17T10:55:00.000,2025-08-22T17:55:00.000,Street Light Out,Closed,Bengaluru,12.97854,77.568188
61566613,2025-08-17T11:44:00.000,2025-08-19T16:24:00.000,Street Light Out,Closed,Hubballi,15.351574,75.123228
61566619,2025-08-17T11:58:00.000,2025-09-12T16:11:00.000,Street Light Out,Closed,Mangaluru,12.887047,74.869137
61566668,2025-08-17T12:21:00.000,2025-08-23T18:28:51.000,Street Light Out,Closed,Mysuru,12.339443,76.66489
61566681,2025-08-17T18:50:00.000,2025-08-21T08:24:05.000,Street Light Out,Closed,Mysuru,12.29324,76.670734
61566712,2025-08-17T19:11:00.000,2025-09-02T16:44:00.000,Street Light Out,Closed,Hubballi,15.352264,75.131291
61566888,2025-08-17T19:49:00.000,2025-08-21T11:07:00.000,Street Light Out,Closed,Bengaluru,12.958601,77.634336
61567061,2025-08-17T20:51:00.000,2025-08-28T11:30:00.000,Street Light Out,Closed,Mangaluru,12.877957,74.856645
61567337,2025-08-17T20:56:00.000,2025-08-22T08:23:00.000,Street Light Out,Closed,Shivamogga,13.929389,75.550815
61567360,2025-08-18T06:32:00.000,2025-08-22T11:50:43.000,Street Light Out,Closed,Mysuru,12.298116,76.641749
61567397,2025-08-18T06:56:00.000,2025-08-26T13:39:00.000,Street Light Out,Closed,Bengaluru,12.903488,77.511643
61567494,2025-08-18T07:53:00.000,2025-08-26T18:13:00.000,Street Light Out,Closed,Mysuru,12.323894,76.635356
61567590,2025-08-18T08:09:00.000,2025-08-20T11:21:44.000,Street Light Out,Closed,Bengaluru,12.982342,77.5702
61567946,2025-08-18T08:52:00.000,2025-08-29T18:29:00.000,Street Light Out,Closed,Bengaluru,12.979118,77.572478
61567950,2025-08-18T09:18:00.000,2025-08-22T09:38:04.000,Street Light Out,Closed,Tumakuru,13.37621,77.126953
61567966,2025-08-18T09:47:00.000,2025-09-10T12:09:00.000,Street Light Out,Closed,Hubballi,15.355148,75.123802
61568137,2025-08-18T10:52:00.000,2025-08-26T15:45:20.000,Street Light Out,Closed,Hubballi,15.350407,75.151773
61568513,2025-08-18T11:32:00.000,2025-08-23T11:33:09.000,Lamppost Damaged,Closed,Hubballi,15.361047,75.130996
61568628,2025-08-18T11:59:00.000,2025-08-24T09:07:01.000,Street Light Out,Closed,Mysuru,12.293578,76.642523
61568843,2025-08-18T14:12:00.000,2025-08-22T15:50:00.000,Street Light Out,Closed,Shivamogga,13.929112,75.574965
61568868,2025-08-18T15:26:00.000,2025-08-22T12:02:41.000,Street Light Out,Closed,Tumakuru,13.349971,77.10107
61569031,2025-08-18T17:52:00.000,2025-08-21T17:35:00.000,Street Light Out,Closed,Mysuru,12.305097,76.657552
61569048,2025-08-18T19:06:00.000,2025-08-23T17:33:00.000,Street Light Dim,Closed,Mysuru,12.314904,76.637847
61569077,2025-08-18T19:10:00.000,2025-09-07T12:18:00.000,Street Light Out,Closed,Mysuru,12.31739,76.668148
61569134,2025-08-18T21:01:00.000,2025-08-24T11:22:00.000,Street Light Dayburning,Closed,Tumakuru,13.357924,77.136539
61569207,2025-08-18T21:03:00.000,2025-08-22T09:51:00.000,Street Light Out,Closed,Belagavi,15.847222,74.456338
61569209,2025-08-18T21:07:00.000,2025-08-27T10:45:00.000,Street Light Out,Closed,Bengaluru,12.962888,77.602729
61569314,2025-08-18T23:40:00.000,2025-08-20T15:13:04.000,Street Light Out,Closed,Hubballi,15.369279,75.130094
61569484,2025-08-19T01:29:00.000,2025-08-20T18:34:43.000,Street Light Out,Closed,Mangaluru,12.8791,74.867315
61569506,2025-08-19T06:36:00.000,2025-10-19T15:16:00.000,Street Light Cycling,Closed,Mysuru,12.324161,76.655652
61569508,2025-08-19T08:44:00.000,2025-08-24T15:34:31.000,Street Light Out,Closed,Tumakuru,13.376204,77.131099
61569726,2025-08-19T09:04:00.000,2025-08-20T12:03:28.000,Street Light Out,Closed,Hubballi,15.351571,75.120888
61569927,2025-08-19T11:40:00.000,2025-08-22T10:19:21.000,Street Light Out,Closed,Mysuru,12.31128,76.694249
61570000,2025-08-19T14:24:00.000,2025-09-16T12:19:59.000,Street Light Out,Closed,Mysuru,12.342529,76.679084
61570072,2025-08-19T16:22:00.000,2025-08-31T17:52:00.000,Street Light Out,Closed,Tumakuru,13.358203,77.082354
61570200,2025-08-19T16:45:00.000,2025-08-22T17:41:00.000,Street Light Out,Closed,Hubballi,15.366692,75.16325
61570420,2025-08-19T17:24:00.000,2025-08-25T13:29:00.000,Street Light Out,Closed,Belagavi,15.851702,74.480454
61570443,2025-08-19T17:30:00.000,2025-09-25T08:58:00.000,Street Light Cycling,Closed,Hubballi,15.328797,75.085565
61570533,2025-08-19T18:43:00.000,2025-09-06T12:44:00.000,Street Light Out,Closed,Mysuru,12.268,76.687176
61570627,2025-08-19T19:42:00.000,2025-09-14T17:52:48.000,Street Light Out,Closed,Hubballi,15.345745,75.101577
61570715,2025-08-19T19:45:00.000,2025-09-09T09:26:00.000,Street Light Out,Closed,Hubballi,15.345425,75.130026
61570867,2025-08-19T19:55:00.000,2025-08-23T16:09:01.000,Street Light Out,Closed,Hubballi,15.355532,75.147573
61571022,2025-08-19T21:24:00.000,2025-08-23T12:01:24.000,Street Light Out,Closed,Belagavi,15.875594,74.512013
61571176,2025-08-19T21:24:00.000,2025-08-21T16:48:00.000,Street Light Out,Closed,Hubballi,15.364777,75.129963
61571257,2025-08-19T21:31:00.000,2025-09-05T10:13:33.000,Street Light Out,Closed,Mysuru,12.328901,76.6547
61571615,2025-08-19T21:38:00.000,2025-08-24T09:00:07.000,Street Light Out,Closed,Mangaluru,12.889909,74.86562
61572063,2025-08-19T21:53:00.000,2025-08-24T08:36:10.000,Street Light Out,Closed,Belagavi,15.852639,74.512299
61572466,2025-08-19T22:41:00.000,2025-08-23T15:55:00.000,Street Light Out,Closed,Mysuru,12.298541,76.677225
61572492,2025-08-19T22:57:00.000,2025-09-06T11:51:47.000,Street Light Out,Closed,Mysuru,12.294047,76.638687
61572797,2025-08-20T00:48:00.000,2025-08-24T09:19:00.000,Street Light Out,Closed,Bengaluru,13.003535,77.486621
61572800,2025-08-20T01:03:00.000,2025-09-04T17:16:00.000,Street Light Out,Closed,Mysuru,12.320781,76.682192
61572922,2025-08-20T06:37:00.000,2025-08-24T16:23:37.000,Street Light Out,Closed,Bengaluru,12.922071,77.552818
61572978,2025-08-20T07:10:00.000,2025-08-26T11:54:00.000,Street Light Out,Closed,Belagavi,15.853937,74.489948
61572982,2025-08-20T08:02:00.000,2025-08-26T13:30:00.000,Street Light Out,Closed,Bengaluru,12.979305,77.557219
61573001,2025-08-20T08:08:00.000,2025-08-29T13:53:00.000,Street Light Out,Closed,Bengaluru,12.986855,77.699371
61573108,2025-08-20T09:07:00.000,2025-08-23T18:16:00.000,Street Light Out,Closed,Tumakuru,13.348548,77.148233
61573169,2025-08-20T09:51:00.000,2025-08-23T09:31:19.000,Street Light Out,Closed,Bengaluru,12.971338,77.580609
61573236,2025-08-20T10:51:00.000,2025-08-24T11:07:53.000,Street Light Out,Closed,Bengaluru,12.9862,77.654241
61573382,2025-08-20T11:12:00.000,2025-08-23T16:22:00.000,Street Light Out,Closed,Mysuru,12.310667,76.658971
61573396,2025-08-20T11:13:00.000,2025-08-25T15:20:00.000,Street Light Out,Closed,Bengaluru,13.020869,77.625869
61573460,2025-08-20T11:38:00.000,2025-08-22T13:43:00.000,Street Light Out,Closed,Bengaluru,12.970583,77.578801
61573793,2025-08-20T12:13:00.000,2025-08-24T12:20:00.000,Street Light Out,Closed,Bengaluru,12.938709,77.62527
61573863,2025-08-20T14:15:00.000,2025-09-04T16:23:00.000,Street Light Out,Closed,Shivamogga,13.936334,75.56849
61574061,2025-08-20T15:15:00.000,2025-09-01T17:57:23.000,Street Light Out,Closed,Bengaluru,13.09076,77.506901
61574280,2025-08-20T16:41:00.000,2025-08-21T08:40:35.000,Street Light Out,Closed,Belagavi,15.870447,74.517038
61574375,2025-08-20T16:57:00.000,2025-09-01T16:48:52.000,Street Light Out,Closed,Mysuru,12.305361,76.667732
61574815,2025-08-20T17:15:00.000,2025-09-07T18:30:33.000,Street Light Cycling,Closed,Hubballi,15.353911,75.133093
61574894,2025-08-20T17:18:00.000,2025-08-24T17:27:00.000,Street Light Dayburning,Closed,Bengaluru,12.912649,77.637598
61575017,2025-08-20T18:12:00.000,2025-08-29T17:15:00.000,Street Light Out,Closed,Belagavi,15.839581,74.540874
61575044,2025-08-20T18:54:00.000,2025-08-23T17:44:51.000,Street Light Out,Closed,Bengaluru,13.000401,77.58689
61575124,2025-08-20T19:51:00.000,2025-08-25T12:57:45.000,Street Light Out,Closed,Mangaluru,12.89105,74.866603
61575363,2025-08-20T20:32:00.000,2025-08-29T18:57:00.000,Street Light Dayburning,Closed,Belagavi,15.850777,74.460389
61575468,2025-08-20T21:03:00.000,2025-09-03T17:43:30.000,Street Light Out,Closed,Belagavi,15.853891,74.514353
61575659,2025-08-20T21:36:00.000,2025-08-23T11:45:17.000,Street Light Out,Closed,Bengaluru,12.960778,77.650576
61575957,2025-08-20T22:56:00.000,2025-08-22T11:32:00.000,Street Light Out,Closed,Bengaluru,13.016492,77.577883
61576104,2025-08-21T00:38:00.000,2025-08-27T11:45:20.000,Street Light Out,Closed,Mysuru,12.262255,76.614704
61576202,2025-08-21T01:20:00.000,2025-08-23T15:13:11.000,Street Light Out,Closed,Bengaluru,13.022226,77.648719
61576275,2025-08-21T03:48:00.000,2025-08-24T18:05:23.000,Street Light Dayburning,Closed,Belagavi,15.848103,74.487193
61576313,2025-08-21T04:16:00.000,2025-08-25T13:13:15.000,Street Light Out,Closed,Mysuru,12.306501,76.624155
61576393,2025-08-21T04:48:00.000,2025-08-31T10:38:00.000,Street Light Out,Closed,Bengaluru,12.905155,77.512339
61576404,2025-08-21T07:30:00.000,2025-08-23T08:53:53.000,Street Light Out,Closed,Tumakuru,13.335263,77.111574
61576494,2025-08-21T10:13:00.000,2025-08-23T11:43:00.000,Street Light Out,Closed,Mysuru,12.34245,76.672841
61576984,2025-08-21T10:50:00.000,2025-08-29T12:35:00.000,Street Light Out,Closed,Shivamogga,13.927841,75.585358
61577050,2025-08-21T11:54:00.000,2025-08-26T10:16:00.000,Lamppost Damaged,Closed,Bengaluru,12.974507,77.616904
61577119,2025-08-21T16:20:00.000,2025-08-24T11:20:00.000,Street Light Dayburning,Closed,Bengaluru,13.093554,77.497114
61577186,2025-08-21T18:04:00.000,2025-08-25T15:28:00.000,Street Light Out,Closed,Mangaluru,12.88292,74.873513
61577221,2025-08-21T18:06:00.000,2025-08-25T08:06:00.000,Street Light Out,Closed,Bengaluru,12.943797,77.575082
61577514,2025-08-21T18:12:00.000,2025-08-24T08:26:58.000,Street Light Out,Closed,Bengaluru,12.946921,77.591651
61577517,2025-08-21T18:20:00.000,2025-08-28T16:27:00.000,Street Light Out,Closed,Bengaluru,13.001105,77.585594
61577656,2025-08-21T18:54:00.000,2025-08-25T16:28:00.000,Street Light Out,Closed,Mysuru,12.305904,76.655935
61577779,2025-08-21T19:52:00.000,2025-08-24T11:21:59.000,Street Light Out,Closed,Mysuru,12.308873,76.665727
61577952,2025-08-21T20:48:00.000,2025-08-24T09:24:00.000,Street Light Out,Closed,Mysuru,12.302483,76.697082
61578334,2025-08-21T20:49:00.000,2025-09-19T09:08:00.000,Street Light Out,Closed,Belagavi,15.847136,74.492645
61578377,2025-08-22T01:41:00.000,2025-09-03T08:56:39.000,Street Light Out,Closed,Belagavi,15.813079,74.554137
61578672,2025-08-22T03:21:00.000,2025-08-27T18:51:32.000,Street Light Out,Closed,Mysuru,12.316629,76.67039
61578766,2025-08-22T03:51:00.000,2025-09-11T11:47:22.000,Street Light Out,Closed,Bengaluru,13.003635,77.565978
61578803,2025-08-22T06:22:00.000,2025-08-26T13:28:15.000,Street Light Out,Closed,Mangaluru,12.887048,74.859648
61578983,2025-08-22T06:35:00.000,2025-09-05T09:08:00.000,Street Light Out,Closed,Mangaluru,12.873719,74.868607
61579074,2025-08-22T07:33:00.000,2025-08-26T18:07:00.000,Street Light Out,Closed,Hubballi,15.356459,75.122825
61579267,2025-08-22T07:51:00.000,2025-08-30T16:25:00.000,Street Light Out,Closed,Mangaluru,12.881616,74.873106
61579271,2025-08-22T08:00:00.000,2025-08-24T09:14:27.000,Street Light Out,Closed,Bengaluru,12.973767,77.598937
61579365,2025-08-22T08:27:00.000,2025-08-26T18:08:00.000,Street Light Out,Closed,Bengaluru,12.994618,77.543121
61579502,2025-08-22T09:05:00.000,2025-09-03T09:25:00.000,Street Light Out,Closed,Bengaluru,12.939741,77.563246
61579739,2025-08-22T10:35:00.000,2025-08-26T18:35:00.000,Street Light Out,Closed,Bengaluru,12.967702,77.594269
61579745,2025-08-22T10:59:00.000,2025-09-06T11:53:00.000,Street Light Out,Closed,Belagavi,15.854092,74.539301
61579809,2025-08-22T13:30:00.000,2025-08-24T09:32:31.000,Street Light Out,Closed,Mysuru,12.293384,76.644071
61580301,2025-08-22T16:35:00.000,2025-08-23T14:09:00.000,Street Light Out,Closed,Bengaluru,13.001356,77.599022
61580769,2025-08-22T16:42:00.000,2025-08-28T17:02:15.000,Street Light Out,Closed,Hubballi,15.353716,75.119588
61580771,2025-08-22T16:48:00.000,2025-08-28T18:29:00.000,Street Light Out,Closed,Bengaluru,12.996418,77.579237
61581018,2025-08-22T17:15:00.000,2025-10-07T16:16:00.000,Street Light Out,Closed,Belagavi,15.849536,74.520593
61581125,2025-08-22T17:34:00.000,2025-08-28T11:35:28.000,Street Light Out,Closed,Mangaluru,12.913004,74.856935
61581346,2025-08-22T17:54:00.000,2025-09-02T18:04:00.000,Lamppost Damaged,Closed,Tumakuru,13.33317,77.137171
61581391,2025-08-22T19:09:00.000,2025-08-29T15:11:00.000,Street Light Out,Closed,Mysuru,12.312564,76.647244
61581657,2025-08-22T19:49:00.000,2025-08-26T12:03:00.000,Street Light Out,Closed,Bengaluru,13.036577,77.634207
61581680,2025-08-22T21:46:00.000,2025-08-31T12:32:16.000,Street Light Out,Closed,Hubballi,15.359514,75.140776
61581887,2025-08-22T21:51:00.000,2025-08-30T09:39:17.000,Street Light Out,Closed,Bengaluru,12.960772,77.636321
61581901,2025-08-22T21:57:00.000,2025-08-23T16:58:32.000,Street Light Out,Closed,Bengaluru,13.007991,77.613135
61581928,2025-08-22T22:09:00.000,2025-08-28T08:09:00.000,Street Light Out,Closed,Mysuru,12.319858,76.644346
61582124,2025-08-22T23:17:00.000,2025-08-24T14:23:00.000,Street Light Out,Closed,Bengaluru,12.964024,77.53107
61582224,2025-08-23T07:16:00.000,2025-09-22T10:51:24.000,Street Light Out,Closed,Mangaluru,12.832502,74.867123
61582409,2025-08-23T08:45:00.000,2025-08-31T09:17:00.000,Street Light Out,Closed,Bengaluru,12.954016,77.73488
61582440,2025-08-23T10:12:00.000,2025-09-15T12:31:07.000,Street Light Out,Closed,Tumakuru,13.347203,77.072345
61582487,2025-08-23T10:29:00.000,2025-09-10T14:48:00.000,Street Light Cycling,Closed,Tumakuru,13.317311,77.075524
61582505,2025-08-23T10:36:00.000,2025-08-25T14:03:00.000,Street Light Out,Closed,Bengaluru,12.981792,77.494424
61582651,2025-08-23T10:37:00.000,2025-08-29T16:13:00.000,Street Light Out,Closed,Bengaluru,12.972758,77.604898
61582839,2025-08-23T11:27:00.000,2025-08-26T08:09:10.000,Street Light Out,Closed,Mangaluru,12.881247,74.847334
61582849,2025-08-23T12:00:00.000,2025-09-17T12:36:00.000,Street Light Out,Closed,Mangaluru,12.886763,74.861802
61582937,2025-08-23T13:04:00.000,2025-08-31T17:58:00.000,Street Light Out,Closed,Bengaluru,12.949868,77.582667
61582960,2025-08-23T15:36:00.000,2025-08-25T16:37:00.000,Street Light Out,Closed,Mysuru,12.314298,76.677503
61583232,2025-08-23T19:35:00.000,2025-08-31T08:57:00.000,Street Light Cycling,Closed,Hubballi,15.382773,75.129342
61583237,2025-08-23T19:45:00.000,2025-08-26T18:38:15.000,Street Light Out,Closed,Mangaluru,12.879403,74.871273
61583287,2025-08-23T20:26:00.000,2025-08-25T17:33:00.000,Lamppost Damaged,Closed,Tumakuru,13.34666,77.118831
61583309,2025-08-23T21:39:00.000,2025-08-27T08:02:48.000,Street Light Out,Closed,Mysuru,12.28854,76.631319
61583550,2025-08-23T21:41:00.000,2025-09-04T12:38:28.000,Street Light Out,Closed,Bengaluru,12.951602,77.537273
61583554,2025-08-23T22:21:00.000,2025-08-29T09:24:45.000,Street Light Out,Closed,Shivamogga,13.927084,75.55911
61583593,2025-08-23T23:02:00.000,2025-08-29T10:59:00.000,Street Light Out,Closed,Bengaluru,12.896524,77.635113
61583794,2025-08-23T23:10:00.000,2025-09-17T18:37:13.000,Street Light Out,Closed,Mangaluru,12.912842,74.852883
61583916,2025-08-23T23:28:00.000,2025-08-28T18:35:00.000,Street Light Out,Closed,Hubballi,15.384826,75.120658
61584096,2025-08-24T05:09:00.000,2025-08-28T14:54:00.000,Street Light Out,Closed,Shivamogga,13.919597,75.58297
61584178,2025-08-24T06:41:00.000,2025-09-01T15:55:00.000,Street Light Out,Closed,Belagavi,15.855902,74.515247
61584818,2025-08-24T06:45:00.000,2025-08-27T15:34:03.000,Street Light Out,Closed,Belagavi,15.844641,74.521622
61585001,2025-08-24T07:06:00.000,2025-08-29T11:15:00.000,Street Light Out,Closed,Shivamogga,13.922399,75.572419
61585067,2025-08-24T09:36:00.000,2025-09-12T08:16:47.000,Street Light Out,Closed,Mysuru,12.316995,76.665497
61585078,2025-08-24T12:34:00.000,2025-08-30T18:08:00.000,Street Light Dayburning,Closed,Mangaluru,12.890823,74.855059
61585430,2025-08-24T13:20:00.000,2025-08-29T08:46:19.000,Street Light Out,Closed,Bengaluru,12.94808,77.569249
61585576,2025-08-24T14:23:00.000,2025-09-01T14:49:00.000,Street Light Out,Closed,Shivamogga,13.934887,75.565231
61585832,2025-08-24T14:24:00.000,2025-08-28T13:50:00.000,Street Light Dayburning,Closed,Bengaluru,12.927857,77.616271
61585997,2025-08-24T15:58:00.000,2025-09-04T12:40:34.000,Street Light Out,Closed,Bengaluru,13.002042,77.570592
61586020,2025-08-24T16:18:00.000,2025-09-04T15:54:17.000,Street Light Out,Closed,Mangaluru,12.878247,74.864024
61586085,2025-08-24T16:21:00.000,2025-08-26T15:08:00.000,Street Light Out,Closed,Mysuru,12.310398,76.683964
61586188,2025-08-24T16:55:00.000,2025-08-31T10:45:00.000,Street Light Out,Closed,Mysuru,12.289783,76.613711
61586269,2025-08-24T18:09:00.000,2025-09-09T09:17:36.000,Street Light Out,Closed,Belagavi,15.856796,74.511867
61586271,2025-08-24T18:54:00.000,2025-09-04T16:26:00.000,Street Light Out,Closed,Tumakuru,13.377999,77.062188
61586360,2025-08-24T19:00:00.000,2025-08-27T14:24:27.000,Street Light Out,Closed,Tumakuru,13.352826,77.104251
61586393,2025-08-24T19:22:00.000,2025-10-21T11:29:50.000,Street Light Out,Closed,Mangaluru,12.903114,74.856697
61586438,2025-08-24T19:59:00.000,2025-08-30T11:28:01.000,Street Light Out,Closed,Belagavi,15.854269,74.522261
61586628,2025-08-24T20:49:00.000,2025-09-05T08:14:52.000,Street Light Out,Closed,Tumakuru,13.339295,77.14288
61586752,2025-08-24T21:05:00.000,2025-08-27T18:14:00.000,Street Light Out,Closed,Tumakuru,13.338873,77.086385
61587093,2025-08-24T21:30:00.000,2025-08-26T18:37:39.000,Street Light Out,Closed,Bengaluru,12.876512,77.587713
61587110,2025-08-24T21:33:00.000,2025-08-26T08:32:00.000,Street Light Out,Closed,Bengaluru,12.932368,77.591936
61587271,2025-08-24T22:27:00.000,2025-09-03T08:53:34.000,Street Light Out,Closed,Belagavi,15.842483,74.489599
61587287,2025-08-24T23:56:00.000,2025-08-28T08:21:00.000,Street Light Out,Closed,Mysuru,12.294563,76.65052
61587306,2025-08-25T00:14:00.000,2025-08-27T13:34:00.000,Street Light Out,Closed,Mysuru,12.314566,76.644965
61587353,2025-08-25T02:11:00.000,2025-09-15T17:54:00.000,Street Light Out,Closed,Hubballi,15.343528,75.134942
61587581,2025-08-25T04:26:00.000,2025-09-02T12:21:21.000,Street Light Out,Closed,Belagavi,15.853242,74.517603
61587733,2025-08-25T05:42:00.000,2025-09-01T08:41:57.000,Street Light Out,Closed,Tumakuru,13.334782,77.097345
61587759,2025-08-25T07:18:00.000,2025-10-26T09:01:10.000,Street Light Dayburning,Closed,Shivamogga,13.924469,75.561335
61587910,2025-08-25T07:37:00.000,2025-08-28T08:13:14.000,Street Light Out,Closed,Hubballi,15.394102,75.13354
61587958,2025-08-25T08:48:00.000,2025-09-16T17:25:00.000,Street Light Out,Closed,Belagavi,15.845676,74.526037
61587999,2025-08-25T09:28:00.000,2025-08-31T14:35:00.000,Street Light Out,Closed,Belagavi,15.905383,74.490059
61588060,2025-08-25T09:44:00.000,2025-08-26T10:49:21.000,Street Light Out,Closed,Bengaluru,12.962654,77.627171
61588197,2025-08-25T10:10:00.000,2025-09-06T10:58:00.000,Street Light Out,Closed,Mangaluru,12.874263,74.861696
61588295,2025-08-25T11:25:00.000,2025-08-28T17:20:00.000,Street Light Out,Closed,Mangaluru,12.879602,74.850689
61588345,2025-08-25T12:04:00.000,2025-08-28T13:06:38.000,Street Light Out,Closed,Mysuru,12.348156,76.665488
61588407,2025-08-25T12:10:00.000,2025-08-28T14:40:08.000,Street Light Out,Closed,Mangaluru,12.863861,74.868803
61588449,2025-08-25T12:26:00.000,2025-09-02T17:36:03.000,Street Light Out,Closed,Shivamogga,13.935546,75.558251
61588532,2025-08-25T17:16:00.000,2025-08-28T11:50:42.000,Street Light Out,Closed,Shivamogga,13.915717,75.544904
61588848,2025-08-25T17:18:00.000,2025-09-28T09:29:00.000,Lamppost Damaged,Closed,Mysuru,12.310819,76.655114
61588934,2025-08-25T18:56:00.000,2025-08-27T14:08:44.000,Street Light Out,Closed,Mysuru,12.311632,76.675766
61588937,2025-08-25T19:15:00.000,2025-08-28T17:59:00.000,Street Light Dayburning,Closed,Bengaluru,12.986305,77.654204
61588956,2025-08-25T20:07:00.000,2025-08-28T10:51:00.000,Street Light Out,Closed,Bengaluru,12.971709,77.587153
61588987,2025-08-25T20:24:00.000,2025-09-07T15:48:28.000,Street Light Out,Closed,Belagavi,15.844519,74.492513
61589240,2025-08-25T20:54:00.000,2025-08-29T16:18:00.000,Street Light Out,Closed,Shivamogga,13.923684,75.574559
61589253,2025-08-25T22:38:00.000,2025-09-03T12:03:00.000,Street Light Out,Closed,Mysuru,12.295775,76.669807
61589292,2025-08-26T01:15:00.000,2025-08-30T11:24:52.000,Street Light Out,Closed,Bengaluru,12.997692,77.488259
61589486,2025-08-26T05:28:00.000,2025-09-02T11:51:00.000,Street Light Out,Closed,Bengaluru,12.987741,77.613565
61589694,2025-08-26T06:55:00.000,2025-08-30T13:37:48.000,Street Light Dim,Closed,Hubballi,15.360938,75.129478
61589927,2025-08-26T08:19:00.000,2025-09-04T10:30:57.000,Street Light Cycling,Closed,Bengaluru,12.98374,77.485896
61589970,2025-08-26T09:23:00.000,2025-08-30T10:16:05.000,Street Light Out,Closed,Shivamogga,13.957691,75.5495
61590383,2025-08-26T11:53:00.000,2025-08-31T15:59:12.000,Street Light Out,Closed,Mysuru,12.298572,76.61311
61590601,2025-08-26T14:28:00.000,2025-08-29T11:02:00.000,Street Light Out,Closed,Belagavi,15.82815,74.549821
61590661,2025-08-26T15:43:00.000,2025-09-08T14:05:00.000,Street Light Out,Closed,Shivamogga,13.931389,75.564826
61590748,2025-08-26T17:16:00.000,2025-09-01T13:34:13.000,Street Light Out,Closed,Hubballi,15.406182,75.121563
61590875,2025-08-26T18:05:00.000,2025-09-09T16:15:38.000,Street Light Out,Closed,Tumakuru,13.336955,77.109763
61590926,2025-08-26T19:17:00.000,2025-09-07T08:57:28.000,Street Light Out,Closed,Shivamogga,13.933136,75.553311
61591017,2025-08-26T19:19:00.000,2025-09-08T13:52:00.000,Street Light Out,Closed,Mysuru,12.297863,76.648935
61591330,2025-08-26T19:31:00.000,2025-08-27T14:08:34.000,Street Light Out,Closed,Bengaluru,13.001395,77.598907
61591450,2025-08-26T20:03:00.000,2025-08-28T18:13:00.000,Street Light Out,Closed,Bengaluru,12.966038,77.589037
61591513,2025-08-26T20:04:00.000,2025-09-02T12:29:30.000,Street Light Out,Closed,Tumakuru,13.365317,77.137595
61591522,2025-08-26T20:32:00.000,2025-09-04T14:12:00.000,Street Light Cycling,Closed,Tumakuru,13.340764,77.091183
61591959,2025-08-26T20:33:00.000,2025-08-29T11:25:00.000,Street Light Out,Closed,Mysuru,12.275475,76.62805
61591963,2025-08-26T20:35:00.000,2025-09-06T11:16:21.000,Street Light Out,Closed,Mangaluru,12.878032,74.856744
61592053,2025-08-26T20:45:00.000,2025-10-13T11:21:00.000,Street Light Out,Closed,Tumakuru,13.328661,77.105767
61592146,2025-08-26T21:18:00.000,2025-08-31T15:03:32.000,Street Light Out,Closed,Bengaluru,13.00965,77.567939
61592579,2025-08-26T21:34:00.000,2025-09-01T14:29:00.000,Street Light Out,Closed,Mysuru,12.291087,76.6376
61592853,2025-08-26T22:53:00.000,2025-09-06T16:25:00.000,Street Light Out,Closed,Bengaluru,12.97469,77.614959
61592988,2025-08-26T23:08:00.000,2025-09-04T12:59:00.000,Street Light Out,Closed,Tumakuru,13.355785,77.085873
61593084,2025-08-27T03:16:00.000,2025-10-14T11:05:00.000,Street Light Out,Closed,Belagavi,15.837505,74.480927
61593205,2025-08-27T04:52:00.000,2025-08-29T16:21:33.000,Street Light Out,Closed,Bengaluru,12.927015,77.61589
61593468,2025-08-27T07:13:00.000,2025-09-15T08:48:00.000,Street Light Dim,Closed,Shivamogga,13.952592,75.543325
61593729,2025-08-27T13:53:00.000,2025-08-31T13:06:00.000,Street Light Out,Closed,Belagavi,15.820164,74.555256
61593870,2025-08-27T15:42:00.000,2025-08-29T17:11:00.000,Street Light Out,Closed,Belagavi,15.836095,74.494569
61594066,2025-08-27T16:14:00.000,2025-09-03T11:59:00.000,Street Light Out,Closed,Belagavi,15.820808,74.552903
61594304,2025-08-27T16:57:00.000,2025-09-02T14:01:02.000,Street Light Out,Closed,Bengaluru,12.931704,77.668224
61594320,2025-08-27T17:18:00.000,2025-09-04T13:31:44.000,Street Light Out,Closed,Bengaluru,12.982201,77.590119
61594360,2025-08-27T19:56:00.000,2025-09-01T08:20:00.000,Street Light Out,Closed,Mysuru,12.30088,76.629392
61594374,2025-08-27T20:44:00.000,2025-10-27T12:59:09.000,Street Light Out,Closed,Hubballi,15.357211,75.134746
61594836,2025-08-27T22:51:00.000,2025-09-07T12:30:00.000,Street Light Out,Closed,Shivamogga,13.954275,75.536908
61594861,2025-08-27T23:12:00.000,2025-09-06T11:38:00.000,Street Light Out,Closed,Mangaluru,12.870759,74.858792
61594971,2025-08-28T01:37:00.000,2025-08-29T18:49:05.000,Street Light Out,Closed,Mangaluru,12.891182,74.866605
61594980,2025-08-28T03:38:00.000,2025-08-29T10:57:51.000,Street Light Out,Closed,Bengaluru,12.964098,77.653817
61594985,2025-08-28T05:33:00.000,2025-08-31T17:47:52.000,Street Light Out,Closed,Belagavi,15.874829,74.544323
61595007,2025-08-28T08:45:00.000,2025-09-03T11:21:00.000,Street Light Out,Closed,Bengaluru,12.983404,77.634905
61595172,2025-08-28T08:46:00.000,2025-08-29T08:10:00.000,Street Light Out,Closed,Tumakuru,13.370767,77.075541
61595317,2025-08-28T09:03:00.000,2025-10-06T12:03:00.000,Street Light Out,Closed,Bengaluru,13.019453,77.660594
61595370,2025-08-28T09:15:00.000,2025-09-01T11:53:00.000,Street Light Out,Closed,Tumakuru,13.345167,77.087996
61595559,2025-08-28T09:35:00.000,2025-09-14T11:16:00.000,Street Light Out,Closed,Bengaluru,12.956051,77.661977
61596032,2025-08-28T10:32:00.000,2025-10-17T12:35:07.000,Street Light Out,Closed,Mysuru,12.314237,76.677495
61596248,2025-08-28T14:36:00.000,2025-08-29T12:58:00.000,Street Light Out,Closed,Bengaluru,12.93,77.596192
61596566,2025-08-28T17:18:00.000,2025-08-30T18:11:19.000,Street Light Cycling,Closed,Bengaluru,12.995279,77.554753
61596678,2025-08-28T18:25:00.000,2025-08-31T16:09:26.000,Street Light Out,Closed,Hubballi,15.298581,75.149829
61596723,2025-08-28T18:27:00.000,2025-08-29T08:48:00.000,Street Light Out,Closed,Hubballi,15.357254,75.115183
61596839,2025-08-28T18:59:00.000,2025-09-01T11:56:31.000,Street Light Out,Closed,Mangaluru,12.872093,74.854562
61596940,2025-08-28T19:03:00.000,2025-08-30T16:14:00.000,Street Light Out,Closed,Hubballi,15.405409,75.09187
61596944,2025-08-28T19:20:00.000,2025-08-31T10:30:00.000,Street Light Out,Closed,Belagavi,15.853475,74.517131
61597120,2025-08-28T20:18:00.000,2025-09-03T12:29:00.000,Street Light Out,Closed,Mangaluru,12.87827,74.855958
61597588,2025-08-28T20:41:00.000,2025-08-30T10:38:43.000,Street Light Out,Closed,Bengaluru,12.982839,77.58774
61597602,2025-08-28T20:56:00.000,2025-09-03T17:03:08.000,Street Light Out,Closed,Mangaluru,12.874837,74.876711
61597679,2025-08-28T22:21:00.000,2025-09-06T11:03:40.000,Street Light Out,Closed,Mysuru,12.298654,76.646531
61597779,2025-08-28T23:29:00.000,2025-10-17T09:29:00.000,Street Light Out,Closed,Mysuru,12.323947,76.642372
61597979,2025-08-28T23:32:00.000,2025-09-04T15:02:00.000,Street Light Out,Closed,Bengaluru,12.905608,77.642504
61598005,2025-08-28T23:32:00.000,2025-08-31T08:27:18.000,Street Light Out,Closed,Mysuru,12.303918,76.655054
61598182,2025-08-29T02:08:00.000,2025-08-31T13:34:00.000,Street Light Out,Closed,Mangaluru,12.906172,74.891305
61598193,2025-08-29T04:05:00.000,2025-09-05T09:37:14.000,Street Light Out,Closed,Tumakuru,13.328356,77.09982
61598323,2025-08-29T07:23:00.000,2025-09-02T12:18:00.000,Street Light Out,Closed,Mysuru,12.303651,76.671314
61598449,2025-08-29T08:02:00.000,2025-09-03T12:24:46.000,Street Light Out,Closed,Hubballi,15.377357,75.12051
61598642,2025-08-29T09:24:00.000,2025-09-02T16:28:09.000,Street Light Out,Closed,Bengaluru,12.955557,77.625798
61598704,2025-08-29T09:50:00.000,2025-10-21T12:07:17.000,Street Light Dayburning,Closed,Bengaluru,12.955269,77.635831
61598800,2025-08-29T15:43:00.000,2025-09-06T10:28:49.000,Street Light Out,Closed,Mysuru,12.298551,76.677192
61598892,2025-08-29T16:47:00.000,2025-09-11T14:50:00.000,Street Light Out,Closed,Tumakuru,13.339045,77.105125
61599148,2025-08-29T18:14:00.000,2025-09-03T11:00:00.000,Street Light Out,Closed,Tumakuru,13.369162,77.129203
61599250,2025-08-29T19:13:00.000,2025-09-01T10:02:00.000,Street Light Out,Closed,Mangaluru,12.888263,74.880819
61599334,2025-08-29T19:32:00.000,2025-09-03T14:37:00.000,Street Light Out,Closed,Belagavi,15.851726,74.480481
61599469,2025-08-29T19:53:00.000,2025-08-31T14:19:00.000,Street Light Out,Closed,Bengaluru,12.95172,77.623623
61599498,2025-08-29T20:24:00.000,2025-09-17T18:29:00.000,Street Light Out,Closed,Mangaluru,12.882744,74.857149
61599527,2025-08-29T20:46:00.000,2025-09-01T13:50:00.000,Street Light Out,Closed,Mysuru,12.313105,76.652106
61599715,2025-08-29T21:10:00.000,2025-09-01T08:57:00.000,Street Light Out,Closed,Tumakuru,13.328672,77.100611
61599848,2025-08-29T21:35:00.000,2025-09-04T14:55:01.000,Street Light Out,Closed,Mangaluru,12.90472,74.856552
61600004,2025-08-29T21:59:00.000,2025-09-06T09:11:11.000,Street Light Out,Closed,Tumakuru,13.325187,77.103786
61600057,2025-08-29T23:51:00.000,2025-09-03T15:30:00.000,Street Light Out,Closed,Shivamogga,13.931632,75.562919
61600343,2025-08-29T23:53:00.000,2025-09-14T13:39:00.000,Street Light Out,Closed,Shivamogga,13.924731,75.564892
61600603,2025-08-30T02:13:00.000,2025-09-11T18:27:00.000,Street Light Out,Closed,Mysuru,12.30265,76.655662
61600606,2025-08-30T08:05:00.000,2025-09-09T12:53:00.000,Street Light Out,Closed,Shivamogga,13.951249,75.541025
61600723,2025-08-30T09:29:00.000,2025-08-31T10:13:00.000,Street Light Out,Closed,Mangaluru,12.880583,74.858229
61600743,2025-08-30T09:40:00.000,2025-09-03T09:01:17.000,Street Light Dayburning,Closed,Bengaluru,12.971277,77.61587
61601134,2025-08-30T10:07:00.000,2025-09-12T15:45:10.000,Street Light Out,Closed,Belagavi,15.836852,74.547226
61601148,2025-08-30T12:22:00.000,2025-08-31T09:26:00.000,Street Light Out,Closed,Bengaluru,13.020862,77.625866
61601168,2025-08-30T13:50:00.000,2025-09-15T11:24:00.000,Street Light Cycling,Closed,Hubballi,15.358284,75.148661
61601170,2025-08-30T14:28:00.000,2025-09-05T14:01:00.000,Street Light Out,Closed,Mangaluru,12.876288,74.850695
61601269,2025-08-30T15:02:00.000,2025-09-25T18:53:00.000,Street Light Out,Closed,Shivamogga,13.915941,75.566211
61601472,2025-08-30T16:15:00.000,2025-09-05T18:23:00.000,Street Light Out,Closed,Shivamogga,13.95276,75.539405
61601685,2025-08-30T18:09:00.000,2025-09-13T10:47:00.000,Street Light Out,Closed,Belagavi,15.842667,74.520082
61601775,2025-08-30T18:16:00.000,2025-09-06T10:12:52.000,Street Light Out,Closed,Shivamogga,13.935882,75.558427
61602376,2025-08-30T18:40:00.000,2025-09-03T09:58:00.000,Street Light Out,Closed,Bengaluru,12.987017,77.619447
61602382,2025-08-30T19:11:00.000,2025-09-09T10:48:43.000,Street Light Out,Closed,Shivamogga,13.913178,75.559832
61602438,2025-08-30T19:16:00.000,2025-09-03T11:27:00.000,Street Light Dim,Closed,Bengaluru,12.935407,77.613419
61602601,2025-08-30T20:19:00.000,2025-09-01T17:57:00.000,Street Light Out,Closed,Bengaluru,12.945944,77.62384
61602813,2025-08-30T20:21:00.000,2025-09-01T17:18:41.000,Street Light Out,Closed,Mysuru,12.318859,76.671527
61602879,2025-08-30T21:42:00.000,2025-09-01T09:38:00.000,Street Light Out,Closed,Mysuru,12.280222,76.660185
61602976,2025-08-30T21:44:00.000,2025-09-06T11:15:00.000,Street Light Out,Closed,Tumakuru,13.380299,77.103721
61603004,2025-08-30T22:14:00.000,2025-09-16T17:30:00.000,Street Light Out,Closed,Belagavi,15.844762,74.520828
61603013,2025-08-30T22:45:00.000,2025-09-07T18:54:00.000,Street Light Out,Closed,Belagavi,15.902355,74.472996
61603102,2025-08-30T23:17:00.000,2025-09-08T10:26:00.000,Street Light Out,Closed,Bengaluru,13.004672,77.482638
61603467,2025-08-30T23:58:00.000,2025-09-06T14:22:00.000,Street Light Out,Closed,Bengaluru,12.983224,77.575929
61603490,2025-08-31T00:24:00.000,2025-10-15T09:23:00.000,Street Light Out,Closed,Bengaluru,12.976464,77.590092
61603515,2025-08-31T01:06:00.000,2025-09-03T15:39:12.000,Street Light Out,Closed,Mysuru,12.295883,76.675893
61603592,2025-08-31T01:40:00.000,2025-09-08T13:20:31.000,Street Light Out,Closed,Bengaluru,12.937698,77.621133
61603614,2025-08-31T03:02:00.000,2025-09-02T17:54:00.000,Street Light Out,Closed,Mangaluru,12.891397,74.870974
61603622,2025-08-31T04:52:00.000,2025-09-04T09:39:46.000,Street Light Out,Closed,Bengaluru,12.993085,77.55127
61603702,2025-08-31T06:18:00.000,2025-09-03T13:39:00.000,Street Light Out,Closed,Mysuru,12.323731,76.620126
61603708,2025-08-31T06:22:00.000,2025-09-10T13:03:35.000,Street Light Out,Closed,Mysuru,12.333951,76.677647
61603860,2025-08-31T06:45:00.000,2025-09-04T13:52:22.000,Street Light Out,Closed,Tumakuru,13.344338,77.093456
61603946,2025-08-31T07:26:00.000,2025-09-05T12:41:00.000,Street Light Out,Closed,Hubballi,15.313813,75.139271
61603995,2025-08-31T07:41:00.000,2025-09-08T16:14:00.000,Street Light Out,Closed,Hubballi,15.374055,75.120793
61604132,2025-08-31T07:56:00.000,2025-09-08T16:14:42.000,Street Light Out,Closed,Shivamogga,13.920269,75.538389
61604137,2025-08-31T07:57:00.000,2025-09-02T14:06:00.000,Street Light Out,Closed,Hubballi,15.35729,75.11759
61604412,2025-08-31T08:22:00.000,2025-09-06T18:11:00.000,Lamppost Damaged,Closed,Bengaluru,12.995393,77.588569
61604664,2025-08-31T09:01:00.000,2025-09-02T08:09:00.000,Street Light Out,Closed,Mysuru,12.299206,76.649211
61604706,2025-08-31T09:41:00.000,2025-09-09T12:32:00.000,Street Light Out,Closed,Shivamogga,13.947987,75.595148
61604747,2025-08-31T09:56:00.000,2025-09-03T18:29:17.000,Street Light Out,Closed,Tumakuru,13.356128,77.112597
61604801,2025-08-31T10:03:00.000,2025-09-17T11:08:00.000,Street Light Out,Closed,Shivamogga,13.916312,75.561777
61604845,2025-08-31T10:04:00.000,2025-09-08T18:06:48.000,Street Light Out,Closed,Shivamogga,13.929392,75.55246
61604944,2025-08-31T10:24:00.000,2025-09-27T16:28:00.000,Street Light Out,Closed,Mangaluru,12.881058,74.867276
61605149,2025-08-31T11:07:00.000,2025-09-08T18:36:00.000,Street Light Out,Closed,Bengaluru,12.981913,77.557309
61605251,2025-08-31T14:46:00.000,2025-09-02T08:38:22.000,Street Light Out,Closed,Mangaluru,12.890745,74.851857
61605467,2025-08-31T15:42:00.000,2025-09-06T16:18:16.000,Street Light Out,Closed,Mysuru,12.286092,76.665537
61605480,2025-08-31T18:06:00.000,2025-09-06T15:25:00.000,Street Light Out,Closed,Bengaluru,12.955885,77.578279
61605665,2025-08-31T19:51:00.000,2025-09-12T18:58:00.000,Street Light Out,Closed,Bengaluru,12.865203,77.492287
61605831,2025-08-31T20:51:00.000,2025-09-03T16:00:00.000,Street Light Out,Closed,Bengaluru,12.922718,77.568271
61605937,2025-08-31T22:56:00.000,2025-09-03T08:24:22.000,Street Light Out,Closed,Bengaluru,12.921812,77.593092
61606024,2025-08-31T23:08:00.000,2025-09-02T10:47:00.000,Street Light Out,Closed,Bengaluru,12.966745,77.605664
61606135,2025-09-01T02:27:00.000,2025-09-06T10:57:27.000,Street Light Dayburning,Closed,Hubballi,15.358196,75.140258
61606164,2025-09-01T02:46:00.000,2025-09-08T09:28:39.000,Street Light Out,Closed,Mysuru,12.319821,76.644322
61606275,2025-09-01T04:36:00.000,2025-09-06T08:35:00.000,Street Light Out,Closed,Hubballi,15.378059,75.11343
61606328,2025-09-01T06:19:00.000,2025-09-04T15:56:21.000,Street Light Out,Closed,Mysuru,12.292325,76.648931
61606372,2025-09-01T06:57:00.000,2025-09-03T13:01:11.000,Street Light Out,Closed,Bengaluru,12.987278,77.614751
61606384,2025-09-01T07:00:00.000,2025-09-05T18:17:00.000,Street Light Out,Closed,Tumakuru,13.340041,77.082314
61606398,2025-09-01T08:10:00.000,2025-09-11T17:58:25.000,Street Light Out,Closed,Belagavi,15.841074,74.497212
61606779,2025-09-01T19:05:00.000,2025-09-06T17:29:56.000,Street Light Out,Closed,Bengaluru,12.984375,77.541948
61606827,2025-09-01T19:06:00.000,2025-09-07T13:23:00.000,Street Light Out,Closed,Mangaluru,12.882188,74.843844
61606911,2025-09-01T19:08:00.000,2025-09-03T08:44:47.000,Street Light Out,Closed,Hubballi,15.378407,75.119156
61606925,2025-09-01T19:12:00.000,2025-09-04T11:10:31.000,Street Light Out,Closed,Shivamogga,13.916194,75.585489
61607309,2025-09-01T19:20:00.000,2025-09-05T12:08:00.000,Street Light Out,Closed,Mysuru,12.297403,76.626128
61607422,2025-09-01T19:53:00.000,2025-09-09T08:41:00.000,Street Light Out,Closed,Bengaluru,12.952432,77.649392
61607492,2025-09-01T20:05:00.000,2025-09-08T14:51:19.000,Lamppost Damaged,Closed,Mangaluru,12.902836,74.857649
61607656,2025-09-01T20:21:00.000,2025-09-18T16:51:00.000,Street Light Dayburning,Closed,Belagavi,15.845456,74.500244
61608157,2025-09-01T20:57:00.000,2025-09-12T11:39:00.000,Street Light Out,Closed,Shivamogga,13.926075,75.57131
61608163,2025-09-02T01:17:00.000,2025-09-10T16:40:54.000,Street Light Out,Closed,Mysuru,12.259512,76.642363
61608200,2025-09-02T06:58:00.000,2025-09-05T14:11:20.000,Street Light Out,Closed,Mangaluru,12.878904,74.856333
61608451,2025-09-02T07:11:00.000,2025-09-09T09:50:00.000,Street Light Out,Closed,Mangaluru,12.877048,74.87772
61608453,2025-09-02T08:15:00.000,2025-09-06T08:00:00.000,Street Light Out,Closed,Belagavi,15.886495,74.482766
61608527,2025-09-02T10:35:00.000,2025-09-08T12:22:48.000,Street Light Out,Closed,Hubballi,15.39765,75.117146
61608550,2025-09-02T10:52:00.000,2025-09-13T15:32:00.000,Street Light Out,Closed,Hubballi,15.348042,75.086702
61608797,2025-09-02T11:59:00.000,2025-09-06T13:17:17.000,Street Light Out,Closed,Mysuru,12.311432,76.649521
61609350,2025-09-02T12:16:00.000,2025-09-08T15:58:00.000,Street Light Out,Closed,Bengaluru,12.948897,77.547217
61609377,2025-09-02T12:39:00.000,2025-09-15T13:05:29.000,Street Light Out,Closed,Mysuru,12.328618,76.683644
61609381,2025-09-02T15:34:00.000,2025-09-12T13:51:00.000,Street Light Out,Closed,Mysuru,12.299505,76.659858
61609442,2025-09-02T17:28:00.000,2025-09-04T13:53:00.000,Street Light Out,Closed,Bengaluru,12.970414,77.638888
61609484,2025-09-02T20:02:00.000,2025-09-04T10:05:00.000,Street Light Out,Closed,Belagavi,15.84287,74.516088
61609512,2025-09-02T20:12:00.000,2025-09-05T15:28:36.000,Street Light Out,Closed,Shivamogga,13.957636,75.549589
61609564,2025-09-02T20:23:00.000,2025-11-03T10:00:42.000,Street Light Out,Closed,Tumakuru,13.343227,77.09848
61609739,2025-09-02T20:39:00.000,2025-09-12T16:08:52.000,Street Light Out,Closed,Hubballi,15.355575,75.147628
61609748,2025-09-02T21:34:00.000,2025-09-11T13:59:00.000,Street Light Out,Closed,Bengaluru,12.969613,77.597182
61609860,2025-09-02T22:02:00.000,2025-09-09T08:53:27.000,Street Light Out,Closed,Shivamogga,13.900167,75.554447
61609943,2025-09-02T22:10:00.000,2025-09-10T13:08:00.000,Street Light Out,Closed,Shivamogga,13.917128,75.574958
61609988,2025-09-03T00:40:00.000,2025-09-04T09:32:00.000,Street Light Dim,Closed,Hubballi,15.368864,75.124624
61610022,2025-09-03T01:22:00.000,2025-09-03T15:32:01.000,Street Light Out,Closed,Bengaluru,12.964332,77.642878
61610049,2025-09-03T04:28:00.000,2025-09-05T16:01:00.000,Street Light Out,Closed,Bengaluru,12.980038,77.635084
61610088,2025-09-03T06:36:00.000,2025-09-05T15:49:00.000,Street Light Out,Closed,Belagavi,15.887201,74.509799
61610128,2025-09-03T07:05:00.000,2025-09-09T08:55:00.000,Street Light Dim,Closed,Mysuru,12.30858,76.666978
61610258,2025-09-03T07:21:00.000,2025-09-05T08:30:32.000,Street Light Out,Closed,Mysuru,12.29165,76.643286
61610274,2025-09-03T08:18:00.000,2025-09-09T09:56:00.000,Street Light Out,Closed,Bengaluru,12.972677,77.604955
61610808,2025-09-03T08:35:00.000,2025-09-11T11:20:00.000,Street Light Dayburning,Closed,Bengaluru,13.051326,77.477768
61610948,2025-09-03T10:12:00.000,2025-09-07T18:05:00.000,Street Light Out,Closed,Tumakuru,13.338218,77.118544
61611001,2025-09-03T11:09:00.000,2025-09-09T17:36:06.000,Street Light Out,Closed,Bengaluru,12.964547,77.573447
61611248,2025-09-03T11:56:00.000,2025-09-09T09:37:00.000,Street Light Out,Closed,Shivamogga,13.927498,75.55632
61611272,2025-09-03T13:44:00.000,2025-09-16T17:12:00.000,Street Light Dayburning,Closed,Mangaluru,12.871628,74.859033
61611740,2025-09-03T20:03:00.000,2025-09-09T18:23:27.000,Street Light Out,Closed,Hubballi,15.348431,75.128042
61611812,2025-09-03T21:24:00.000,2025-09-19T10:11:00.000,Street Light Out,Closed,Bengaluru,12.987785,77.668414
61611849,2025-09-03T21:45:00.000,2025-09-08T11:06:00.000,Street Light Out,Closed,Bengaluru,12.949854,77.5827
61611920,2025-09-03T22:11:00.000,2025-10-08T18:46:08.000,Street Light Out,Closed,Bengaluru,12.979061,77.654402
61611966,2025-09-03T22:20:00.000,2025-09-06T16:05:00.000,Street Light Out,Closed,Mangaluru,12.875442,74.856796
61612006,2025-09-03T23:34:00.000,2025-09-06T18:05:16.000,Street Light Out,Closed,Belagavi,15.904443,74.512724
61612041,2025-09-03T23:48:00.000,2025-09-15T09:36:12.000,Street Light Out,Closed,Tumakuru,13.344072,77.08023
61612315,2025-09-04T01:16:00.000,2025-11-27T18:29:00.000,Street Light Out,Closed,Bengaluru,12.928898,77.585534
61612368,2025-09-04T04:52:00.000,2025-09-05T12:34:38.000,Street Light Out,Closed,Hubballi,15.353666,75.119736
61612457,2025-09-04T06:24:00.000,2025-09-06T14:26:33.000,Street Light Cycling,Closed,Bengaluru,12.970446,77.596154
61612572,2025-09-04T08:53:00.000,2025-09-14T12:08:00.000,Street Light Out,Closed,Bengaluru,12.978013,77.656357
61612618,2025-09-04T08:57:00.000,2025-09-09T11:29:31.000,Street Light Out,Closed,Bengaluru,12.957681,77.578792
61612701,2025-09-04T11:02:00.000,2025-09-06T12:23:15.000,Street Light Out,Closed,Bengaluru,12.979787,77.58904
61612981,2025-09-04T11:25:00.000,2025-09-07T10:49:00.000,Street Light Out,Closed,Bengaluru,12.969575,77.572979
61613001,2025-09-04T11:38:00.000,2025-09-05T15:43:32.000,Street Light Out,Closed,Tumakuru,13.33559,77.116259
61613019,2025-09-04T12:33:00.000,2025-09-07T16:56:27.000,Street Light Out,Closed,Mysuru,12.290093,76.615828
61613218,2025-09-04T12:39:00.000,2025-09-08T12:35:00.000,Street Light Out,Closed,Mysuru,12.248868,76.632635
61613337,2025-09-04T12:49:00.000,2025-09-12T16:10:01.000,Street Light Out,Closed,Hubballi,15.31501,75.120186
61613405,2025-09-04T13:13:00.000,2025-09-06T09:47:10.000,Street Light Out,Closed,Mysuru,12.310301,76.651214
61613417,2025-09-04T14:27:00.000,2025-09-10T12:49:00.000,Street Light Out,Closed,Shivamogga,13.900494,75.549738
61613552,2025-09-04T14:34:00.000,2025-09-11T18:37:00.000,Street Light Out,Closed,Hubballi,15.368875,75.124637
61613555,2025-09-04T15:38:00.000,2025-09-13T12:46:00.000,Street Light Out,Closed,Tumakuru,13.351401,77.11835
61613757,2025-09-04T17:01:00.000,2025-09-09T18:48:33.000,Street Light Out,Closed,Shivamogga,13.919628,75.564363
61613767,2025-09-04T18:22:00.000,2025-09-07T16:33:04.000,Street Light Dayburning,Closed,Mysuru,12.312923,76.682074
61614080,2025-09-04T19:38:00.000,2025-09-08T17:16:23.000,Street Light Out,Closed,Mysuru,12.302514,76.665945
61614268,2025-09-04T19:45:00.000,2025-09-21T09:18:00.000,Street Light Out,Closed,Belagavi,15.856333,74.477553
61614338,2025-09-04T19:49:00.000,2025-09-06T14:39:23.000,Street Light Dayburning,Closed,Bengaluru,12.974064,77.586526
61614377,2025-09-04T20:01:00.000,2025-09-06T15:44:00.000,Street Light Out,Closed,Bengaluru,12.957059,77.549918
61614755,2025-09-04T20:21:00.000,2025-09-09T18:44:00.000,Street Light Out,Closed,Bengaluru,12.916624,77.562352
61615044,2025-09-04T21:19:00.000,2025-09-10T18:12:09.000,Street Light Out,Closed,Hubballi,15.35532,75.12243
61615077,2025-09-04T21:24:00.000,2025-09-07T10:10:00.000,Street Light Out,Closed,Mysuru,12.319081,76.667341
61615123,2025-09-04T23:25:00.000,2025-09-16T15:54:32.000,Street Light Out,Closed,Bengaluru,12.977137,77.576493
61615157,2025-09-04T23:30:00.000,2025-09-10T13:21:00.000,Street Light Out,Closed,Mysuru,12.339287,76.679694
61615274,2025-09-05T05:33:00.000,2025-09-10T18:31:00.000,Street Light Out,Closed,Mysuru,12.290458,76.632731
61615326,2025-09-05T07:24:00.000,2025-09-26T13:14:00.000,Street Light Out,Closed,Mysuru,12.298368,76.60469
61615569,2025-09-05T09:27:00.000,2025-09-07T18:35:00.000,Street Light Out,Closed,Tumakuru,13.34512,77.088032
61615845,2025-09-05T12:40:00.000,2025-09-18T15:15:00.000,Street Light Out,Closed,Belagavi,15.856017,74.502878
61616056,2025-09-05T19:16:00.000,2025-09-08T18:38:00.000,Street Light Out,Closed,Mangaluru,12.877372,74.840905
61616355,2025-09-05T19:46:00.000,2025-09-26T13:34:13.000,Street Light Out,Closed,Mysuru,12.270386,76.629242
61616361,2025-09-05T21:23:00.000,2025-09-17T11:07:00.000,Street Light Out,Closed,Mangaluru,12.836352,74.865173
61616508,2025-09-05T22:15:00.000,2025-09-20T18:29:00.000,Street Light Out,Closed,Hubballi,15.359075,75.123185
61616721,2025-09-05T22:49:00.000,2025-09-09T18:18:00.000,Street Light Out,Closed,Hubballi,15.374848,75.117436
61616830,2025-09-05T22:52:00.000,2025-09-10T09:30:31.000,Street Light Out,Closed,Belagavi,15.862428,74.524558
61616841,2025-09-05T22:57:00.000,2025-09-07T15:50:00.000,Street Light Out,Closed,Bengaluru,13.069683,77.580974
61616926,2025-09-05T23:29:00.000,2025-09-18T11:24:38.000,Street Light Out,Closed,Tumakuru,13.33769,77.115245
61616968,2025-09-05T23:54:00.000,2025-09-13T08:54:00.000,Street Light Out,Closed,Bengaluru,13.004281,77.561516
61617037,2025-09-06T00:50:00.000,2025-09-15T11:49:00.000,Street Light Cycling,Closed,Belagavi,15.850286,74.469976
61617118,2025-09-06T03:04:00.000,2025-09-10T11:31:00.000,Street Light Dayburning,Closed,Bengaluru,12.948035,77.569319
61617144,2025-09-06T04:21:00.000,2025-09-26T14:07:00.000,Street Light Out,Closed,Mangaluru,12.889951,74.865486
61617387,2025-09-06T05:10:00.000,2025-09-10T16:01:42.000,Street Light Cycling,Closed,Mysuru,12.297584,76.633042
61617396,2025-09-06T06:32:00.000,2025-09-07T09:42:29.000,Street Light Cycling,Closed,Bengaluru,12.937561,77.61312
61617464,2025-09-06T06:37:00.000,2025-09-08T17:03:00.000,Street Light Out,Closed,Bengaluru,12.988002,77.602968
61617656,2025-09-06T08:14:00.000,2025-09-08T15:35:51.000,Street Light Out,Closed,Tumakuru,13.337541,77.099991
61617737,2025-09-06T08:41:00.000,2025-09-13T08:34:00.000,Street Light Out,Closed,Belagavi,15.851948,74.526135
61617778,2025-09-06T09:18:00.000,2025-09-14T14:40:54.000,Street Light Out,Closed,Bengaluru,12.953315,77.730593
61617978,2025-09-06T09:50:00.000,2025-09-23T15:59:00.000,Street Light Out,Closed,Belagavi,15.870482,74.517117
61617983,2025-09-06T09:50:00.000,2025-09-09T16:15:00.000,Street Light Out,Closed,Bengaluru,12.954476,77.622056
61618147,2025-09-06T16:52:00.000,2025-09-11T16:18:00.000,Street Light Out,Closed,Bengaluru,12.976032,77.571691
61618254,2025-09-06T17:56:00.000,2025-09-08T11:46:34.000,Street Light Out,Closed,Bengaluru,12.924762,77.620628
61618475,2025-09-06T17:56:00.000,2025-09-10T10:33:00.000,Street Light Out,Closed,Bengaluru,13.000417,77.586889
61618530,2025-09-06T18:12:00.000,2025-09-09T10:42:00.000,Street Light Out,Closed,Bengaluru,12.943249,77.577838
61618673,2025-09-06T18:29:00.000,2025-09-11T17:08:00.000,Lamppost Damaged,Closed,Bengaluru,12.966017,77.567634
61618704,2025-09-06T18:41:00.000,2025-09-15T09:24:15.000,Street Light Out,Closed,Tumakuru,13.319386,77.077582
61619059,2025-09-06T18:44:00.000,2025-09-08T17:02:59.000,Street Light Out,Closed,Bengaluru,12.992286,77.620435
61619286,2025-09-06T20:06:00.000,2025-09-17T15:53:00.000,Street Light Out,Closed,Shivamogga,13.94245,75.554044
61619572,2025-09-06T20:08:00.000,2025-09-14T18:10:00.000,Street Light Out,Closed,Mangaluru,12.878204,74.901339
61619857,2025-09-06T20:14:00.000,2025-09-09T16:46:00.000,Street Light Out,Closed,Tumakuru,13.336347,77.126033
61619923,2025-09-06T20:34:00.000,2025-09-09T15:45:00.000,Street Light Out,Closed,Mysuru,12.262589,76.62977
61619951,2025-09-06T22:22:00.000,2025-09-10T12:29:28.000,Street Light Out,Closed,Hubballi,15.349831,75.135381
61620139,2025-09-06T22:29:00.000,2025-09-09T13:07:52.000,Street Light Out,Closed,Tumakuru,13.342417,77.097673
61620262,2025-09-06T22:51:00.000,2025-09-11T14:09:00.000,Street Light Out,Closed,Belagavi,15.847769,74.530718
61620452,2025-09-06T23:07:00.000,2025-09-21T13:27:00.000,Street Light Out,Closed,Bengaluru,12.986286,77.654229
61620497,2025-09-06T23:08:00.000,2025-09-12T16:51:00.000,Street Light Out,Closed,Mangaluru,12.851782,74.853161
61620637,2025-09-06T23:52:00.000,2025-09-08T17:45:00.000,Street Light Out,Closed,Mysuru,12.317805,76.661
61620673,2025-09-06T23:54:00.000,2025-09-11T16:52:07.000,Street Light Out,Closed,Hubballi,15.416185,75.120204
61620950,2025-09-07T00:04:00.000,2025-09-08T09:13:11.000,Street Light Out,Closed,Bengaluru,12.961977,77.575894
61621049,2025-09-07T07:56:00.000,2025-09-21T13:52:00.000,Street Light Out,Closed,Bengaluru,13.003512,77.486653
61621311,2025-09-07T08:25:00.000,2025-09-11T10:09:56.000,Street Light Out,Closed,Mysuru,12.342428,76.672876
61621537,2025-09-07T09:07:00.000,2025-09-26T15:42:00.000,Street Light Out,Closed,Bengaluru,12.967532,77.552076
61621595,2025-09-07T09:29:00.000,2025-10-11T16:58:51.000,Street Light Out,Closed,Belagavi,15.868337,74.513985
61621952,2025-09-07T10:52:00.000,2025-09-13T11:39:46.000,Street Light Out,Closed,Belagavi,15.864521,74.502728
61622046,2025-09-07T15:07:00.000,2025-09-08T16:57:00.000,Street Light Out,Closed,Shivamogga,13.918417,75.573672
61622167,2025-09-07T16:32:00.000,2025-09-14T08:55:41.000,Street Light Out,Closed,Mangaluru,12.857786,74.851303
61622254,2025-09-07T17:12:00.000,2025-09-14T17:08:00.000,Street Light Out,Closed,Bengaluru,12.987214,77.549511
61622270,2025-09-07T19:14:00.000,2025-09-11T12:13:00.000,Street Light Out,Closed,Tumakuru,13.333803,77.123992
61622279,2025-09-07T19:15:00.000,2025-09-08T15:23:50.000,Street Light Cycling,Closed,Bengaluru,12.987834,77.575825
61622443,2025-09-07T19:18:00.000,2025-09-27T09:43:01.000,Street Light Out,Closed,Hubballi,15.35422,75.132896
61622448,2025-09-07T20:44:00.000,2025-09-09T14:18:00.000,Street Light Dayburning,Closed,Bengaluru,12.857315,77.522579
61622475,2025-09-07T20:48:00.000,2025-09-13T13:33:11.000,Street Light Out,Closed,Belagavi,15.826603,74.555673
61622487,2025-09-07T20:56:00.000,2025-09-29T18:55:00.000,Street Light Out,Closed,Shivamogga,13.925097,75.577217
61622608,2025-09-07T22:59:00.000,2025-09-09T11:55:00.000,Street Light Dayburning,Closed,Mangaluru,12.893396,74.857258
61622651,2025-09-07T23:00:00.000,2025-10-04T11:44:12.000,Street Light Out,Closed,Hubballi,15.388101,75.143543
61623257,2025-09-07T23:42:00.000,2025-09-11T17:08:28.000,Street Light Out,Closed,Bengaluru,12.988274,77.665193
61623417,2025-09-08T00:18:00.000,2025-09-08T16:48:55.000,Street Light Out,Closed,Mangaluru,12.87742,74.857921
61623484,2025-09-08T01:09:00.000,2025-09-09T15:26:58.000,Street Light Out,Closed,Mysuru,12.280247,76.660176
61623560,2025-09-08T09:11:00.000,2025-09-22T13:11:00.000,Street Light Out,Closed,Tumakuru,13.335415,77.118058
61623736,2025-09-08T11:26:00.000,2025-09-12T14:42:00.000,Street Light Out,Closed,Mangaluru,12.883834,74.842027
61623758,2025-09-08T11:35:00.000,2025-09-11T13:53:00.000,Street Light Out,Closed,Bengaluru,12.985447,77.590295
61623915,2025-09-08T16:01:00.000,2025-09-14T11:10:00.000,Street Light Dayburning,Closed,Hubballi,15.379297,75.143743
61623936,2025-09-08T17:07:00.000,2025-09-16T09:20:00.000,Street Light Out,Closed,Tumakuru,13.370172,77.129248
61624056,2025-09-08T19:52:00.000,2025-09-13T17:14:00.000,Street Light Out,Closed,Bengaluru,12.917081,77.636884
61624342,2025-09-08T19:58:00.000,2025-09-11T15:28:00.000,Street Light Out,Closed,Mysuru,12.317908,76.666133
61624366,2025-09-08T20:25:00.000,2025-09-20T15:52:00.000,Street Light Cycling,Closed,Shivamogga,13.909599,75.560642
61624390,2025-09-08T20:57:00.000,2025-09-15T16:21:00.000,Street Light Out,Closed,Mangaluru,12.917083,74.858807
61624418,2025-09-08T21:25:00.000,2025-09-12T15:59:56.000,Street Light Dim,Closed,Mangaluru,12.882453,74.858485
61624451,2025-09-08T21:33:00.000,2025-09-29T15:52:31.000,Street Light Out,Closed,Bengaluru,12.930987,77.609801
61624477,2025-09-08T21:43:00.000,2025-09-13T09:45:44.000,Street Light Out,Closed,Bengaluru,12.97629,77.551379
61624567,2025-09-08T21:43:00.000,2025-09-12T15:29:47.000,Street Light Out,Closed,Tumakuru,13.329965,77.090042
61624709,2025-09-08T21:53:00.000,2025-09-13T10:10:00.000,Street Light Out,Closed,Shivamogga,13.952885,75.537537
61624815,2025-09-08T22:34:00.000,2025-09-12T14:33:49.000,Street Light Out,Closed,Tumakuru,13.332466,77.091047
61624877,2025-09-08T23:58:00.000,2025-09-14T11:01:56.000,Street Light Out,Closed,Hubballi,15.354129,75.12126
61625097,2025-09-09T00:22:00.000,2025-09-18T17:47:00.000,Street Light Out,Closed,Hubballi,15.357997,75.143795
61625203,2025-09-09T00:31:00.000,2025-09-12T15:11:00.000,Street Light Cycling,Closed,Mysuru,12.306454,76.624225
61625464,2025-09-09T00:33:00.000,2025-09-17T18:46:23.000,Street Light Out,Closed,Mysuru,12.306793,76.65799
61625482,2025-09-09T02:59:00.000,2025-09-11T08:36:00.000,Street Light Out,Closed,Bengaluru,12.981259,77.628111
61625524,2025-09-09T06:18:00.000,2025-09-16T15:30:23.000,Street Light Out,Closed,Belagavi,15.84571,74.484754
61625551,2025-09-09T08:09:00.000,2025-09-17T11:50:00.000,Street Light Out,Closed,Tumakuru,13.337471,77.103673
61625661,2025-09-09T09:03:00.000,2025-09-14T12:33:18.000,Street Light Out,Closed,Tumakuru,13.325756,77.097037
61625688,2025-09-09T09:07:00.000,2025-09-25T16:02:00.000,Street Light Out,Closed,Mysuru,12.297781,76.662787
61626391,2025-09-09T09:38:00.000,2025-09-19T12:20:00.000,Street Light Out,Closed,Hubballi,15.3432,75.130594
61626416,2025-09-09T12:42:00.000,2025-09-10T10:32:00.000,Street Light Out,Closed,Hubballi,15.314394,75.10181
61626487,2025-09-09T17:40:00.000,2025-09-14T16:23:00.000,Street Light Dayburning,Closed,Bengaluru,12.975019,77.607026
61626903,2025-09-09T18:02:00.000,2025-11-12T18:15:00.000,Street Light Dayburning,Closed,Hubballi,15.396015,75.106442
61627013,2025-09-09T18:05:00.000,2025-09-13T10:18:28.000,Street Light Out,Closed,Shivamogga,13.941983,75.538261
61627159,2025-09-09T18:19:00.000,2025-10-31T16:30:55.000,Street Light Out,Closed,Bengaluru,12.940082,77.63162
61627275,2025-09-09T18:54:00.000,2025-10-02T08:36:00.000,Street Light Dayburning,Closed,Tumakuru,13.35594,77.085422
61627296,2025-09-09T19:36:00.000,2025-09-16T16:45:55.000,Street Light Out,Closed,Mangaluru,12.875895,74.862285
61627679,2025-09-09T19:54:00.000,2025-09-27T08:14:00.000,Street Light Out,Closed,Hubballi,15.383589,75.123747
61627851,2025-09-09T20:07:00.000,2025-09-11T08:54:45.000,Street Light Out,Closed,Bengaluru,12.95865,77.618556
61627931,2025-09-09T20:45:00.000,2025-09-16T17:29:19.000,Street Light Out,Closed,Bengaluru,12.927094,77.659664
61628137,2025-09-09T21:38:00.000,2025-09-15T18:07:39.000,Street Light Out,Closed,Bengaluru,12.978994,77.572506
61628172,2025-09-09T22:59:00.000,2025-09-13T16:01:00.000,Street Light Out,Closed,Tumakuru,13.351843,77.104709
61628285,2025-09-09T23:17:00.000,2025-09-19T15:51:00.000,Street Light Out,Closed,Bengaluru,12.936381,77.629203
61628399,2025-09-10T00:01:00.000,2025-09-13T09:38:00.000,Street Light Out,Closed,Mysuru,12.303834,76.655027
61628506,2025-09-10T01:51:00.000,2025-09-12T15:51:00.000,Street Light Out,Closed,Mangaluru,12.880735,74.862253
61628701,2025-09-10T06:46:00.000,2025-09-11T16:42:03.000,Street Light Out,Closed,Mysuru,12.311595,76.672106
61628803,2025-09-10T10:06:00.000,2025-11-04T11:06:17.000,Street Light Out,Closed,Bengaluru,13.015049,77.564298
61628837,2025-09-10T10:13:00.000,2025-09-17T08:30:00.000,Street Light Out,Closed,Tumakuru,13.337142,77.087234
61628996,2025-09-10T11:04:00.000,2025-09-12T08:34:03.000,Street Light Out,Closed,Hubballi,15.38113,75.115322
61629136,2025-09-10T12:32:00.000,2025-09-28T12:56:30.000,Street Light Out,Closed,Shivamogga,13.93019,75.559166
61629355,2025-09-10T16:25:00.000,2025-09-15T15:01:00.000,Street Light Cycling,Closed,Mangaluru,12.891931,74.859602
61629578,2025-09-10T16:57:00.000,2025-09-12T09:40:00.000,Street Light Out,Closed,Bengaluru,12.98888,77.590855
61629603,2025-09-10T18:52:00.000,2025-09-22T12:49:00.000,Street Light Out,Closed,Bengaluru,13.007153,77.486198
61629709,2025-09-10T18:53:00.000,2025-10-03T14:15:55.000,Street Light Out,Closed,Belagavi,15.873403,74.480523
61629774,2025-09-10T19:08:00.000,2025-09-15T13:12:15.000,Street Light Out,Closed,Bengaluru,12.974012,77.586524
61630037,2025-09-10T19:10:00.000,2025-09-19T11:55:01.000,Street Light Out,Closed,Mangaluru,12.89204,74.861576
61630039,2025-09-10T19:38:00.000,2025-09-21T10:18:00.000,Street Light Cycling,Closed,Mangaluru,12.855441,74.912779
61630119,2025-09-10T19:47:00.000,2025-09-14T13:34:00.000,Street Light Out,Closed,Hubballi,15.352387,75.127645
61630233,2025-09-10T19:58:00.000,2025-09-16T18:14:00.000,Street Light Out,Closed,Mysuru,12.290416,76.632747
61630425,2025-09-10T20:54:00.000,2025-09-17T15:07:01.000,Street Light Out,Closed,Tumakuru,13.341652,77.121232
61630522,2025-09-10T21:01:00.000,2025-09-14T16:34:00.000,Street Light Out,Closed,Bengaluru,12.973023,77.618493
61630543,2025-09-10T21:10:00.000,2025-09-11T17:29:58.000,Street Light Out,Closed,Mysuru,12.309542,76.673545
61630594,2025-09-10T21:50:00.000,2025-09-16T11:41:00.000,Street Light Out,Closed,Tumakuru,13.337511,77.099971
61630609,2025-09-11T00:55:00.000,2025-09-12T12:18:00.000,Street Light Out,Closed,Mangaluru,12.856152,74.883295
61630694,2025-09-11T02:21:00.000,2025-09-14T09:31:00.000,Street Light Cycling,Closed,Bengaluru,12.990342,77.583722
61630812,2025-09-11T05:54:00.000,2025-09-13T12:57:00.000,Street Light Out,Closed,Bengaluru,13.006909,77.659256
61631088,2025-09-11T07:00:00.000,2025-09-16T08:19:14.000,Street Light Dayburning,Closed,Hubballi,15.391689,75.110359
61631101,2025-09-11T07:34:00.000,2025-09-18T15:38:05.000,Street Light Out,Closed,Mysuru,12.322494,76.652483
61631119,2025-09-11T07:59:00.000,2025-09-14T12:53:00.000,Street Light Out,Closed,Bengaluru,13.007907,77.572412
61631177,2025-09-11T08:30:00.000,2025-09-21T13:24:00.000,Street Light Cycling,Closed,Bengaluru,12.927936,77.616328
61631378,2025-09-11T08:42:00.000,2025-09-12T16:08:10.000,Street Light Out,Closed,Mangaluru,12.879686,74.84919
61631437,2025-09-11T08:51:00.000,2025-09-20T08:13:00.000,Street Light Out,Closed,Mangaluru,12.887959,74.85804
61631452,2025-09-11T08:55:00.000,2025-09-15T13:27:00.000,Lamppost Damaged,Closed,Mysuru,12.314012,76.688225
61631792,2025-09-11T09:00:00.000,2025-09-17T09:29:00.000,Street Light Out,Closed,Shivamogga,13.920923,75.581121
61631843,2025-09-11T09:05:00.000,2025-09-14T11:01:00.000,Street Light Out,Closed,Mysuru,12.314241,76.644859
61631904,2025-09-11T10:07:00.000,2025-09-16T14:32:00.000,Street Light Out,Closed,Mangaluru,12.875577,74.859116
61632137,2025-09-11T10:48:00.000,2025-09-17T12:14:52.000,Lamppost Damaged,Closed,Mysuru,12.311618,76.675713
61632203,2025-09-11T10:53:00.000,2025-09-13T08:36:00.000,Street Light Out,Closed,Mysuru,12.300038,76.667743
61632483,2025-09-11T11:18:00.000,2025-11-15T16:33:00.000,Street Light Dayburning,Closed,Bengaluru,12.982621,77.56093
61632588,2025-09-11T14:48:00.000,2025-09-13T10:31:01.000,Street Light Out,Closed,Mysuru,12.300202,76.680091
61632704,2025-09-11T17:25:00.000,2025-09-20T12:17:34.000,Street Light Out,Closed,Belagavi,15.842718,74.482228
61632711,2025-09-11T17:40:00.000,2025-09-14T10:05:00.000,Lamppost Damaged,Closed,Tumakuru,13.35344,77.101732
61632907,2025-09-11T17:51:00.000,2025-09-14T09:37:55.000,Street Light Out,Closed,Bengaluru,12.982999,77.587852
61632958,2025-09-11T18:04:00.000,2025-09-25T16:28:15.000,Street Light Out,Closed,Mysuru,12.289299,76.651904
61633049,2025-09-11T18:16:00.000,2025-09-26T17:57:00.000,Street Light Out,Closed,Mysuru,12.304843,76.660111
61633132,2025-09-11T19:04:00.000,2025-09-15T18:20:20.000,Street Light Out,Closed,Belagavi,15.850066,74.499284
61633169,2025-09-11T20:06:00.000,2025-09-15T14:25:00.000,Street Light Out,Closed,Bengaluru,12.974065,77.60768
61633206,2025-09-11T20:23:00.000,2025-09-14T11:58:00.000,Street Light Out,Closed,Bengaluru,12.984613,77.54813
61633478,2025-09-11T20:37:00.000,2025-10-17T17:49:07.000,Street Light Dayburning,Closed,Hubballi,15.360753,75.119813
61633488,2025-09-11T20:52:00.000,2025-09-14T14:18:12.000,Lamppost Damaged,Closed,Belagavi,15.856754,74.511897
61633623,2025-09-11T21:51:00.000,2025-09-13T11:57:00.000,Street Light Out,Closed,Mysuru,12.30876,76.665729
61633642,2025-09-11T22:03:00.000,2025-09-14T12:49:00.000,Street Light Out,Closed,Bengaluru,12.944786,77.629948
61633845,2025-09-12T01:53:00.000,2025-09-26T13:09:00.000,Street Light Out,Closed,Mysuru,12.297532,76.659859
61633893,2025-09-12T04:54:00.000,2025-09-13T09:52:52.000,Street Light Dim,Closed,Hubballi,15.350175,75.146741
61633922,2025-09-12T08:22:00.000,2025-09-26T08:44:14.000,Street Light Cycling,Closed,Mysuru,12.273985,76.693922
61634017,2025-09-12T09:15:00.000,2025-09-22T11:40:55.000,Street Light Out,Closed,Mangaluru,12.875726,74.865161
61634071,2025-09-12T12:29:00.000,2025-09-16T11:21:00.000,Street Light Out,Closed,Hubballi,15.352233,75.112659
61634349,2025-09-12T17:04:00.000,2025-09-18T09:49:11.000,Street Light Out,Closed,Belagavi,15.842499,74.489539
61634691,2025-09-12T18:32:00.000,2025-10-02T10:50:00.000,Street Light Out,Closed,Belagavi,15.854853,74.530798
61634714,2025-09-12T19:15:00.000,2025-09-14T10:00:00.000,Street Light Out,Closed,Mysuru,12.248514,76.664028
61634918,2025-09-12T19:35:00.000,2025-09-13T12:27:00.000,Street Light Out,Closed,Belagavi,15.833073,74.491379
61635064,2025-09-12T19:42:00.000,2025-09-15T10:32:00.000,Street Light Cycling,Closed,Bengaluru,12.967526,77.64131
61635223,2025-09-12T19:59:00.000,2025-09-30T15:07:16.000,Lamppost Damaged,Closed,Bengaluru,12.952479,77.554617
61635250,2025-09-12T20:11:00.000,2025-09-15T15:59:00.000,Street Light Out,Closed,Mangaluru,12.896869,74.848821
61635257,2025-09-12T20:46:00.000,2025-09-17T17:46:26.000,Street Light Out,Closed,Hubballi,15.345932,75.135921
61635399,2025-09-12T20:52:00.000,2025-09-21T17:31:38.000,Street Light Out,Closed,Shivamogga,13.935154,75.559858
61635529,2025-09-12T21:04:00.000,2025-09-15T08:03:00.000,Street Light Out,Closed,Bengaluru,12.967995,77.632997
61635546,2025-09-12T21:36:00.000,2025-09-14T10:19:00.000,Street Light Out,Closed,Tumakuru,13.371762,77.12989
61635705,2025-09-12T22:16:00.000,2025-09-18T12:10:07.000,Street Light Out,Closed,Bengaluru,12.989926,77.610956
61635874,2025-09-12T23:09:00.000,2025-09-15T09:19:33.000,Street Light Out,Closed,Tumakuru,13.336022,77.094703
61636131,2025-09-12T23:57:00.000,2025-09-15T13:01:38.000,Street Light Out,Closed,Mysuru,12.304716,76.665421
61636163,2025-09-13T00:29:00.000,2025-09-15T16:08:00.000,Street Light Out,Closed,Mysuru,12.297211,76.665372
61636225,2025-09-13T01:50:00.000,2025-09-15T17:13:00.000,Street Light Out,Closed,Hubballi,15.373521,75.13567
61636234,2025-09-13T07:06:00.000,2025-09-15T17:17:22.000,Street Light Out,Closed,Bengaluru,12.966388,77.637436
61636268,2025-09-13T09:13:00.000,2025-10-03T18:46:58.000,Street Light Out,Closed,Mysuru,12.311425,76.649567
61636338,2025-09-13T10:46:00.000,2025-09-17T12:01:19.000,Street Light Out,Closed,Mangaluru,12.90295,74.857695
61636464,2025-09-13T11:14:00.000,2025-10-05T14:19:11.000,Street Light Out,Closed,Mysuru,12.311284,76.661325
61636681,2025-09-13T16:09:00.000,2025-09-18T17:53:00.000,Street Light Out,Closed,Mysuru,12.319978,76.658727
61636697,2025-09-13T16:28:00.000,2025-09-15T14:03:22.000,Street Light Out,Closed,Bengaluru,13.006871,77.587187
61636747,2025-09-13T18:36:00.000,2025-09-24T13:20:00.000,Street Light Out,Closed,Mangaluru,12.89439,74.840021
61637085,2025-09-13T18:56:00.000,2025-09-17T17:14:00.000,Street Light Out,Closed,Hubballi,15.365314,75.127801
61637245,2025-09-13T19:22:00.000,2025-09-19T15:42:00.000,Street Light Dayburning,Closed,Bengaluru,12.962591,77.568092
61637501,2025-09-13T19:23:00.000,2025-09-15T18:19:00.000,Street Light Out,Closed,Belagavi,15.850495,74.563284
61637525,2025-09-13T20:06:00.000,2025-09-17T14:10:00.000,Street Light Out,Closed,Bengaluru,13.026389,77.623956
61637529,2025-09-13T20:11:00.000,2025-09-16T09:59:00.000,Street Light Out,Closed,Mysuru,12.278338,76.69926
61637660,2025-09-13T20:22:00.000,2025-09-14T09:25:03.000,Street Light Out,Closed,Bengaluru,12.9549,77.625772
61637737,2025-09-13T21:13:00.000,2025-09-18T16:26:32.000,Street Light Out,Closed,Bengaluru,12.989824,77.612934
61637772,2025-09-13T21:24:00.000,2025-09-19T14:22:00.000,Street Light Out,Closed,Bengaluru,12.935403,77.61348
61637826,2025-09-13T21:50:00.000,2025-09-16T14:30:36.000,Street Light Out,Closed,Mangaluru,12.876509,74.855017
61638068,2025-09-13T22:18:00.000,2025-09-18T13:56:00.000,Street Light Out,Closed,Mangaluru,12.889987,74.864679
61638253,2025-09-13T22:33:00.000,2025-10-26T09:35:00.000,Street Light Out,Closed,Belagavi,15.85629,74.529205
61638267,2025-09-13T23:29:00.000,2025-09-20T14:46:00.000,Street Light Out,Closed,Tumakuru,13.351845,77.099334
61638352,2025-09-14T00:34:00.000,2025-09-15T08:27:00.000,Street Light Out,Closed,Bengaluru,12.945099,77.626444
61638523,2025-09-14T02:48:00.000,2025-09-15T13:29:38.000,Street Light Out,Closed,Belagavi,15.847828,74.545228
61638582,2025-09-14T03:38:00.000,2025-10-12T16:26:00.000,Street Light Out,Closed,Mangaluru,12.889143,74.891693
61638757,2025-09-14T07:45:00.000,2025-10-05T13:14:16.000,Street Light Out,Closed,Tumakuru,13.343564,77.100737
61638918,2025-09-14T10:24:00.000,2025-09-28T11:50:00.000,Lamppost Damaged,Closed,Bengaluru,12.978531,77.568212
61638954,2025-09-14T12:14:00.000,2025-09-17T15:05:00.000,Street Light Dayburning,Closed,Mangaluru,12.898699,74.862346
61639000,2025-09-14T12:43:00.000,2025-09-15T11:39:00.000,Street Light Out,Closed,Belagavi,15.856938,74.558588
61639128,2025-09-14T13:20:00.000,2025-09-27T13:10:42.000,Street Light Out,Closed,Bengaluru,13.001393,77.657122
61639151,2025-09-14T15:23:00.000,2025-09-28T14:06:00.000,Street Light Out,Closed,Belagavi,15.908006,74.482625
61639152,2025-09-14T16:23:00.000,2025-09-17T12:24:02.000,Street Light Out,Closed,Belagavi,15.874642,74.518632
61639287,2025-09-14T16:31:00.000,2025-10-01T09:26:16.000,Street Light Out,Closed,Hubballi,15.362824,75.13036
61639324,2025-09-14T17:05:00.000,2025-09-19T13:16:59.000,Street Light Out,Closed,Belagavi,15.844216,74.524906
61639471,2025-09-14T17:19:00.000,2025-09-27T09:54:54.000,Street Light Out,Closed,Tumakuru,13.331812,77.099816
61639751,2025-09-14T18:54:00.000,2025-09-19T16:54:00.000,Street Light Out,Closed,Mysuru,12.298633,76.646416
61639758,2025-09-14T19:03:00.000,2025-09-17T09:49:40.000,Street Light Out,Closed,Bengaluru,12.971519,77.549889
61639793,2025-09-14T19:44:00.000,2025-09-23T15:34:00.000,Street Light Out,Closed,Bengaluru,12.970072,77.603389
61639813,2025-09-14T20:02:00.000,2025-09-21T14:21:00.000,Street Light Out,Closed,Mysuru,12.291473,76.617976
61640047,2025-09-14T21:16:00.000,2025-09-17T16:48:00.000,Street Light Out,Closed,Mysuru,12.28543,76.694105
61640209,2025-09-14T22:30:00.000,2025-09-17T16:09:06.000,Street Light Out,Closed,Shivamogga,13.929877,75.570079
61640289,2025-09-14T23:01:00.000,2025-10-10T11:54:31.000,Street Light Out,Closed,Bengaluru,12.987519,77.645052
61640397,2025-09-14T23:03:00.000,2025-09-17T13:22:00.000,Street Light Out,Closed,Tumakuru,13.34129,77.123513
61640539,2025-09-14T23:38:00.000,2025-09-16T10:30:00.000,Street Light Out,Closed,Bengaluru,12.981741,77.49441
61640555,2025-09-15T04:59:00.000,2025-09-18T12:01:00.000,Street Light Out,Closed,Bengaluru,12.986859,77.699426
61640997,2025-09-15T08:39:00.000,2025-09-19T14:10:52.000,Street Light Out,Closed,Bengaluru,12.935465,77.600114
61641047,2025-09-15T09:02:00.000,2025-09-18T17:27:00.000,Street Light Out,Closed,Mangaluru,12.881331,74.847319
61641537,2025-09-15T09:15:00.000,2025-09-26T15:02:00.000,Street Light Out,Closed,Mysuru,12.311558,76.643471
61641543,2025-09-15T09:18:00.000,2025-09-23T14:28:23.000,Street Light Out,Closed,Hubballi,15.361048,75.133221
61641628,2025-09-15T09:39:00.000,2025-09-19T09:55:00.000,Street Light Out,Closed,Bengaluru,12.922724,77.568282
61641826,2025-09-15T09:54:00.000,2025-09-17T10:39:51.000,Street Light Out,Closed,Mysuru,12.348443,76.63263
61641829,2025-09-15T10:02:00.000,2025-09-19T11:15:40.000,Street Light Out,Closed,Tumakuru,13.372409,77.132872
61641995,2025-09-15T11:14:00.000,2025-09-24T11:06:02.000,Street Light Out,Closed,Mysuru,12.318933,76.680378
61642124,2025-09-15T12:15:00.000,2025-09-24T16:39:00.000,Street Light Out,Closed,Belagavi,15.854386,74.488249
61642454,2025-09-15T16:12:00.000,2025-09-24T14:44:00.000,Street Light Out,Closed,Bengaluru,13.006922,77.65923
61642457,2025-09-15T16:55:00.000,2025-09-17T11:27:50.000,Street Light Out,Closed,Bengaluru,12.969985,77.585951
61642468,2025-09-15T17:59:00.000,2025-09-20T15:23:00.000,Street Light Cycling,Closed,Bengaluru,12.931045,77.615795
61642546,2025-09-15T18:04:00.000,2025-09-29T17:28:00.000,Lamppost Damaged,Closed,Mangaluru,12.878558,74.85079
61642555,2025-09-15T18:34:00.000,2025-10-18T08:47:00.000,Street Light Out,Closed,Bengaluru,13.050373,77.572117
61642699,2025-09-15T18:38:00.000,2025-09-28T09:59:18.000,Street Light Out,Closed,Bengaluru,12.885341,77.522298
61642726,2025-09-15T19:11:00.000,2025-10-19T18:06:00.000,Street Light Out,Closed,Shivamogga,13.946993,75.548702
61642785,2025-09-15T19:31:00.000,2025-10-02T18:56:00.000,Street Light Out,Closed,Bengaluru,12.978274,77.581581
61643224,2025-09-15T19:47:00.000,2025-09-24T15:55:46.000,Street Light Out,Closed,Hubballi,15.37436,75.108628
61643530,2025-09-15T20:53:00.000,2025-09-16T12:26:14.000,Street Light Out,Closed,Bengaluru,12.981086,77.562574
61643661,2025-09-15T21:35:00.000,2025-09-18T12:27:00.000,Street Light Out,Closed,Hubballi,15.35182,75.156482
61643756,2025-09-15T22:24:00.000,2025-09-18T15:26:42.000,Street Light Out,Closed,Bengaluru,12.935986,77.565687
61644017,2025-09-15T22:26:00.000,2025-09-17T15:51:00.000,Street Light Out,Closed,Bengaluru,12.917127,77.637039
61644291,2025-09-16T02:37:00.000,2025-09-26T10:12:48.000,Street Light Dayburning,Closed,Belagavi,15.83403,74.468057
61644458,2025-09-16T03:03:00.000,2025-09-20T16:18:00.000,Street Light Out,Closed,Hubballi,15.355233,75.124746
61644574,2025-09-16T07:46:00.000,2025-10-05T11:55:00.000,Street Light Dayburning,Closed,Shivamogga,13.928943,75.5749
61644778,2025-09-16T09:35:00.000,2025-09-28T09:25:00.000,Street Light Out,Closed,Hubballi,15.371266,75.12316
61644907,2025-09-16T09:35:00.000,2025-09-22T09:11:00.000,Street Light Cycling,Closed,Belagavi,15.842933,74.490315
61644981,2025-09-16T10:02:00.000,2025-10-16T15:38:03.000,Street Light Out,Closed,Mysuru,12.29404,76.638697
61644991,2025-09-16T11:56:00.000,2025-10-02T12:18:00.000,Street Light Out,Closed,Tumakuru,13.3579,77.13658
61645116,2025-09-16T13:57:00.000,2025-10-01T13:26:23.000,Street Light Dayburning,Closed,Mysuru,12.302206,76.652343
61645159,2025-09-16T15:45:00.000,2025-09-21T08:56:00.000,Street Light Out,Closed,Bengaluru,12.931491,77.560419
61645346,2025-09-16T16:05:00.000,2025-09-23T12:35:00.000,Street Light Out,Closed,Tumakuru,13.338733,77.06742
61645471,2025-09-16T16:12:00.000,2025-09-19T18:49:00.000,Street Light Dayburning,Closed,Bengaluru,12.944396,77.737274
61645601,2025-09-16T17:49:00.000,2025-09-21T13:41:48.000,Street Light Out,Closed,Mysuru,12.254823,76.627173
61645839,2025-09-16T19:07:00.000,2025-10-07T15:23:00.000,Street Light Dayburning,Closed,Shivamogga,13.922603,75.563718
61645911,2025-09-16T21:40:00.000,2025-09-20T15:22:00.000,Street Light Out,Closed,Mangaluru,12.879831,74.851349
61646210,2025-09-16T21:53:00.000,2025-09-20T10:19:00.000,Street Light Out,Closed,Bengaluru,13.020548,77.565407
61646213,2025-09-16T21:54:00.000,2025-09-18T12:58:00.000,Street Light Out,Closed,Hubballi,15.357858,75.131144
61646278,2025-09-16T22:53:00.000,2025-09-17T17:00:25.000,Street Light Out,Closed,Bengaluru,12.951424,77.629202
61646718,2025-09-16T23:46:00.000,2025-09-28T16:20:00.000,Street Light Out,Closed,Shivamogga,13.920657,75.562855
61646756,2025-09-17T01:45:00.000,2025-11-13T09:35:05.000,Street Light Out,Closed,Mysuru,12.320196,76.636716
61646813,2025-09-17T01:57:00.000,2025-09-23T16:40:00.000,Street Light Out,Closed,Mysuru,12.310744,76.671332
61646837,2025-09-17T02:02:00.000,2025-09-19T10:33:32.000,Street Light Out,Closed,Mysuru,12.294016,76.662263
61646935,2025-09-17T02:28:00.000,2025-09-19T12:43:19.000,Street Light Out,Closed,Shivamogga,13.918929,75.579926
61646986,2025-09-17T03:30:00.000,2025-09-21T15:55:00.000,Street Light Out,Closed,Bengaluru,12.935197,77.574253
61647149,2025-09-17T06:50:00.000,2025-09-22T14:01:00.000,Street Light Out,Closed,Hubballi,15.374317,75.136973
61647714,2025-09-17T07:22:00.000,2025-09-18T09:25:00.000,Street Light Out,Closed,Bengaluru,12.97977,77.554813
61647898,2025-09-17T08:13:00.000,2025-09-20T12:32:57.000,Street Light Out,Closed,Bengaluru,12.980905,77.603279
61648089,2025-09-17T08:18:00.000,2025-09-22T16:09:48.000,Street Light Out,Closed,Bengaluru,12.940643,77.623817
61648250,2025-09-17T08:45:00.000,2025-09-22T08:12:00.000,Street Light Out,Closed,Shivamogga,13.95661,75.538673
61648256,2025-09-17T09:47:00.000,2025-10-03T12:05:00.000,Street Light Out,Closed,Shivamogga,13.920976,75.581126
61648313,2025-09-17T09:58:00.000,2025-10-04T14:04:00.000,Street Light Out,Closed,Bengaluru,12.951864,77.658921
61648549,2025-09-17T10:28:00.000,2025-11-05T18:08:00.000,Street Light Out,Closed,Mysuru,12.290454,76.639095
61648786,2025-09-17T10:42:00.000,2025-10-06T10:59:00.000,Street Light Out,Closed,Bengaluru,12.958237,77.558196
61648813,2025-09-17T11:39:00.000,2025-09-21T11:50:00.000,Street Light Out,Closed,Mangaluru,12.87307,74.867072
61648823,2025-09-17T15:52:00.000,2025-09-21T13:33:35.000,Street Light Out,Closed,Shivamogga,13.916834,75.523507
61648824,2025-09-17T17:18:00.000,2025-09-25T10:59:00.000,Street Light Out,Closed,Hubballi,15.352774,75.13982
61649034,2025-09-17T18:45:00.000,2025-10-18T11:48:00.000,Street Light Out,Closed,Bengaluru,12.943852,77.575034
61649055,2025-09-17T18:52:00.000,2025-09-21T14:08:46.000,Street Light Out,Closed,Mangaluru,12.891025,74.859259
61649059,2025-09-17T19:00:00.000,2025-09-21T10:45:05.000,Street Light Out,Closed,Hubballi,15.354182,75.116868
61649235,2025-09-17T20:23:00.000,2025-10-02T09:20:00.000,Street Light Out,Closed,Tumakuru,13.33458,77.088197
61649243,2025-09-17T21:14:00.000,2025-09-19T12:20:33.000,Street Light Out,Closed,Mangaluru,12.878409,74.89145
61649819,2025-09-17T21:22:00.000,2025-09-28T08:34:20.000,Street Light Out,Closed,Tumakuru,13.355948,77.089713
61650590,2025-09-17T21:26:00.000,2025-09-22T17:07:00.000,Street Light Out,Closed,Bengaluru,12.964853,77.594042
61650704,2025-09-17T21:52:00.000,2025-10-25T11:48:47.000,Street Light Out,Closed,Hubballi,15.370555,75.120902
61651014,2025-09-17T22:11:00.000,2025-10-02T08:47:00.000,Street Light Out,Closed,Bengaluru,12.984343,77.466476
61651050,2025-09-17T22:14:00.000,2025-09-20T12:30:00.000,Street Light Cycling,Closed,Mangaluru,12.863938,74.868804
61651116,2025-09-17T23:22:00.000,2025-09-20T18:38:42.000,Street Light Out,Closed,Hubballi,15.345928,75.135947
61651260,2025-09-17T23:32:00.000,2025-09-26T16:55:00.000,Street Light Out,Closed,Bengaluru,12.940143,77.622434
61651261,2025-09-17T23:50:00.000,2025-09-28T11:05:00.000,Street Light Out,Closed,Mysuru,12.295315,76.619984
61651515,2025-09-18T04:20:00.000,2025-09-26T15:19:00.000,Street Light Out,Closed,Hubballi,15.369329,75.130034
61651854,2025-09-18T05:16:00.000,2025-09-20T18:47:00.000,Street Light Out,Closed,Mysuru,12.309202,76.656585
61651955,2025-09-18T06:17:00.000,2025-09-19T08:38:58.000,Street Light Out,Closed,Mysuru,12.322756,76.666218
61651997,2025-09-18T06:38:00.000,2025-09-19T16:35:00.000,Street Light Dayburning,Closed,Shivamogga,13.927517,75.554064
61652472,2025-09-18T06:48:00.000,2025-09-22T14:39:05.000,Street Light Out,Closed,Bengaluru,12.930801,77.446518
61652637,2025-09-18T07:03:00.000,2025-09-24T10:22:30.000,Street Light Out,Closed,Hubballi,15.352662,75.124194
61652705,2025-09-18T10:05:00.000,2025-09-20T08:06:00.000,Street Light Out,Closed,Tumakuru,13.364399,77.088348
61652772,2025-09-18T10:56:00.000,2025-09-21T12:34:00.000,Street Light Out,Closed,Belagavi,15.857816,74.527973
61652830,2025-09-18T14:43:00.000,2025-09-25T13:06:58.000,Street Light Out,Closed,Bengaluru,12.972914,77.594558
61652943,2025-09-18T16:12:00.000,2025-11-12T11:59:00.000,Street Light Out,Closed,Bengaluru,12.905141,77.512349
61652961,2025-09-18T16:55:00.000,2025-09-24T09:55:00.000,Street Light Out,Closed,Hubballi,15.365522,75.119513
61653062,2025-09-18T17:43:00.000,2025-09-22T12:14:27.000,Street Light Out,Closed,Bengaluru,12.951647,77.650553
61653202,2025-09-18T18:49:00.000,2025-09-30T16:03:29.000,Street Light Out,Closed,Hubballi,15.322714,75.177396
61653299,2025-09-18T19:04:00.000,2025-09-23T10:45:01.000,Street Light Cycling,Closed,Mangaluru,12.829258,74.901685
61653421,2025-09-18T20:28:00.000,2025-09-30T10:17:00.000,Street Light Out,Closed,Shivamogga,13.932946,75.567152
61653583,2025-09-18T20:52:00.000,2025-09-20T18:32:16.000,Street Light Cycling,Closed,Bengaluru,13.002315,77.574326
61653948,2025-09-18T21:03:00.000,2025-09-20T15:46:50.000,Street Light Out,Closed,Mangaluru,12.888192,74.880913
61654620,2025-09-18T21:04:00.000,2025-09-19T11:27:23.000,Street Light Out,Closed,Bengaluru,12.921844,77.604007
61654675,2025-09-18T22:26:00.000,2025-09-26T09:49:00.000,Street Light Out,Closed,Tumakuru,13.356564,77.08153
61654764,2025-09-19T00:25:00.000,2025-09-22T12:09:00.000,Street Light Out,Closed,Bengaluru,12.926297,77.583587
61655179,2025-09-19T05:11:00.000,2025-09-22T16:36:34.000,Street Light Out,Closed,Belagavi,15.854475,74.462988
61655335,2025-09-19T06:14:00.000,2025-09-27T17:40:54.000,Street Light Out,Closed,Mangaluru,12.893356,74.861372
61655386,2025-09-19T09:01:00.000,2025-11-12T16:51:00.000,Street Light Out,Closed,Hubballi,15.344458,75.146467
61655398,2025-09-19T10:58:00.000,2025-09-25T08:45:00.000,Street Light Out,Closed,Belagavi,15.886506,74.482805
61655451,2025-09-19T11:09:00.000,2025-09-22T13:07:08.000,Street Light Dim,Closed,Hubballi,15.352946,75.128238
61655493,2025-09-19T11:14:00.000,2025-09-22T10:57:00.000,Street Light Out,Closed,Mangaluru,12.873808,74.868487
61655844,2025-09-19T11:22:00.000,2025-09-22T16:14:20.000,Street Light Out,Closed,Hubballi,15.361035,75.130928
61655972,2025-09-19T13:38:00.000,2025-09-23T11:11:00.000,Lamppost Damaged,Closed,Bengaluru,12.94633,77.578697
61655985,2025-09-19T15:07:00.000,2025-09-24T12:32:00.000,Street Light Out,Closed,Bengaluru,12.944772,77.630037
61655987,2025-09-19T15:16:00.000,2025-09-27T18:58:52.000,Street Light Out,Closed,Bengaluru,12.939406,77.589161
61656022,2025-09-19T17:06:00.000,2025-10-01T10:35:00.000,Street Light Out,Closed,Hubballi,15.314532,75.101915
61656127,2025-09-19T17:58:00.000,2025-09-23T16:57:00.000,Street Light Out,Closed,Mysuru,12.286612,76.661312
61656295,2025-09-19T18:01:00.000,2025-11-05T11:47:00.000,Street Light Out,Closed,Belagavi,15.8131,74.554153
61656320,2025-09-19T19:19:00.000,2025-09-30T10:38:52.000,Street Light Out,Closed,Shivamogga,13.934809,75.572539
61656600,2025-09-19T19:56:00.000,2025-10-05T14:49:00.000,Street Light Out,Closed,Belagavi,15.839052,74.46426
61656765,2025-09-19T20:00:00.000,2025-11-04T17:52:48.000,Street Light Out,Closed,Tumakuru,13.367622,77.128386
61656901,2025-09-19T20:39:00.000,2025-10-12T08:54:31.000,Street Light Cycling,Closed,Mangaluru,12.883541,74.856057
61656992,2025-09-19T21:21:00.000,2025-10-05T12:43:51.000,Street Light Out,Closed,Tumakuru,13.34057,77.088496
61657344,2025-09-20T01:48:00.000,2025-12-02T14:33:47.000,Street Light Out,Closed,Tumakuru,13.378051,77.062122
61657415,2025-09-20T04:39:00.000,2025-09-22T16:53:00.000,Lamppost Damaged,Closed,Bengaluru,12.970969,77.567597
61657677,2025-09-20T04:40:00.000,2025-09-22T10:56:00.000,Street Light Out,Closed,Bengaluru,13.029743,77.625125
61657701,2025-09-20T07:24:00.000,2025-10-15T16:27:45.000,Street Light Out,Closed,Hubballi,15.376995,75.131104
61657706,2025-09-20T08:01:00.000,2025-09-24T17:08:38.000,Street Light Out,Closed,Belagavi,15.850843,74.538078
61657909,2025-09-20T09:08:00.000,2025-10-02T08:40:00.000,Street Light Out,Closed,Bengaluru,12.985035,77.593513
61657923,2025-09-20T09:35:00.000,2025-09-28T11:38:19.000,Street Light Out,Closed,Tumakuru,13.340502,77.106796
61657998,2025-09-20T09:36:00.000,2025-09-21T16:44:38.000,Street Light Out,Closed,Mysuru,12.339476,76.664948
61658032,2025-09-20T10:25:00.000,2025-09-23T16:01:18.000,Street Light Out,Closed,Tumakuru,13.31188,77.062842
61658068,2025-09-20T10:48:00.000,2025-09-21T12:44:31.000,Street Light Out,Closed,Bengaluru,12.917119,77.636953
61658272,2025-09-20T10:55:00.000,2025-09-22T08:02:00.000,Street Light Out,Closed,Mysuru,12.319075,76.667338
61658613,2025-09-20T11:24:00.000,2025-09-29T09:53:44.000,Street Light Out,Closed,Tumakuru,13.346051,77.116705
61658623,2025-09-20T12:25:00.000,2025-09-22T13:53:00.000,Street Light Dayburning,Closed,Mangaluru,12.878946,74.856333
61658637,2025-09-20T14:22:00.000,2025-09-29T11:47:00.000,Street Light Out,Closed,Tumakuru,13.351898,77.104675
61658695,2025-09-20T15:26:00.000,2025-09-26T08:40:22.000,Street Light Dayburning,Closed,Hubballi,15.373989,75.144387
61658721,2025-09-20T16:05:00.000,2025-10-07T13:31:08.000,Street Light Out,Closed,Hubballi,15.364183,75.135534
61658858,2025-09-20T17:33:00.000,2025-09-24T16:06:23.000,Street Light Out,Closed,Belagavi,15.850952,74.493657
61658964,2025-09-20T18:47:00.000,2025-09-22T14:45:18.000,Street Light Out,Closed,Bengaluru,12.977332,77.613651
61659047,2025-09-20T19:16:00.000,2025-09-25T18:37:00.000,Street Light Out,Closed,Hubballi,15.346722,75.136451
61659167,2025-09-20T19:54:00.000,2025-09-25T10:23:08.000,Street Light Out,Closed,Shivamogga,13.925893,75.572339
61659324,2025-09-20T19:56:00.000,2025-09-22T16:09:15.000,Street Light Out,Closed,Mangaluru,12.878031,74.856752
61659446,2025-09-20T20:43:00.000,2025-09-23T16:01:00.000,Street Light Out,Closed,Bengaluru,12.976798,77.623661
61659680,2025-09-20T20:48:00.000,2025-09-24T17:52:26.000,Street Light Out,Closed,Tumakuru,13.338864,77.113152
61659755,2025-09-20T21:06:00.000,2025-10-04T11:08:00.000,Street Light Out,Closed,Mysuru,12.29792,76.609886
61659783,2025-09-20T21:09:00.000,2025-10-04T17:34:09.000,Street Light Out,Closed,Mangaluru,12.875523,74.859158
61659992,2025-09-20T21:40:00.000,2025-11-12T14:34:00.000,Street Light Out,Closed,Mangaluru,12.875447,74.852614
61660210,2025-09-20T22:19:00.000,2025-10-01T13:45:08.000,Street Light Out,Closed,Hubballi,15.372822,75.143416
61660254,2025-09-20T22:27:00.000,2025-09-28T08:10:37.000,Street Light Out,Closed,Tumakuru,13.340016,77.082319
61660323,2025-09-20T22:39:00.000,2025-09-27T14:29:00.000,Street Light Out,Closed,Mangaluru,12.915857,74.857244
61661093,2025-09-20T23:09:00.000,2025-09-22T11:25:48.000,Street Light Out,Closed,Mangaluru,12.893529,74.857373
61661165,2025-09-20T23:44:00.000,2025-09-23T08:59:33.000,Street Light Out,Closed,Mysuru,12.291005,76.637585
61661429,2025-09-21T01:06:00.000,2025-11-25T08:02:02.000,Street Light Out,Closed,Mysuru,12.297572,76.640961
61661558,2025-09-21T03:48:00.000,2025-09-25T08:52:00.000,Street Light Dim,Closed,Mangaluru,12.889998,74.864679
61661572,2025-09-21T04:58:00.000,2025-09-23T13:24:02.000,Street Light Out,Closed,Bengaluru,13.034626,77.452564
61661922,2025-09-21T07:42:00.000,2025-09-29T11:16:36.000,Street Light Out,Closed,Shivamogga,13.933072,75.553352
61661961,2025-09-21T08:20:00.000,2025-09-25T13:03:00.000,Street Light Out,Closed,Tumakuru,13.333139,77.137129
61661995,2025-09-21T08:31:00.000,2025-09-22T08:49:00.000,Street Light Cycling,Closed,Belagavi,15.847351,74.523044
61662035,2025-09-21T09:20:00.000,2025-12-06T11:28:00.000,Street Light Cycling,Closed,Shivamogga,13.952712,75.547319
61662073,2025-09-21T09:46:00.000,2025-09-24T08:30:27.000,Street Light Cycling,Closed,Bengaluru,12.952435,77.649533
61662350,2025-09-21T10:23:00.000,2025-09-23T11:23:57.000,Street Light Dayburning,Closed,Bengaluru,12.972055,77.597226
61662538,2025-09-21T10:26:00.000,2025-09-25T14:15:00.000,Street Light Out,Closed,Mysuru,12.294417,76.614131
61662576,2025-09-21T10:41:00.000,2025-09-26T17:12:00.000,Street Light Out,Closed,Bengaluru,12.964788,77.565228
61662842,2025-09-21T13:09:00.000,2025-09-24T15:49:00.000,Street Light Out,Closed,Bengaluru,12.945941,77.629233
61662904,2025-09-21T15:19:00.000,2025-09-30T15:56:13.000,Street Light Out,Closed,Bengaluru,13.008481,77.663944
61662920,2025-09-21T18:28:00.000,2025-09-25T11:25:21.000,Street Light Cycling,Closed,Mysuru,12.318749,76.630319
61663033,2025-09-21T19:26:00.000,2025-09-24T17:36:20.000,Street Light Out,Closed,Mysuru,12.348352,76.674622
61663126,2025-09-21T20:02:00.000,2025-09-25T13:22:52.000,Street Light Out,Closed,Tumakuru,13.376241,77.126849
61663337,2025-09-21T20:10:00.000,2025-09-24T08:22:00.000,Street Light Out,Closed,Bengaluru,12.927745,77.543601
61663527,2025-09-21T20:23:00.000,2025-09-28T13:59:57.000,Street Light Out,Closed,Mysuru,12.306416,76.676027
61663676,2025-09-21T21:09:00.000,2025-09-24T14:50:34.000,Street Light Out,Closed,Bengaluru,13.040808,77.599538
61663693,2025-09-21T21:35:00.000,2025-09-25T12:19:41.000,Street Light Out,Closed,Bengaluru,12.997557,77.488251
61664079,2025-09-21T21:53:00.000,2025-10-01T15:47:00.000,Street Light Out,Closed,Shivamogga,13.916498,75.516296
61664149,2025-09-21T21:58:00.000,2025-09-22T14:39:20.000,Street Light Out,Closed,Tumakuru,13.36881,77.132936
61664203,2025-09-21T22:28:00.000,2025-09-24T16:15:00.000,Street Light Dayburning,Closed,Hubballi,15.357823,75.134445
61664325,2025-09-21T22:28:00.000,2025-09-24T11:31:00.000,Street Light Out,Closed,Mysuru,12.309209,76.676548
61664326,2025-09-21T22:32:00.000,2025-12-01T16:36:00.000,Street Light Out,Closed,Bengaluru,13.012756,77.502458
61664390,2025-09-21T23:11:00.000,2025-09-24T15:45:39.000,Street Light Out,Closed,Bengaluru,13.030689,77.608528
61664399,2025-09-22T00:07:00.000,2025-09-29T11:05:00.000,Street Light Out,Closed,Hubballi,15.360198,75.145943
61664412,2025-09-22T00:29:00.000,2025-10-15T18:43:00.000,Street Light Out,Closed,Mysuru,12.28443,76.620015
61664509,2025-09-22T02:35:00.000,2025-09-27T10:01:00.000,Street Light Out,Closed,Bengaluru,12.990792,77.598063
61664526,2025-09-22T07:30:00.000,2025-09-25T14:18:00.000,Street Light Out,Closed,Mangaluru,12.880441,74.859831
61664612,2025-09-22T08:29:00.000,2025-09-26T18:23:57.000,Street Light Out,Closed,Mangaluru,12.882757,74.846092
61664647,2025-09-22T08:48:00.000,2025-09-29T15:22:00.000,Street Light Out,Closed,Belagavi,15.850565,74.563302
61664794,2025-09-22T09:05:00.000,2025-09-26T17:16:00.000,Street Light Out,Closed,Bengaluru,12.973394,77.639926
61664968,2025-09-22T09:10:00.000,2025-09-24T10:18:00.000,Street Light Out,Closed,Bengaluru,12.947179,77.611193
61665038,2025-09-22T11:14:00.000,2025-09-24T14:57:12.000,Street Light Out,Closed,Hubballi,15.35643,75.147102
61665199,2025-09-22T12:12:00.000,2025-09-26T12:24:36.000,Street Light Out,Closed,Mysuru,12.295802,76.650632
61665280,2025-09-22T12:22:00.000,2025-09-28T18:55:00.000,Street Light Out,Closed,Bengaluru,12.932894,77.583845
61665504,2025-09-22T13:01:00.000,2025-09-26T11:04:00.000,Street Light Out,Closed,Mangaluru,12.883351,74.861614
61665532,2025-09-22T13:29:00.000,2025-09-26T08:39:00.000,Street Light Dayburning,Closed,Shivamogga,13.932033,75.555754
61665633,2025-09-22T15:55:00.000,2025-10-07T15:58:21.000,Street Light Out,Closed,Mangaluru,12.873919,74.862067
61665660,2025-09-22T16:22:00.000,2025-09-27T09:07:05.000,Street Light Out,Closed,Bengaluru,12.951673,77.622018
61665752,2025-09-22T19:25:00.000,2025-10-02T11:40:07.000,Street Light Out,Closed,Bengaluru,12.965183,77.596689
61665823,2025-09-22T19:33:00.000,2025-09-24T11:54:00.000,Street Light Dayburning,Closed,Tumakuru,13.340841,77.091156
61665862,2025-09-22T19:34:00.000,2025-09-27T13:11:00.000,Street Light Out,Closed,Belagavi,15.846216,74.515459
61666036,2025-09-22T21:30:00.000,2025-09-29T12:10:29.000,Street Light Out,Closed,Bengaluru,13.005052,77.619166
61666065,2025-09-22T21:32:00.000,2025-09-29T15:53:14.000,Street Light Cycling,Closed,Bengaluru,12.955854,77.65255
61666218,2025-09-22T22:09:00.000,2025-10-06T09:15:00.000,Street Light Out,Closed,Bengaluru,12.967609,77.582166
61666346,2025-09-22T22:16:00.000,2025-09-25T15:23:00.000,Street Light Out,Closed,Mysuru,12.291475,76.625643
61666437,2025-09-22T22:18:00.000,2025-10-22T18:33:14.000,Street Light Out,Closed,Mangaluru,12.878046,74.856749
61666546,2025-09-22T22:25:00.000,2025-09-27T09:56:00.000,Street Light Out,Closed,Mangaluru,12.916368,74.845112
61666702,2025-09-22T22:30:00.000,2025-09-28T09:37:56.000,Street Light Out,Closed,Shivamogga,13.934567,75.570789
61666756,2025-09-23T00:55:00.000,2025-09-25T11:06:00.000,Street Light Out,Closed,Mysuru,12.290109,76.615799
61666862,2025-09-23T02:51:00.000,2025-09-28T18:43:00.000,Street Light Out,Closed,Bengaluru,12.949328,77.579633
61666921,2025-09-23T06:29:00.000,2025-09-30T14:24:42.000,Street Light Out,Closed,Belagavi,15.844785,74.48973
61666982,2025-09-23T08:44:00.000,2025-10-04T11:30:00.000,Street Light Out,Closed,Bengaluru,12.952063,77.736269
61667037,2025-09-23T09:17:00.000,2025-09-29T18:43:28.000,Street Light Out,Closed,Mysuru,12.26249,76.692303
61667126,2025-09-23T09:30:00.000,2025-10-02T13:53:00.000,Street Light Out,Closed,Mangaluru,12.849276,74.871163
61667179,2025-09-23T10:16:00.000,2025-10-06T15:55:00.000,Street Light Out,Closed,Shivamogga,13.923274,75.567526
61667308,2025-09-23T10:40:00.000,2025-09-26T08:59:40.000,Street Light Out,Closed,Tumakuru,13.335602,77.116244
61667382,2025-09-23T10:50:00.000,2025-09-26T14:51:00.000,Street Light Out,Closed,Belagavi,15.878874,74.517321
61667480,2025-09-23T11:36:00.000,2025-09-28T15:08:00.000,Street Light Out,Closed,Belagavi,15.874832,74.54429
61667567,2025-09-23T12:27:00.000,2025-09-25T10:25:00.000,Street Light Out,Closed,Shivamogga,13.952943,75.540696
61667623,2025-09-23T12:35:00.000,2025-09-26T18:29:33.000,Street Light Out,Closed,Tumakuru,13.342233,77.102528
61667631,2025-09-23T12:51:00.000,2025-09-28T17:29:08.000,Street Light Cycling,Closed,Tumakuru,13.34088,77.111335
61667722,2025-09-23T20:00:00.000,2025-09-28T15:39:44.000,Street Light Out,Closed,Bengaluru,12.903431,77.51165
61667834,2025-09-23T20:23:00.000,2025-10-10T11:28:07.000,Street Light Out,Closed,Bengaluru,12.978679,77.580536
61667902,2025-09-23T20:29:00.000,2025-09-24T15:02:45.000,Street Light Out,Closed,Hubballi,15.357228,75.116793
61668209,2025-09-23T20:56:00.000,2025-09-25T09:25:39.000,Street Light Out,Closed,Bengaluru,12.929247,77.612205
61668412,2025-09-23T21:37:00.000,2025-09-24T10:12:01.000,Street Light Dayburning,Closed,Mangaluru,12.869598,74.865843
61668636,2025-09-23T21:49:00.000,2025-10-01T15:17:00.000,Street Light Out,Closed,Bengaluru,12.987697,77.581846
61668639,2025-09-23T21:53:00.000,2025-10-01T18:25:00.000,Street Light Out,Closed,Tumakuru,13.345175,77.087956
61668709,2025-09-23T21:56:00.000,2025-10-09T13:26:32.000,Street Light Out,Closed,Bengaluru,12.967521,77.641301
61669016,2025-09-23T23:21:00.000,2025-11-22T10:29:35.000,Street Light Out,Closed,Bengaluru,12.914558,77.555632
61669035,2025-09-23T23:42:00.000,2025-09-25T12:42:00.000,Street Light Out,Closed,Bengaluru,12.956352,77.623221
61669266,2025-09-24T02:01:00.000,2025-09-26T11:48:00.000,Street Light Out,Closed,Belagavi,15.838951,74.493395
61669276,2025-09-24T02:26:00.000,2025-09-30T10:02:00.000,Street Light Out,Closed,Hubballi,15.375698,75.116963
61669332,2025-09-24T04:54:00.000,2025-09-30T09:29:00.000,Street Light Dim,Closed,Mysuru,12.300065,76.667631
61669501,2025-09-24T07:57:00.000,2025-09-30T18:06:00.000,Street Light Out,Closed,Hubballi,15.388021,75.142037
61669851,2025-09-24T09:54:00.000,2025-11-11T11:53:00.000,Street Light Out,Closed,Bengaluru,13.001971,77.570608
61670032,2025-09-24T09:54:00.000,2025-10-01T11:13:27.000,Street Light Out,Closed,Tumakuru,13.321498,77.082921
61670065,2025-09-24T10:43:00.000,2025-09-27T11:35:00.000,Street Light Out,Closed,Mysuru,12.35394,76.710152
61670540,2025-09-24T11:18:00.000,2025-09-28T18:03:00.000,Street Light Out,Closed,Mysuru,12.328889,76.654689
61670625,2025-09-24T11:44:00.000,2025-10-04T16:09:41.000,Street Light Out,Closed,Mysuru,12.314012,76.688213
61670693,2025-09-24T13:09:00.000,2025-09-26T08:48:00.000,Street Light Out,Closed,Bengaluru,12.94863,77.629583
61671166,2025-09-24T14:41:00.000,2025-09-30T13:31:00.000,Street Light Out,Closed,Hubballi,15.352672,75.124253
61671304,2025-09-24T15:13:00.000,2025-09-30T14:52:00.000,Street Light Out,Closed,Shivamogga,13.887167,75.570089
61671607,2025-09-24T15:17:00.000,2025-10-07T11:10:00.000,Street Light Out,Closed,Bengaluru,12.934369,77.595129
61672629,2025-09-24T16:55:00.000,2025-09-29T15:33:57.000,Street Light Cycling,Closed,Mangaluru,12.875452,74.858805
61673298,2025-09-24T17:48:00.000,2025-09-26T18:54:00.000,Street Light Out,Closed,Belagavi,15.820779,74.552904
61673441,2025-09-24T18:08:00.000,2025-10-05T09:47:00.000,Street Light Out,Closed,Mysuru,12.290065,76.664111
61673545,2025-09-24T19:32:00.000,2025-10-01T17:59:00.000,Street Light Out,Closed,Mangaluru,12.906267,74.891306
61673723,2025-09-24T20:50:00.000,2025-09-27T17:59:00.000,Street Light Out,Closed,Bengaluru,12.969985,77.585907
61673765,2025-09-24T20:53:00.000,2025-09-29T17:51:00.000,Street Light Out,Closed,Tumakuru,13.37494,77.132819
61674057,2025-09-24T21:01:00.000,2025-09-26T08:57:00.000,Street Light Out,Closed,Tumakuru,13.347399,77.084845
61674149,2025-09-24T21:47:00.000,2025-10-01T16:51:16.000,Street Light Out,Closed,Belagavi,15.838289,74.488816
61674213,2025-09-24T22:42:00.000,2025-09-29T16:02:08.000,Street Light Dim,Closed,Bengaluru,12.939749,77.563166
61674628,2025-09-24T22:47:00.000,2025-09-26T13:56:00.000,Street Light Dayburning,Closed,Hubballi,15.347893,75.121077
61674724,2025-09-25T00:52:00.000,2025-09-27T10:51:00.000,Street Light Out,Closed,Mangaluru,12.888277,74.880865
61674810,2025-09-25T02:56:00.000,2025-10-01T15:57:00.000,Street Light Out,Closed,Hubballi,15.352237,75.112653
61674858,2025-09-25T08:36:00.000,2025-09-29T11:00:00.000,Street Light Out,Closed,Tumakuru,13.33902,77.105178
61674906,2025-09-25T10:30:00.000,2025-09-28T15:09:00.000,Street Light Out,Closed,Mysuru,12.281441,76.661383
61674935,2025-09-25T11:28:00.000,2025-09-28T12:45:00.000,Street Light Out,Closed,Bengaluru,12.97465,77.615017
61675054,2025-09-25T12:38:00.000,2025-09-27T14:09:25.000,Street Light Cycling,Closed,Mangaluru,12.859023,74.897167
61675200,2025-09-25T14:58:00.000,2025-09-29T12:36:00.000,Street Light Cycling,Closed,Tumakuru,13.347547,77.118669
61675280,2025-09-25T16:08:00.000,2025-10-06T15:31:31.000,Street Light Out,Closed,Bengaluru,12.925343,77.50357
61675346,2025-09-25T18:10:00.000,2025-10-03T14:11:00.000,Lamppost Damaged,Closed,Mysuru,12.307964,76.651722
61675393,2025-09-25T18:22:00.000,2025-10-04T11:19:00.000,Street Light Out,Closed,Hubballi,15.328673,75.136778
61675544,2025-09-25T19:03:00.000,2025-09-30T11:27:00.000,Street Light Out,Closed,Tumakuru,13.343875,77.095165
61675568,2025-09-25T19:07:00.000,2025-09-27T13:22:41.000,Street Light Out,Closed,Belagavi,15.845775,74.490007
61675654,2025-09-25T19:30:00.000,2025-10-04T14:15:00.000,Street Light Out,Closed,Mangaluru,12.877951,74.856663
61675710,2025-09-25T21:11:00.000,2025-09-29T18:46:10.000,Street Light Out,Closed,Mangaluru,12.88014,74.864118
61675752,2025-09-25T21:14:00.000,2025-10-01T10:39:19.000,Street Light Out,Closed,Mangaluru,12.887803,74.84816
61675800,2025-09-25T21:19:00.000,2025-10-06T18:05:07.000,Street Light Out,Closed,Bengaluru,12.855691,77.680724
61675882,2025-09-25T21:22:00.000,2025-11-03T13:37:31.000,Street Light Out,Closed,Bengaluru,13.016911,77.582375
61675963,2025-09-25T22:09:00.000,2025-09-27T08:15:11.000,Street Light Out,Closed,Bengaluru,12.92682,77.603301
61676279,2025-09-26T00:32:00.000,2025-10-03T17:28:50.000,Street Light Out,Closed,Hubballi,15.359058,75.145948
61676336,2025-09-26T07:25:00.000,2025-09-30T08:36:54.000,Street Light Out,Closed,Bengaluru,12.896216,77.571244
61677005,2025-09-26T09:12:00.000,2025-10-01T10:26:45.000,Street Light Out,Closed,Tumakuru,13.372853,77.135195
61677176,2025-09-26T09:19:00.000,2025-10-06T10:33:53.000,Lamppost Damaged,Closed,Mangaluru,12.88292,74.872506
61677657,2025-09-26T10:17:00.000,2025-09-30T16:25:41.000,Street Light Out,Closed,Bengaluru,12.950982,77.650028
61677971,2025-09-26T10:31:00.000,2025-11-04T13:51:06.000,Street Light Dayburning,Closed,Bengaluru,12.962856,77.602686
61678195,2025-09-26T10:32:00.000,2025-09-27T16:19:00.000,Street Light Out,Closed,Belagavi,15.832216,74.546197
61678438,2025-09-26T10:40:00.000,2025-10-02T09:44:00.000,Lamppost Damaged,Closed,Hubballi,15.34728,75.124791
61678453,2025-09-26T11:02:00.000,2025-10-01T13:30:00.000,Street Light Out,Closed,Belagavi,15.842801,74.516077
61678548,2025-09-26T15:27:00.000,2025-10-06T12:37:54.000,Street Light Out,Closed,Bengaluru,13.043025,77.601944
61678737,2025-09-26T17:35:00.000,2025-09-29T10:21:00.000,Street Light Out,Closed,Bengaluru,12.968792,77.587597
61678749,2025-09-26T17:49:00.000,2025-10-05T18:14:32.000,Street Light Out,Closed,Shivamogga,13.932037,75.55576
61678757,2025-09-26T18:28:00.000,2025-09-28T11:09:45.000,Street Light Out,Closed,Tumakuru,13.380493,77.13059
61678761,2025-09-26T19:16:00.000,2025-10-07T09:05:47.000,Street Light Out,Closed,Mangaluru,12.883322,74.861528
61678880,2025-09-26T19:39:00.000,2025-10-31T16:18:00.000,Street Light Out,Closed,Shivamogga,13.918898,75.579905
61679259,2025-09-26T19:56:00.000,2025-10-10T12:15:00.000,Street Light Out,Closed,Bengaluru,12.92996,77.615223
61679686,2025-09-26T20:12:00.000,2025-09-29T13:52:45.000,Street Light Out,Closed,Mangaluru,12.878131,74.858661
61679809,2025-09-26T20:36:00.000,2025-10-01T11:48:00.000,Street Light Out,Closed,Bengaluru,12.973285,77.596835
61680021,2025-09-26T20:45:00.000,2025-09-29T11:29:53.000,Street Light Out,Closed,Belagavi,15.82024,74.555329
61680046,2025-09-26T21:15:00.000,2025-11-14T09:57:12.000,Street Light Out,Closed,Bengaluru,12.968241,77.611317
61680493,2025-09-26T21:23:00.000,2025-10-03T08:36:00.000,Street Light Out,Closed,Belagavi,15.848559,74.523236
61680665,2025-09-26T23:04:00.000,2025-10-09T11:03:38.000,Street Light Out,Closed,Bengaluru,12.977557,77.607971
61680793,2025-09-26T23:42:00.000,2025-10-10T17:29:35.000,Street Light Out,Closed,Belagavi,15.856366,74.511926
61680959,2025-09-27T04:41:00.000,2025-11-20T14:50:00.000,Street Light Out,Closed,Mysuru,12.307061,76.657676
61681249,2025-09-27T05:45:00.000,2025-09-29T13:18:09.000,Street Light Cycling,Closed,Mangaluru,12.878844,74.860417
61681909,2025-09-27T08:46:00.000,2025-10-04T13:20:24.000,Street Light Out,Closed,Bengaluru,12.986902,77.699568
61682061,2025-09-27T08:56:00.000,2025-10-18T15:43:00.000,Street Light Out,Closed,Tumakuru,13.341122,77.102884
61682062,2025-09-27T10:20:00.000,2025-10-20T15:28:00.000,Street Light Dayburning,Closed,Hubballi,15.351901,75.128779
61682185,2025-09-27T11:10:00.000,2025-10-01T09:59:00.000,Street Light Out,Closed,Bengaluru,13.021537,77.563528
61682234,2025-09-27T12:44:00.000,2025-09-29T10:07:12.000,Street Light Dayburning,Closed,Tumakuru,13.341352,77.098439
61682313,2025-09-27T14:56:00.000,2025-09-29T16:00:49.000,Lamppost Damaged,Closed,Tumakuru,13.346123,77.131739
61682315,2025-09-27T15:11:00.000,2025-09-28T18:25:20.000,Street Light Out,Closed,Bengaluru,12.981298,77.573297
61682436,2025-09-27T15:38:00.000,2025-10-04T08:54:00.000,Street Light Out,Closed,Bengaluru,13.02357,77.56488
61682556,2025-09-27T15:46:00.000,2025-09-30T18:38:00.000,Street Light Out,Closed,Bengaluru,12.930097,77.599087
61682836,2025-09-27T16:46:00.000,2025-10-02T13:48:00.000,Street Light Out,Closed,Tumakuru,13.336114,77.100498
61682837,2025-09-27T17:50:00.000,2025-10-01T15:05:00.000,Street Light Out,Closed,Bengaluru,12.982915,77.587893
61682879,2025-09-27T19:42:00.000,2025-10-09T10:30:48.000,Street Light Out,Closed,Tumakuru,13.334189,77.123723
61683069,2025-09-27T20:33:00.000,2025-10-01T12:42:00.000,Street Light Out,Closed,Tumakuru,13.337836,77.10142
61683249,2025-09-27T21:11:00.000,2025-09-29T16:40:04.000,Street Light Out,Closed,Shivamogga,13.920235,75.560168
61683416,2025-09-27T21:28:00.000,2025-10-03T14:54:14.000,Lamppost Damaged,Closed,Hubballi,15.369449,75.14625
61683514,2025-09-27T22:49:00.000,2025-10-19T18:05:01.000,Street Light Out,Closed,Belagavi,15.845335,74.51633
61683535,2025-09-28T06:22:00.000,2025-10-02T15:21:40.000,Street Light Out,Closed,Mysuru,12.31894,76.634841
61683639,2025-09-28T07:19:00.000,2025-10-04T16:35:00.000,Street Light Out,Closed,Shivamogga,13.948362,75.53736
61684476,2025-09-28T07:31:00.000,2025-10-11T12:37:26.000,Street Light Out,Closed,Mysuru,12.283596,76.663207
61684671,2025-09-28T08:03:00.000,2025-10-03T08:09:00.000,Street Light Out,Closed,Mangaluru,12.917054,74.858684
61684744,2025-09-28T08:33:00.000,2025-10-04T13:36:00.000,Street Light Cycling,Closed,Shivamogga,13.927042,75.559203
61685166,2025-09-28T09:08:00.000,2025-09-30T13:54:00.000,Street Light Out,Closed,Bengaluru,12.991601,77.579258
61685283,2025-09-28T09:54:00.000,2025-12-06T12:47:00.000,Lamppost Damaged,Closed,Bengaluru,12.987985,77.694809
61685460,2025-09-28T11:02:00.000,2025-10-02T08:21:00.000,Street Light Out,Closed,Hubballi,15.337679,75.172443
61685744,2025-09-28T11:52:00.000,2025-09-30T18:45:50.000,Street Light Out,Closed,Mysuru,12.300401,76.633486
61685832,2025-09-28T14:30:00.000,2025-10-30T10:17:00.000,Street Light Dim,Closed,Hubballi,15.361901,75.134333
61685835,2025-09-28T16:00:00.000,2025-10-03T18:07:34.000,Street Light Out,Closed,Bengaluru,13.035305,77.634997
61685844,2025-09-28T16:30:00.000,2025-10-04T10:36:44.000,Lamppost Damaged,Closed,Bengaluru,12.986263,77.628429
61685938,2025-09-28T17:53:00.000,2025-10-04T16:26:45.000,Street Light Out,Closed,Shivamogga,13.952883,75.540667
61685981,2025-09-28T18:00:00.000,2025-10-08T18:34:00.000,Street Light Out,Closed,Bengaluru,12.962679,77.625227
61686218,2025-09-28T18:02:00.000,2025-10-12T14:09:00.000,Street Light Out,Closed,Bengaluru,12.973249,77.62396
61686255,2025-09-28T18:31:00.000,2025-10-02T16:23:49.000,Street Light Out,Closed,Mysuru,12.335942,76.67068
61686341,2025-09-28T19:16:00.000,2025-10-19T15:47:25.000,Street Light Out,Closed,Hubballi,15.378728,75.128688
61686401,2025-09-28T19:17:00.000,2025-10-02T08:23:00.000,Street Light Dim,Closed,Mangaluru,12.874331,74.861314
61686436,2025-09-28T19:41:00.000,2025-10-07T09:46:00.000,Street Light Out,Closed,Shivamogga,13.958926,75.590363
61686461,2025-09-28T20:17:00.000,2025-10-05T11:54:00.000,Street Light Dayburning,Closed,Belagavi,15.854979,74.532338
61686521,2025-09-28T20:59:00.000,2025-10-06T18:52:00.000,Street Light Out,Closed,Mysuru,12.314867,76.655489
61686691,2025-09-28T21:22:00.000,2025-09-30T13:13:00.000,Street Light Out,Closed,Bengaluru,12.975066,77.653041
61686827,2025-09-28T21:52:00.000,2025-09-30T12:21:00.000,Street Light Cycling,Closed,Hubballi,15.367258,75.134848
61687142,2025-09-28T22:28:00.000,2025-09-30T16:02:14.000,Street Light Out,Closed,Mysuru,12.278306,76.6992
61687369,2025-09-28T23:01:00.000,2025-11-02T09:35:20.000,Street Light Out,Closed,Bengaluru,12.966209,77.645493
61687398,2025-09-28T23:33:00.000,2025-10-02T17:07:05.000,Street Light Out,Closed,Bengaluru,12.940857,77.597494
61687452,2025-09-28T23:45:00.000,2025-09-30T16:59:26.000,Street Light Out,Closed,Bengaluru,12.966276,77.637513
61687526,2025-09-29T07:13:00.000,2025-10-10T13:55:08.000,Street Light Out,Closed,Belagavi,15.841138,74.492728
61687590,2025-09-29T08:40:00.000,2025-11-21T12:50:00.000,Street Light Out,Closed,Belagavi,15.853524,74.533389
61687839,2025-09-29T09:21:00.000,2025-10-03T08:45:18.000,Street Light Out,Closed,Mangaluru,12.867552,74.867698
61688447,2025-09-29T09:36:00.000,2025-10-07T16:39:00.000,Street Light Out,Closed,Mysuru,12.298719,76.635185
61688622,2025-09-29T11:34:00.000,2025-10-14T13:14:00.000,Street Light Out,Closed,Hubballi,15.361747,75.116829
61688736,2025-09-29T15:19:00.000,2025-10-04T11:02:00.000,Street Light Out,Closed,Bengaluru,12.927725,77.637402
61688813,2025-09-29T16:32:00.000,2025-10-10T15:49:00.000,Street Light Out,Closed,Mangaluru,12.896891,74.848798
61688835,2025-09-29T17:22:00.000,2025-10-03T18:19:00.000,Street Light Out,Closed,Shivamogga,13.92784,75.551379
61688942,2025-09-29T17:53:00.000,2025-10-10T16:02:23.000,Street Light Out,Closed,Belagavi,15.882526,74.510356
61689123,2025-09-29T18:19:00.000,2025-10-02T16:55:00.000,Street Light Out,Closed,Mysuru,12.299599,76.652315
61689393,2025-09-29T19:56:00.000,2025-10-07T13:25:00.000,Street Light Out,Closed,Tumakuru,13.372767,77.125868
61689615,2025-09-29T20:12:00.000,2025-10-15T18:41:03.000,Street Light Out,Closed,Tumakuru,13.349944,77.101068
61689662,2025-09-29T20:32:00.000,2025-10-10T17:16:00.000,Street Light Out,Closed,Tumakuru,13.33917,77.090924
61689867,2025-09-29T20:58:00.000,2025-10-02T09:03:35.000,Street Light Out,Closed,Mysuru,12.351765,76.649462
61689940,2025-09-29T21:25:00.000,2025-10-03T13:53:00.000,Street Light Cycling,Closed,Mysuru,12.29126,76.658638
61690800,2025-09-29T21:46:00.000,2025-10-04T11:18:00.000,Street Light Out,Closed,Shivamogga,13.895499,75.534773
61690808,2025-09-30T00:12:00.000,2025-10-05T17:30:00.000,Street Light Dayburning,Closed,Tumakuru,13.3495,77.108062
61690911,2025-09-30T04:26:00.000,2025-10-06T17:57:30.000,Street Light Out,Closed,Shivamogga,13.914943,75.577015
61691107,2025-09-30T07:36:00.000,2025-10-05T13:09:58.000,Street Light Out,Closed,Bengaluru,13.043644,77.701418
61691169,2025-09-30T07:46:00.000,2025-10-03T13:45:15.000,Street Light Dayburning,Closed,Hubballi,15.384034,75.130705
61691420,2025-09-30T07:48:00.000,2025-10-01T13:05:51.000,Street Light Out,Closed,Tumakuru,13.354802,77.091103
61691450,2025-09-30T08:30:00.000,2025-10-04T10:34:45.000,Street Light Cycling,Closed,Bengaluru,12.951662,77.623559
61691521,2025-09-30T09:03:00.000,2025-12-03T10:34:28.000,Street Light Out,Closed,Bengaluru,12.955874,77.578244
61691741,2025-09-30T09:46:00.000,2025-10-04T18:34:49.000,Street Light Out,Closed,Bengaluru,12.986317,77.654195
61691798,2025-09-30T09:59:00.000,2025-10-21T18:00:28.000,Street Light Out,Closed,Bengaluru,12.911008,77.636215
61691933,2025-09-30T10:19:00.000,2025-10-07T15:03:31.000,Street Light Out,Closed,Bengaluru,13.004265,77.561501
61692035,2025-09-30T10:54:00.000,2025-10-03T11:27:00.000,Street Light Out,Closed,Bengaluru,12.958353,77.605366
61692120,2025-09-30T11:56:00.000,2025-10-04T12:37:00.000,Street Light Out,Closed,Tumakuru,13.335515,77.104298
61692440,2025-09-30T12:48:00.000,2025-10-08T17:52:00.000,Street Light Out,Closed,Hubballi,15.354801,75.131342
61692509,2025-09-30T12:59:00.000,2025-10-04T12:23:00.000,Street Light Out,Closed,Bengaluru,12.935913,77.61002
61692522,2025-09-30T17:48:00.000,2025-10-11T09:29:23.000,Street Light Out,Closed,Tumakuru,13.356082,77.089755
61692718,2025-09-30T18:03:00.000,2025-10-04T08:35:00.000,Street Light Out,Closed,Bengaluru,12.969615,77.610098
61692944,2025-09-30T18:08:00.000,2025-10-03T11:40:00.000,Street Light Cycling,Closed,Bengaluru,12.947804,77.620941
61693088,2025-09-30T18:40:00.000,2025-10-07T15:20:00.000,Street Light Out,Closed,Tumakuru,13.346076,77.086044
61693092,2025-09-30T18:43:00.000,2025-10-02T16:16:30.000,Street Light Out,Closed,Hubballi,15.374325,75.136964
61693102,2025-09-30T19:03:00.000,2025-10-03T15:18:50.000,Street Light Out,Closed,Bengaluru,12.973795,77.598893
61693271,2025-09-30T19:10:00.000,2025-10-07T17:40:34.000,Street Light Out,Closed,Mysuru,12.274041,76.693969
61693611,2025-09-30T19:38:00.000,2025-10-10T08:47:46.000,Street Light Out,Closed,Mangaluru,12.912828,74.852899
61693767,2025-09-30T19:49:00.000,2025-12-04T08:50:11.000,Street Light Out,Closed,Tumakuru,13.349583,77.108197
61694154,2025-09-30T19:51:00.000,2025-10-01T11:08:00.000,Street Light Out,Closed,Mangaluru,12.881342,74.847306
61694300,2025-09-30T20:39:00.000,2025-10-15T17:31:00.000,Street Light Out,Closed,Mangaluru,12.863733,74.868158
61694448,2025-09-30T20:40:00.000,2025-10-03T11:11:00.000,Street Light Out,Closed,Bengaluru,12.939398,77.589198
61694537,2025-09-30T20:43:00.000,2025-10-06T10:22:29.000,Street Light Out,Closed,Tumakuru,13.333001,77.125485
61694596,2025-09-30T21:05:00.000,2025-10-02T08:35:00.000,Street Light Out,Closed,Bengaluru,12.955603,77.64779
61694647,2025-09-30T21:32:00.000,2025-10-03T16:01:05.000,Street Light Out,Closed,Hubballi,15.388053,75.142142
61694727,2025-09-30T21:35:00.000,2025-10-26T18:03:33.000,Street Light Out,Closed,Tumakuru,13.347857,77.102862
61694956,2025-09-30T22:09:00.000,2025-10-15T08:43:00.000,Street Light Out,Closed,Mangaluru,12.886691,74.864508
61695178,2025-10-01T00:02:00.000,2025-10-07T09:49:00.000,Street Light Out,Closed,Tumakuru,13.335638,77.107002
61695228,2025-10-01T00:54:00.000,2025-11-08T10:22:35.000,Street Light Out,Closed,Bengaluru,12.976525,77.625401
61695348,2025-10-01T08:06:00.000,2025-10-04T12:16:02.000,Street Light Out,Closed,Shivamogga,13.926157,75.57128
61695537,2025-10-01T08:37:00.000,2025-10-08T13:52:52.000,Street Light Out,Closed,Bengaluru,12.986346,77.662336
61695614,2025-10-01T09:06:00.000,2025-11-07T16:15:00.000,Street Light Out,Closed,Hubballi,15.357282,75.116755
61695825,2025-10-01T09:25:00.000,2025-10-14T12:30:59.000,Street Light Out,Closed,Shivamogga,13.927143,75.554797
61695901,2025-10-01T10:16:00.000,2025-10-11T17:36:30.000,Street Light Out,Closed,Tumakuru,13.344659,77.111724
61695951,2025-10-01T11:10:00.000,2025-10-05T18:34:00.000,Street Light Out,Closed,Hubballi,15.381271,75.115302
61696021,2025-10-01T11:31:00.000,2025-10-27T14:25:03.000,Street Light Out,Closed,Tumakuru,13.341714,77.121767
61696145,2025-10-01T12:24:00.000,2025-10-05T14:02:00.000,Street Light Out,Closed,Shivamogga,13.921875,75.569115
61696217,2025-10-01T15:34:00.000,2025-10-08T18:42:00.000,Street Light Out,Closed,Tumakuru,13.335627,77.116289
61696571,2025-10-01T19:10:00.000,2025-10-24T15:48:00.000,Street Light Out,Closed,Tumakuru,13.376313,77.131011
61696648,2025-10-01T19:13:00.000,2025-10-17T09:17:53.000,Street Light Out,Closed,Bengaluru,12.983776,77.59723
61697033,2025-10-01T19:48:00.000,2025-10-08T15:08:00.000,Street Light Out,Closed,Mangaluru,12.918915,74.873026
61697387,2025-10-01T21:21:00.000,2025-10-17T17:17:27.000,Street Light Out,Closed,Belagavi,15.837929,74.496113
61697474,2025-10-01T22:15:00.000,2025-10-07T18:10:38.000,Street Light Out,Closed,Belagavi,15.850818,74.527651
61697716,2025-10-01T22:44:00.000,2025-10-04T10:17:00.000,Street Light Out,Closed,Bengaluru,12.918594,77.604016
61697825,2025-10-01T23:04:00.000,2025-10-10T15:54:00.000,Street Light Out,Closed,Shivamogga,13.949209,75.556802
61697876,2025-10-01T23:27:00.000,2025-10-15T16:31:31.000,Street Light Cycling,Closed,Belagavi,15.888556,74.488973
61697987,2025-10-01T23:31:00.000,2025-10-10T12:19:54.000,Street Light Out,Closed,Mangaluru,12.906257,74.891316
61698090,2025-10-02T01:45:00.000,2025-11-21T08:25:54.000,Street Light Out,Closed,Bengaluru,12.977646,77.591174
61698337,2025-10-02T05:03:00.000,2025-10-03T15:34:00.000,Street Light Out,Closed,Bengaluru,12.988709,77.590949
61698776,2025-10-02T05:13:00.000,2025-10-09T15:02:00.000,Street Light Out,Closed,Shivamogga,13.952601,75.543299
61698885,2025-10-02T07:45:00.000,2025-10-03T12:43:00.000,Street Light Out,Closed,Bengaluru,12.955801,77.654885
61699124,2025-10-02T09:08:00.000,2025-10-04T18:45:00.000,Street Light Out,Closed,Belagavi,15.87692,74.479597
61699216,2025-10-02T09:29:00.000,2025-10-12T16:04:00.000,Street Light Out,Closed,Belagavi,15.879985,74.478028
61699365,2025-10-02T11:32:00.000,2025-10-06T16:42:00.000,Street Light Out,Closed,Bengaluru,12.984045,77.591766
61699367,2025-10-02T17:13:00.000,2025-10-10T08:15:00.000,Street Light Out,Closed,Shivamogga,13.931165,75.550557
61699577,2025-10-02T19:41:00.000,2025-10-11T17:10:00.000,Street Light Out,Closed,Bengaluru,12.973481,77.587309
61699683,2025-10-02T21:01:00.000,2025-10-05T15:00:16.000,Street Light Out,Closed,Bengaluru,12.976028,77.571767
61699864,2025-10-02T22:18:00.000,2025-10-08T12:15:00.000,Street Light Out,Closed,Bengaluru,12.97432,77.615655
61700380,2025-10-02T23:55:00.000,2025-10-11T13:18:53.000,Street Light Out,Closed,Mysuru,12.352625,76.660939
61700425,2025-10-03T00:06:00.000,2025-10-09T17:33:51.000,Street Light Out,Closed,Mysuru,12.307739,76.654466
61700472,2025-10-03T01:27:00.000,2025-10-06T17:02:16.000,Street Light Out,Closed,Mysuru,12.31424,76.630407
61700509,2025-10-03T01:44:00.000,2025-10-19T11:51:00.000,Street Light Out,Closed,Bengaluru,12.992847,77.537422
61700678,2025-10-03T04:32:00.000,2025-10-08T15:19:00.000,Street Light Out,Closed,Shivamogga,13.955657,75.560967
61700758,2025-10-03T04:52:00.000,2025-10-05T11:43:06.000,Street Light Out,Closed,Hubballi,15.374308,75.136988
61700769,2025-10-03T07:08:00.000,2025-10-09T17:08:00.000,Street Light Out,Closed,Mysuru,12.297455,76.651441
61701137,2025-10-03T09:19:00.000,2025-10-08T18:53:00.000,Street Light Out,Closed,Hubballi,15.378621,75.13365
61701208,2025-10-03T09:32:00.000,2025-11-30T16:06:56.000,Street Light Out,Closed,Tumakuru,13.334412,77.10536
61701394,2025-10-03T10:07:00.000,2025-10-06T13:15:00.000,Street Light Out,Closed,Belagavi,15.857294,74.512074
61701512,2025-10-03T10:24:00.000,2025-10-22T15:51:24.000,Street Light Out,Closed,Bengaluru,12.98479,77.559639
61701675,2025-10-03T10:31:00.000,2025-10-07T10:34:14.000,Street Light Out,Closed,Shivamogga,13.951327,75.539111
61701765,2025-10-03T11:29:00.000,2025-10-20T18:53:05.000,Street Light Out,Closed,Tumakuru,13.355994,77.112571
61701861,2025-10-03T11:57:00.000,2025-10-09T18:18:00.000,Street Light Out,Closed,Bengaluru,13.026375,77.623876
61701920,2025-10-03T12:19:00.000,2025-10-06T11:49:00.000,Street Light Out,Closed,Bengaluru,12.972284,77.585673
61701972,2025-10-03T12:31:00.000,2025-10-09T17:10:00.000,Street Light Out,Closed,Mysuru,12.259506,76.642348
61702101,2025-10-03T13:57:00.000,2025-10-09T11:25:00.000,Street Light Out,Closed,Mysuru,12.262494,76.69229
61702226,2025-10-03T17:04:00.000,2025-10-09T17:14:53.000,Street Light Dim,Closed,Mysuru,12.319894,76.644267
61702246,2025-10-03T18:17:00.000,2025-10-08T09:46:00.000,Street Light Out,Closed,Bengaluru,12.980834,77.603186
61702472,2025-10-03T18:49:00.000,2025-10-08T16:18:53.000,Street Light Out,Closed,Mangaluru,12.888685,74.885686
61702727,2025-10-03T19:12:00.000,2025-10-10T08:51:00.000,Street Light Out,Closed,Hubballi,15.357976,75.130066
61702737,2025-10-03T21:37:00.000,2025-10-09T12:31:23.000,Street Light Out,Closed,Mysuru,12.317099,76.661035
61702809,2025-10-03T22:54:00.000,2025-11-15T08:34:00.000,Street Light Dayburning,Closed,Tumakuru,13.35869,77.085782
61702852,2025-10-04T00:39:00.000,2025-10-15T13:14:37.000,Street Light Out,Closed,Bengaluru,12.98443,77.59948
61702966,2025-10-04T01:07:00.000,2025-10-08T16:28:00.000,Street Light Out,Closed,Belagavi,15.846161,74.51551
61702998,2025-10-04T05:38:00.000,2025-10-08T13:01:00.000,Street Light Out,Closed,Bengaluru,12.93876,77.537301
61703231,2025-10-04T05:48:00.000,2025-10-18T15:00:00.000,Street Light Out,Closed,Bengaluru,12.920657,77.601011
61703640,2025-10-04T08:37:00.000,2025-10-06T11:18:27.000,Street Light Dim,Closed,Bengaluru,12.892371,77.506452
61703818,2025-10-04T11:24:00.000,2025-10-06T08:44:47.000,Street Light Out,Closed,Hubballi,15.365372,75.130162
61704059,2025-10-04T11:41:00.000,2025-10-09T17:57:33.000,Street Light Out,Closed,Bengaluru,13.024922,77.554135
61704130,2025-10-04T11:47:00.000,2025-10-09T10:23:00.000,Street Light Out,Closed,Mangaluru,12.884046,74.846914
61704251,2025-10-04T13:50:00.000,2025-10-09T15:56:08.000,Street Light Out,Closed,Mangaluru,12.87821,74.868759
61704464,2025-10-04T17:01:00.000,2025-11-11T17:30:45.000,Street Light Out,Closed,Mangaluru,12.887141,74.852135
61704579,2025-10-04T17:43:00.000,2025-10-14T18:55:25.000,Street Light Out,Closed,Belagavi,15.904383,74.512698
61704587,2025-10-04T18:38:00.000,2025-10-11T13:36:33.000,Street Light Out,Closed,Hubballi,15.35654,75.131047
61704785,2025-10-04T18:41:00.000,2025-10-19T15:00:00.000,Street Light Out,Closed,Shivamogga,13.937746,75.548846
61704861,2025-10-04T20:09:00.000,2025-10-13T10:09:00.000,Street Light Out,Closed,Belagavi,15.853715,74.510031
61704869,2025-10-04T20:13:00.000,2025-11-04T08:12:00.000,Street Light Out,Closed,Shivamogga,13.939932,75.551545
61704944,2025-10-04T20:31:00.000,2025-10-08T08:26:00.000,Street Light Out,Closed,Bengaluru,13.002309,77.574243
61705073,2025-10-04T21:22:00.000,2025-10-07T18:06:16.000,Street Light Out,Closed,Belagavi,15.853347,74.508487
61705301,2025-10-04T21:47:00.000,2025-10-09T18:57:54.000,Street Light Out,Closed,Mysuru,12.293613,76.660225
61705304,2025-10-04T21:51:00.000,2025-10-12T14:38:00.000,Street Light Out,Closed,Bengaluru,12.985753,77.563703
61705315,2025-10-04T22:41:00.000,2025-10-06T17:59:00.000,Street Light Out,Closed,Bengaluru,12.927118,77.615895
61705451,2025-10-04T22:54:00.000,2025-10-10T08:34:00.000,Street Light Out,Closed,Belagavi,15.828168,74.54989
61705710,2025-10-05T06:38:00.000,2025-10-07T09:08:55.000,Street Light Out,Closed,Bengaluru,12.969699,77.610114
61705929,2025-10-05T08:15:00.000,2025-10-17T12:06:00.000,Street Light Cycling,Closed,Belagavi,15.842719,74.491194
61705937,2025-10-05T08:51:00.000,2025-10-08T10:05:00.000,Street Light Out,Closed,Belagavi,15.902332,74.472955
61706030,2025-10-05T09:24:00.000,2025-10-06T13:22:00.000,Street Light Out,Closed,Bengaluru,12.948564,77.629732
61706091,2025-10-05T09:59:00.000,2025-11-19T16:34:00.000,Street Light Out,Closed,Hubballi,15.360982,75.129454
61706229,2025-10-05T11:35:00.000,2025-10-15T15:38:00.000,Street Light Out,Closed,Shivamogga,13.914571,75.560183
61706344,2025-10-05T11:44:00.000,2025-11-16T18:49:00.000,Street Light Out,Closed,Mangaluru,12.882139,74.85863
61706560,2025-10-05T13:13:00.000,2025-10-07T10:27:44.000,Street Light Out,Closed,Bengaluru,12.921685,77.621492
61706655,2025-10-05T14:16:00.000,2025-10-18T18:44:29.000,Street Light Out,Closed,Belagavi,15.820218,74.555398
61706673,2025-10-05T15:20:00.000,2025-10-07T17:59:58.000,Street Light Out,Closed,Mysuru,12.29071,76.665997
61706776,2025-10-05T16:09:00.000,2025-10-07T12:48:05.000,Street Light Out,Closed,Shivamogga,13.922193,75.559462
61706950,2025-10-05T17:00:00.000,2025-10-06T10:24:00.000,Street Light Cycling,Closed,Bengaluru,12.93752,77.609695
61706973,2025-10-05T20:36:00.000,2025-10-10T09:23:59.000,Street Light Out,Closed,Belagavi,15.820753,74.553953
61706976,2025-10-05T20:46:00.000,2025-10-08T12:53:00.000,Street Light Out,Closed,Hubballi,15.339874,75.11268
61707199,2025-10-05T21:30:00.000,2025-10-08T08:25:39.000,Street Light Out,Closed,Tumakuru,13.344592,77.099398
61707283,2025-10-05T21:38:00.000,2025-11-08T09:00:43.000,Street Light Out,Closed,Mangaluru,12.880522,74.853744
61707575,2025-10-05T21:58:00.000,2025-10-13T10:08:34.000,Street Light Out,Closed,Mysuru,12.291372,76.58289
61707634,2025-10-06T04:20:00.000,2025-10-09T10:03:10.000,Street Light Out,Closed,Tumakuru,13.342055,77.104986
61707747,2025-10-06T07:38:00.000,2025-10-07T12:58:12.000,Street Light Out,Closed,Bengaluru,12.993147,77.551249
61707778,2025-10-06T08:48:00.000,2025-10-07T11:38:05.000,Lamppost Damaged,Closed,Bengaluru,12.9755,77.589943
61707780,2025-10-06T09:56:00.000,2025-10-08T13:21:23.000,Lamppost Damaged,Closed,Hubballi,15.364903,75.130031
61707863,2025-10-06T10:55:00.000,2025-10-12T12:17:00.000,Street Light Out,Closed,Mysuru,12.296903,76.671545
61708093,2025-10-06T11:32:00.000,2025-11-11T08:24:21.000,Street Light Out,Closed,Belagavi,15.851511,74.517625
61708187,2025-10-06T17:23:00.000,2025-10-18T15:44:00.000,Street Light Out,Closed,Bengaluru,12.976021,77.598214
61708265,2025-10-06T17:38:00.000,2025-10-08T18:04:00.000,Street Light Out,Closed,Belagavi,15.845386,74.500218
61708477,2025-10-06T18:18:00.000,2025-12-02T18:38:00.000,Street Light Out,Closed,Tumakuru,13.364091,77.121505
61708492,2025-10-06T19:59:00.000,2025-10-09T12:34:53.000,Street Light Out,Closed,Mysuru,12.3191,76.667325
61708531,2025-10-06T20:03:00.000,2025-10-10T18:39:00.000,Street Light Dayburning,Closed,Bengaluru,12.947858,77.607978
61708537,2025-10-06T21:06:00.000,2025-10-11T09:50:51.000,Street Light Out,Closed,Tumakuru,13.336252,77.093885
61708811,2025-10-06T22:16:00.000,2025-11-27T09:29:12.000,Street Light Out,Closed,Mangaluru,12.885599,74.856369
61708966,2025-10-06T22:35:00.000,2025-10-14T10:28:00.000,Street Light Out,Closed,Mysuru,12.316019,76.658955
61708989,2025-10-06T22:56:00.000,2025-10-08T11:59:00.000,Street Light Dayburning,Closed,Hubballi,15.370527,75.121438
61709000,2025-10-06T23:13:00.000,2025-10-11T18:38:00.000,Street Light Out,Closed,Mangaluru,12.874461,74.867853
61709002,2025-10-06T23:16:00.000,2025-10-13T09:35:00.000,Street Light Out,Closed,Bengaluru,12.944814,77.614703
61709004,2025-10-07T01:21:00.000,2025-10-12T15:32:00.000,Street Light Out,Closed,Tumakuru,13.334255,77.10918
61709022,2025-10-07T02:44:00.000,2025-10-08T15:29:00.000,Street Light Out,Closed,Bengaluru,12.943613,77.547689
61709212,2025-10-07T08:57:00.000,2025-10-16T12:35:00.000,Street Light Out,Closed,Bengaluru,12.993628,77.592588
61709291,2025-10-07T09:49:00.000,2025-10-10T18:16:00.000,Street Light Out,Closed,Mangaluru,12.892457,74.854237
61709520,2025-10-07T10:04:00.000,2025-10-15T11:12:00.000,Street Light Dayburning,Closed,Mysuru,12.299656,76.667619
61709654,2025-10-07T10:14:00.000,2025-10-08T09:52:00.000,Street Light Out,Closed,Bengaluru,12.986298,77.628448
61709999,2025-10-07T10:38:00.000,2025-10-08T18:32:00.000,Street Light Dim,Closed,Bengaluru,13.02461,77.614026
61710204,2025-10-07T10:39:00.000,2025-10-13T14:14:52.000,Street Light Out,Closed,Shivamogga,13.93275,75.561301
61710238,2025-10-07T14:46:00.000,2025-10-15T14:17:38.000,Street Light Out,Closed,Belagavi,15.860123,74.517046
61710296,2025-10-07T20:26:00.000,2025-10-09T16:41:00.000,Street Light Cycling,Closed,Bengaluru,12.979312,77.563439
61710461,2025-10-07T21:10:00.000,2025-10-13T13:02:18.000,Street Light Out,Closed,Bengaluru,12.971191,77.613642
61710750,2025-10-07T21:20:00.000,2025-10-23T11:31:00.000,Street Light Dayburning,Closed,Mysuru,12.320029,76.658604
61710861,2025-10-07T22:08:00.000,2025-10-11T09:26:00.000,Street Light Out,Closed,Hubballi,15.353106,75.147603
61711028,2025-10-07T22:29:00.000,2025-10-09T13:22:00.000,Street Light Out,Closed,Bengaluru,12.986853,77.617532
61711054,2025-10-08T04:48:00.000,2025-10-16T08:19:13.000,Lamppost Damaged,Closed,Mysuru,12.317821,76.660997
61711197,2025-10-08T07:11:00.000,2025-10-11T14:29:01.000,Street Light Out,Closed,Bengaluru,12.948919,77.634896
61711329,2025-10-08T07:17:00.000,2025-10-12T09:47:14.000,Street Light Out,Closed,Mysuru,12.30367,76.651717
61711413,2025-10-08T09:25:00.000,2025-10-14T13:12:59.000,Street Light Cycling,Closed,Mangaluru,12.916373,74.84512
61711433,2025-10-08T12:09:00.000,2025-10-16T16:09:00.000,Street Light Out,Closed,Belagavi,15.904446,74.530566
61711440,2025-10-08T16:39:00.000,2025-10-14T12:57:00.000,Street Light Out,Closed,Mangaluru,12.876777,74.858913
61711451,2025-10-08T18:25:00.000,2025-10-10T17:15:09.000,Street Light Out,Closed,Bengaluru,12.957478,77.648963
61711484,2025-10-08T18:44:00.000,2025-10-10T11:38:00.000,Street Light Out,Closed,Mangaluru,12.873937,74.862064
61711660,2025-10-08T18:59:00.000,2025-10-11T11:05:00.000,Street Light Out,Closed,Mangaluru,12.875534,74.854178
61711733,2025-10-08T19:26:00.000,2025-10-12T16:41:52.000,Lamppost Damaged,Closed,Bengaluru,12.865112,77.492347
61712097,2025-10-08T20:12:00.000,2025-10-15T14:21:18.000,Street Light Out,Closed,Bengaluru,13.040692,77.682103
61712362,2025-10-08T21:13:00.000,2025-10-14T08:30:00.000,Lamppost Damaged,Closed,Mysuru,12.300034,76.667671
61712394,2025-10-08T22:34:00.000,2025-10-11T09:41:45.000,Street Light Cycling,Closed,Bengaluru,12.995262,77.554669
61712448,2025-10-09T06:01:00.000,2025-11-13T09:57:00.000,Street Light Out,Closed,Bengaluru,12.921808,77.604018
61712514,2025-10-09T10:38:00.000,2025-10-10T10:40:00.000,Street Light Dayburning,Closed,Bengaluru,12.978077,77.656319
61712591,2025-10-09T10:54:00.000,2025-10-14T17:26:00.000,Street Light Out,Closed,Mysuru,12.343925,76.670971
61712664,2025-10-09T11:53:00.000,2025-10-14T12:02:00.000,Street Light Out,Closed,Shivamogga,13.919881,75.57242
61712774,2025-10-09T12:12:00.000,2025-10-12T10:51:05.000,Street Light Out,Closed,Belagavi,15.845247,74.492064
61712848,2025-10-09T12:51:00.000,2025-10-26T10:44:55.000,Street Light Out,Closed,Hubballi,15.351617,75.149008
61712923,2025-10-09T14:41:00.000,2025-10-15T15:10:00.000,Street Light Cycling,Closed,Mangaluru,12.867387,74.868253
61713043,2025-10-09T18:07:00.000,2025-10-11T09:16:00.000,Street Light Dayburning,Closed,Mangaluru,12.882449,74.858473
61713055,2025-10-09T19:35:00.000,2025-10-12T17:35:00.000,Street Light Out,Closed,Belagavi,15.83337,74.495278
61713083,2025-10-09T20:29:00.000,2025-10-12T18:09:00.000,Street Light Out,Closed,Shivamogga,13.925866,75.557978
61713102,2025-10-09T21:02:00.000,2025-10-12T17:35:35.000,Street Light Out,Closed,Mysuru,12.34644,76.676694
61713115,2025-10-09T21:03:00.000,2025-10-27T16:29:00.000,Street Light Out,Closed,Belagavi,15.85101,74.484638
61713141,2025-10-09T21:32:00.000,2025-10-15T10:34:51.000,Street Light Out,Closed,Mangaluru,12.887825,74.858056
61713269,2025-10-09T21:51:00.000,2025-10-11T13:30:00.000,Street Light Out,Closed,Bengaluru,12.934859,77.63014
61713497,2025-10-09T22:15:00.000,2025-11-01T13:46:00.000,Street Light Out,Closed,Mysuru,12.278361,76.699251
61713521,2025-10-09T22:16:00.000,2025-10-21T13:42:00.000,Street Light Out,Closed,Hubballi,15.350339,75.120351
61713994,2025-10-09T22:21:00.000,2025-10-13T13:36:15.000,Street Light Out,Closed,Bengaluru,12.87662,77.58766
61714087,2025-10-09T22:28:00.000,2025-10-24T11:32:00.000,Street Light Out,Closed,Mangaluru,12.880541,74.865503
61714178,2025-10-09T22:37:00.000,2025-10-19T13:26:10.000,Street Light Out,Closed,Tumakuru,13.327711,77.127561
61714581,2025-10-09T23:34:00.000,2025-10-12T10:31:00.000,Street Light Out,Closed,Shivamogga,13.924432,75.5624
61714783,2025-10-10T00:59:00.000,2025-10-20T17:00:58.000,Street Light Out,Closed,Mysuru,12.303678,76.68585
61715032,2025-10-10T04:03:00.000,2025-10-18T15:33:45.000,Street Light Out,Closed,Mysuru,12.31699,76.665479
61715150,2025-10-10T04:47:00.000,2025-10-22T11:58:01.000,Street Light Out,Closed,Mysuru,12.310646,76.65893
61715373,2025-10-10T08:35:00.000,2025-10-12T11:05:00.000,Street Light Out,Closed,Bengaluru,12.927731,77.54352
61715539,2025-10-10T09:41:00.000,2025-10-13T13:28:25.000,Street Light Out,Closed,Belagavi,15.850071,74.499302
61715688,2025-10-10T10:08:00.000,2025-10-23T09:19:00.000,Street Light Out,Closed,Mysuru,12.259504,76.642328
61715788,2025-10-10T10:10:00.000,2025-10-15T11:09:13.000,Street Light Out,Closed,Bengaluru,12.96412,77.653761
61715859,2025-10-10T12:17:00.000,2025-10-24T16:47:00.000,Street Light Out,Closed,Tumakuru,13.353182,77.110978
61715877,2025-10-10T15:48:00.000,2025-10-15T17:28:48.000,Street Light Out,Closed,Tumakuru,13.348759,77.103723
61716201,2025-10-10T15:49:00.000,2025-10-16T13:42:52.000,Street Light Cycling,Closed,Mysuru,12.304184,76.6243
61716470,2025-10-10T18:06:00.000,2025-10-13T08:12:00.000,Street Light Out,Closed,Hubballi,15.36018,75.145983
61716533,2025-10-10T19:34:00.000,2025-10-12T12:20:00.000,Street Light Out,Closed,Shivamogga,13.964288,75.552738
61716622,2025-10-10T19:49:00.000,2025-10-21T15:06:00.000,Street Light Out,Closed,Bengaluru,12.944381,77.584232
61716760,2025-10-10T21:00:00.000,2025-10-12T17:00:27.000,Street Light Out,Closed,Bengaluru,13.007964,77.596139
61716796,2025-10-10T22:05:00.000,2025-10-11T14:33:40.000,Street Light Out,Closed,Hubballi,15.310161,75.145976
61716805,2025-10-10T22:20:00.000,2025-10-17T17:32:00.000,Street Light Out,Closed,Shivamogga,13.92465,75.545621
61717079,2025-10-10T22:54:00.000,2025-10-15T13:50:12.000,Street Light Out,Closed,Bengaluru,12.859646,77.572404
61717168,2025-10-10T23:24:00.000,2025-10-16T18:19:27.000,Street Light Out,Closed,Bengaluru,12.927117,77.615838
61717241,2025-10-10T23:53:00.000,2025-10-14T14:04:00.000,Street Light Out,Closed,Mysuru,12.308888,76.661936
61717486,2025-10-11T04:35:00.000,2025-10-17T15:05:00.000,Street Light Out,Closed,Mangaluru,12.864243,74.874182
61717778,2025-10-11T07:55:00.000,2025-10-13T18:02:58.000,Street Light Out,Closed,Belagavi,15.838308,74.488756
61717842,2025-10-11T08:05:00.000,2025-10-15T08:31:00.000,Street Light Cycling,Closed,Belagavi,15.847781,74.481178
61718053,2025-10-11T09:36:00.000,2025-10-25T09:23:00.000,Street Light Out,Closed,Hubballi,15.35041,75.151774
61718434,2025-10-11T09:44:00.000,2025-10-20T15:55:00.000,Street Light Dayburning,Closed,Mysuru,12.310694,76.671329
61718545,2025-10-11T10:37:00.000,2025-10-25T16:50:00.000,Street Light Out,Closed,Belagavi,15.859716,74.536686
61718701,2025-10-11T13:43:00.000,2025-10-17T16:48:00.000,Street Light Out,Closed,Hubballi,15.345913,75.135931
61719048,2025-10-11T14:19:00.000,2025-10-14T15:40:57.000,Street Light Out,Closed,Bengaluru,12.978143,77.597919
61719144,2025-10-11T16:52:00.000,2025-10-18T14:39:00.000,Street Light Out,Closed,Bengaluru,12.934866,77.630161
61719312,2025-10-11T19:19:00.000,2025-10-13T13:29:00.000,Street Light Out,Closed,Bengaluru,12.977578,77.607978
61719590,2025-10-11T20:14:00.000,2025-10-13T14:11:00.000,Street Light Out,Closed,Bengaluru,12.961204,77.590619
61719596,2025-10-11T20:28:00.000,2025-10-26T10:58:15.000,Street Light Out,Closed,Mangaluru,12.888264,74.880893
61719669,2025-10-11T20:57:00.000,2025-10-29T11:42:00.000,Street Light Out,Closed,Shivamogga,13.923035,75.547106
61720110,2025-10-11T21:22:00.000,2025-10-18T16:59:28.000,Lamppost Damaged,Closed,Bengaluru,12.972603,77.586032
61720377,2025-10-11T22:02:00.000,2025-10-14T09:12:00.000,Street Light Out,Closed,Mysuru,12.295813,76.669788
61720462,2025-10-11T23:14:00.000,2025-10-23T10:42:00.000,Street Light Out,Closed,Belagavi,15.892679,74.510067
61720537,2025-10-11T23:45:00.000,2025-10-13T18:23:00.000,Street Light Out,Closed,Mysuru,12.296222,76.636467
61720687,2025-10-12T00:21:00.000,2025-10-14T12:06:05.000,Street Light Out,Closed,Bengaluru,12.988987,77.587856
61720864,2025-10-12T01:31:00.000,2025-10-17T16:48:00.000,Street Light Out,Closed,Bengaluru,12.948502,77.640498
61720885,2025-10-12T06:03:00.000,2025-10-18T16:42:03.000,Street Light Out,Closed,Mysuru,12.287907,76.664801
61720893,2025-10-12T06:19:00.000,2025-10-27T12:49:00.000,Street Light Out,Closed,Tumakuru,13.344986,77.07813
61720913,2025-10-12T08:32:00.000,2025-10-25T16:30:00.000,Street Light Out,Closed,Mangaluru,12.886207,74.873227
61721104,2025-10-12T10:21:00.000,2025-10-14T11:56:00.000,Street Light Out,Closed,Hubballi,15.34804,75.086715
61721191,2025-10-12T10:32:00.000,2025-10-23T12:56:00.000,Street Light Out,Closed,Mysuru,12.295847,76.675898
61721353,2025-10-12T11:39:00.000,2025-11-14T17:25:00.000,Street Light Out,Closed,Hubballi,15.354309,75.133
61721398,2025-10-12T19:21:00.000,2025-10-19T10:54:00.000,Street Light Out,Closed,Bengaluru,13.01392,77.571446
61721491,2025-10-12T19:48:00.000,2025-10-18T10:36:36.000,Street Light Out,Closed,Belagavi,15.842156,74.536643
61721721,2025-10-12T20:44:00.000,2025-10-15T12:10:00.000,Street Light Out,Closed,Bengaluru,12.972261,77.548853
61722050,2025-10-12T21:31:00.000,2025-10-19T18:38:02.000,Street Light Out,Closed,Mysuru,12.307123,76.654851
61722151,2025-10-12T22:29:00.000,2025-10-29T12:04:00.000,Street Light Out,Closed,Mysuru,12.285664,76.648994
61722256,2025-10-13T00:00:00.000,2025-10-14T09:02:58.000,Street Light Out,Closed,Tumakuru,13.348001,77.103973
61722428,2025-10-13T03:09:00.000,2025-11-10T18:31:00.000,Street Light Out,Closed,Mysuru,12.274584,76.681527
61722458,2025-10-13T07:37:00.000,2025-10-27T15:05:00.000,Street Light Out,Closed,Mysuru,12.298554,76.630824
61722495,2025-10-13T08:45:00.000,2025-10-21T12:02:00.000,Street Light Out,Closed,Hubballi,15.384828,75.120634
61722514,2025-10-13T09:23:00.000,2025-10-17T11:56:00.000,Street Light Out,Closed,Tumakuru,13.351732,77.082785
61722937,2025-10-13T09:25:00.000,2025-10-15T08:20:07.000,Street Light Dim,Closed,Bengaluru,12.976155,77.651323
61722982,2025-10-13T12:59:00.000,2025-10-21T17:53:06.000,Street Light Out,Closed,Mangaluru,12.886561,74.848818
61723135,2025-10-13T15:31:00.000,2025-10-16T17:30:10.000,Street Light Out,Closed,Belagavi,15.882714,74.476859
61723332,2025-10-13T20:03:00.000,2025-10-16T18:56:00.000,Street Light Out,Closed,Bengaluru,12.975155,77.619127
61723359,2025-10-13T20:08:00.000,2025-11-17T10:26:00.000,Street Light Out,Closed,Tumakuru,13.331832,77.099805
61723461,2025-10-13T20:23:00.000,2025-12-10T08:02:00.000,Street Light Cycling,Closed,Mangaluru,12.881371,74.838294
61723514,2025-10-13T21:37:00.000,2025-10-18T15:45:00.000,Street Light Out,Closed,Bengaluru,12.954386,77.727075
61723656,2025-10-13T22:15:00.000,2025-10-25T14:19:43.000,Lamppost Damaged,Closed,Mysuru,12.31116,76.694369
61723687,2025-10-14T00:00:00.000,2025-10-23T09:47:00.000,Street Light Out,Closed,Hubballi,15.360202,75.139201
61723816,2025-10-14T06:22:00.000,2025-12-09T15:39:00.000,Street Light Out,Closed,Bengaluru,12.96959,77.642581
61723872,2025-10-14T08:03:00.000,2025-10-23T18:01:46.000,Street Light Out,Closed,Mangaluru,12.881707,74.855378
61724146,2025-10-14T08:25:00.000,2025-12-10T18:02:14.000,Street Light Out,Closed,Mysuru,12.304917,76.67227
61724187,2025-10-14T09:06:00.000,2025-10-23T15:23:25.000,Street Light Out,Closed,Bengaluru,12.935955,77.610083
61724382,2025-10-14T09:20:00.000,2025-10-21T08:55:00.000,Street Light Out,Closed,Bengaluru,13.029813,77.625058
61724527,2025-10-14T09:26:00.000,2025-10-24T08:39:22.000,Street Light Out,Closed,Bengaluru,12.962868,77.567985
61724544,2025-10-14T11:26:00.000,2025-10-27T09:22:00.000,Street Light Out,Closed,Hubballi,15.34967,75.120407
61724701,2025-10-14T17:55:00.000,2025-10-18T13:40:00.000,Street Light Out,Closed,Tumakuru,13.380839,77.073293
61724851,2025-10-14T18:16:00.000,2025-10-23T16:04:24.000,Street Light Cycling,Closed,Belagavi,15.84867,74.481831
61724981,2025-10-14T20:24:00.000,2025-10-18T13:01:00.000,Street Light Out,Closed,Shivamogga,13.919209,75.547646
61725070,2025-10-14T21:00:00.000,2025-10-30T10:40:29.000,Street Light Out,Closed,Mangaluru,12.878096,74.858687
61725226,2025-10-14T21:20:00.000,2025-10-17T14:21:56.000,Street Light Out,Closed,Bengaluru,12.950114,77.551363
61725324,2025-10-14T22:16:00.000,2025-10-20T15:58:13.000,Street Light Out,Closed,Shivamogga,13.926129,75.565443
61725351,2025-10-14T22:30:00.000,2025-10-16T09:17:47.000,Street Light Out,Closed,Belagavi,15.884579,74.477226
61725412,2025-10-14T23:24:00.000,2025-10-24T12:05:00.000,Street Light Out,Closed,Shivamogga,13.938303,75.565746
61725730,2025-10-15T00:18:00.000,2025-10-23T12:29:00.000,Street Light Out,Closed,Bengaluru,12.990279,77.583748
61725807,2025-10-15T04:10:00.000,2025-11-01T16:30:00.000,Street Light Out,Closed,Belagavi,15.876761,74.49488
61725876,2025-10-15T04:17:00.000,2025-10-17T13:02:17.000,Street Light Dayburning,Closed,Hubballi,15.359087,75.146011
61726035,2025-10-15T06:45:00.000,2025-10-24T16:21:00.000,Street Light Out,Closed,Shivamogga,13.920081,75.571586
61726054,2025-10-15T08:59:00.000,2025-10-17T17:18:00.000,Street Light Out,Closed,Belagavi,15.842447,74.489576
61726151,2025-10-15T09:35:00.000,2025-10-25T15:50:00.000,Street Light Out,Closed,Mysuru,12.305828,76.637616
61726201,2025-10-15T09:46:00.000,2025-10-19T14:59:54.000,Street Light Out,Closed,Bengaluru,12.909459,77.628505
61726282,2025-10-15T09:49:00.000,2025-12-14T10:39:00.000,Street Light Out,Closed,Shivamogga,13.930666,75.563228
61726382,2025-10-15T09:52:00.000,2025-10-23T09:17:12.000,Street Light Out,Closed,Shivamogga,13.9168,75.5235
61726449,2025-10-15T10:13:00.000,2025-10-17T13:10:26.000,Street Light Out,Closed,Mangaluru,12.852557,74.849457
61726496,2025-10-15T10:30:00.000,2025-11-21T08:24:13.000,Street Light Out,Closed,Bengaluru,12.975292,77.607325
61726604,2025-10-15T11:46:00.000,2025-10-25T18:16:40.000,Street Light Out,Closed,Bengaluru,12.903431,77.51165
61726606,2025-10-15T14:03:00.000,2025-10-28T10:58:00.000,Street Light Out,Closed,Shivamogga,13.923505,75.568203
61726692,2025-10-15T15:54:00.000,2025-10-22T16:08:45.000,Street Light Dayburning,Closed,Bengaluru,12.911033,77.675256
61726727,2025-10-15T18:03:00.000,2025-10-18T12:50:24.000,Street Light Out,Closed,Mysuru,12.293225,76.638438
61726806,2025-10-15T19:03:00.000,2025-10-28T11:08:00.000,Street Light Out,Closed,Mangaluru,12.882348,74.854106
61726920,2025-10-15T19:19:00.000,2025-10-17T18:31:55.000,Street Light Out,Closed,Bengaluru,12.93912,77.591007
61727059,2025-10-15T20:19:00.000,2025-10-18T08:20:00.000,Street Light Cycling,Closed,Hubballi,15.335834,75.152698
61727075,2025-10-15T20:29:00.000,2025-10-22T08:58:00.000,Street Light Out,Closed,Tumakuru,13.371812,77.129847
61727156,2025-10-15T20:45:00.000,2025-10-29T09:24:00.000,Street Light Out,Closed,Mangaluru,12.895495,74.899312
61727248,2025-10-15T23:41:00.000,2025-10-23T12:17:00.000,Street Light Out,Closed,Mangaluru,12.896872,74.848762
61727333,2025-10-16T06:44:00.000,2025-10-28T15:01:00.000,Street Light Out,Closed,Bengaluru,12.986068,77.587797
61727470,2025-10-16T07:35:00.000,2025-10-18T18:45:54.000,Street Light Out,Closed,Bengaluru,12.991548,77.579114
61727789,2025-10-16T09:56:00.000,2025-10-26T16:25:00.000,Street Light Out,Closed,Shivamogga,13.942382,75.570404
61728389,2025-10-16T17:26:00.000,2025-10-23T10:25:32.000,Street Light Out,Closed,Tumakuru,13.337002,77.09408
61728547,2025-10-16T18:37:00.000,2025-10-24T17:31:00.000,Street Light Out,Closed,Mysuru,12.297574,76.665129
61728618,2025-10-16T18:54:00.000,2025-10-19T18:47:00.000,Street Light Out,Closed,Bengaluru,13.005608,77.629719
61728638,2025-10-16T20:03:00.000,2025-12-07T10:52:06.000,Street Light Out,Closed,Mysuru,12.312053,76.671909
61728661,2025-10-16T20:23:00.000,2025-10-22T18:56:00.000,Street Light Out,Closed,Hubballi,15.37797,75.120091
61728792,2025-10-16T21:25:00.000,2025-10-21T14:42:00.000,Street Light Out,Closed,Hubballi,15.382306,75.109032
61728850,2025-10-16T21:59:00.000,2025-10-19T17:20:00.000,Street Light Out,Closed,Mangaluru,12.878577,74.850746
61729234,2025-10-16T22:32:00.000,2025-10-23T08:11:00.000,Street Light Out,Closed,Tumakuru,13.335515,77.104357
61729251,2025-10-16T22:58:00.000,2025-10-18T10:39:00.000,Street Light Cycling,Closed,Belagavi,15.837396,74.493831
61729910,2025-10-17T00:39:00.000,2025-10-26T14:51:42.000,Street Light Out,Closed,Belagavi,15.8456,74.488779
61729943,2025-10-17T04:10:00.000,2025-10-19T08:15:00.000,Street Light Out,Closed,Mangaluru,12.881241,74.871798
61730327,2025-10-17T07:12:00.000,2025-10-28T12:12:36.000,Street Light Out,Closed,Bengaluru,12.952444,77.653358
61730456,2025-10-17T08:50:00.000,2025-10-21T09:18:00.000,Street Light Out,Closed,Bengaluru,12.967074,77.609857
61730538,2025-10-17T09:39:00.000,2025-10-21T17:21:00.000,Street Light Out,Closed,Bengaluru,12.955084,77.614983
61730670,2025-10-17T12:48:00.000,2025-10-19T13:31:00.000,Street Light Out,Closed,Mangaluru,12.877751,74.869186
61731048,2025-10-17T13:40:00.000,2025-11-01T09:48:00.000,Street Light Out,Closed,Mangaluru,12.887888,74.858
61731332,2025-10-17T14:01:00.000,2025-10-28T13:57:00.000,Street Light Out,Closed,Tumakuru,13.356041,77.08975
61731536,2025-10-17T17:21:00.000,2025-10-19T14:28:28.000,Street Light Out,Closed,Bengaluru,12.975324,77.614284
61731936,2025-10-17T17:25:00.000,2025-10-28T08:30:00.000,Street Light Out,Closed,Bengaluru,12.912648,77.637569
61732031,2025-10-17T18:13:00.000,2025-10-20T12:11:06.000,Street Light Out,Closed,Hubballi,15.371708,75.130619
61732091,2025-10-17T18:56:00.000,2025-10-22T10:12:00.000,Street Light Out,Closed,Mysuru,12.348338,76.674692
61732223,2025-10-17T23:12:00.000,2025-10-21T11:46:23.000,Street Light Out,Closed,Bengaluru,12.886604,77.525135
61732247,2025-10-18T00:31:00.000,2025-10-20T12:33:00.000,Street Light Out,Closed,Bengaluru,12.979278,77.563389
61732269,2025-10-18T06:05:00.000,2025-12-07T18:49:43.000,Street Light Out,Closed,Mangaluru,12.87801,74.870543
61732449,2025-10-18T08:22:00.000,2025-11-13T13:54:03.000,Street Light Out,Closed,Belagavi,15.845421,74.500263
61732620,2025-10-18T08:42:00.000,2025-11-08T10:48:00.000,Street Light Out,Closed,Mangaluru,12.873886,74.862105
61732714,2025-10-18T10:02:00.000,2025-10-20T17:00:00.000,Street Light Out,Closed,Bengaluru,12.956908,77.642373
61732770,2025-10-18T11:07:00.000,2025-10-24T16:38:20.000,Street Light Dayburning,Closed,Mysuru,12.310024,76.658456
61732995,2025-10-18T11:27:00.000,2025-11-07T17:19:25.000,Street Light Out,Closed,Tumakuru,13.347173,77.072282
61733263,2025-10-18T11:41:00.000,2025-11-15T10:30:48.000,Street Light Dayburning,Closed,Shivamogga,13.931671,75.554987
61733307,2025-10-18T14:37:00.000,2025-10-21T11:19:51.000,Street Light Out,Closed,Tumakuru,13.337467,77.103709
61733877,2025-10-18T15:52:00.000,2025-10-23T12:39:37.000,Street Light Out,Closed,Belagavi,15.838968,74.493418
61733889,2025-10-18T17:15:00.000,2025-11-02T16:20:33.000,Street Light Out,Closed,Tumakuru,13.335084,77.096266
61734031,2025-10-18T17:22:00.000,2025-11-07T08:40:55.000,Street Light Cycling,Closed,Tumakuru,13.380862,77.073393
61734098,2025-10-18T18:38:00.000,2025-10-24T17:07:09.000,Street Light Out,Closed,Belagavi,15.890624,74.513124
61734142,2025-10-18T19:12:00.000,2025-10-24T08:12:00.000,Street Light Cycling,Closed,Shivamogga,13.964044,75.567078
61734304,2025-10-18T20:13:00.000,2025-11-04T10:24:23.000,Street Light Out,Closed,Mangaluru,12.881077,74.867265
61734460,2025-10-18T20:47:00.000,2025-11-02T08:51:01.000,Street Light Out,Closed,Tumakuru,13.365468,77.081323
61734514,2025-10-18T20:56:00.000,2025-10-27T09:29:19.000,Street Light Out,Closed,Tumakuru,13.369382,77.135555
61734670,2025-10-18T21:21:00.000,2025-11-09T18:33:58.000,Street Light Out,Closed,Belagavi,15.848562,74.531808
61734736,2025-10-18T23:05:00.000,2025-11-02T14:32:00.000,Street Light Out,Closed,Hubballi,15.348885,75.154411
61734845,2025-10-19T00:20:00.000,2025-10-26T14:56:00.000,Street Light Out,Closed,Hubballi,15.351714,75.125817
61734919,2025-10-19T01:43:00.000,2025-10-23T11:49:49.000,Street Light Dim,Closed,Tumakuru,13.346646,77.118749
61734925,2025-10-19T05:28:00.000,2025-12-20T13:14:22.000,Street Light Out,Closed,Tumakuru,13.335573,77.116233
61735020,2025-10-19T07:53:00.000,2025-10-23T08:53:19.000,Street Light Cycling,Closed,Hubballi,15.380943,75.124345
61735091,2025-10-19T08:04:00.000,2025-10-20T16:42:48.000,Street Light Out,Closed,Hubballi,15.345955,75.138219
61735311,2025-10-19T10:44:00.000,2025-11-03T18:32:00.000,Street Light Out,Closed,Belagavi,15.797494,74.517984
61735567,2025-10-19T13:14:00.000,2025-10-21T15:15:00.000,Street Light Out,Closed,Mangaluru,12.864384,74.874126
61735797,2025-10-19T15:56:00.000,2025-10-24T16:31:00.000,Street Light Out,Closed,Belagavi,15.850887,74.493623
61735800,2025-10-19T17:11:00.000,2025-10-23T13:26:20.000,Street Light Out,Closed,Belagavi,15.844523,74.492408
61735920,2025-10-19T17:23:00.000,2025-10-22T10:42:36.000,Street Light Out,Closed,Bengaluru,12.9789,77.47511
61736150,2025-10-19T17:52:00.000,2025-11-09T11:58:24.000,Street Light Out,Closed,Shivamogga,13.923135,75.566035
61736301,2025-10-19T18:25:00.000,2025-10-20T16:02:47.000,Street Light Out,Closed,Tumakuru,13.34089,77.111323
61736320,2025-10-19T18:25:00.000,2025-10-21T16:11:00.000,Street Light Out,Closed,Bengaluru,12.95013,77.551384
61736485,2025-10-19T18:51:00.000,2025-10-25T09:18:29.000,Street Light Out,Closed,Mangaluru,12.881354,74.853007
61736499,2025-10-19T19:05:00.000,2025-11-07T12:23:00.000,Street Light Out,Closed,Bengaluru,12.959548,77.657687
61736731,2025-10-19T20:01:00.000,2025-10-27T13:14:09.000,Street Light Out,Closed,Mysuru,12.315475,76.663332
61736801,2025-10-19T20:28:00.000,2025-10-27T15:56:00.000,Street Light Out,Closed,Mysuru,12.31657,76.643583
61736823,2025-10-19T21:13:00.000,2025-10-28T18:48:00.000,Street Light Out,Closed,Mangaluru,12.887856,74.857969
61736947,2025-10-19T21:20:00.000,2025-10-21T11:15:54.000,Lamppost Damaged,Closed,Tumakuru,13.34388,77.103054
61736972,2025-10-20T07:02:00.000,2025-12-13T15:07:00.000,Street Light Out,Closed,Mangaluru,12.903591,74.849483
61737091,2025-10-20T07:38:00.000,2025-10-21T12:26:34.000,Street Light Out,Closed,Bengaluru,12.976162,77.598322
61737244,2025-10-20T09:06:00.000,2025-11-01T10:34:00.000,Street Light Out,Closed,Mangaluru,12.889709,74.852524
61737315,2025-10-20T09:36:00.000,2025-10-22T10:47:55.000,Street Light Out,Closed,Mysuru,12.319264,76.658553
61737566,2025-10-20T10:01:00.000,2025-10-22T14:42:00.000,Street Light Out,Closed,Bengaluru,12.978342,77.581616
61737638,2025-10-20T10:28:00.000,2025-11-14T08:09:08.000,Street Light Out,Closed,Tumakuru,13.323833,77.121956
61737696,2025-10-20T11:22:00.000,2025-10-24T12:02:00.000,Street Light Out,Closed,Hubballi,15.361028,75.133171
61737719,2025-10-20T11:58:00.000,2025-11-20T13:02:00.000,Street Light Dayburning,Closed,Mangaluru,12.887802,74.848148
61738070,2025-10-20T12:34:00.000,2025-11-02T09:53:02.000,Street Light Out,Closed,Mangaluru,12.892061,74.861452
61738225,2025-10-20T13:53:00.000,2025-10-24T08:46:41.000,Street Light Out,Closed,Bengaluru,12.962344,77.642232
61738244,2025-10-20T15:19:00.000,2025-10-23T17:46:00.000,Street Light Out,Closed,Bengaluru,12.984268,77.662467
61738482,2025-10-20T18:24:00.000,2025-10-29T10:52:00.000,Street Light Out,Closed,Bengaluru,13.036554,77.631236
61738520,2025-10-20T19:10:00.000,2025-10-27T17:19:29.000,Street Light Cycling,Closed,Shivamogga,13.940314,75.568899
61738979,2025-10-20T19:49:00.000,2025-11-03T16:15:00.000,Street Light Out,Closed,Tumakuru,13.380466,77.13062
61739039,2025-10-20T20:03:00.000,2025-10-30T12:36:21.000,Street Light Out,Closed,Tumakuru,13.370021,77.129224
61739239,2025-10-20T20:30:00.000,2025-10-26T17:42:33.000,Street Light Out,Closed,Belagavi,15.850803,74.527584
61739285,2025-10-20T20:33:00.000,2025-11-06T09:02:00.000,Street Light Out,Closed,Tumakuru,13.367502,77.127129
61739425,2025-10-20T20:51:00.000,2025-10-28T14:56:00.000,Street Light Out,Closed,Bengaluru,12.966377,77.563874
61739500,2025-10-20T21:32:00.000,2025-11-16T16:38:00.000,Street Light Out,Closed,Hubballi,15.352566,75.123544
61739504,2025-10-20T21:33:00.000,2025-10-23T12:52:00.000,Street Light Out,Closed,Mangaluru,12.875889,74.850974
61739580,2025-10-20T23:01:00.000,2025-10-27T13:44:42.000,Street Light Out,Closed,Bengaluru,12.970688,77.594434
61739589,2025-10-20T23:05:00.000,2025-10-27T08:42:56.000,Street Light Out,Closed,Bengaluru,12.995576,77.585429
61739752,2025-10-21T00:29:00.000,2025-10-29T09:20:34.000,Street Light Out,Closed,Mysuru,12.317935,76.671525
61739753,2025-10-21T02:07:00.000,2025-10-22T09:14:00.000,Lamppost Damaged,Closed,Bengaluru,12.967816,77.544095
61740150,2025-10-21T06:51:00.000,2025-10-29T16:23:00.000,Street Light Cycling,Closed,Bengaluru,12.952266,77.701456
61740250,2025-10-21T09:00:00.000,2025-11-01T10:59:18.000,Street Light Out,Closed,Mysuru,12.286025,76.613866
61740619,2025-10-21T09:05:00.000,2025-10-23T14:46:00.000,Street Light Out,Closed,Mangaluru,12.889306,74.889813
61740684,2025-10-21T09:30:00.000,2025-10-26T17:14:00.000,Lamppost Damaged,Closed,Mysuru,12.251897,76.656254
61740728,2025-10-21T10:10:00.000,2025-10-23T09:43:42.000,Street Light Out,Closed,Mangaluru,12.882352,74.84899
61740811,2025-10-21T10:12:00.000,2025-10-25T16:46:58.000,Street Light Out,Closed,Bengaluru,13.012125,77.575347
61740858,2025-10-21T11:19:00.000,2025-11-01T14:41:57.000,Street Light Out,Closed,Belagavi,15.870258,74.481075
61741040,2025-10-21T11:28:00.000,2025-10-31T18:31:57.000,Street Light Out,Closed,Mysuru,12.306458,76.676144
61741150,2025-10-21T11:36:00.000,2025-10-23T09:21:00.000,Street Light Dim,Closed,Tumakuru,13.346092,77.086012
61741303,2025-10-21T12:59:00.000,2025-10-23T11:48:05.000,Street Light Out,Closed,Mysuru,12.314519,76.644919
61741663,2025-10-21T13:28:00.000,2025-10-29T13:31:13.000,Street Light Out,Closed,Shivamogga,13.944653,75.571449
61741836,2025-10-21T17:39:00.000,2025-10-24T14:30:39.000,Street Light Out,Closed,Mangaluru,12.8731,74.887223
61741837,2025-10-21T18:17:00.000,2025-10-26T15:34:00.000,Street Light Out,Closed,Mangaluru,12.878253,74.901282
61742167,2025-10-21T18:28:00.000,2025-10-30T08:37:48.000,Street Light Out,Closed,Mysuru,12.281891,76.681835
61742256,2025-10-21T18:52:00.000,2025-10-25T16:26:00.000,Street Light Cycling,Closed,Mangaluru,12.847485,74.848327
61742571,2025-10-21T20:56:00.000,2025-10-26T11:30:58.000,Street Light Out,Closed,Mysuru,12.349272,76.675445
61742727,2025-10-21T21:14:00.000,2025-10-29T09:07:23.000,Street Light Out,Closed,Mangaluru,12.882488,74.858409
61743296,2025-10-21T21:58:00.000,2025-10-29T15:17:00.000,Street Light Out,Closed,Mysuru,12.309582,76.650829
61743316,2025-10-22T00:34:00.000,2025-10-31T10:35:00.000,Street Light Out,Closed,Belagavi,15.882154,74.476663
61743582,2025-10-22T08:04:00.000,2025-10-23T12:45:56.000,Street Light Out,Closed,Hubballi,15.38803,75.142145
61743800,2025-10-22T08:14:00.000,2025-10-30T17:30:00.000,Street Light Out,Closed,Bengaluru,12.985691,77.568302
61743819,2025-10-22T09:56:00.000,2025-10-28T17:48:00.000,Street Light Out,Closed,Bengaluru,12.969931,77.60638
61743820,2025-10-22T11:24:00.000,2025-10-28T11:47:00.000,Street Light Out,Closed,Tumakuru,13.337499,77.099995
61743913,2025-10-22T12:06:00.000,2025-11-30T14:18:59.000,Street Light Out,Closed,Hubballi,15.356366,75.147128
61744203,2025-10-22T14:36:00.000,2025-10-23T13:09:01.000,Street Light Dayburning,Closed,Shivamogga,13.933138,75.560925
61744531,2025-10-22T17:06:00.000,2025-10-24T17:46:00.000,Street Light Out,Closed,Bengaluru,12.968949,77.591298
61744551,2025-10-22T17:56:00.000,2025-10-26T08:08:00.000,Street Light Out,Closed,Hubballi,15.366687,75.136973
61744719,2025-10-22T18:19:00.000,2025-10-24T13:06:00.000,Street Light Out,Closed,Bengaluru,12.952105,77.73624
61744735,2025-10-22T19:19:00.000,2025-10-24T13:37:35.000,Street Light Out,Closed,Bengaluru,12.959504,77.632293
61744810,2025-10-22T21:11:00.000,2025-10-28T17:36:22.000,Street Light Out,Closed,Mangaluru,12.892028,74.859588
61744883,2025-10-22T21:32:00.000,2025-10-30T11:43:16.000,Street Light Out,Closed,Mangaluru,12.916518,74.853457
61744886,2025-10-22T21:40:00.000,2025-11-01T11:33:00.000,Street Light Out,Closed,Mangaluru,12.846384,74.870866
61745095,2025-10-22T22:07:00.000,2025-10-28T15:41:00.000,Street Light Out,Closed,Belagavi,15.89429,74.550592
61745295,2025-10-22T22:33:00.000,2025-10-26T09:29:00.000,Street Light Dayburning,Closed,Belagavi,15.854863,74.530788
61745349,2025-10-23T05:28:00.000,2025-10-31T11:57:00.000,Street Light Out,Closed,Mangaluru,12.897803,74.877395
61745383,2025-10-23T05:57:00.000,2025-10-24T18:07:46.000,Street Light Out,Closed,Tumakuru,13.340853,77.111292
61745432,2025-10-23T07:40:00.000,2025-10-27T15:57:05.000,Street Light Out,Closed,Mangaluru,12.926531,74.858669
61745457,2025-10-23T09:18:00.000,2025-10-30T08:12:49.000,Street Light Out,Closed,Mysuru,12.323707,76.620088
61745477,2025-10-23T13:31:00.000,2025-11-03T11:28:26.000,Street Light Out,Closed,Hubballi,15.354372,75.115726
61745509,2025-10-23T13:32:00.000,2025-11-18T18:58:03.000,Street Light Out,Closed,Hubballi,15.359494,75.148143
61745529,2025-10-23T15:16:00.000,2025-10-24T13:15:31.000,Street Light Out,Closed,Mangaluru,12.870308,74.858146
61745680,2025-10-23T15:16:00.000,2025-10-27T16:27:00.000,Street Light Out,Closed,Hubballi,15.344099,75.133052
61745834,2025-10-23T16:46:00.000,2025-12-20T12:35:00.000,Street Light Out,Closed,Mangaluru,12.875542,74.872211
61745877,2025-10-23T17:02:00.000,2025-10-27T15:45:00.000,Street Light Out,Closed,Mangaluru,12.871647,74.858969
61745895,2025-10-23T19:58:00.000,2025-11-01T15:30:00.000,Street Light Out,Closed,Hubballi,15.359779,75.140838
61746184,2025-10-23T20:09:00.000,2025-10-29T10:01:00.000,Street Light Out,Closed,Mysuru,12.303141,76.691051
61746356,2025-10-23T21:24:00.000,2025-10-25T12:39:00.000,Street Light Out,Closed,Hubballi,15.353265,75.12429
61746466,2025-10-23T21:39:00.000,2025-10-24T18:16:42.000,Lamppost Damaged,Closed,Tumakuru,13.33748,77.103753
61746768,2025-10-24T07:43:00.000,2025-10-29T15:47:43.000,Street Light Out,Closed,Bengaluru,12.977048,77.601249
61746870,2025-10-24T09:34:00.000,2025-10-29T10:48:00.000,Street Light Dim,Closed,Belagavi,15.860911,74.515287
61746925,2025-10-24T10:21:00.000,2025-10-30T14:26:00.000,Street Light Out,Closed,Hubballi,15.349401,75.1377
61746959,2025-10-24T14:51:00.000,2025-12-11T17:39:00.000,Street Light Out,Closed,Belagavi,15.837866,74.496093
61747360,2025-10-24T16:18:00.000,2025-10-28T18:51:13.000,Street Light Out,Closed,Bengaluru,13.001424,77.657106
61747418,2025-10-24T17:03:00.000,2025-10-26T10:54:00.000,Street Light Out,Closed,Hubballi,15.365546,75.119524
61747528,2025-10-24T17:42:00.000,2025-11-03T12:31:00.000,Street Light Out,Closed,Hubballi,15.366961,75.118412
61747665,2025-10-24T19:47:00.000,2025-10-31T08:10:00.000,Street Light Out,Closed,Bengaluru,12.965292,77.651749
61747684,2025-10-24T20:39:00.000,2025-10-29T14:00:20.000,Street Light Out,Closed,Mysuru,12.303455,76.646324
61747743,2025-10-24T22:20:00.000,2025-11-28T13:52:26.000,Street Light Out,Closed,Hubballi,15.358294,75.148678
61747841,2025-10-25T00:32:00.000,2025-12-04T14:21:00.000,Street Light Out,Closed,Shivamogga,13.958108,75.555214
61747928,2025-10-25T05:28:00.000,2025-11-01T10:51:00.000,Street Light Out,Closed,Mysuru,12.350459,76.632508
61747931,2025-10-25T06:23:00.000,2025-10-30T17:57:00.000,Street Light Out,Closed,Bengaluru,12.972248,77.598245
61747953,2025-10-25T06:37:00.000,2025-10-27T15:43:06.000,Street Light Out,Closed,Bengaluru,12.97274,77.604892
61748069,2025-10-25T06:54:00.000,2025-10-30T12:28:00.000,Street Light Dim,Closed,Bengaluru,12.98695,77.699485
61748316,2025-10-25T08:54:00.000,2025-10-31T18:09:00.000,Street Light Out,Closed,Bengaluru,13.005919,77.503564
61748943,2025-10-25T09:49:00.000,2025-11-01T10:17:43.000,Street Light Out,Closed,Bengaluru,12.963262,77.601199
61748964,2025-10-25T10:54:00.000,2025-10-27T12:54:00.000,Street Light Out,Closed,Bengaluru,12.904417,77.606915
61749105,2025-10-25T11:42:00.000,2025-10-30T17:30:00.000,Street Light Dim,Closed,Bengaluru,13.017963,77.618273
61749805,2025-10-25T14:41:00.000,2025-10-30T08:08:25.000,Street Light Out,Closed,Bengaluru,12.971144,77.600732
61749904,2025-10-25T17:47:00.000,2025-10-27T11:41:00.000,Street Light Out,Closed,Bengaluru,12.937899,77.658191
61750130,2025-10-25T18:47:00.000,2025-10-28T17:10:50.000,Street Light Out,Closed,Hubballi,15.361099,75.133187
61750284,2025-10-25T19:03:00.000,2025-10-27T17:10:52.000,Street Light Out,Closed,Mysuru,12.304177,76.624298
61750368,2025-10-25T19:57:00.000,2025-11-03T09:16:06.000,Street Light Out,Closed,Belagavi,15.886543,74.483094
61750513,2025-10-25T20:35:00.000,2025-11-02T13:47:15.000,Street Light Out,Closed,Bengaluru,13.123071,77.613884
61750580,2025-10-25T20:47:00.000,2025-10-31T12:50:05.000,Street Light Out,Closed,Bengaluru,13.013855,77.572051
61750600,2025-10-25T21:58:00.000,2025-11-07T14:30:52.000,Street Light Cycling,Closed,Mysuru,12.317321,76.668156
61750739,2025-10-25T22:11:00.000,2025-10-27T08:48:00.000,Street Light Out,Closed,Bengaluru,12.975033,77.607044
61750875,2025-10-25T22:31:00.000,2025-10-28T14:17:00.000,Street Light Out,Closed,Belagavi,15.830394,74.522412
61750914,2025-10-25T23:36:00.000,2025-11-01T15:31:09.000,Lamppost Damaged,Closed,Bengaluru,12.959301,77.592669
61750952,2025-10-25T23:52:00.000,2025-11-03T18:19:21.000,Street Light Out,Closed,Tumakuru,13.337973,77.100004
61750991,2025-10-26T00:52:00.000,2025-11-07T11:49:00.000,Street Light Out,Closed,Bengaluru,12.930562,77.621793
61751014,2025-10-26T01:00:00.000,2025-10-29T14:01:12.000,Street Light Out,Closed,Mysuru,12.267307,76.632991
61751129,2025-10-26T01:03:00.000,2025-11-01T14:50:00.000,Street Light Out,Closed,Hubballi,15.376998,75.143714
61751145,2025-10-26T05:35:00.000,2025-11-14T10:03:00.000,Street Light Out,Closed,Bengaluru,12.982154,77.634472
61751221,2025-10-26T06:45:00.000,2025-11-07T16:12:00.000,Street Light Out,Closed,Bengaluru,12.943614,77.547675
61751353,2025-10-26T12:39:00.000,2025-11-09T08:46:00.000,Street Light Out,Closed,Mysuru,12.301931,76.637359
61751413,2025-10-26T18:43:00.000,2025-11-01T15:56:17.000,Street Light Out,Closed,Bengaluru,12.970453,77.59626
61751702,2025-10-26T18:46:00.000,2025-10-30T12:27:00.000,Street Light Out,Closed,Mysuru,12.293224,76.670828
61751798,2025-10-26T19:48:00.000,2025-10-31T10:16:11.000,Street Light Dim,Closed,Mysuru,12.298183,76.641709
61751863,2025-10-26T20:31:00.000,2025-11-04T09:03:00.000,Street Light Out,Closed,Bengaluru,13.035498,77.623581
61751888,2025-10-26T21:09:00.000,2025-11-04T09:34:49.000,Street Light Out,Closed,Bengaluru,12.921678,77.5274
61751922,2025-10-26T21:27:00.000,2025-10-30T13:05:25.000,Street Light Out,Closed,Mysuru,12.311414,76.649539
61751958,2025-10-26T23:44:00.000,2025-11-02T08:59:00.000,Street Light Out,Closed,Tumakuru,13.343065,77.098521
61751976,2025-10-27T00:18:00.000,2025-11-24T12:48:00.000,Street Light Dim,Closed,Hubballi,15.350946,75.157592
61752067,2025-10-27T06:21:00.000,2025-10-31T14:08:48.000,Street Light Out,Closed,Mysuru,12.342547,76.679067
61752198,2025-10-27T07:28:00.000,2025-10-31T08:50:00.000,Street Light Out,Closed,Bengaluru,12.931463,77.606206
61752508,2025-10-27T08:14:00.000,2025-10-30T14:39:04.000,Street Light Out,Closed,Bengaluru,12.992302,77.620438
61752531,2025-10-27T09:26:00.000,2025-11-02T17:20:00.000,Street Light Out,Closed,Shivamogga,13.932222,75.569486
61752781,2025-10-27T09:27:00.000,2025-11-02T10:38:00.000,Street Light Out,Closed,Mysuru,12.309493,76.679795
61753260,2025-10-27T09:35:00.000,2025-10-28T16:59:00.000,Street Light Out,Closed,Mysuru,12.259524,76.642331
61753769,2025-10-27T09:51:00.000,2025-11-03T08:20:00.000,Street Light Out,Closed,Bengaluru,12.94324,77.577845
61753864,2025-10-27T10:08:00.000,2025-11-08T12:50:14.000,Street Light Out,Closed,Bengaluru,12.960955,77.655354
61753931,2025-10-27T10:50:00.000,2025-10-28T18:28:00.000,Street Light Out,Closed,Bengaluru,12.988278,77.665169
61754484,2025-10-27T10:59:00.000,2025-11-25T09:41:16.000,Street Light Out,Closed,Hubballi,15.380836,75.134802
61754570,2025-10-27T16:20:00.000,2025-11-09T16:18:32.000,Street Light Out,Closed,Tumakuru,13.374612,77.128238
61754820,2025-10-27T18:54:00.000,2025-11-07T09:22:40.000,Street Light Out,Closed,Tumakuru,13.347992,77.103975
61754886,2025-10-27T20:09:00.000,2025-11-04T16:47:00.000,Street Light Out,Closed,Mangaluru,12.891485,74.89367
61755035,2025-10-27T20:35:00.000,2025-10-29T12:42:58.000,Street Light Out,Closed,Bengaluru,12.987541,77.645049
61755097,2025-10-27T20:39:00.000,2025-11-10T10:44:00.000,Street Light Out,Closed,Tumakuru,13.328704,77.105784
61755924,2025-10-27T23:35:00.000,2025-11-05T10:02:00.000,Street Light Out,Closed,Belagavi,15.843258,74.523295
61756216,2025-10-28T06:30:00.000,2025-11-11T16:19:00.000,Street Light Out,Closed,Belagavi,15.843439,74.491192
61756232,2025-10-28T09:13:00.000,2025-10-31T18:10:05.000,Street Light Out,Closed,Hubballi,15.351687,75.127617
61756371,2025-10-28T09:26:00.000,2025-11-01T17:03:00.000,Street Light Out,Closed,Hubballi,15.356322,75.118026
61756482,2025-10-28T09:30:00.000,2025-11-07T13:49:00.000,Street Light Out,Closed,Mangaluru,12.886284,74.903465
61756681,2025-10-28T09:44:00.000,2025-11-01T09:31:00.000,Street Light Out,Closed,Bengaluru,12.940088,77.607419
61756782,2025-10-28T10:19:00.000,2025-11-04T08:18:00.000,Street Light Out,Closed,Mysuru,12.303188,76.650406
61756833,2025-10-28T10:59:00.000,2025-11-30T17:30:09.000,Street Light Out,Closed,Bengaluru,12.960834,77.650501
61756852,2025-10-28T11:12:00.000,2025-11-07T10:10:00.000,Street Light Out,Closed,Belagavi,15.849903,74.470872
61756941,2025-10-28T11:18:00.000,2025-11-02T13:20:14.000,Street Light Dim,Closed,Belagavi,15.820397,74.553701
61756954,2025-10-28T13:22:00.000,2025-11-20T17:35:17.000,Street Light Dayburning,Closed,Bengaluru,12.992828,77.537447
61757249,2025-10-28T13:43:00.000,2025-11-07T11:12:00.000,Street Light Out,Closed,Mangaluru,12.858397,74.845741
61757703,2025-10-28T14:35:00.000,2025-11-01T11:30:00.000,Street Light Dayburning,Closed,Tumakuru,13.3245,77.080055
61757726,2025-10-28T20:02:00.000,2025-11-05T10:06:58.000,Street Light Cycling,Closed,Hubballi,15.356065,75.135278
61757876,2025-10-28T20:37:00.000,2025-11-08T16:09:00.000,Street Light Out,Closed,Belagavi,15.845717,74.484757
61757985,2025-10-28T20:52:00.000,2025-11-02T09:18:36.000,Street Light Out,Closed,Mysuru,12.307614,76.649344
61758368,2025-10-28T21:35:00.000,2025-11-01T16:35:00.000,Street Light Cycling,Closed,Belagavi,15.833293,74.495333
61758406,2025-10-28T23:01:00.000,2025-11-07T15:58:26.000,Street Light Out,Closed,Bengaluru,12.990773,77.598132
61758567,2025-10-28T23:30:00.000,2025-11-01T16:43:00.000,Street Light Out,Closed,Mysuru,12.297128,76.640395
61758642,2025-10-29T05:29:00.000,2025-11-12T11:53:40.000,Street Light Out,Closed,Hubballi,15.38479,75.120678
61758770,2025-10-29T07:51:00.000,2025-11-02T09:40:00.000,Street Light Out,Closed,Mysuru,12.314414,76.661378
61758931,2025-10-29T09:38:00.000,2025-11-06T16:57:00.000,Street Light Out,Closed,Mysuru,12.302194,76.65228
61759033,2025-10-29T10:24:00.000,2025-10-31T13:13:43.000,Street Light Out,Closed,Bengaluru,13.022136,77.576424
61759083,2025-10-29T12:09:00.000,2025-11-14T14:45:18.000,Street Light Out,Closed,Mysuru,12.324355,76.651404
61759372,2025-10-29T13:09:00.000,2025-11-02T17:38:50.000,Street Light Out,Closed,Hubballi,15.350674,75.132742
61759419,2025-10-29T16:08:00.000,2025-10-30T13:56:00.000,Street Light Out,Closed,Bengaluru,12.966166,77.582763
61759508,2025-10-29T17:14:00.000,2025-10-30T17:13:00.000,Street Light Out,Closed,Bengaluru,13.004045,77.583345
61759575,2025-10-29T17:17:00.000,2025-10-31T10:19:27.000,Street Light Out,Closed,Tumakuru,13.36528,77.137611
61759733,2025-10-29T18:52:00.000,2025-11-06T18:43:43.000,Street Light Out,Closed,Belagavi,15.848467,74.48996
61759811,2025-10-29T19:25:00.000,2025-11-05T09:07:00.000,Street Light Out,Closed,Shivamogga,13.910232,75.559271
61760241,2025-10-29T19:31:00.000,2025-10-30T09:17:18.000,Street Light Out,Closed,Mangaluru,12.876316,74.86874
61760720,2025-10-29T19:41:00.000,2025-10-30T18:58:30.000,Street Light Out,Closed,Mysuru,12.305912,76.677195
61760724,2025-10-29T19:50:00.000,2025-11-02T13:51:32.000,Street Light Out,Closed,Belagavi,15.839729,74.492485
61760726,2025-10-29T20:04:00.000,2025-11-08T13:11:09.000,Street Light Dayburning,Closed,Mysuru,12.300066,76.667676
61760770,2025-10-29T21:21:00.000,2025-11-03T17:56:58.000,Street Light Out,Closed,Mysuru,12.300112,76.642391
61760906,2025-10-29T22:26:00.000,2025-11-18T09:14:00.000,Street Light Out,Closed,Mysuru,12.262498,76.692299
61760953,2025-10-29T22:26:00.000,2025-11-18T18:27:00.000,Street Light Out,Closed,Tumakuru,13.323784,77.093577
61761040,2025-10-30T01:36:00.000,2025-11-24T17:27:00.000,Street Light Out,Closed,Mysuru,12.307728,76.681589
61761065,2025-10-30T04:20:00.000,2025-10-31T16:17:54.000,Street Light Out,Closed,Mysuru,12.31933,76.650235
61761205,2025-10-30T08:01:00.000,2025-11-02T08:23:02.000,Street Light Out,Closed,Tumakuru,13.340029,77.082322
61761251,2025-10-30T08:23:00.000,2025-11-06T13:10:00.000,Street Light Out,Closed,Bengaluru,12.951624,77.537368
61761365,2025-10-30T08:34:00.000,2025-11-01T16:06:00.000,Street Light Out,Closed,Bengaluru,12.878227,77.556538
61761758,2025-10-30T09:06:00.000,2025-11-02T15:13:00.000,Street Light Out,Closed,Mangaluru,12.875664,74.865199
61761980,2025-10-30T09:49:00.000,2025-11-05T12:52:21.000,Street Light Out,Closed,Mysuru,12.304026,76.651267
61762126,2025-10-30T12:25:00.000,2025-11-04T10:18:00.000,Street Light Out,Closed,Bengaluru,12.979153,77.703042
61762181,2025-10-30T16:04:00.000,2025-11-05T08:15:00.000,Street Light Out,Closed,Mysuru,12.307795,76.654427
61762320,2025-10-30T18:06:00.000,2025-11-12T18:49:03.000,Street Light Out,Closed,Belagavi,15.842658,74.519282
61762465,2025-10-30T19:36:00.000,2025-11-04T17:02:14.000,Street Light Out,Closed,Shivamogga,13.960786,75.551134
61762485,2025-10-30T22:12:00.000,2025-11-07T11:15:08.000,Street Light Out,Closed,Bengaluru,12.876603,77.57907
61762549,2025-10-30T23:12:00.000,2025-11-08T17:09:00.000,Street Light Out,Closed,Mysuru,12.331431,76.645099
61762650,2025-10-31T06:13:00.000,2025-11-05T17:30:57.000,Street Light Out,Closed,Mysuru,12.331931,76.688393
61762692,2025-10-31T07:48:00.000,2025-11-11T14:28:00.000,Street Light Out,Closed,Mysuru,12.276907,76.635504
61763037,2025-10-31T09:01:00.000,2025-11-05T14:53:00.000,Street Light Out,Closed,Mysuru,12.291547,76.618084
61763490,2025-10-31T09:59:00.000,2025-11-01T18:34:46.000,Street Light Out,Closed,Tumakuru,13.372822,77.135179
61763550,2025-10-31T10:10:00.000,2025-11-21T18:27:00.000,Street Light Out,Closed,Belagavi,15.870018,74.48701
61763653,2025-10-31T10:12:00.000,2025-11-06T09:20:29.000,Street Light Out,Closed,Mangaluru,12.876791,74.878308
61764039,2025-10-31T10:34:00.000,2025-11-13T15:05:00.000,Street Light Out,Closed,Belagavi,15.842514,74.489626
61764135,2025-10-31T11:57:00.000,2025-11-04T15:42:00.000,Street Light Out,Closed,Bengaluru,12.989609,77.599231
61764223,2025-10-31T16:34:00.000,2025-11-03T11:01:00.000,Street Light Out,Closed,Belagavi,15.850551,74.563298
61764321,2025-10-31T17:27:00.000,2025-11-02T09:19:53.000,Street Light Out,Closed,Bengaluru,12.959895,77.657321
61764582,2025-10-31T17:50:00.000,2025-11-15T17:27:00.000,Street Light Out,Closed,Shivamogga,13.935105,75.559845
61764957,2025-10-31T17:52:00.000,2025-11-12T12:22:00.000,Street Light Out,Closed,Belagavi,15.886419,74.482817
61765110,2025-10-31T18:46:00.000,2025-11-02T12:21:43.000,Street Light Out,Closed,Mangaluru,12.874267,74.861608
61765121,2025-10-31T19:12:00.000,2025-11-04T08:05:18.000,Street Light Dim,Closed,Bengaluru,12.987168,77.579672
61765131,2025-10-31T19:38:00.000,2025-11-08T12:06:00.000,Street Light Out,Closed,Mangaluru,12.886255,74.861687
61765138,2025-10-31T19:50:00.000,2025-11-09T10:54:00.000,Street Light Out,Closed,Bengaluru,12.977047,77.60131
61765295,2025-10-31T20:10:00.000,2025-11-02T13:06:46.000,Street Light Out,Closed,Bengaluru,12.982708,77.586281
61765482,2025-10-31T20:57:00.000,2025-11-04T10:29:16.000,Street Light Dayburning,Closed,Bengaluru,12.978268,77.581591
61765545,2025-10-31T21:25:00.000,2025-11-19T15:32:44.000,Street Light Out,Closed,Belagavi,15.879699,74.495631
61765588,2025-10-31T21:45:00.000,2025-11-03T11:55:00.000,Street Light Dim,Closed,Mangaluru,12.90626,74.891309
61765614,2025-10-31T23:32:00.000,2025-11-03T15:58:00.000,Street Light Out,Closed,Hubballi,15.378676,75.124727
61765721,2025-11-01T01:30:00.000,2025-11-04T13:15:00.000,Street Light Cycling,Closed,Mysuru,12.317886,76.666241
61765738,2025-11-01T07:05:00.000,2025-11-13T17:24:00.000,Street Light Out,Closed,Hubballi,15.391375,75.13646
61765973,2025-11-01T09:57:00.000,2025-11-05T11:59:26.000,Street Light Out,Closed,Bengaluru,13.003702,77.566077
61766091,2025-11-01T10:11:00.000,2025-11-08T10:51:48.000,Street Light Out,Closed,Hubballi,15.35535,75.122412
61766117,2025-11-01T11:34:00.000,2025-11-03T14:24:46.000,Street Light Out,Closed,Mysuru,12.272968,76.695078
61766325,2025-11-01T13:24:00.000,2025-11-06T15:56:30.000,Street Light Out,Closed,Mysuru,12.322664,76.655048
61766433,2025-11-01T13:33:00.000,2025-12-18T12:25:33.000,Street Light Out,Closed,Mangaluru,12.872035,74.854544
61766509,2025-11-01T15:09:00.000,2025-11-07T13:13:18.000,Street Light Out,Closed,Mangaluru,12.896011,74.857177
61766706,2025-11-01T16:12:00.000,2025-11-08T14:22:00.000,Street Light Out,Closed,Bengaluru,12.983798,77.661836
61766710,2025-11-01T16:30:00.000,2025-11-21T12:51:32.000,Street Light Out,Closed,Mangaluru,12.894974,74.864414
61766756,2025-11-01T21:08:00.000,2025-11-03T09:21:00.000,Street Light Out,Closed,Mysuru,12.342476,76.600309
61766851,2025-11-01T22:45:00.000,2025-11-03T18:25:00.000,Street Light Out,Closed,Belagavi,15.880719,74.455525
61766885,2025-11-01T22:47:00.000,2025-11-12T11:05:20.000,Street Light Out,Closed,Mysuru,12.328618,76.683679
61766886,2025-11-01T23:10:00.000,2025-11-07T10:57:00.000,Street Light Out,Closed,Bengaluru,12.922477,77.60121
61766971,2025-11-01T23:14:00.000,2025-11-03T09:27:32.000,Street Light Out,Closed,Bengaluru,12.974726,77.614975
61767057,2025-11-01T23:34:00.000,2025-11-04T10:19:00.000,Street Light Out,Closed,Mysuru,12.338039,76.653316
61767256,2025-11-02T00:50:00.000,2025-11-09T18:40:00.000,Street Light Out,Closed,Tumakuru,13.348472,77.091162
61767522,2025-11-02T01:21:00.000,2025-11-16T12:00:00.000,Street Light Out,Closed,Shivamogga,13.956627,75.538622
61767599,2025-11-02T03:06:00.000,2025-11-04T18:21:09.000,Street Light Out,Closed,Bengaluru,13.010715,77.562503
61767787,2025-11-02T05:33:00.000,2025-11-03T16:43:00.000,Street Light Out,Closed,Bengaluru,12.979037,77.572526
61767811,2025-11-02T06:34:00.000,2025-11-05T14:20:00.000,Street Light Out,Closed,Hubballi,15.381407,75.126264
61767938,2025-11-02T09:12:00.000,2025-11-19T08:11:43.000,Street Light Out,Closed,Hubballi,15.350288,75.151753
61767951,2025-11-02T09:45:00.000,2025-11-09T13:19:46.000,Street Light Out,Closed,Bengaluru,13.001193,77.585549
61768126,2025-11-02T09:52:00.000,2025-11-04T17:52:00.000,Street Light Out,Closed,Hubballi,15.355562,75.126692
61768415,2025-11-02T10:18:00.000,2025-11-09T11:53:00.000,Street Light Out,Closed,Hubballi,15.360964,75.117517
61768617,2025-11-02T11:04:00.000,2025-11-06T14:22:00.000,Street Light Out,Closed,Shivamogga,13.913404,75.56317
61768645,2025-11-02T11:29:00.000,2025-12-28T14:10:00.000,Street Light Out,Closed,Bengaluru,12.924223,77.66108
61768715,2025-11-02T14:29:00.000,2025-11-09T12:59:00.000,Street Light Out,Closed,Bengaluru,12.947827,77.620999
61769115,2025-11-02T15:16:00.000,2025-11-14T13:28:03.000,Street Light Out,Closed,Belagavi,15.877872,74.510314
61769227,2025-11-02T16:13:00.000,2025-11-04T12:08:00.000,Street Light Out,Closed,Mysuru,12.29378,76.642435
61769267,2025-11-02T17:04:00.000,2025-11-06T16:09:00.000,Street Light Out,Closed,Mangaluru,12.898674,74.862366
61769290,2025-11-02T18:40:00.000,2025-11-08T17:44:00.000,Street Light Out,Closed,Mysuru,12.328884,76.654608
61769564,2025-11-02T18:48:00.000,2025-11-05T16:26:07.000,Street Light Out,Closed,Mangaluru,12.87169,74.85901
61770095,2025-11-02T19:19:00.000,2025-11-09T14:08:00.000,Street Light Out,Closed,Bengaluru,12.969473,77.610556
61770338,2025-11-02T19:19:00.000,2025-11-14T13:22:36.000,Street Light Out,Closed,Bengaluru,12.93591,77.610103
61770434,2025-11-02T19:49:00.000,2025-11-04T13:35:52.000,Street Light Out,Closed,Hubballi,15.36706,75.16209
61770464,2025-11-02T21:25:00.000,2025-11-12T14:00:44.000,Street Light Out,Closed,Hubballi,15.348243,75.121888
61770720,2025-11-02T22:08:00.000,2025-11-05T18:07:58.000,Street Light Out,Closed,Mangaluru,12.871392,74.871039
61770730,2025-11-02T23:14:00.000,2025-11-13T16:11:44.000,Street Light Dayburning,Closed,Hubballi,15.379306,75.14381
61770855,2025-11-03T03:48:00.000,2025-11-08T16:54:18.000,Street Light Out,Closed,Shivamogga,13.950213,75.537224
61771327,2025-11-03T06:06:00.000,2025-11-05T10:49:10.000,Street Light Out,Closed,Mysuru,12.314914,76.637803
61771566,2025-11-03T06:32:00.000,2025-11-08T12:16:00.000,Street Light Dim,Closed,Shivamogga,13.933015,75.560913
61771638,2025-11-03T07:47:00.000,2025-11-08T15:53:00.000,Street Light Out,Closed,Mysuru,12.304204,76.663356
61771827,2025-11-03T08:49:00.000,2025-11-09T17:52:03.000,Street Light Dayburning,Closed,Mysuru,12.316627,76.670446
61772372,2025-11-03T11:44:00.000,2025-11-06T11:03:00.000,Street Light Out,Closed,Mangaluru,12.879269,74.868818
61772499,2025-11-03T16:43:00.000,2025-11-06T09:28:37.000,Street Light Out,Closed,Mangaluru,12.882793,74.846168
61772563,2025-11-03T20:43:00.000,2025-11-04T13:47:28.000,Street Light Out,Closed,Bengaluru,12.992248,77.620436
61772728,2025-11-03T22:00:00.000,2025-11-06T15:05:00.000,Street Light Out,Closed,Mysuru,12.305351,76.667646
61772734,2025-11-03T23:29:00.000,2025-11-05T08:47:26.000,Street Light Out,Closed,Bengaluru,13.004841,77.550865
61772882,2025-11-04T06:58:00.000,2025-11-29T18:14:01.000,Street Light Out,Closed,Bengaluru,12.885423,77.522348
61773014,2025-11-04T08:02:00.000,2025-11-06T13:38:37.000,Street Light Out,Closed,Bengaluru,13.008609,77.575538
61773387,2025-11-04T09:26:00.000,2025-11-05T12:03:00.000,Street Light Out,Closed,Tumakuru,13.337857,77.132972
61773395,2025-11-04T10:12:00.000,2025-11-14T15:53:00.000,Street Light Out,Closed,Mysuru,12.305205,76.663816
61773710,2025-11-04T12:02:00.000,2025-11-14T16:17:39.000,Street Light Out,Closed,Mangaluru,12.917089,74.858839
61773737,2025-11-04T16:20:00.000,2025-11-09T08:46:08.000,Street Light Out,Closed,Bengaluru,12.962858,77.567949
61773905,2025-11-04T17:16:00.000,2025-11-09T11:50:00.000,Street Light Out,Closed,Mysuru,12.305206,76.658247
61773981,2025-11-04T17:24:00.000,2025-11-15T11:55:20.000,Street Light Out,Closed,Bengaluru,12.929191,77.612256
61774036,2025-11-04T22:09:00.000,2025-11-06T15:46:00.000,Street Light Cycling,Closed,Mysuru,12.314559,76.669989
61774082,2025-11-04T23:16:00.000,2025-11-07T13:04:00.000,Street Light Out,Closed,Hubballi,15.359131,75.143462
61774095,2025-11-04T23:17:00.000,2025-11-09T16:21:48.000,Street Light Cycling,Closed,Belagavi,15.851743,74.472181
61774134,2025-11-04T23:41:00.000,2025-11-09T16:13:19.000,Street Light Out,Closed,Mysuru,12.291512,76.643337
61774215,2025-11-04T23:43:00.000,2025-11-19T16:37:00.000,Street Light Dim,Closed,Tumakuru,13.339502,77.059997
61774234,2025-11-05T02:05:00.000,2025-11-08T12:13:00.000,Street Light Out,Closed,Hubballi,15.365353,75.127701
61774457,2025-11-05T02:07:00.000,2025-11-09T15:38:55.000,Street Light Out,Closed,Mysuru,12.311655,76.651264
61774604,2025-11-05T04:29:00.000,2025-11-09T12:28:00.000,Street Light Cycling,Closed,Mysuru,12.28225,76.687006
61774652,2025-11-05T05:15:00.000,2025-11-11T15:36:00.000,Street Light Out,Closed,Belagavi,15.842751,74.482259
61774684,2025-11-05T07:23:00.000,2025-11-08T10:52:42.000,Lamppost Damaged,Closed,Mangaluru,12.87475,74.860037
61774771,2025-11-05T07:58:00.000,2025-11-07T09:50:00.000,Street Light Out,Closed,Bengaluru,12.85955,77.572429
61774844,2025-11-05T08:39:00.000,2025-11-06T14:30:15.000,Street Light Out,Closed,Hubballi,15.384041,75.130737
61774890,2025-11-05T08:45:00.000,2025-11-06T14:27:07.000,Street Light Out,Closed,Bengaluru,12.979769,77.554782
61775113,2025-11-05T15:44:00.000,2025-11-13T10:04:00.000,Street Light Out,Closed,Hubballi,15.388124,75.143494
61775221,2025-11-05T17:31:00.000,2025-11-07T12:31:00.000,Street Light Out,Closed,Mysuru,12.302814,76.644303
61775522,2025-11-05T17:32:00.000,2025-11-07T08:50:00.000,Street Light Out,Closed,Bengaluru,13.040642,77.68212
61776006,2025-11-05T17:42:00.000,,Street Light Out,Open,Tumakuru,13.346618,77.11884
61776317,2025-11-05T19:28:00.000,2025-11-09T10:08:02.000,Street Light Out,Closed,Bengaluru,12.943858,77.575036
61776353,2025-11-05T21:44:00.000,2025-11-10T14:43:14.000,Street Light Out,Closed,Bengaluru,13.016926,77.582443
61776390,2025-11-05T23:51:00.000,2025-11-09T16:17:22.000,Street Light Out,Closed,Bengaluru,12.961582,77.632161
61776407,2025-11-06T01:32:00.000,2025-11-07T18:17:00.000,Street Light Cycling,Closed,Bengaluru,12.954246,77.565945
61776437,2025-11-06T03:44:00.000,2025-11-12T14:13:00.000,Street Light Out,Closed,Bengaluru,13.03948,77.681387
61776546,2025-11-06T07:43:00.000,2025-11-10T08:46:50.000,Street Light Out,Closed,Tumakuru,13.355823,77.081346
61776803,2025-11-06T08:19:00.000,2025-11-17T11:10:43.000,Street Light Dim,Closed,Bengaluru,12.984836,77.559656
61776882,2025-11-06T09:28:00.000,2025-11-11T12:53:00.000,Street Light Out,Closed,Belagavi,15.865381,74.497296
61777067,2025-11-06T10:44:00.000,2025-11-23T13:32:16.000,Street Light Out,Closed,Tumakuru,13.345098,77.087979
61777133,2025-11-06T17:14:00.000,2025-11-10T10:43:40.000,Street Light Out,Closed,Tumakuru,13.339519,77.090689
61777181,2025-11-06T17:16:00.000,2025-11-10T16:35:45.000,Street Light Cycling,Closed,Tumakuru,13.336022,77.094717
61777574,2025-11-06T17:39:00.000,2025-11-11T11:58:00.000,Street Light Out,Closed,Mysuru,12.270589,76.624342
61777691,2025-11-06T18:38:00.000,2025-11-11T14:59:00.000,Street Light Out,Closed,Hubballi,15.385395,75.111543
61778110,2025-11-06T20:03:00.000,2025-11-14T13:53:00.000,Street Light Out,Closed,Mangaluru,12.881122,74.858643
61778244,2025-11-06T20:08:00.000,2025-11-24T16:36:00.000,Street Light Out,Closed,Bengaluru,12.927808,77.637394
61778496,2025-11-06T21:07:00.000,2025-11-15T12:39:00.000,Street Light Out,Closed,Mysuru,12.312591,76.647284
61778637,2025-11-06T21:28:00.000,2025-11-10T17:48:00.000,Street Light Out,Closed,Bengaluru,12.982325,77.561172
61778742,2025-11-06T22:17:00.000,2025-11-14T17:09:00.000,Street Light Out,Closed,Bengaluru,12.973404,77.581769
61778950,2025-11-06T23:35:00.000,2025-11-08T15:28:32.000,Street Light Out,Closed,Bengaluru,12.972543,77.653218
61779086,2025-11-07T00:48:00.000,2025-11-12T10:13:01.000,Street Light Out,Closed,Shivamogga,13.926101,75.571356
61779114,2025-11-07T06:50:00.000,2025-11-25T08:03:00.000,Street Light Out,Closed,Shivamogga,13.924763,75.564856
61779131,2025-11-07T13:53:00.000,2025-11-10T14:05:00.000,Street Light Out,Closed,Mysuru,12.294428,76.657735
61779140,2025-11-07T16:05:00.000,,Street Light Cycling,Open,Shivamogga,13.90238,75.577602
61779289,2025-11-07T17:09:00.000,2025-11-09T18:20:00.000,Street Light Out,Closed,Mysuru,12.298058,76.641733
61779313,2025-11-07T18:10:00.000,2025-11-18T10:50:00.000,Street Light Out,Closed,Mysuru,12.29529,76.620048
61779492,2025-11-07T18:22:00.000,2025-11-09T16:02:41.000,Street Light Out,Closed,Tumakuru,13.324554,77.080131
61779502,2025-11-07T18:48:00.000,2025-11-10T18:49:01.000,Street Light Out,Closed,Belagavi,15.8276,74.5555
61779563,2025-11-07T19:19:00.000,2025-11-10T11:29:00.000,Street Light Out,Closed,Mysuru,12.299679,76.667646
61779792,2025-11-07T19:32:00.000,2025-11-12T12:35:00.000,Street Light Out,Closed,Hubballi,15.361977,75.115159
61779885,2025-11-07T19:54:00.000,2025-12-03T11:19:00.000,Street Light Out,Closed,Shivamogga,13.923202,75.578783
61780065,2025-11-07T20:55:00.000,2025-11-14T18:38:00.000,Street Light Out,Closed,Mysuru,12.263211,76.688332
61780088,2025-11-07T21:14:00.000,2025-11-11T12:54:00.000,Street Light Out,Closed,Bengaluru,13.026219,77.515288
61780218,2025-11-07T23:50:00.000,2025-11-16T16:32:49.000,Street Light Dayburning,Closed,Tumakuru,13.358136,77.082412
61780292,2025-11-08T00:07:00.000,2025-12-22T18:45:31.000,Street Light Out,Closed,Mysuru,12.313045,76.652129
61780353,2025-11-08T04:40:00.000,2025-11-23T14:07:00.000,Street Light Out,Closed,Bengaluru,12.973583,77.596901
61780405,2025-11-08T06:17:00.000,2025-11-15T11:16:00.000,Street Light Out,Closed,Bengaluru,12.969615,77.57295
61780471,2025-11-08T10:04:00.000,2025-11-11T14:51:00.000,Street Light Out,Closed,Mangaluru,12.886272,74.903495
61780567,2025-11-08T14:39:00.000,2025-11-19T09:30:00.000,Street Light Dim,Closed,Bengaluru,12.976287,77.585931
61780569,2025-11-08T16:49:00.000,2025-11-11T17:57:00.000,Street Light Out,Closed,Shivamogga,13.893694,75.578747
61780660,2025-11-08T18:57:00.000,2025-11-15T08:26:41.000,Street Light Out,Closed,Belagavi,15.856227,74.529176
61780748,2025-11-08T20:06:00.000,2025-11-10T16:49:32.000,Street Light Out,Closed,Belagavi,15.844775,74.489703
61780830,2025-11-08T20:52:00.000,,Street Light Out,In Progress,Bengaluru,12.956696,77.745992
61780871,2025-11-08T21:00:00.000,2025-11-11T08:53:00.000,Street Light Out,Closed,Mangaluru,12.895396,74.868703
61781173,2025-11-08T21:37:00.000,2025-11-17T08:18:06.000,Street Light Out,Closed,Tumakuru,13.359694,77.091479
61781303,2025-11-08T21:46:00.000,2025-11-12T10:39:58.000,Street Light Out,Closed,Belagavi,15.838297,74.488781
61781457,2025-11-08T22:17:00.000,2025-11-12T08:21:33.000,Street Light Out,Closed,Mysuru,12.26183,76.656723
61781617,2025-11-08T23:50:00.000,2025-11-18T10:59:39.000,Street Light Out,Closed,Shivamogga,13.920242,75.53841
61781620,2025-11-09T00:44:00.000,2025-11-18T08:55:52.000,Street Light Out,Closed,Mysuru,12.355782,76.61713
61781703,2025-11-09T07:15:00.000,2025-11-16T13:09:56.000,Street Light Out,Closed,Shivamogga,13.954275,75.536905
61781986,2025-11-09T10:42:00.000,2025-11-19T09:16:00.000,Street Light Out,Closed,Tumakuru,13.346094,77.116602
61782238,2025-11-09T15:52:00.000,2025-11-10T17:11:40.000,Street Light Out,Closed,Bengaluru,12.958445,77.629396
61782355,2025-11-09T16:09:00.000,2025-11-12T16:09:11.000,Street Light Out,Closed,Bengaluru,13.066778,77.556175
61782555,2025-11-09T18:51:00.000,2025-11-14T12:45:00.000,Street Light Out,Closed,Shivamogga,13.950653,75.539916
61782569,2025-11-09T19:12:00.000,2025-11-20T10:00:00.000,Street Light Out,Closed,Bengaluru,12.975063,77.606998
61783323,2025-11-09T19:21:00.000,2025-11-12T16:55:00.000,Street Light Dayburning,Closed,Mangaluru,12.821775,74.868681
61783380,2025-11-09T19:25:00.000,2025-11-12T14:52:57.000,Street Light Out,Closed,Tumakuru,13.37619,77.126895
61783427,2025-11-09T19:37:00.000,2025-11-12T18:55:00.000,Street Light Out,Closed,Bengaluru,12.967702,77.635059
61783432,2025-11-09T19:47:00.000,2025-11-19T08:53:00.000,Street Light Cycling,Closed,Bengaluru,12.969909,77.606376
61783656,2025-11-09T20:48:00.000,2025-11-14T08:07:09.000,Street Light Out,Closed,Mangaluru,12.888278,74.880922
61783687,2025-11-09T21:07:00.000,2025-11-21T08:29:00.000,Street Light Out,Closed,Mangaluru,12.854633,74.900374
61783829,2025-11-10T01:12:00.000,2025-11-12T16:57:00.000,Street Light Out,Closed,Mysuru,12.296514,76.659828
61783920,2025-11-10T01:31:00.000,2025-11-23T18:07:00.000,Street Light Cycling,Closed,Bengaluru,12.950952,77.650005
61784325,2025-11-10T03:16:00.000,2025-11-11T15:11:42.000,Street Light Out,Closed,Mysuru,12.310875,76.643338
61784353,2025-11-10T05:25:00.000,2025-11-14T18:14:00.000,Street Light Out,Closed,Belagavi,15.892768,74.510185
61784396,2025-11-10T06:50:00.000,2025-11-15T16:57:57.000,Street Light Out,Closed,Bengaluru,12.969862,77.60177
61784400,2025-11-10T07:15:00.000,2025-11-16T17:04:00.000,Street Light Out,Closed,Mysuru,12.34526,76.668627
61784530,2025-11-10T09:12:00.000,2025-11-16T10:29:15.000,Street Light Out,Closed,Bengaluru,13.007159,77.562554
61784572,2025-11-10T10:52:00.000,2025-11-14T16:55:24.000,Street Light Out,Closed,Bengaluru,12.970384,77.638878
61784689,2025-11-10T10:59:00.000,2025-11-13T17:26:23.000,Street Light Out,Closed,Mysuru,12.288583,76.631315
61784758,2025-11-10T16:09:00.000,2025-11-12T18:40:00.000,Street Light Dayburning,Closed,Bengaluru,13.013574,77.576963
61784903,2025-11-10T17:00:00.000,2025-11-13T12:24:00.000,Street Light Out,Closed,Bengaluru,12.978079,77.561385
61784971,2025-11-10T17:48:00.000,2025-11-11T08:09:03.000,Street Light Out,Closed,Bengaluru,13.006896,77.65925
61784976,2025-11-10T18:16:00.000,2025-11-11T11:25:19.000,Street Light Out,Closed,Bengaluru,13.0355,77.623627
61785196,2025-11-10T20:21:00.000,2025-11-12T11:19:43.000,Street Light Dim,Closed,Hubballi,15.360172,75.145968
61785315,2025-11-10T21:32:00.000,2025-11-11T11:50:56.000,Street Light Out,Closed,Bengaluru,12.989125,77.571112
61785451,2025-11-10T22:03:00.000,2025-11-13T08:34:00.000,Street Light Out,Closed,Mangaluru,12.882446,74.858476
61785613,2025-11-10T22:53:00.000,2025-11-12T13:33:41.000,Street Light Out,Closed,Mysuru,12.316996,76.665465
61785630,2025-11-10T23:04:00.000,2025-11-21T08:23:00.000,Street Light Out,Closed,Hubballi,15.354158,75.143058
61785928,2025-11-10T23:56:00.000,2025-11-15T10:17:08.000,Street Light Out,Closed,Shivamogga,13.940579,75.560274
61785974,2025-11-11T02:42:00.000,2025-11-12T11:37:00.000,Street Light Out,Closed,Tumakuru,13.328781,77.100778
61786197,2025-11-11T09:24:00.000,2025-11-21T16:31:00.000,Street Light Out,Closed,Bengaluru,12.99112,77.661383
61786449,2025-11-11T16:13:00.000,2025-11-13T08:46:00.000,Street Light Dim,Closed,Bengaluru,12.981408,77.598936
61786480,2025-11-11T17:25:00.000,2025-11-22T13:05:29.000,Street Light Out,Closed,Mysuru,12.306713,76.658032
61786649,2025-11-11T18:20:00.000,2025-11-13T10:19:47.000,Street Light Cycling,Closed,Bengaluru,12.961928,77.722664
61786738,2025-11-11T19:27:00.000,2025-11-19T15:34:00.000,Street Light Out,Closed,Hubballi,15.378622,75.133708
61786757,2025-11-11T20:16:00.000,2025-12-23T16:42:34.000,Street Light Out,Closed,Bengaluru,12.940143,77.622431
61786915,2025-11-11T20:53:00.000,2025-11-17T10:44:00.000,Street Light Out,Closed,Hubballi,15.352511,75.124165
61786922,2025-11-11T21:15:00.000,2025-11-20T12:43:00.000,Street Light Out,Closed,Bengaluru,12.967515,77.641303
61786950,2025-11-11T21:45:00.000,2025-11-14T08:41:54.000,Street Light Out,Closed,Mysuru,12.303076,76.691076
61787120,2025-11-11T22:13:00.000,2025-11-17T16:47:00.000,Street Light Out,Closed,Belagavi,15.849972,74.470855
61787197,2025-11-11T22:44:00.000,2025-11-23T08:02:00.000,Street Light Out,Closed,Tumakuru,13.340482,77.120105
61787215,2025-11-11T22:45:00.000,2025-12-07T13:10:00.000,Street Light Out,Closed,Shivamogga,13.925637,75.566249
61787406,2025-11-12T00:31:00.000,2025-11-20T12:43:00.000,Street Light Out,Closed,Bengaluru,12.958287,77.740083
61787465,2025-11-12T04:36:00.000,2025-11-16T13:17:00.000,Street Light Out,Closed,Mysuru,12.284369,76.620017
61787623,2025-11-12T07:23:00.000,2025-12-06T18:50:00.000,Street Light Out,Closed,Tumakuru,13.37457,77.128241
61787625,2025-11-12T10:17:00.000,2025-11-17T13:07:00.000,Street Light Out,Closed,Hubballi,15.365097,75.147702
61787740,2025-11-12T17:50:00.000,2025-11-15T09:00:00.000,Street Light Out,Closed,Mysuru,12.293303,76.646253
61787884,2025-11-12T18:04:00.000,2025-11-14T13:27:49.000,Street Light Out,Closed,Bengaluru,12.922093,77.552825
61787975,2025-11-12T18:23:00.000,2025-11-29T10:07:00.000,Street Light Out,Closed,Belagavi,15.847024,74.485788
61788267,2025-11-12T19:05:00.000,2025-11-17T13:39:00.000,Street Light Out,Closed,Mangaluru,12.878285,74.856004
61788445,2025-11-12T19:07:00.000,2025-11-16T15:50:17.000,Street Light Out,Closed,Belagavi,15.904453,74.51269
61788593,2025-11-12T20:55:00.000,2025-11-18T14:56:00.000,Street Light Cycling,Closed,Tumakuru,13.369984,77.129337
61788857,2025-11-13T00:37:00.000,2025-11-28T11:25:33.000,Street Light Out,Closed,Bengaluru,13.029753,77.625148
61789128,2025-11-13T04:01:00.000,2025-11-17T17:32:29.000,Street Light Out,Closed,Tumakuru,13.33801,77.100018
61789380,2025-11-13T08:29:00.000,2025-12-08T09:07:44.000,Street Light Out,Closed,Tumakuru,13.331862,77.107857
61789388,2025-11-13T09:19:00.000,2025-11-25T16:15:00.000,Street Light Cycling,Closed,Shivamogga,13.934461,75.550441
61789407,2025-11-13T09:26:00.000,2025-11-18T18:16:50.000,Street Light Out,Closed,Hubballi,15.345026,75.133098
61789505,2025-11-13T10:34:00.000,2025-12-20T17:52:00.000,Street Light Out,Closed,Bengaluru,13.011475,77.488064
61789540,2025-11-13T11:19:00.000,2025-11-27T13:02:00.000,Street Light Cycling,Closed,Shivamogga,13.952492,75.5396
61789710,2025-11-13T17:01:00.000,2025-11-17T12:00:00.000,Street Light Out,Closed,Bengaluru,12.934396,77.566957
61789723,2025-11-13T18:41:00.000,2025-11-18T11:16:00.000,Street Light Out,Closed,Hubballi,15.363344,75.095233
61789797,2025-11-13T19:49:00.000,2025-11-17T16:34:00.000,Street Light Out,Closed,Bengaluru,12.98691,77.617528
61789874,2025-11-13T20:55:00.000,2025-11-21T08:55:00.000,Street Light Out,Closed,Shivamogga,13.964318,75.552767
61789884,2025-11-13T21:01:00.000,2025-11-29T13:21:00.000,Street Light Out,Closed,Belagavi,15.85429,74.531081
61789917,2025-11-13T21:06:00.000,2025-11-15T11:06:27.000,Street Light Out,Closed,Mysuru,12.305175,76.658231
61789959,2025-11-13T21:55:00.000,2025-11-22T11:00:00.000,Street Light Out,Closed,Mysuru,12.321902,76.660197
61790188,2025-11-14T05:13:00.000,2025-12-01T11:56:56.000,Street Light Out,Closed,Shivamogga,13.916783,75.523472
61790263,2025-11-14T05:55:00.000,2025-11-19T09:26:00.000,Street Light Out,Closed,Tumakuru,13.344614,77.099384
61790325,2025-11-14T06:49:00.000,,Street Light Out,Open,Mangaluru,12.88126,74.870925
61790566,2025-11-14T07:09:00.000,2025-11-20T17:33:36.000,Street Light Out,Closed,Bengaluru,12.965811,77.578833
61790597,2025-11-14T07:35:00.000,2025-12-07T10:56:16.000,Street Light Out,Closed,Mysuru,12.317378,76.668187
61790620,2025-11-14T10:09:00.000,2025-11-22T09:42:58.000,Street Light Out,Closed,Shivamogga,13.900156,75.554355
61790889,2025-11-14T12:18:00.000,2025-12-23T08:45:00.000,Street Light Out,Closed,Bengaluru,12.935967,77.565706
61790958,2025-11-14T13:58:00.000,2025-11-18T18:28:00.000,Street Light Out,Closed,Tumakuru,13.33752,77.103617
61790990,2025-11-14T17:08:00.000,2025-11-27T17:16:00.000,Street Light Out,Closed,Mysuru,12.307931,76.651775
61791214,2025-11-14T17:42:00.000,,Street Light Out,Open,Bengaluru,12.947809,77.620969
61791726,2025-11-14T18:06:00.000,2025-11-24T17:03:54.000,Street Light Out,Closed,Bengaluru,13.026397,77.624001
61792005,2025-11-14T18:15:00.000,2025-11-22T18:29:03.000,Street Light Cycling,Closed,Mysuru,12.308937,76.690655
61792279,2025-11-14T18:32:00.000,2025-11-16T16:33:00.000,Street Light Out,Closed,Bengaluru,13.06477,77.582429
61792284,2025-11-14T18:57:00.000,2025-11-20T08:21:00.000,Street Light Out,Closed,Tumakuru,13.343518,77.100668
61792893,2025-11-14T19:40:00.000,2025-11-19T09:29:41.000,Street Light Out,Closed,Bengaluru,12.977008,77.601258
61793150,2025-11-14T19:57:00.000,2025-11-16T13:18:51.000,Street Light Out,Closed,Tumakuru,13.351427,77.11835
61793292,2025-11-14T21:11:00.000,2025-11-16T12:28:28.000,Street Light Out,Closed,Mangaluru,12.887984,74.858015
61793471,2025-11-14T22:11:00.000,2025-11-23T16:17:00.000,Street Light Out,Closed,Bengaluru,12.933913,77.612124
61793755,2025-11-14T22:17:00.000,2025-11-29T12:39:30.000,Street Light Out,Closed,Shivamogga,13.923856,75.573536
61793777,2025-11-14T22:26:00.000,2025-11-21T16:43:37.000,Street Light Out,Closed,Belagavi,15.865304,74.497227
61793788,2025-11-14T22:30:00.000,2025-11-17T11:13:59.000,Street Light Out,Closed,Bengaluru,13.021536,77.494285
61793810,2025-11-14T23:12:00.000,2025-11-26T10:08:00.000,Street Light Out,Closed,Shivamogga,13.925828,75.55809
61793819,2025-11-14T23:36:00.000,2025-11-17T13:49:45.000,Street Light Out,Closed,Hubballi,15.398502,75.128024
61793867,2025-11-15T00:01:00.000,2025-12-14T10:37:00.000,Street Light Out,Closed,Mangaluru,12.875947,74.862287
61794277,2025-11-15T09:06:00.000,2025-11-17T18:34:00.000,Street Light Out,Closed,Bengaluru,12.964904,77.594092
61794344,2025-11-15T09:15:00.000,2025-11-17T12:19:00.000,Street Light Out,Closed,Bengaluru,12.972533,77.653225
61794393,2025-11-15T10:50:00.000,2025-11-19T18:38:00.000,Lamppost Damaged,Closed,Belagavi,15.856487,74.542673
61794478,2025-11-15T17:02:00.000,2025-11-29T08:59:24.000,Street Light Out,Closed,Bengaluru,12.964072,77.531064
61794522,2025-11-15T17:08:00.000,2025-11-21T14:09:00.000,Street Light Out,Closed,Hubballi,15.360479,75.131546
61794679,2025-11-15T18:35:00.000,2025-11-18T17:04:00.000,Street Light Out,Closed,Bengaluru,13.123204,77.613944
61794702,2025-11-15T18:36:00.000,2025-11-16T17:54:00.000,Street Light Out,Closed,Bengaluru,12.929141,77.612346
61794722,2025-11-15T19:15:00.000,2025-12-21T13:17:43.000,Street Light Out,Closed,Tumakuru,13.365354,77.137636
61794751,2025-11-15T20:32:00.000,2025-11-18T14:00:09.000,Street Light Cycling,Closed,Bengaluru,12.910986,77.636126
61795118,2025-11-15T20:58:00.000,2025-11-21T11:55:00.000,Street Light Out,Closed,Hubballi,15.374097,75.120733
61795265,2025-11-15T21:07:00.000,2025-11-22T08:29:00.000,Street Light Out,Closed,Mysuru,12.266373,76.631496
61795284,2025-11-15T22:02:00.000,2025-11-23T15:16:00.000,Street Light Cycling,Closed,Mangaluru,12.870765,74.874109
61795409,2025-11-15T22:10:00.000,2025-12-29T08:14:37.000,Street Light Dayburning,Closed,Bengaluru,13.0086,77.575528
61795446,2025-11-15T23:09:00.000,2025-11-17T13:57:22.000,Street Light Out,Closed,Tumakuru,13.348602,77.081336
61795468,2025-11-15T23:39:00.000,2025-11-21T18:06:00.000,Street Light Out,Closed,Mysuru,12.344015,76.683503
61795684,2025-11-16T02:01:00.000,2025-11-20T11:21:09.000,Street Light Out,Closed,Shivamogga,13.942947,75.571909
61795816,2025-11-16T06:38:00.000,2025-11-19T16:18:00.000,Street Light Out,Closed,Bengaluru,12.928232,77.615882
61796056,2025-11-16T07:34:00.000,2025-11-23T17:38:00.000,Street Light Out,Closed,Shivamogga,13.92752,75.559843
61796115,2025-11-16T07:42:00.000,2025-11-21T15:07:05.000,Street Light Out,Closed,Bengaluru,12.972703,77.604872
61796567,2025-11-16T08:24:00.000,2025-11-19T16:05:00.000,Street Light Dim,Closed,Belagavi,15.881551,74.560268
61796640,2025-11-16T09:02:00.000,2025-11-22T13:48:28.000,Street Light Out,Closed,Mysuru,12.314497,76.670006
61796669,2025-11-16T09:28:00.000,2025-11-18T17:45:34.000,Street Light Out,Closed,Mysuru,12.25151,76.670354
61796675,2025-11-16T09:31:00.000,2025-11-29T15:30:32.000,Street Light Out,Closed,Belagavi,15.872334,74.507469
61796919,2025-11-16T10:10:00.000,2025-11-20T11:16:00.000,Street Light Out,Closed,Mangaluru,12.91715,74.858722
61797065,2025-11-16T13:14:00.000,2025-11-24T14:01:00.000,Street Light Out,Closed,Shivamogga,13.929065,75.574932
61797108,2025-11-16T17:20:00.000,2025-11-23T13:01:00.000,Street Light Out,Closed,Bengaluru,12.957053,77.558158
61797236,2025-11-16T18:30:00.000,2025-11-21T08:34:00.000,Street Light Out,Closed,Bengaluru,12.954435,77.726971
61797657,2025-11-16T19:29:00.000,2025-11-20T13:56:00.000,Street Light Out,Closed,Shivamogga,13.927509,75.556318
61797812,2025-11-16T20:02:00.000,2025-12-25T16:12:00.000,Street Light Out,Closed,Mysuru,12.335932,76.670727
61797984,2025-11-16T20:10:00.000,2025-11-20T08:59:00.000,Street Light Out,Closed,Bengaluru,12.877883,77.592688
61797988,2025-11-16T22:07:00.000,2025-11-20T10:42:00.000,Street Light Dayburning,Closed,Mysuru,12.305263,76.667681
61798015,2025-11-17T06:02:00.000,2025-11-18T13:49:00.000,Street Light Out,Closed,Bengaluru,12.91686,77.645543
61798159,2025-11-17T07:36:00.000,2025-11-20T10:47:42.000,Street Light Dayburning,Closed,Mysuru,12.311049,76.660848
61798179,2025-11-17T08:27:00.000,2025-12-03T11:24:00.000,Street Light Out,Closed,Hubballi,15.355777,75.133616
61798282,2025-11-17T09:02:00.000,2025-11-19T13:20:00.000,Street Light Out,Closed,Mysuru,12.317087,76.661101
61798390,2025-11-17T16:22:00.000,2025-12-01T12:34:02.000,Street Light Out,Closed,Hubballi,15.367766,75.127803
61798437,2025-11-17T19:44:00.000,2025-11-20T09:03:33.000,Street Light Out,Closed,Bengaluru,12.975592,77.56752
61798658,2025-11-17T20:04:00.000,2025-11-25T18:02:56.000,Street Light Out,Closed,Hubballi,15.358316,75.140305
61798958,2025-11-17T20:09:00.000,2025-11-22T12:13:30.000,Street Light Out,Closed,Shivamogga,13.924396,75.561255
61798987,2025-11-17T20:39:00.000,,Street Light Out,Open,Mysuru,12.291033,76.637654
61799010,2025-11-17T20:47:00.000,2025-11-22T18:15:00.000,Street Light Out,Closed,Mangaluru,12.877453,74.857893
61799014,2025-11-17T20:50:00.000,2025-11-19T18:58:00.000,Street Light Out,Closed,Shivamogga,13.928704,75.581965
61799109,2025-11-17T21:01:00.000,,Street Light Out,In Progress,Mysuru,12.294729,76.61708
61799242,2025-11-17T21:08:00.000,2025-11-20T09:15:00.000,Street Light Out,Closed,Mangaluru,12.882446,74.85848
61800076,2025-11-17T21:32:00.000,2025-11-22T11:04:00.000,Street Light Dayburning,Closed,Mangaluru,12.874561,74.853963
61800297,2025-11-17T23:26:00.000,2025-11-23T14:24:00.000,Street Light Out,Closed,Mangaluru,12.894232,74.856025
61800320,2025-11-18T00:37:00.000,2025-11-26T10:24:00.000,Street Light Out,Closed,Bengaluru,13.007529,77.573787
61800428,2025-11-18T04:22:00.000,2025-11-19T12:11:00.000,Street Light Out,Closed,Bengaluru,12.955119,77.614969
61800467,2025-11-18T04:24:00.000,2025-11-21T14:18:20.000,Street Light Out,Closed,Hubballi,15.377287,75.101681
61800551,2025-11-18T12:38:00.000,2025-11-21T18:12:00.000,Street Light Out,Closed,Hubballi,15.389393,75.127136
61800582,2025-11-18T16:07:00.000,2025-11-23T13:52:20.000,Street Light Cycling,Closed,Hubballi,15.351629,75.149043
61800738,2025-11-18T17:37:00.000,2025-11-22T16:46:00.000,Street Light Cycling,Closed,Tumakuru,13.338656,77.101863
61800872,2025-11-18T18:04:00.000,2025-11-21T12:36:21.000,Street Light Out,Closed,Hubballi,15.353519,75.11523
61801304,2025-11-18T19:40:00.000,2025-11-29T11:13:00.000,Street Light Out,Closed,Mysuru,12.303797,76.654985
61801340,2025-11-18T20:57:00.000,2025-11-20T13:12:00.000,Street Light Out,Closed,Bengaluru,12.961382,77.663306
61801354,2025-11-18T21:36:00.000,2025-11-23T14:26:27.000,Street Light Out,Closed,Tumakuru,13.349728,77.079653
61801665,2025-11-18T22:37:00.000,2025-11-25T15:37:00.000,Street Light Out,Closed,Mysuru,12.318589,76.660799
61801809,2025-11-18T23:03:00.000,2025-11-26T14:07:45.000,Street Light Out,Closed,Belagavi,15.85707,74.513927
61801819,2025-11-18T23:06:00.000,2025-11-29T15:20:05.000,Street Light Out,Closed,Hubballi,15.369154,75.117179
61802274,2025-11-19T04:03:00.000,2025-11-20T09:59:55.000,Lamppost Damaged,Closed,Bengaluru,12.937764,77.621246
61802684,2025-11-19T05:19:00.000,2025-11-22T09:16:23.000,Street Light Out,Closed,Bengaluru,13.003501,77.486593
61802900,2025-11-19T05:25:00.000,2025-12-02T18:33:00.000,Street Light Out,Closed,Mangaluru,12.887017,74.853071
61802912,2025-11-19T06:21:00.000,,Street Light Out,Open,Hubballi,15.397635,75.117155
61802913,2025-11-19T06:28:00.000,2025-11-22T09:02:00.000,Street Light Out,Closed,Belagavi,15.849579,74.519857
61802931,2025-11-19T08:43:00.000,2025-11-23T14:16:00.000,Street Light Out,Closed,Belagavi,15.853898,74.514271
61803112,2025-11-19T09:51:00.000,2025-12-05T09:22:58.000,Street Light Out,Closed,Bengaluru,12.977323,77.599755
61803167,2025-11-19T10:12:00.000,2025-12-08T11:25:19.000,Street Light Out,Closed,Hubballi,15.343556,75.134924
61803451,2025-11-19T10:20:00.000,2025-11-21T12:10:00.000,Street Light Out,Closed,Belagavi,15.858224,74.452557
61803570,2025-11-19T13:43:00.000,2025-11-22T14:19:02.000,Street Light Out,Closed,Hubballi,15.385378,75.111548
61803806,2025-11-19T16:06:00.000,2025-12-02T17:45:00.000,Street Light Out,Closed,Tumakuru,13.333012,77.125492
61803856,2025-11-19T16:10:00.000,2025-11-21T13:18:00.000,Street Light Out,Closed,Tumakuru,13.347248,77.105547
61803915,2025-11-19T19:26:00.000,2025-11-26T13:59:00.000,Street Light Out,Closed,Mangaluru,12.876318,74.868766
61803925,2025-11-19T19:28:00.000,2025-11-24T16:56:20.000,Street Light Dim,Closed,Shivamogga,13.966014,75.576427
61804180,2025-11-19T19:28:00.000,2025-11-21T12:05:14.000,Street Light Out,Closed,Hubballi,15.396009,75.106432
61804357,2025-11-19T20:00:00.000,2025-11-25T11:27:00.000,Street Light Dayburning,Closed,Hubballi,15.363021,75.134421
61804464,2025-11-19T20:17:00.000,2025-11-23T09:07:00.000,Street Light Out,Closed,Belagavi,15.823431,74.558908
61804480,2025-11-19T20:45:00.000,2025-12-02T08:45:00.000,Street Light Dim,Closed,Bengaluru,12.966852,77.5898
61804603,2025-11-19T22:59:00.000,2025-11-22T11:44:00.000,Street Light Out,Closed,Bengaluru,12.922758,77.568163
61804671,2025-11-19T23:30:00.000,2025-11-25T15:46:49.000,Street Light Out,Closed,Tumakuru,13.339035,77.105148
61804764,2025-11-20T04:40:00.000,2025-11-24T12:08:00.000,Street Light Out,Closed,Belagavi,15.858449,74.509638
61804851,2025-11-20T07:01:00.000,2025-11-22T14:23:22.000,Street Light Out,Closed,Mysuru,12.338051,76.653328
61805004,2025-11-20T07:18:00.000,2025-11-22T17:29:35.000,Street Light Dayburning,Closed,Bengaluru,12.966274,77.58279
61805619,2025-11-20T07:24:00.000,2025-11-30T11:16:00.000,Street Light Out,Closed,Mangaluru,12.876462,74.854973
61805849,2025-11-20T08:26:00.000,2025-11-27T11:15:00.000,Street Light Dayburning,Closed,Belagavi,15.820726,74.554021
61805916,2025-11-20T12:05:00.000,2025-11-26T11:31:56.000,Street Light Out,Closed,Hubballi,15.353555,75.141211
61806008,2025-11-20T18:17:00.000,2025-12-04T15:28:14.000,Street Light Out,Closed,Bengaluru,12.935069,77.608402
61806046,2025-11-20T19:16:00.000,2025-11-30T09:46:36.000,Street Light Out,Closed,Tumakuru,13.342737,77.105811
61806188,2025-11-20T20:00:00.000,2025-11-29T14:03:00.000,Street Light Out,Closed,Mysuru,12.313697,76.65861
61806653,2025-11-20T20:35:00.000,2025-11-23T08:23:00.000,Street Light Out,Closed,Shivamogga,13.942364,75.570417
61806858,2025-11-20T21:01:00.000,2025-11-27T15:03:56.000,Street Light Out,Closed,Hubballi,15.37942,75.118017
61806986,2025-11-20T21:04:00.000,2025-11-25T17:14:14.000,Street Light Out,Closed,Mysuru,12.26638,76.682323
61807019,2025-11-20T21:15:00.000,2025-11-24T09:48:16.000,Street Light Out,Closed,Belagavi,15.833114,74.491393
61807086,2025-11-20T23:18:00.000,2025-11-25T14:14:00.000,Street Light Out,Closed,Bengaluru,13.006949,77.58727
61807148,2025-11-20T23:26:00.000,2025-11-23T12:28:36.000,Street Light Out,Closed,Bengaluru,12.975324,77.614322
61807186,2025-11-20T23:35:00.000,2025-12-04T13:50:00.000,Street Light Out,Closed,Belagavi,15.830428,74.53815
61807218,2025-11-21T01:38:00.000,2025-11-22T13:42:24.000,Street Light Out,Closed,Bengaluru,13.013551,77.576969
61807371,2025-11-21T01:48:00.000,2025-11-22T09:13:37.000,Street Light Out,Closed,Belagavi,15.855798,74.511825
61807443,2025-11-21T01:51:00.000,2025-12-03T13:07:08.000,Street Light Out,Closed,Hubballi,15.364896,75.137275
61807589,2025-11-21T06:11:00.000,2025-11-24T08:45:00.000,Street Light Out,Closed,Bengaluru,13.051318,77.477777
61807717,2025-11-21T06:20:00.000,2025-12-02T14:22:00.000,Street Light Dim,Closed,Hubballi,15.357288,75.134663
61807841,2025-11-21T07:55:00.000,,Street Light Out,In Progress,Mangaluru,12.868195,74.853174
61807980,2025-11-21T08:21:00.000,2025-11-26T09:58:00.000,Street Light Out,Closed,Bengaluru,12.987707,77.603059
61807991,2025-11-21T08:52:00.000,2025-11-25T17:31:00.000,Lamppost Damaged,Closed,Mangaluru,12.915841,74.855138
61808095,2025-11-21T09:44:00.000,2025-12-07T17:20:00.000,Street Light Out,Closed,Belagavi,15.848302,74.489892
61808313,2025-11-21T10:01:00.000,2025-11-25T17:58:03.000,Street Light Out,Closed,Hubballi,15.319747,75.127972
61808421,2025-11-21T13:02:00.000,2025-12-02T15:33:45.000,Street Light Out,Closed,Mangaluru,12.888997,74.872266
61808575,2025-11-21T16:04:00.000,2025-11-27T10:20:00.000,Street Light Cycling,Closed,Bengaluru,12.95172,77.623542
61808617,2025-11-21T18:59:00.000,2025-12-07T16:53:00.000,Street Light Out,Closed,Mangaluru,12.882892,74.872534
61808685,2025-11-21T19:05:00.000,2025-11-26T15:55:00.000,Street Light Out,Closed,Hubballi,15.35228,75.130554
61808714,2025-11-21T19:22:00.000,2025-12-01T13:00:53.000,Street Light Out,Closed,Bengaluru,12.982137,77.634453
61809020,2025-11-21T20:57:00.000,2025-11-25T17:19:04.000,Street Light Out,Closed,Bengaluru,12.959587,77.657732
61809107,2025-11-21T20:59:00.000,2025-11-25T15:31:00.000,Street Light Out,Closed,Mysuru,12.30654,76.676165
61809157,2025-11-21T21:21:00.000,2025-12-04T17:05:00.000,Street Light Dayburning,Closed,Belagavi,15.846961,74.530679
61809267,2025-11-21T21:29:00.000,2025-11-29T09:47:56.000,Street Light Out,Closed,Bengaluru,12.98689,77.592419
61809306,2025-11-21T22:55:00.000,2025-12-06T14:47:00.000,Street Light Out,Closed,Bengaluru,13.005951,77.576801
61809307,2025-11-21T22:56:00.000,2025-11-26T10:11:00.000,Street Light Out,Closed,Mysuru,12.299577,76.652283
61809646,2025-11-21T23:08:00.000,2025-11-24T10:33:53.000,Street Light Out,Closed,Shivamogga,13.948689,75.54794
61809780,2025-11-21T23:28:00.000,2025-11-27T17:23:39.000,Street Light Out,Closed,Mysuru,12.267228,76.632872
61809790,2025-11-22T01:06:00.000,2025-11-29T16:33:12.000,Street Light Out,Closed,Bengaluru,12.980745,77.575784
61809954,2025-11-22T07:06:00.000,2025-11-25T09:02:00.000,Street Light Out,Closed,Bengaluru,12.96184,77.722696
61809983,2025-11-22T07:39:00.000,,Street Light Out,In Progress,Mangaluru,12.879391,74.871289
61810148,2025-11-22T07:54:00.000,2025-11-27T12:29:00.000,Street Light Out,Closed,Mangaluru,12.897295,74.855497
61810245,2025-11-22T09:06:00.000,2025-11-29T15:01:42.000,Street Light Out,Closed,Mangaluru,12.876974,74.87779
61810311,2025-11-22T09:24:00.000,2025-12-05T12:49:00.000,Street Light Out,Closed,Mysuru,12.277528,76.633849
61810314,2025-11-22T12:53:00.000,2025-11-24T08:04:11.000,Street Light Out,Closed,Mangaluru,12.882874,74.87145
61810322,2025-11-22T18:07:00.000,2025-12-01T17:45:00.000,Street Light Out,Closed,Shivamogga,13.952887,75.537512
61810389,2025-11-22T18:41:00.000,2025-11-30T12:37:00.000,Street Light Cycling,Closed,Belagavi,15.844798,74.489684
61810490,2025-11-22T18:43:00.000,2025-11-25T12:36:00.000,Street Light Out,Closed,Mangaluru,12.874822,74.844272
61810506,2025-11-22T18:51:00.000,2025-11-27T09:24:07.000,Street Light Out,Closed,Bengaluru,12.978075,77.593531
61810570,2025-11-22T19:33:00.000,2025-11-23T16:10:03.000,Street Light Cycling,Closed,Bengaluru,12.948595,77.629539
61810874,2025-11-22T20:01:00.000,2025-11-28T14:28:00.000,Street Light Out,Closed,Bengaluru,12.953663,77.626399
61811134,2025-11-22T20:54:00.000,2025-11-25T17:49:14.000,Street Light Out,Closed,Bengaluru,12.964881,77.594061
61811162,2025-11-22T21:10:00.000,2025-12-12T09:08:00.000,Street Light Out,Closed,Hubballi,15.37281,75.143477
61811307,2025-11-22T22:51:00.000,2025-12-03T08:00:00.000,Street Light Out,Closed,Belagavi,15.847734,74.530781
61811494,2025-11-23T06:28:00.000,2025-11-29T11:07:40.000,Street Light Cycling,Closed,Hubballi,15.355989,75.122026
61811618,2025-11-23T06:58:00.000,2025-12-01T14:01:00.000,Street Light Out,Closed,Hubballi,15.360178,75.145957
61811785,2025-11-23T08:36:00.000,2025-11-27T10:46:15.000,Street Light Out,Closed,Mysuru,12.324256,76.639611
61811919,2025-11-23T10:00:00.000,2025-11-26T09:08:00.000,Street Light Out,Closed,Mysuru,12.29628,76.636392
61812041,2025-11-23T11:46:00.000,2025-11-27T15:13:05.000,Street Light Out,Closed,Hubballi,15.356317,75.150136
61812552,2025-11-23T17:58:00.000,2025-11-26T18:06:00.000,Street Light Out,Closed,Bengaluru,12.963125,77.595602
61812646,2025-11-23T22:34:00.000,2025-11-25T15:59:57.000,Street Light Out,Closed,Tumakuru,13.33185,77.099828
61812765,2025-11-23T23:37:00.000,2025-11-30T15:45:51.000,Street Light Out,Closed,Tumakuru,13.32867,77.10577
61812807,2025-11-23T23:40:00.000,2025-11-30T13:34:00.000,Street Light Cycling,Closed,Mysuru,12.299683,76.660686
61812956,2025-11-24T06:56:00.000,2025-12-14T15:21:54.000,Street Light Out,Closed,Tumakuru,13.335898,77.129215
61812960,2025-11-24T08:13:00.000,2025-12-04T08:03:00.000,Street Light Dayburning,Closed,Shivamogga,13.930205,75.559194
61813114,2025-11-24T09:01:00.000,2025-11-26T13:32:38.000,Street Light Out,Closed,Mysuru,12.339487,76.664955
61813117,2025-11-24T09:35:00.000,2025-12-03T17:40:00.000,Street Light Out,Closed,Mysuru,12.295745,76.650589
61813159,2025-11-24T11:00:00.000,2025-11-27T14:46:39.000,Street Light Out,Closed,Bengaluru,12.972171,77.598159
61813593,2025-11-24T11:29:00.000,2025-12-03T13:34:21.000,Street Light Out,Closed,Bengaluru,12.982524,77.561335
61813673,2025-11-24T11:44:00.000,2025-11-27T15:05:51.000,Street Light Out,Closed,Tumakuru,13.357715,77.089323
61813773,2025-11-24T12:05:00.000,2025-11-26T11:14:00.000,Street Light Cycling,Closed,Hubballi,15.331144,75.111642
61813782,2025-11-24T18:50:00.000,2025-11-29T15:58:00.000,Street Light Out,Closed,Bengaluru,12.991596,77.539755
61813896,2025-11-24T19:39:00.000,2025-12-03T11:08:14.000,Street Light Out,Closed,Mysuru,12.313307,76.659283
61814217,2025-11-24T19:43:00.000,2025-12-03T16:57:00.000,Street Light Out,Closed,Mysuru,12.289064,76.679681
61814310,2025-11-24T20:08:00.000,2025-11-29T10:09:26.000,Street Light Out,Closed,Bengaluru,12.962555,77.625274
61814317,2025-11-24T20:08:00.000,2025-12-20T16:06:00.000,Lamppost Damaged,Closed,Bengaluru,12.981404,77.580779
61814478,2025-11-24T21:21:00.000,2025-12-01T13:56:39.000,Street Light Out,Closed,Hubballi,15.349124,75.116833
61814482,2025-11-24T21:24:00.000,2025-11-27T08:22:46.000,Street Light Out,Closed,Hubballi,15.365287,75.127896
61814677,2025-11-24T22:39:00.000,2025-11-28T15:35:00.000,Street Light Out,Closed,Mangaluru,12.898539,74.862405
61814761,2025-11-24T22:45:00.000,2025-11-29T18:25:00.000,Street Light Out,Closed,Mangaluru,12.837727,74.847477
61814893,2025-11-24T23:35:00.000,2025-12-01T14:02:00.000,Street Light Out,Closed,Bengaluru,12.926325,77.583647
61815017,2025-11-25T03:14:00.000,2025-11-27T11:51:05.000,Street Light Out,Closed,Belagavi,15.881651,74.489328
61815052,2025-11-25T10:56:00.000,2025-11-28T15:59:00.000,Street Light Out,Closed,Tumakuru,13.371823,77.129859
61815146,2025-11-25T12:46:00.000,2025-12-02T14:23:00.000,Street Light Cycling,Closed,Hubballi,15.348443,75.128059
61815201,2025-11-25T17:05:00.000,2025-12-04T13:19:00.000,Street Light Out,Closed,Bengaluru,12.9843,77.66233
61815333,2025-11-25T17:26:00.000,,Street Light Out,In Progress,Bengaluru,12.959997,77.655758
61815411,2025-11-25T19:38:00.000,2025-11-28T15:18:23.000,Street Light Out,Closed,Belagavi,15.856498,74.542665
61815618,2025-11-25T20:41:00.000,2025-11-27T18:09:45.000,Street Light Out,Closed,Mangaluru,12.890535,74.855749
61815698,2025-11-25T21:04:00.000,2025-11-29T17:45:00.000,Street Light Out,Closed,Mysuru,12.305159,76.657458
61815801,2025-11-25T21:49:00.000,2025-12-03T12:05:00.000,Street Light Out,Closed,Bengaluru,12.963373,77.645356
61815834,2025-11-25T22:01:00.000,2025-12-01T11:19:53.000,Street Light Out,Closed,Tumakuru,13.341566,77.121209
61816011,2025-11-25T22:34:00.000,2025-12-05T16:37:32.000,Street Light Out,Closed,Tumakuru,13.355796,77.114428
61816079,2025-11-25T23:21:00.000,2025-11-27T18:33:27.000,Street Light Out,Closed,Bengaluru,12.928817,77.583397
61816080,2025-11-26T07:08:00.000,2025-11-27T11:04:00.000,Street Light Out,Closed,Mangaluru,12.919909,74.856942
61816204,2025-11-26T10:44:00.000,2025-12-01T18:41:44.000,Street Light Out,Closed,Bengaluru,12.999436,77.565736
61816290,2025-11-26T12:25:00.000,2025-11-30T08:33:00.000,Street Light Out,Closed,Bengaluru,12.859694,77.57232
61816315,2025-11-26T14:57:00.000,2025-11-30T09:12:18.000,Street Light Out,Closed,Mangaluru,12.879062,74.867303
61816572,2025-11-26T16:50:00.000,2025-12-02T17:19:00.000,Street Light Out,Closed,Hubballi,15.374357,75.108602
61816691,2025-11-26T19:33:00.000,2025-11-30T17:57:00.000,Street Light Cycling,Closed,Belagavi,15.849075,74.477519
61816800,2025-11-26T20:45:00.000,2025-12-03T12:38:00.000,Street Light Out,Closed,Shivamogga,13.940629,75.560289
61816822,2025-11-26T21:11:00.000,2025-11-27T11:42:31.000,Street Light Out,Closed,Bengaluru,12.935635,77.604059
61816837,2025-11-26T21:49:00.000,2025-11-28T18:52:54.000,Street Light Out,Closed,Mangaluru,12.862271,74.904968
61817046,2025-11-26T22:22:00.000,2025-11-28T10:43:22.000,Lamppost Damaged,Closed,Mysuru,12.316627,76.670417
61817139,2025-11-26T22:51:00.000,2025-12-20T12:59:00.000,Street Light Out,Closed,Bengaluru,13.043659,77.70141
61817193,2025-11-26T23:22:00.000,2025-11-29T11:49:00.000,Street Light Out,Closed,Mysuru,12.31388,76.664961
61817267,2025-11-26T23:59:00.000,2025-11-30T15:42:27.000,Street Light Out,Closed,Mangaluru,12.87381,74.857123
61817278,2025-11-27T02:55:00.000,2025-11-29T08:13:00.000,Street Light Out,Closed,Bengaluru,12.895885,77.577369
61817284,2025-11-27T06:32:00.000,2025-11-30T12:39:00.000,Street Light Out,Closed,Mysuru,12.302157,76.652316
61817293,2025-11-27T08:02:00.000,,Street Light Out,Open,Hubballi,15.34546,75.130061
61817431,2025-11-27T10:08:00.000,2025-11-29T12:53:59.000,Street Light Out,Closed,Bengaluru,12.971854,77.610389
61817492,2025-11-27T11:29:00.000,2025-12-15T10:17:16.000,Street Light Out,Closed,Bengaluru,12.955603,77.625862
61817545,2025-11-27T12:43:00.000,2025-12-01T15:07:00.000,Street Light Out,Closed,Hubballi,15.382118,75.119448
61817653,2025-11-27T14:46:00.000,2025-12-20T18:55:00.000,Street Light Cycling,Closed,Belagavi,15.862534,74.513536
61817753,2025-11-27T16:50:00.000,2025-12-22T15:24:00.000,Street Light Out,Closed,Bengaluru,13.00136,77.584127
61818107,2025-11-27T17:07:00.000,2025-12-05T14:15:18.000,Street Light Out,Closed,Bengaluru,12.955496,77.606846
61818332,2025-11-27T17:34:00.000,2025-12-18T08:39:45.000,Street Light Out,Closed,Bengaluru,13.04881,77.635246
61818350,2025-11-27T17:58:00.000,2025-11-29T15:34:00.000,Street Light Out,Closed,Hubballi,15.351643,75.125757
61818369,2025-11-27T19:24:00.000,2025-12-02T16:11:27.000,Street Light Out,Closed,Mangaluru,12.877809,74.853023
61818797,2025-11-27T19:33:00.000,,Street Light Out,In Progress,Hubballi,15.393271,75.12736
61818811,2025-11-27T19:39:00.000,2025-11-28T13:13:09.000,Street Light Out,Closed,Bengaluru,12.903126,77.486103
61818856,2025-11-27T20:03:00.000,2025-12-02T18:40:00.000,Street Light Out,Closed,Tumakuru,13.369195,77.133708
61818913,2025-11-27T20:23:00.000,2025-11-29T18:31:35.000,Street Light Out,Closed,Bengaluru,12.935626,77.604044
61819167,2025-11-27T20:51:00.000,2025-12-16T18:58:00.000,Street Light Out,Closed,Tumakuru,13.340148,77.1057
61819366,2025-11-27T21:41:00.000,2025-12-02T09:02:00.000,Street Light Cycling,Closed,Mangaluru,12.885417,74.856351
61819620,2025-11-27T21:56:00.000,2025-11-30T08:59:00.000,Street Light Out,Closed,Bengaluru,13.002984,77.560906
61819741,2025-11-27T22:19:00.000,2025-12-03T09:37:32.000,Street Light Out,Closed,Mangaluru,12.918881,74.873008
61819809,2025-11-27T23:18:00.000,2025-12-01T18:23:00.000,Street Light Out,Closed,Mangaluru,12.876692,74.87828
61819884,2025-11-27T23:59:00.000,2025-12-05T09:33:00.000,Street Light Out,Closed,Mangaluru,12.89335,74.857244
61819899,2025-11-28T00:59:00.000,,Street Light Out,Open,Belagavi,15.864578,74.502732
61819939,2025-11-28T01:18:00.000,2025-12-02T12:39:23.000,Street Light Out,Closed,Mysuru,12.299694,76.637332
61820056,2025-11-28T04:46:00.000,2025-12-08T09:08:08.000,Street Light Out,Closed,Bengaluru,13.040657,77.68219
61820345,2025-11-28T07:07:00.000,2025-12-06T10:11:15.000,Street Light Out,Closed,Tumakuru,13.328743,77.100744
61820503,2025-11-28T07:13:00.000,2025-12-07T11:22:56.000,Street Light Out,Closed,Belagavi,15.881583,74.51977
61820554,2025-11-28T07:58:00.000,2025-12-07T18:51:57.000,Street Light Out,Closed,Shivamogga,13.928861,75.555842
61820753,2025-11-28T08:27:00.000,2025-12-01T08:17:00.000,Street Light Out,Closed,Belagavi,15.848326,74.487938
61820798,2025-11-28T09:49:00.000,2025-12-11T12:45:26.000,Street Light Out,Closed,Mysuru,12.28491,76.643666
61820869,2025-11-28T11:42:00.000,2025-12-24T11:30:42.000,Street Light Out,Closed,Hubballi,15.342233,75.09513
61821109,2025-11-28T13:56:00.000,2025-12-04T18:17:00.000,Street Light Out,Closed,Mysuru,12.305838,76.675131
61821191,2025-11-28T17:06:00.000,2025-12-06T15:15:55.000,Street Light Out,Closed,Mysuru,12.343946,76.670929
61821277,2025-11-28T19:20:00.000,2025-12-01T14:57:13.000,Street Light Out,Closed,Bengaluru,12.933742,77.503902
61821286,2025-11-28T19:41:00.000,2025-12-03T18:40:00.000,Street Light Out,Closed,Mangaluru,12.883348,74.856932
61821336,2025-11-28T20:45:00.000,2025-12-03T16:12:37.000,Street Light Out,Closed,Bengaluru,12.939181,77.590991
61821662,2025-11-28T21:42:00.000,2025-12-04T13:48:08.000,Street Light Out,Closed,Hubballi,15.355231,75.124811
61821746,2025-11-29T06:29:00.000,2025-12-04T15:10:00.000,Street Light Cycling,Closed,Hubballi,15.345041,75.132956
61821797,2025-11-29T06:40:00.000,2025-12-06T14:29:00.000,Street Light Out,Closed,Shivamogga,13.930199,75.572169
61821866,2025-11-29T08:40:00.000,2025-12-03T10:37:57.000,Street Light Out,Closed,Hubballi,15.345979,75.138332
61821969,2025-11-29T08:47:00.000,2025-12-01T15:16:00.000,Street Light Out,Closed,Shivamogga,13.926028,75.542786
61822072,2025-11-29T09:43:00.000,2025-12-01T10:31:32.000,Street Light Out,Closed,Mangaluru,12.88248,74.858455
61822174,2025-11-29T09:51:00.000,2025-12-01T10:37:00.000,Street Light Dim,Closed,Shivamogga,13.939365,75.551224
61822195,2025-11-29T10:55:00.000,2025-12-01T16:37:00.000,Street Light Out,Closed,Bengaluru,12.951575,77.650556
61822210,2025-11-29T12:06:00.000,2025-12-09T16:52:43.000,Street Light Out,Closed,Mysuru,12.317665,76.657114
61822237,2025-11-29T15:15:00.000,,Street Light Out,Open,Bengaluru,12.975518,77.55462
61822267,2025-11-29T17:30:00.000,2025-12-02T16:33:00.000,Street Light Out,Closed,Bengaluru,12.986305,77.654243
61822327,2025-11-29T17:34:00.000,2025-12-04T13:33:57.000,Street Light Out,Closed,Bengaluru,12.955329,77.635842
61822360,2025-11-29T17:54:00.000,2025-12-17T09:09:00.000,Street Light Out,Closed,Bengaluru,12.982316,77.663966
61822539,2025-11-29T18:03:00.000,2025-12-06T14:51:56.000,Street Light Cycling,Closed,Shivamogga,13.893799,75.578728
61822629,2025-11-29T18:22:00.000,2025-12-09T13:58:00.000,Street Light Out,Closed,Mangaluru,12.887947,74.858006
61822674,2025-11-29T18:33:00.000,2025-12-08T15:43:00.000,Street Light Out,Closed,Mysuru,12.31714,76.635825
61822832,2025-11-29T19:45:00.000,2025-12-02T11:43:31.000,Street Light Out,Closed,Mangaluru,12.927316,74.863716
61822898,2025-11-29T20:10:00.000,2025-12-02T16:45:35.000,Street Light Out,Closed,Belagavi,15.832196,74.546248
61822919,2025-11-29T20:27:00.000,2025-12-07T10:53:25.000,Street Light Out,Closed,Mangaluru,12.864379,74.874194
61823018,2025-11-29T21:30:00.000,,Street Light Out,In Progress,Tumakuru,13.346054,77.131667
61823229,2025-11-30T05:15:00.000,2025-12-03T12:33:35.000,Street Light Out,Closed,Bengaluru,13.043626,77.668712
61823457,2025-11-30T05:20:00.000,2025-12-03T15:14:00.000,Street Light Out,Closed,Belagavi,15.854864,74.530776
61823629,2025-11-30T09:00:00.000,2025-12-04T16:51:56.000,Street Light Cycling,Closed,Bengaluru,12.960114,77.588455
61823690,2025-11-30T15:26:00.000,2025-12-01T09:53:25.000,Street Light Out,Closed,Bengaluru,12.97763,77.591194
61824108,2025-11-30T15:30:00.000,2025-12-14T08:03:46.000,Street Light Dayburning,Closed,Tumakuru,13.344961,77.088214
61824267,2025-11-30T18:30:00.000,2025-12-06T10:01:00.000,Street Light Out,Closed,Mangaluru,12.879096,74.867328
61824554,2025-11-30T20:17:00.000,2025-12-29T12:11:00.000,Street Light Out,Closed,Mysuru,12.323927,76.642395
61824663,2025-11-30T21:04:00.000,2025-12-04T12:51:40.000,Street Light Out,Closed,Tumakuru,13.340899,77.089648
61824699,2025-11-30T21:45:00.000,2025-12-08T09:43:00.000,Street Light Out,Closed,Belagavi,15.842562,74.520054
61824861,2025-11-30T23:47:00.000,2025-12-05T14:05:00.000,Street Light Out,Closed,Hubballi,15.353378,75.124924
61825046,2025-11-30T23:59:00.000,2025-12-06T17:52:00.000,Street Light Out,Closed,Mangaluru,12.880508,74.853725
61825115,2025-12-01T00:30:00.000,2025-12-05T15:31:00.000,Street Light Out,Closed,Hubballi,15.378931,75.114358
61825156,2025-12-01T09:26:00.000,2025-12-26T12:46:00.000,Street Light Out,Closed,Tumakuru,13.337051,77.093953
61825351,2025-12-01T11:27:00.000,2025-12-12T11:21:00.000,Street Light Out,Closed,Bengaluru,12.944403,77.737313
61825667,2025-12-01T11:49:00.000,2025-12-08T08:57:25.000,Street Light Out,Closed,Belagavi,15.874608,74.518642
61825940,2025-12-01T16:51:00.000,2025-12-02T11:44:20.000,Street Light Out,Closed,Tumakuru,13.341592,77.121189
61825978,2025-12-01T16:54:00.000,2025-12-06T15:20:54.000,Street Light Out,Closed,Bengaluru,13.014922,77.564252
61825984,2025-12-01T17:49:00.000,2025-12-10T17:26:00.000,Street Light Out,Closed,Mangaluru,12.878225,74.863949
61826158,2025-12-01T17:55:00.000,2025-12-08T16:08:00.000,Street Light Out,Closed,Mangaluru,12.879625,74.850637
61826234,2025-12-01T19:55:00.000,2025-12-09T09:52:00.000,Street Light Out,Closed,Hubballi,15.367469,75.151022
61826248,2025-12-01T20:34:00.000,2025-12-05T14:07:00.000,Street Light Out,Closed,Mangaluru,12.906271,74.891339
61826252,2025-12-01T21:18:00.000,2025-12-03T16:35:58.000,Street Light Out,Closed,Bengaluru,13.032295,77.537526
61826260,2025-12-01T21:51:00.000,2025-12-29T08:35:28.000,Street Light Out,Closed,Mangaluru,12.895377,74.868688
61826447,2025-12-01T22:07:00.000,2025-12-06T15:27:30.000,Street Light Out,Closed,Bengaluru,12.967695,77.582154
61826665,2025-12-01T22:13:00.000,2025-12-12T09:39:00.000,Street Light Out,Closed,Shivamogga,13.931398,75.564874
61826863,2025-12-01T23:21:00.000,2025-12-21T16:23:54.000,Street Light Out,Closed,Hubballi,15.350388,75.120401
61826928,2025-12-01T23:23:00.000,2025-12-05T09:10:41.000,Street Light Out,Closed,Bengaluru,12.969951,77.585921
61827112,2025-12-02T00:18:00.000,2025-12-07T09:53:00.000,Street Light Out,Closed,Shivamogga,13.957683,75.549564
61827405,2025-12-02T00:20:00.000,2025-12-11T15:59:09.000,Street Light Out,Closed,Tumakuru,13.335488,77.104248
61827588,2025-12-02T00:33:00.000,2025-12-21T17:19:32.000,Street Light Out,Closed,Hubballi,15.358803,75.124144
61827664,2025-12-02T02:27:00.000,2025-12-03T13:02:00.000,Street Light Out,Closed,Bengaluru,12.995433,77.588646
61827916,2025-12-02T03:35:00.000,2025-12-06T10:30:50.000,Street Light Out,Closed,Mangaluru,12.873036,74.867141
61828019,2025-12-02T04:14:00.000,2025-12-11T18:52:16.000,Street Light Out,Closed,Mysuru,12.293995,76.670443
61828213,2025-12-02T08:04:00.000,2025-12-10T08:46:43.000,Street Light Out,Closed,Tumakuru,13.337399,77.103619
61828350,2025-12-02T09:55:00.000,2025-12-02T18:57:04.000,Street Light Out,Closed,Bengaluru,13.009374,77.596131
61828502,2025-12-02T10:59:00.000,2025-12-13T14:19:17.000,Street Light Cycling,Closed,Bengaluru,12.986871,77.592434
61828687,2025-12-02T11:00:00.000,2025-12-17T14:35:00.000,Street Light Out,Closed,Hubballi,15.36943,75.146239
61829052,2025-12-02T19:09:00.000,2025-12-06T08:42:00.000,Street Light Out,Closed,Bengaluru,12.895696,77.554795
61829365,2025-12-02T19:31:00.000,2025-12-05T17:53:00.000,Street Light Out,Closed,Bengaluru,13.005588,77.486009
61829576,2025-12-02T19:35:00.000,2025-12-05T13:16:00.000,Street Light Out,Closed,Mysuru,12.298411,76.661326
61829584,2025-12-02T20:10:00.000,2025-12-16T16:59:46.000,Street Light Out,Closed,Bengaluru,13.021548,77.56355
61829913,2025-12-02T20:27:00.000,2025-12-07T16:26:49.000,Street Light Out,Closed,Tumakuru,13.347193,77.072371
61829946,2025-12-02T21:42:00.000,2025-12-18T18:08:47.000,Street Light Out,Closed,Tumakuru,13.356043,77.089743
61830158,2025-12-02T21:48:00.000,2025-12-17T08:16:00.000,Street Light Out,Closed,Belagavi,15.886396,74.482799
61830276,2025-12-02T22:13:00.000,2025-12-05T11:21:27.000,Street Light Out,Closed,Tumakuru,13.376201,77.126885
61830483,2025-12-03T05:02:00.000,2025-12-08T11:13:00.000,Street Light Out,Closed,Bengaluru,12.959196,77.587417
61830490,2025-12-03T09:04:00.000,2025-12-11T12:22:59.000,Street Light Out,Closed,Shivamogga,13.925861,75.572358
61830533,2025-12-03T10:13:00.000,2025-12-08T15:10:38.000,Street Light Out,Closed,Tumakuru,13.32344,77.114104
61830709,2025-12-03T14:27:00.000,2025-12-18T14:49:00.000,Street Light Out,Closed,Mangaluru,12.879837,74.856382
61830883,2025-12-03T17:40:00.000,2025-12-04T12:09:00.000,Street Light Out,Closed,Bengaluru,12.979772,77.596104
61831004,2025-12-03T17:54:00.000,2025-12-09T10:38:11.000,Street Light Out,Closed,Belagavi,15.895903,74.497215
61831189,2025-12-03T18:10:00.000,2025-12-05T10:30:00.000,Street Light Out,Closed,Mangaluru,12.876905,74.877745
61831468,2025-12-03T19:08:00.000,2025-12-05T15:46:00.000,Street Light Out,Closed,Bengaluru,12.918137,77.641642
61831518,2025-12-03T19:41:00.000,2025-12-09T15:38:31.000,Street Light Out,Closed,Tumakuru,13.368813,77.132919
61831797,2025-12-03T20:23:00.000,2025-12-10T08:55:19.000,Street Light Out,Closed,Mysuru,12.305911,76.677193
61831801,2025-12-03T20:31:00.000,2025-12-06T15:35:00.000,Street Light Cycling,Closed,Bengaluru,12.981313,77.57336
61832081,2025-12-03T21:53:00.000,2025-12-05T09:43:19.000,Street Light Out,Closed,Hubballi,15.359083,75.123013
61832177,2025-12-03T22:06:00.000,2025-12-10T09:09:00.000,Street Light Out,Closed,Mysuru,12.290091,76.615786
61832300,2025-12-03T22:35:00.000,2025-12-06T08:26:51.000,Street Light Out,Closed,Bengaluru,12.955123,77.614962
61832556,2025-12-03T23:44:00.000,2025-12-05T11:09:00.000,Street Light Out,Closed,Mangaluru,12.880157,74.864157
61832679,2025-12-04T00:42:00.000,2025-12-11T09:52:00.000,Street Light Out,Closed,Mangaluru,12.879279,74.853358
61832767,2025-12-04T04:08:00.000,2025-12-10T12:46:05.000,Street Light Out,Closed,Shivamogga,13.924099,75.609777
61832796,2025-12-04T06:36:00.000,2025-12-12T11:44:00.000,Street Light Out,Closed,Bengaluru,13.003971,77.620472
61832969,2025-12-04T06:42:00.000,2025-12-08T16:23:45.000,Street Light Out,Closed,Shivamogga,13.932811,75.552722
61833001,2025-12-04T07:46:00.000,2025-12-23T10:04:48.000,Street Light Out,Closed,Tumakuru,13.340618,77.120017
61833121,2025-12-04T08:13:00.000,2025-12-08T08:13:00.000,Street Light Out,Closed,Bengaluru,12.986316,77.654196
61833508,2025-12-04T08:27:00.000,2025-12-07T15:36:00.000,Street Light Out,Closed,Bengaluru,12.964811,77.563209
61833624,2025-12-04T08:50:00.000,2025-12-17T18:39:00.000,Street Light Dim,Closed,Tumakuru,13.345974,77.09272
61833877,2025-12-04T10:37:00.000,2025-12-10T08:59:00.000,Street Light Out,Closed,Mysuru,12.319067,76.6378
61834008,2025-12-04T11:32:00.000,2025-12-10T18:15:22.000,Street Light Out,Closed,Hubballi,15.358353,75.130881
61834643,2025-12-04T17:10:00.000,2025-12-06T14:12:52.000,Street Light Out,Closed,Shivamogga,13.929907,75.552514
61834859,2025-12-04T17:52:00.000,2025-12-14T16:33:00.000,Street Light Out,Closed,Tumakuru,13.320204,77.103405
61835101,2025-12-04T18:45:00.000,2025-12-08T18:03:34.000,Street Light Out,Closed,Belagavi,15.882711,74.476896
61835221,2025-12-04T18:49:00.000,2025-12-31T17:09:00.000,Street Light Out,Closed,Mysuru,12.315075,76.658258
61835277,2025-12-04T18:59:00.000,2025-12-06T17:13:00.000,Street Light Out,Closed,Tumakuru,13.372881,77.135112
61835477,2025-12-04T19:35:00.000,2025-12-05T15:01:07.000,Street Light Out,Closed,Mysuru,12.293752,76.642396
61835538,2025-12-04T22:01:00.000,2025-12-06T08:02:00.000,Street Light Out,Closed,Bengaluru,12.984717,77.559677
61835540,2025-12-04T22:56:00.000,2025-12-07T17:35:00.000,Street Light Out,Closed,Mysuru,12.311242,76.694284
61835717,2025-12-04T23:51:00.000,2025-12-07T11:00:04.000,Street Light Out,Closed,Bengaluru,12.951183,77.54829
61835860,2025-12-05T00:06:00.000,2025-12-06T14:48:34.000,Street Light Out,Closed,Tumakuru,13.338665,77.101848
61836176,2025-12-05T00:18:00.000,2025-12-07T14:26:00.000,Street Light Out,Closed,Bengaluru,12.872329,77.634697
61836220,2025-12-05T03:28:00.000,2025-12-07T12:13:00.000,Street Light Out,Closed,Mangaluru,12.890002,74.864676
61836524,2025-12-05T08:19:00.000,2025-12-09T12:58:00.000,Street Light Out,Closed,Mysuru,12.282169,76.70165
61836732,2025-12-05T18:10:00.000,,Street Light Out,Open,Bengaluru,12.96074,77.650539
61836748,2025-12-05T19:12:00.000,2025-12-18T15:35:00.000,Street Light Dayburning,Closed,Mysuru,12.281899,76.681848
61836812,2025-12-05T19:58:00.000,2025-12-11T11:24:40.000,Street Light Out,Closed,Mysuru,12.317665,76.653624
61836830,2025-12-05T20:25:00.000,,Street Light Out,Open,Mangaluru,12.84477,74.911384
61836926,2025-12-05T20:56:00.000,2025-12-10T13:11:00.000,Street Light Out,Closed,Shivamogga,13.922579,75.563598
61837105,2025-12-05T21:04:00.000,2025-12-08T18:04:27.000,Street Light Out,Closed,Tumakuru,13.338304,77.118487
61837884,2025-12-05T21:22:00.000,2025-12-11T10:30:34.000,Street Light Cycling,Closed,Mysuru,12.323008,76.646142
61837929,2025-12-05T22:00:00.000,2025-12-10T09:09:00.000,Street Light Out,Closed,Hubballi,15.385035,75.13036
61837983,2025-12-05T22:11:00.000,2025-12-13T15:42:00.000,Street Light Out,Closed,Mysuru,12.314015,76.68816
61838153,2025-12-05T22:59:00.000,2025-12-22T10:01:00.000,Street Light Out,Closed,Hubballi,15.357733,75.144035
61838320,2025-12-06T00:04:00.000,2025-12-18T08:10:41.000,Street Light Out,Closed,Mangaluru,12.87876,74.856968
61838597,2025-12-06T09:00:00.000,2025-12-10T17:01:31.000,Street Light Out,Closed,Bengaluru,12.943866,77.575022
61838632,2025-12-06T09:20:00.000,2025-12-08T12:51:00.000,Street Light Out,Closed,Hubballi,15.354338,75.132826
61838634,2025-12-06T12:29:00.000,2025-12-09T12:27:00.000,Street Light Out,Closed,Bengaluru,13.007937,77.572439
61839035,2025-12-06T13:00:00.000,2025-12-16T08:26:00.000,Street Light Out,Closed,Hubballi,15.360207,75.139199
61839163,2025-12-06T17:29:00.000,2025-12-11T10:06:09.000,Street Light Out,Closed,Bengaluru,12.990308,77.583753
61839363,2025-12-06T17:42:00.000,2025-12-10T12:08:00.000,Street Light Out,Closed,Mysuru,12.328849,76.654674
61839517,2025-12-06T18:08:00.000,2025-12-21T15:00:00.000,Street Light Cycling,Closed,Mysuru,12.292307,76.648973
61839602,2025-12-06T18:38:00.000,2025-12-13T10:54:00.000,Street Light Out,Closed,Hubballi,15.368894,75.124625
61839649,2025-12-06T19:17:00.000,2025-12-18T09:41:11.000,Street Light Out,Closed,Mangaluru,12.919816,74.858505
61839667,2025-12-06T19:26:00.000,2025-12-12T10:59:00.000,Street Light Out,Closed,Bengaluru,13.015106,77.564284
61839703,2025-12-06T20:25:00.000,2025-12-12T15:40:59.000,Street Light Out,Closed,Tumakuru,13.344279,77.105527
61839709,2025-12-06T20:37:00.000,2025-12-12T08:27:00.000,Street Light Out,Closed,Hubballi,15.366148,75.139007
61839902,2025-12-06T20:40:00.000,2025-12-15T08:52:00.000,Street Light Out,Closed,Mysuru,12.297412,76.62613
61839975,2025-12-06T21:07:00.000,2025-12-14T12:38:02.000,Street Light Cycling,Closed,Belagavi,15.862747,74.516878
61840143,2025-12-06T21:14:00.000,2025-12-24T16:12:00.000,Street Light Out,Closed,Belagavi,15.848916,74.485823
61840259,2025-12-06T21:38:00.000,2025-12-13T15:39:44.000,Street Light Out,Closed,Mangaluru,12.906277,74.891281
61840651,2025-12-06T21:47:00.000,2025-12-11T10:12:00.000,Street Light Out,Closed,Tumakuru,13.357812,77.136589
61841067,2025-12-06T22:44:00.000,2025-12-12T14:14:00.000,Street Light Out,Closed,Hubballi,15.298558,75.136701
61841177,2025-12-06T23:29:00.000,2025-12-17T12:13:17.000,Lamppost Damaged,Closed,Mangaluru,12.870049,74.85893
61841342,2025-12-06T23:45:00.000,2025-12-28T16:52:00.000,Street Light Dim,Closed,Belagavi,15.884735,74.510082
61841726,2025-12-07T03:25:00.000,2025-12-14T18:22:00.000,Street Light Out,Closed,Mangaluru,12.882317,74.854249
61841939,2025-12-07T06:01:00.000,2025-12-14T08:03:04.000,Street Light Out,Closed,Tumakuru,13.341269,77.123253
61842069,2025-12-07T07:20:00.000,2025-12-09T11:26:37.000,Street Light Out,Closed,Shivamogga,13.943012,75.571906
61842092,2025-12-07T07:23:00.000,2025-12-12T16:15:13.000,Street Light Out,Closed,Bengaluru,12.903863,77.480627
61842107,2025-12-07T09:08:00.000,,Street Light Out,Open,Shivamogga,13.953672,75.540956
61842207,2025-12-07T09:43:00.000,,Street Light Out,Open,Mangaluru,12.890317,74.874174
61842212,2025-12-07T10:19:00.000,2025-12-11T18:45:00.000,Street Light Out,Closed,Mysuru,12.296292,76.669616
61842385,2025-12-07T11:09:00.000,2025-12-10T18:30:23.000,Street Light Out,Closed,Belagavi,15.819353,74.550807
61842468,2025-12-07T11:24:00.000,,Street Light Out,In Progress,Hubballi,15.362931,75.12201
61842546,2025-12-07T11:57:00.000,2025-12-11T11:07:00.000,Street Light Out,Closed,Bengaluru,12.96791,77.581192
61842822,2025-12-07T15:02:00.000,2025-12-08T15:20:51.000,Street Light Out,Closed,Bengaluru,12.964884,77.594102
61842835,2025-12-07T15:48:00.000,2025-12-10T14:31:00.000,Street Light Out,Closed,Shivamogga,13.926045,75.565407
61842975,2025-12-07T17:24:00.000,2025-12-09T10:57:26.000,Street Light Out,Closed,Bengaluru,12.984798,77.559649
61842990,2025-12-07T18:00:00.000,2025-12-10T15:59:18.000,Street Light Out,Closed,Belagavi,15.85036,74.487028
61843551,2025-12-07T18:19:00.000,2025-12-13T16:11:49.000,Street Light Out,Closed,Mangaluru,12.876932,74.877729
61843756,2025-12-07T20:33:00.000,2025-12-09T10:30:00.000,Street Light Out,Closed,Mysuru,12.33804,76.653308
61844109,2025-12-07T20:44:00.000,,Street Light Out,Open,Hubballi,15.356326,75.150156
61844116,2025-12-07T21:31:00.000,2025-12-12T11:19:40.000,Street Light Out,Closed,Hubballi,15.33009,75.093064
61844130,2025-12-07T21:40:00.000,2025-12-15T17:08:00.000,Street Light Out,Closed,Mysuru,12.299672,76.665157
61844235,2025-12-07T22:05:00.000,2025-12-11T16:17:59.000,Street Light Out,Closed,Mysuru,12.303736,76.637291
61844565,2025-12-07T22:38:00.000,2025-12-11T14:36:59.000,Street Light Out,Closed,Tumakuru,13.366739,77.091906
61844709,2025-12-08T06:20:00.000,2025-12-16T08:36:00.000,Street Light Out,Closed,Belagavi,15.838049,74.518757
61844730,2025-12-08T07:50:00.000,,Street Light Out,In Progress,Mysuru,12.311352,76.664699
61844783,2025-12-08T10:25:00.000,2025-12-13T17:43:54.000,Street Light Out,Closed,Bengaluru,12.961419,77.596988
61845067,2025-12-08T10:26:00.000,2025-12-14T08:04:55.000,Street Light Out,Closed,Hubballi,15.405477,75.091856
61845141,2025-12-08T17:38:00.000,2025-12-16T09:53:00.000,Street Light Dayburning,Closed,Hubballi,15.338647,75.114166
61845445,2025-12-08T17:44:00.000,2025-12-12T08:56:32.000,Street Light Out,Closed,Bengaluru,12.920641,77.634772
61845685,2025-12-08T19:47:00.000,2025-12-11T12:16:00.000,Street Light Out,Closed,Bengaluru,12.975322,77.614229
61845992,2025-12-08T20:23:00.000,2025-12-29T12:03:00.000,Street Light Out,Closed,Shivamogga,13.97193,75.546895
61845996,2025-12-08T21:38:00.000,,Street Light Out,Open,Bengaluru,13.032572,77.570455
61846971,2025-12-08T22:31:00.000,,Street Light Out,Open,Hubballi,15.349199,75.124127
61847063,2025-12-08T23:54:00.000,2025-12-12T15:24:00.000,Street Light Out,Closed,Mangaluru,12.895726,74.902123
61847347,2025-12-09T05:25:00.000,2025-12-24T15:19:45.000,Street Light Out,Closed,Hubballi,15.353785,75.121914
61847349,2025-12-09T07:33:00.000,2025-12-13T10:39:50.000,Street Light Out,Closed,Tumakuru,13.333104,77.137259
61847353,2025-12-09T07:45:00.000,2025-12-11T13:56:36.000,Street Light Dayburning,Closed,Bengaluru,12.980732,77.575789
61847438,2025-12-09T09:52:00.000,2025-12-14T15:12:00.000,Street Light Out,Closed,Mysuru,12.320879,76.658773
61847440,2025-12-09T10:19:00.000,2025-12-18T10:50:00.000,Street Light Out,Closed,Mangaluru,12.887066,74.852151
61847478,2025-12-09T10:28:00.000,2025-12-17T11:18:00.000,Street Light Out,Closed,Tumakuru,13.348967,77.097467
61847742,2025-12-09T10:49:00.000,2025-12-17T18:18:00.000,Street Light Out,Closed,Mysuru,12.314245,76.677465
61847784,2025-12-09T11:35:00.000,2025-12-18T11:17:35.000,Street Light Out,Closed,Belagavi,15.882601,74.518141
61847869,2025-12-09T12:33:00.000,2025-12-20T13:49:00.000,Street Light Out,Closed,Bengaluru,12.965797,77.578886
61847882,2025-12-09T20:02:00.000,2025-12-20T18:40:00.000,Street Light Cycling,Closed,Bengaluru,13.023662,77.542074
61848026,2025-12-09T21:10:00.000,,Street Light Out,Open,Hubballi,15.37971,75.123948
61848188,2025-12-09T23:45:00.000,2025-12-24T08:48:24.000,Street Light Out,Closed,Belagavi,15.859976,74.517545
61848247,2025-12-10T02:20:00.000,2025-12-11T08:22:00.000,Street Light Dim,Closed,Bengaluru,12.970841,77.593357
61848702,2025-12-10T02:24:00.000,2025-12-17T15:41:00.000,Street Light Out,Closed,Mysuru,12.287392,76.64096
61848800,2025-12-10T04:25:00.000,2025-12-20T15:11:00.000,Street Light Out,Closed,Bengaluru,12.98127,77.573346
61848809,2025-12-10T05:36:00.000,2025-12-27T09:10:20.000,Street Light Out,Closed,Bengaluru,12.959923,77.657357
61848869,2025-12-10T06:22:00.000,2025-12-18T16:40:16.000,Street Light Out,Closed,Mangaluru,12.89754,74.85411
61848908,2025-12-10T07:14:00.000,2025-12-14T10:28:00.000,Street Light Out,Closed,Bengaluru,12.982199,77.590053
61848995,2025-12-10T09:12:00.000,2025-12-17T17:16:00.000,Street Light Out,Closed,Bengaluru,12.92773,77.543583
61849152,2025-12-10T09:17:00.000,2025-12-11T11:01:22.000,Street Light Out,Closed,Mangaluru,12.904729,74.851169
61849282,2025-12-10T09:21:00.000,2025-12-14T11:52:53.000,Street Light Out,Closed,Tumakuru,13.341736,77.121677
61849446,2025-12-10T09:31:00.000,2025-12-16T13:34:11.000,Street Light Out,Closed,Bengaluru,12.953341,77.730547
61849579,2025-12-10T11:37:00.000,2025-12-12T18:30:00.000,Street Light Dim,Closed,Bengaluru,12.952459,77.649433
61849655,2025-12-10T11:59:00.000,2025-12-11T16:28:00.000,Street Light Dayburning,Closed,Mysuru,12.323363,76.674581
61849685,2025-12-10T15:15:00.000,2025-12-18T10:41:47.000,Street Light Out,Closed,Tumakuru,13.354396,77.082376
61849721,2025-12-10T16:59:00.000,2025-12-16T12:13:05.000,Street Light Dim,Closed,Shivamogga,13.941542,75.563731
61849921,2025-12-10T17:05:00.000,,Street Light Out,Open,Mysuru,12.297579,76.659781
61850284,2025-12-10T18:03:00.000,2025-12-17T11:27:00.000,Street Light Out,Closed,Mysuru,12.300062,76.667602
61851008,2025-12-10T18:51:00.000,2025-12-18T16:15:00.000,Street Light Out,Closed,Bengaluru,12.974323,77.635264
61851288,2025-12-10T19:02:00.000,2025-12-14T13:42:04.000,Street Light Out,Closed,Mysuru,12.26644,76.626922
61851356,2025-12-10T19:02:00.000,2025-12-13T08:26:32.000,Street Light Out,Closed,Belagavi,15.872336,74.507418
61851393,2025-12-10T20:22:00.000,2025-12-23T14:44:39.000,Street Light Out,Closed,Tumakuru,13.359698,77.095419
61851903,2025-12-10T20:27:00.000,2025-12-13T16:43:46.000,Street Light Out,Closed,Shivamogga,13.925444,75.565624
61852065,2025-12-10T21:06:00.000,2025-12-18T08:48:38.000,Street Light Out,Closed,Bengaluru,12.959866,77.65602
61852141,2025-12-10T21:45:00.000,2025-12-13T11:06:00.000,Street Light Out,Closed,Bengaluru,12.959946,77.599176
61852541,2025-12-10T21:55:00.000,2025-12-18T09:58:00.000,Street Light Out,Closed,Shivamogga,13.938484,75.591438
61852592,2025-12-11T00:28:00.000,2025-12-15T08:24:27.000,Street Light Out,Closed,Mangaluru,12.873556,74.877408
61852625,2025-12-11T00:58:00.000,2025-12-23T09:28:00.000,Street Light Out,Closed,Hubballi,15.366665,75.136938
61852658,2025-12-11T03:56:00.000,2025-12-15T11:05:56.000,Street Light Out,Closed,Hubballi,15.377077,75.14366
61852886,2025-12-11T07:26:00.000,2025-12-24T17:57:00.000,Street Light Out,Closed,Hubballi,15.357731,75.132419
61852937,2025-12-11T08:08:00.000,2025-12-20T13:50:00.000,Street Light Out,Closed,Mangaluru,12.855901,74.897046
61852978,2025-12-11T08:10:00.000,2025-12-18T16:02:00.000,Street Light Out,Closed,Mysuru,12.281495,76.661406
61852979,2025-12-11T08:10:00.000,2025-12-19T14:08:12.000,Street Light Out,Closed,Shivamogga,13.932994,75.552638
61853557,2025-12-11T17:24:00.000,2025-12-15T12:43:00.000,Street Light Out,Closed,Bengaluru,12.907056,77.521531
61853653,2025-12-11T18:26:00.000,2025-12-13T11:02:00.000,Street Light Out,Closed,Hubballi,15.366759,75.163349
61853767,2025-12-11T19:56:00.000,2025-12-16T13:52:33.000,Street Light Out,Closed,Shivamogga,13.95685,75.548119
61853788,2025-12-11T20:20:00.000,2025-12-14T16:50:00.000,Street Light Out,Closed,Bengaluru,12.93172,77.668205
61853862,2025-12-11T20:22:00.000,2025-12-18T08:49:16.000,Street Light Out,Closed,Hubballi,15.367075,75.162021
61854064,2025-12-11T20:53:00.000,,Street Light Out,Open,Shivamogga,13.893595,75.578752
61854077,2025-12-11T21:56:00.000,,Street Light Out,In Progress,Belagavi,15.86221,74.479706
61854189,2025-12-11T22:23:00.000,2025-12-13T08:22:59.000,Street Light Out,Closed,Belagavi,15.870364,74.48107
61854544,2025-12-11T22:53:00.000,,Street Light Out,Open,Mangaluru,12.847535,74.848266
61854550,2025-12-11T22:59:00.000,2025-12-14T17:04:05.000,Street Light Out,Closed,Mysuru,12.31896,76.671508
61854598,2025-12-11T23:22:00.000,2025-12-15T11:18:00.000,Street Light Out,Closed,Mysuru,12.29902,76.655569
61854628,2025-12-12T00:10:00.000,2025-12-15T17:12:00.000,Street Light Out,Closed,Tumakuru,13.358545,77.078757
61854720,2025-12-12T05:42:00.000,,Street Light Out,In Progress,Mangaluru,12.915126,74.847283
61854767,2025-12-12T08:08:00.000,2025-12-15T17:24:00.000,Street Light Out,Closed,Mysuru,12.308516,76.666997
61854797,2025-12-12T08:49:00.000,2025-12-15T11:15:44.000,Street Light Dayburning,Closed,Tumakuru,13.324641,77.134451
61854890,2025-12-12T10:16:00.000,2025-12-28T10:56:56.000,Street Light Out,Closed,Belagavi,15.858343,74.49768
61854929,2025-12-12T14:18:00.000,2025-12-24T13:58:00.000,Street Light Out,Closed,Mangaluru,12.877381,74.840867
61855070,2025-12-12T16:10:00.000,2025-12-24T18:38:57.000,Street Light Out,Closed,Tumakuru,13.337148,77.087291
61855099,2025-12-12T18:34:00.000,2025-12-21T09:36:00.000,Street Light Out,Closed,Bengaluru,12.984846,77.595529
61855229,2025-12-12T19:40:00.000,2025-12-14T08:13:00.000,Street Light Cycling,Closed,Mangaluru,12.838134,74.883582
61855291,2025-12-12T20:11:00.000,,Street Light Out,In Progress,Mysuru,12.31699,76.696017
61855397,2025-12-12T20:52:00.000,2025-12-19T14:56:47.000,Street Light Dayburning,Closed,Bengaluru,12.991579,77.558761
61855542,2025-12-12T21:50:00.000,2025-12-16T08:36:40.000,Street Light Out,Closed,Mysuru,12.307945,76.651673
61855727,2025-12-12T22:41:00.000,2025-12-16T15:58:39.000,Street Light Out,Closed,Bengaluru,12.937622,77.609706
61856151,2025-12-12T23:38:00.000,2025-12-20T15:46:32.000,Street Light Dayburning,Closed,Belagavi,15.828751,74.526488
61856396,2025-12-13T00:24:00.000,2025-12-22T08:20:33.000,Street Light Out,Closed,Bengaluru,12.988784,77.590811
61856486,2025-12-13T00:57:00.000,2025-12-22T10:06:14.000,Street Light Out,Closed,Bengaluru,12.969008,77.591228
61856659,2025-12-13T01:49:00.000,,Street Light Out,Open,Mysuru,12.316337,76.632158
61856668,2025-12-13T05:43:00.000,2025-12-20T12:41:00.000,Street Light Out,Closed,Mysuru,12.290711,76.66591
61856751,2025-12-13T06:14:00.000,2025-12-27T12:32:00.000,Street Light Out,Closed,Bengaluru,13.009421,77.596077
61856803,2025-12-13T07:02:00.000,2025-12-23T11:08:20.000,Street Light Dayburning,Closed,Mysuru,12.296314,76.636393
61857301,2025-12-13T08:56:00.000,2025-12-17T12:39:00.000,Street Light Out,Closed,Bengaluru,12.999501,77.565725
61857339,2025-12-13T09:32:00.000,2025-12-18T12:55:00.000,Street Light Out,Closed,Shivamogga,13.922526,75.563669
61857432,2025-12-13T12:48:00.000,2025-12-16T08:47:00.000,Street Light Out,Closed,Bengaluru,12.975141,77.619546
61857525,2025-12-13T19:59:00.000,2025-12-24T15:14:00.000,Street Light Out,Closed,Bengaluru,12.971175,77.594117
61857535,2025-12-13T20:43:00.000,2025-12-28T09:29:00.000,Street Light Out,Closed,Tumakuru,13.341314,77.115451
61857878,2025-12-13T20:54:00.000,,Street Light Out,Open,Bengaluru,12.950959,77.649998
61857962,2025-12-13T21:53:00.000,2025-12-17T08:43:00.000,Street Light Out,Closed,Bengaluru,12.984244,77.618933
61858188,2025-12-13T22:42:00.000,2025-12-16T17:59:00.000,Street Light Out,Closed,Tumakuru,13.355812,77.081282
61858228,2025-12-13T23:05:00.000,2025-12-27T16:38:19.000,Street Light Dayburning,Closed,Bengaluru,13.049816,77.625934
61858234,2025-12-13T23:13:00.000,,Street Light Cycling,Open,Bengaluru,12.93828,77.622527
61858495,2025-12-14T00:02:00.000,2025-12-16T08:03:00.000,Street Light Out,Closed,Mangaluru,12.876682,74.879732
61858559,2025-12-14T03:29:00.000,2025-12-19T11:31:52.000,Street Light Out,Closed,Mangaluru,12.903909,74.847553
61858619,2025-12-14T09:40:00.000,2025-12-17T08:12:00.000,Street Light Out,Closed,Tumakuru,13.370861,77.075533
61858853,2025-12-14T10:32:00.000,2025-12-18T15:18:32.000,Street Light Out,Closed,Tumakuru,13.335778,77.10159
61859107,2025-12-14T10:55:00.000,2025-12-23T10:58:00.000,Street Light Out,Closed,Belagavi,15.870256,74.481148
61859146,2025-12-14T11:16:00.000,,Street Light Out,In Progress,Mangaluru,12.875413,74.852618
61859458,2025-12-14T11:41:00.000,2025-12-20T12:06:00.000,Street Light Out,Closed,Bengaluru,13.0023,77.574313
61859489,2025-12-14T14:37:00.000,,Street Light Out,Open,Mysuru,12.289933,76.673854
61859611,2025-12-14T19:10:00.000,2025-12-20T08:24:14.000,Street Light Dayburning,Closed,Bengaluru,12.964108,77.563759
61859614,2025-12-14T19:47:00.000,2025-12-24T14:51:31.000,Street Light Out,Closed,Belagavi,15.837396,74.480957
61860038,2025-12-14T21:18:00.000,2025-12-23T13:10:00.000,Street Light Cycling,Closed,Belagavi,15.856377,74.457105
61860059,2025-12-14T22:32:00.000,2025-12-17T15:57:00.000,Street Light Out,Closed,Bengaluru,12.955511,77.603938
61860131,2025-12-14T23:08:00.000,2025-12-28T17:36:00.000,Street Light Out,Closed,Bengaluru,12.984521,77.599448
61860271,2025-12-15T01:55:00.000,2025-12-20T13:50:00.000,Street Light Out,Closed,Bengaluru,12.969394,77.594834
61860375,2025-12-15T02:13:00.000,2025-12-22T11:24:00.000,Street Light Out,Closed,Mysuru,12.306534,76.673164
61860556,2025-12-15T07:36:00.000,2025-12-22T17:12:00.000,Street Light Out,Closed,Shivamogga,13.92444,75.562391
61860577,2025-12-15T09:51:00.000,2025-12-19T11:17:00.000,Street Light Out,Closed,Bengaluru,12.970656,77.594378
61860579,2025-12-15T10:00:00.000,,Street Light Dim,In Progress,Tumakuru,13.336973,77.07685
61860683,2025-12-15T11:10:00.000,2025-12-16T12:11:41.000,Street Light Dayburning,Closed,Bengaluru,12.974158,77.588746
61860701,2025-12-15T11:15:00.000,2025-12-18T11:08:00.000,Street Light Out,Closed,Belagavi,15.819718,74.552138
61860876,2025-12-15T12:09:00.000,2025-12-23T09:23:11.000,Street Light Out,Closed,Mangaluru,12.881572,74.873145
61860976,2025-12-15T12:19:00.000,2025-12-18T16:54:00.000,Street Light Out,Closed,Mysuru,12.2981,76.641731
61861134,2025-12-15T13:32:00.000,2025-12-17T15:58:00.000,Street Light Out,Closed,Mangaluru,12.939935,74.87509
61861238,2025-12-15T15:19:00.000,2025-12-21T13:25:49.000,Street Light Out,Closed,Bengaluru,12.981324,77.657539
61861240,2025-12-15T16:42:00.000,2025-12-19T18:06:34.000,Street Light Out,Closed,Bengaluru,12.886684,77.525173
61861244,2025-12-15T18:55:00.000,2025-12-20T08:23:00.000,Street Light Out,Closed,Mysuru,12.32388,76.635316
61861441,2025-12-15T19:54:00.000,,Street Light Out,In Progress,Belagavi,15.838431,74.518877
61861445,2025-12-15T21:00:00.000,2025-12-28T13:25:00.000,Street Light Out,Closed,Hubballi,15.339765,75.112698
61861451,2025-12-15T21:12:00.000,2025-12-30T12:22:00.000,Street Light Out,Closed,Shivamogga,13.885067,75.571555
61861590,2025-12-15T22:52:00.000,2025-12-27T08:00:58.000,Street Light Dayburning,Closed,Bengaluru,12.943818,77.574963
61861602,2025-12-15T23:41:00.000,2025-12-21T14:52:05.000,Street Light Out,Closed,Mysuru,12.317276,76.666947
61861862,2025-12-16T08:34:00.000,2025-12-18T08:10:16.000,Street Light Out,Closed,Bengaluru,13.012062,77.575311
61861908,2025-12-16T10:28:00.000,2025-12-19T15:29:00.000,Street Light Out,Closed,Mysuru,12.254819,76.627229
61861952,2025-12-16T13:55:00.000,2025-12-25T12:31:12.000,Street Light Out,Closed,Hubballi,15.361896,75.119289
61861974,2025-12-16T16:16:00.000,2025-12-25T13:49:00.000,Street Light Out,Closed,Belagavi,15.850555,74.486178
61862016,2025-12-16T17:33:00.000,,Street Light Out,Open,Tumakuru,13.380774,77.073442
61862033,2025-12-16T18:27:00.000,2025-12-20T09:47:39.000,Street Light Out,Closed,Bengaluru,12.964898,77.594065
61862790,2025-12-16T19:33:00.000,2025-12-19T16:32:00.000,Street Light Out,Closed,Hubballi,15.344054,75.133023
61862965,2025-12-16T19:40:00.000,2025-12-18T17:41:00.000,Street Light Cycling,Closed,Bengaluru,12.938167,77.637399
61863108,2025-12-16T20:44:00.000,2025-12-18T11:26:00.000,Street Light Out,Closed,Mangaluru,12.880032,74.874514
61863146,2025-12-16T20:58:00.000,2025-12-20T13:09:28.000,Street Light Out,Closed,Belagavi,15.851738,74.472162
61863151,2025-12-16T22:12:00.000,,Street Light Dim,In Progress,Shivamogga,13.952729,75.547283
61863513,2025-12-16T23:58:00.000,,Street Light Out,Open,Mysuru,12.305287,76.667737
61863532,2025-12-17T00:31:00.000,2025-12-19T13:43:00.000,Street Light Out,Closed,Bengaluru,12.970369,77.590961
61863549,2025-12-17T03:20:00.000,2025-12-19T08:29:25.000,Street Light Out,Closed,Hubballi,15.358635,75.140232
61863731,2025-12-17T07:13:00.000,,Street Light Out,Open,Tumakuru,13.353508,77.101724
61864420,2025-12-17T08:00:00.000,2025-12-20T16:17:00.000,Street Light Out,Closed,Mysuru,12.310376,76.68398
61864461,2025-12-17T08:10:00.000,,Street Light Out,Open,Bengaluru,12.991779,77.635814
61864540,2025-12-17T08:28:00.000,2025-12-25T16:59:00.000,Street Light Out,Closed,Tumakuru,13.346807,77.109289
61864593,2025-12-17T09:26:00.000,2025-12-19T16:29:26.000,Street Light Out,Closed,Mysuru,12.32091,76.654152
61864605,2025-12-17T14:16:00.000,2025-12-25T14:09:00.000,Street Light Dayburning,Closed,Hubballi,15.359106,75.123105
61864694,2025-12-17T16:07:00.000,2025-12-29T13:40:00.000,Street Light Out,Closed,Mysuru,12.342442,76.672784
61864847,2025-12-17T19:41:00.000,,Street Light Out,Open,Tumakuru,13.347504,77.118643
61865033,2025-12-17T20:26:00.000,2025-12-23T15:12:51.000,Street Light Out,Closed,Belagavi,15.844775,74.520908
61865060,2025-12-17T21:02:00.000,,Street Light Out,In Progress,Tumakuru,13.336794,77.114878
61865241,2025-12-17T22:15:00.000,,Street Light Out,Open,Belagavi,15.854373,74.488279
61865279,2025-12-17T22:39:00.000,2025-12-23T10:32:48.000,Street Light Out,Closed,Belagavi,15.82037,74.55606
61865385,2025-12-17T22:55:00.000,2025-12-20T11:16:00.000,Street Light Out,Closed,Belagavi,15.850076,74.499406
61865536,2025-12-17T23:16:00.000,2025-12-23T15:00:00.000,Street Light Out,Closed,Bengaluru,12.970408,77.620836
61865575,2025-12-18T00:16:00.000,2025-12-23T11:52:44.000,Street Light Dim,Closed,Belagavi,15.869978,74.487027
61865699,2025-12-18T08:26:00.000,,Street Light Dayburning,Open,Mangaluru,12.902314,74.86229
61865897,2025-12-18T08:58:00.000,2025-12-20T12:10:45.000,Street Light Out,Closed,Bengaluru,13.007931,77.572438
61866085,2025-12-18T09:39:00.000,2025-12-28T16:07:00.000,Street Light Out,Closed,Mangaluru,12.875617,74.8591
61866499,2025-12-18T11:59:00.000,2025-12-19T08:40:51.000,Street Light Out,Closed,Bengaluru,12.998851,77.485209
61866547,2025-12-18T14:44:00.000,2025-12-21T17:20:00.000,Street Light Out,Closed,Bengaluru,12.859642,77.572375
61866707,2025-12-18T15:39:00.000,2025-12-21T10:04:32.000,Street Light Out,Closed,Belagavi,15.847161,74.52411
61866881,2025-12-18T18:28:00.000,,Street Light Out,Open,Bengaluru,12.999459,77.547105
61866963,2025-12-18T18:57:00.000,2025-12-21T11:02:00.000,Street Light Out,Closed,Bengaluru,12.975074,77.607013
61867063,2025-12-18T20:03:00.000,2025-12-23T14:16:00.000,Street Light Out,Closed,Shivamogga,13.926527,75.573205
61867185,2025-12-18T21:01:00.000,,Street Light Dayburning,Open,Hubballi,15.346718,75.136445
61867250,2025-12-18T22:26:00.000,2025-12-20T15:02:59.000,Street Light Out,Closed,Belagavi,15.877904,74.479564
61867261,2025-12-18T23:47:00.000,2025-12-31T08:23:00.000,Street Light Out,Closed,Tumakuru,13.344991,77.078162
61867322,2025-12-19T01:48:00.000,,Street Light Cycling,In Progress,Belagavi,15.844103,74.489454
61867363,2025-12-19T02:22:00.000,2025-12-20T12:09:28.000,Street Light Dayburning,Closed,Mangaluru,12.912994,74.856911
61867441,2025-12-19T06:40:00.000,,Street Light Out,Open,Mysuru,12.343982,76.683462
61867769,2025-12-19T07:22:00.000,2025-12-23T18:59:28.000,Street Light Out,Closed,Hubballi,15.364215,75.135623
61868261,2025-12-19T10:44:00.000,,Street Light Out,In Progress,Hubballi,15.38359,75.123763
61868350,2025-12-19T11:27:00.000,2025-12-30T16:26:00.000,Street Light Out,Closed,Bengaluru,12.97258,77.570593
61868364,2025-12-19T11:29:00.000,2025-12-25T14:17:00.000,Street Light Out,Closed,Bengaluru,12.982692,77.65928
61868533,2025-12-19T14:41:00.000,2025-12-25T14:06:00.000,Street Light Out,Closed,Belagavi,15.848517,74.489953
61868575,2025-12-19T16:30:00.000,2025-12-24T10:00:00.000,Street Light Out,Closed,Tumakuru,13.328723,77.100741
61868624,2025-12-19T16:32:00.000,,Street Light Out,Open,Bengaluru,12.929309,77.575615
61868633,2025-12-19T18:36:00.000,,Street Light Out,Open,Bengaluru,12.934403,77.595052
61868679,2025-12-19T18:47:00.000,,Street Light Out,In Progress,Mysuru,12.315533,76.634363
61868965,2025-12-19T19:57:00.000,2025-12-25T09:07:24.000,Lamppost Damaged,Closed,Belagavi,15.840928,74.516802
61869291,2025-12-19T20:06:00.000,2025-12-26T14:50:34.000,Street Light Out,Closed,Belagavi,15.868337,74.513938
61869450,2025-12-19T20:27:00.000,2025-12-22T11:06:00.000,Street Light Out,Closed,Tumakuru,13.336839,77.096336
61869651,2025-12-19T20:28:00.000,2025-12-23T10:11:57.000,Street Light Out,Closed,Mangaluru,12.855806,74.899542
61869819,2025-12-19T20:34:00.000,2025-12-24T18:09:00.000,Street Light Out,Closed,Tumakuru,13.335458,77.118055
61869958,2025-12-19T21:09:00.000,2025-12-21T12:30:01.000,Street Light Out,Closed,Shivamogga,13.916004,75.560948
61870007,2025-12-20T00:25:00.000,2025-12-21T16:50:00.000,Street Light Out,Closed,Bengaluru,12.975436,77.589958
61870195,2025-12-20T02:39:00.000,2025-12-21T11:46:00.000,Street Light Out,Closed,Shivamogga,13.922608,75.567448
61870310,2025-12-20T05:15:00.000,2025-12-23T12:34:46.000,Street Light Out,Closed,Shivamogga,13.939918,75.553928
61870380,2025-12-20T06:53:00.000,2025-12-24T16:50:00.000,Street Light Out,Closed,Tumakuru,13.309884,77.101445
61870385,2025-12-20T08:00:00.000,2025-12-24T11:23:39.000,Street Light Out,Closed,Mysuru,12.317842,76.660967
61870473,2025-12-20T10:30:00.000,,Street Light Out,In Progress,Shivamogga,13.923863,75.573612
61870543,2025-12-20T10:52:00.000,,Street Light Out,In Progress,Hubballi,15.398582,75.127976
61870588,2025-12-20T19:04:00.000,2025-12-28T09:11:00.000,Street Light Out,Closed,Mysuru,12.319081,76.637793
61870627,2025-12-20T19:48:00.000,,Street Light Out,In Progress,Hubballi,15.349827,75.125981
61870854,2025-12-20T19:57:00.000,2025-12-25T13:06:56.000,Street Light Out,Closed,Mangaluru,12.883838,74.842009
61870870,2025-12-20T20:03:00.000,2025-12-26T16:03:00.000,Street Light Out,Closed,Tumakuru,13.343073,77.098568
61870996,2025-12-20T20:57:00.000,,Street Light Out,In Progress,Bengaluru,12.9289,77.585521
61871005,2025-12-20T21:55:00.000,2025-12-31T13:43:00.000,Street Light Out,Closed,Mangaluru,12.878601,74.87201
61871232,2025-12-20T23:03:00.000,,Street Light Out,Open,Belagavi,15.902529,74.504325
61871323,2025-12-20T23:08:00.000,2025-12-23T09:22:00.000,Street Light Out,Closed,Hubballi,15.361742,75.116846
61871403,2025-12-20T23:13:00.000,2025-12-27T11:50:00.000,Street Light Out,Closed,Bengaluru,12.975085,77.653199
61871461,2025-12-20T23:32:00.000,2025-12-23T18:48:00.000,Street Light Out,Closed,Mysuru,12.295281,76.63316
61871462,2025-12-20T23:54:00.000,2025-12-24T14:24:00.000,Street Light Out,Closed,Mangaluru,12.870741,74.858771
61872042,2025-12-20T23:55:00.000,2025-12-29T10:15:22.000,Street Light Out,Closed,Hubballi,15.371746,75.134838
61872080,2025-12-21T00:55:00.000,2025-12-27T10:47:04.000,Street Light Out,Closed,Mangaluru,12.889296,74.889773
61872246,2025-12-21T00:58:00.000,,Street Light Out,Open,Shivamogga,13.924983,75.549135
61872333,2025-12-21T02:16:00.000,,Street Light Out,Open,Shivamogga,13.906858,75.567871
61872361,2025-12-21T02:45:00.000,,Street Light Out,In Progress,Tumakuru,13.364074,77.121577
61872377,2025-12-21T04:49:00.000,2025-12-23T08:19:28.000,Street Light Out,Closed,Belagavi,15.888512,74.488958
61872520,2025-12-21T08:01:00.000,2025-12-25T09:21:00.000,Street Light Dim,Closed,Mysuru,12.308517,76.667052
61872558,2025-12-21T09:19:00.000,2025-12-28T16:26:00.000,Street Light Out,Closed,Mysuru,12.312559,76.647365
61872985,2025-12-21T10:02:00.000,2025-12-22T18:03:54.000,Street Light Out,Closed,Mysuru,12.275934,76.625344
61873098,2025-12-21T10:57:00.000,2025-12-26T13:02:00.000,Street Light Cycling,Closed,Bengaluru,12.953634,77.730125
61873278,2025-12-21T11:03:00.000,2025-12-24T10:51:00.000,Lamppost Damaged,Closed,Belagavi,15.83501,74.53817
61873341,2025-12-21T12:45:00.000,2025-12-26T17:53:00.000,Street Light Out,Closed,Bengaluru,13.003506,77.486619
61873570,2025-12-21T15:09:00.000,2025-12-25T08:54:36.000,Street Light Out,Closed,Bengaluru,12.989336,77.590748
61873630,2025-12-21T17:27:00.000,2025-12-24T13:12:00.000,Street Light Out,Closed,Mysuru,12.299201,76.693321
61873860,2025-12-21T19:05:00.000,2025-12-25T13:28:00.000,Street Light Out,Closed,Bengaluru,12.952139,77.736189
61873870,2025-12-21T19:22:00.000,2025-12-26T09:39:00.000,Street Light Out,Closed,Hubballi,15.367576,75.150899
61873871,2025-12-21T19:47:00.000,2025-12-23T09:31:21.000,Street Light Out,Closed,Mysuru,12.320527,76.628234
61873908,2025-12-21T20:58:00.000,2025-12-24T13:09:00.000,Street Light Out,Closed,Tumakuru,13.325202,77.103755
61873967,2025-12-21T21:36:00.000,,Street Light Out,In Progress,Mangaluru,12.862325,74.904963
61874107,2025-12-21T21:47:00.000,2025-12-28T18:03:00.000,Street Light Out,Closed,Mangaluru,12.878264,74.868884
61874277,2025-12-21T22:36:00.000,2025-12-23T13:40:39.000,Street Light Out,Closed,Bengaluru,12.958734,77.557886
61874346,2025-12-22T00:13:00.000,2025-12-25T18:10:53.000,Street Light Out,Closed,Tumakuru,13.365377,77.137594
61874471,2025-12-22T04:59:00.000,2025-12-28T17:15:00.000,Street Light Out,Closed,Belagavi,15.86273,74.516775
61874501,2025-12-22T06:34:00.000,2025-12-24T16:58:00.000,Street Light Out,Closed,Bengaluru,13.002313,77.57429
61874534,2025-12-22T06:53:00.000,2025-12-25T11:10:00.000,Street Light Out,Closed,Belagavi,15.858469,74.509694
61874537,2025-12-22T07:38:00.000,2025-12-27T16:53:14.000,Street Light Out,Closed,Mysuru,12.29111,76.655331
61874629,2025-12-22T09:24:00.000,2025-12-31T16:51:58.000,Street Light Out,Closed,Bengaluru,12.988771,77.59088
61874788,2025-12-22T09:43:00.000,2025-12-28T15:42:33.000,Street Light Out,Closed,Mangaluru,12.879794,74.853661
61874821,2025-12-22T10:59:00.000,,Street Light Out,In Progress,Tumakuru,13.334288,77.109165
61874945,2025-12-22T11:14:00.000,2025-12-27T13:46:00.000,Street Light Out,Closed,Bengaluru,12.885342,77.522245
61875170,2025-12-22T11:39:00.000,2025-12-26T17:47:00.000,Street Light Dim,Closed,Mysuru,12.317342,76.655415
61875189,2025-12-22T12:57:00.000,2025-12-24T16:46:22.000,Street Light Out,Closed,Bengaluru,13.022012,77.579727
61875845,2025-12-22T15:17:00.000,,Street Light Out,Open,Hubballi,15.359121,75.143448
61876083,2025-12-22T16:30:00.000,,Street Light Out,In Progress,Hubballi,15.357734,75.141822
61876139,2025-12-22T18:05:00.000,2025-12-27T16:10:25.000,Street Light Out,Closed,Tumakuru,13.328682,77.105743
61876454,2025-12-22T18:15:00.000,,Street Light Out,In Progress,Bengaluru,13.073788,77.631422
61876662,2025-12-22T18:36:00.000,2025-12-25T15:41:43.000,Street Light Out,Closed,Mangaluru,12.884362,74.845156
61876728,2025-12-22T19:09:00.000,,Street Light Out,Open,Mysuru,12.305786,76.67515
61876779,2025-12-22T19:29:00.000,2025-12-30T18:50:56.000,Street Light Out,Closed,Mysuru,12.320861,76.658827
61876874,2025-12-22T19:47:00.000,,Street Light Out,Open,Hubballi,15.359729,75.140789
61876934,2025-12-22T19:48:00.000,2025-12-30T11:53:50.000,Street Light Out,Closed,Mangaluru,12.898704,74.862433
61877013,2025-12-22T20:52:00.000,2025-12-27T11:01:35.000,Street Light Out,Closed,Belagavi,15.851816,74.472195
61877157,2025-12-22T21:36:00.000,2025-12-30T12:53:25.000,Street Light Out,Closed,Shivamogga,13.957682,75.546452
61877405,2025-12-22T22:07:00.000,2025-12-27T09:45:00.000,Street Light Out,Closed,Bengaluru,12.971335,77.580751
61877650,2025-12-22T22:24:00.000,2025-12-30T08:57:37.000,Street Light Out,Closed,Tumakuru,13.335515,77.104299
61877691,2025-12-22T22:38:00.000,2025-12-25T17:12:00.000,Street Light Out,Closed,Belagavi,15.82467,74.553853
61877755,2025-12-23T04:54:00.000,2025-12-26T08:31:00.000,Street Light Out,Closed,Mangaluru,12.887055,74.859651
61878010,2025-12-23T06:01:00.000,2025-12-29T09:49:37.000,Street Light Cycling,Closed,Mysuru,12.36353,76.647742
61878074,2025-12-23T06:15:00.000,,Street Light Out,Open,Hubballi,15.351629,75.123263
61878076,2025-12-23T07:30:00.000,,Street Light Out,Open,Hubballi,15.385139,75.130236
61878190,2025-12-23T07:59:00.000,2025-12-24T15:09:39.000,Street Light Dayburning,Closed,Mysuru,12.310785,76.671348
61878410,2025-12-23T09:15:00.000,2025-12-26T08:27:00.000,Street Light Out,Closed,Mangaluru,12.891429,74.899111
61878571,2025-12-23T09:28:00.000,2025-12-29T15:26:00.000,Street Light Out,Closed,Hubballi,15.381376,75.126256
61878648,2025-12-23T11:08:00.000,2025-12-26T17:31:00.000,Street Light Out,Closed,Bengaluru,12.966714,77.605622
61878726,2025-12-23T11:58:00.000,2025-12-27T11:09:00.000,Street Light Out,Closed,Shivamogga,13.913213,75.559831
61878807,2025-12-23T15:27:00.000,2025-12-30T09:38:32.000,Street Light Out,Closed,Mangaluru,12.890008,74.864711
61878964,2025-12-23T20:39:00.000,,Street Light Out,In Progress,Tumakuru,13.342185,77.10255
61879044,2025-12-23T21:46:00.000,,Street Light Out,Open,Mysuru,12.368283,76.612473
61879371,2025-12-23T21:52:00.000,2025-12-25T15:36:43.000,Street Light Out,Closed,Hubballi,15.366701,75.163369
61879403,2025-12-23T22:07:00.000,2025-12-28T17:46:00.000,Street Light Out,Closed,Tumakuru,13.372831,77.1352
61879485,2025-12-23T22:07:00.000,2025-12-27T13:16:00.000,Street Light Out,Closed,Tumakuru,13.340506,77.095658
61879532,2025-12-23T22:21:00.000,2025-12-24T12:47:44.000,Street Light Out,Closed,Bengaluru,12.981007,77.624542
61879755,2025-12-23T23:56:00.000,2025-12-26T16:02:00.000,Street Light Out,Closed,Bengaluru,12.970839,77.591643
61879813,2025-12-24T00:25:00.000,2025-12-29T10:05:00.000,Street Light Out,Closed,Mangaluru,12.90306,74.856665
61880153,2025-12-24T04:37:00.000,2025-12-25T12:27:00.000,Street Light Cycling,Closed,Bengaluru,12.922685,77.568314
61880188,2025-12-24T05:28:00.000,2025-12-24T17:58:02.000,Street Light Out,Closed,Mangaluru,12.904747,74.851146
61880485,2025-12-24T06:01:00.000,,Street Light Out,Open,Hubballi,15.351921,75.12884
61880838,2025-12-24T08:27:00.000,2025-12-28T16:12:26.000,Street Light Out,Closed,Bengaluru,12.891804,77.528421
61881183,2025-12-24T10:14:00.000,2025-12-28T14:05:00.000,Street Light Cycling,Closed,Belagavi,15.853843,74.517736
61881276,2025-12-24T10:35:00.000,2025-12-31T15:59:00.000,Street Light Out,Closed,Mangaluru,12.873828,74.857124
61881370,2025-12-24T14:33:00.000,,Street Light Out,Open,Bengaluru,12.970002,77.587814
61881507,2025-12-24T17:12:00.000,2025-12-27T17:22:00.000,Street Light Out,Closed,Bengaluru,12.967103,77.597017
61881805,2025-12-24T18:49:00.000,,Street Light Out,In Progress,Bengaluru,12.973369,77.624019
61882015,2025-12-24T18:53:00.000,2025-12-28T15:59:00.000,Street Light Out,Closed,Bengaluru,12.981505,77.561794
61882081,2025-12-24T19:06:00.000,,Street Light Out,In Progress,Tumakuru,13.324651,77.080096
61882252,2025-12-24T19:48:00.000,2025-12-28T13:43:00.000,Street Light Out,Closed,Tumakuru,13.380188,77.103721
61882331,2025-12-24T20:10:00.000,2025-12-27T17:07:50.000,Street Light Cycling,Closed,Mangaluru,12.89679,74.848903
61882629,2025-12-24T20:30:00.000,,Street Light Dayburning,Open,Mysuru,12.288538,76.631329
61882708,2025-12-24T21:13:00.000,2025-12-28T17:32:00.000,Street Light Out,Closed,Tumakuru,13.35104,77.086873
61882712,2025-12-24T23:25:00.000,2025-12-29T08:54:00.000,Street Light Out,Closed,Belagavi,15.878586,74.522042
61882806,2025-12-25T05:00:00.000,2025-12-25T10:49:33.000,Street Light Out,Closed,Bengaluru,12.971116,77.59415
61882811,2025-12-25T05:49:00.000,2025-12-27T15:00:00.000,Street Light Dim,Closed,Bengaluru,13.004078,77.620438
61882876,2025-12-25T06:35:00.000,2025-12-27T15:21:00.000,Lamppost Damaged,Closed,Shivamogga,13.939538,75.570911
61883005,2025-12-25T08:38:00.000,,Street Light Out,Open,Tumakuru,13.345288,77.101446
61883070,2025-12-25T08:47:00.000,,Street Light Out,In Progress,Mangaluru,12.912576,74.855783
61883096,2025-12-25T09:08:00.000,2025-12-26T16:21:00.000,Street Light Dayburning,Closed,Mangaluru,12.873012,74.86713
61883138,2025-12-25T10:09:00.000,,Street Light Out,Open,Bengaluru,12.9659,77.501059
61883186,2025-12-25T13:25:00.000,2025-12-31T13:34:31.000,Street Light Out,Closed,Mysuru,12.306467,76.624196
61883211,2025-12-25T16:56:00.000,,Street Light Out,In Progress,Shivamogga,13.930762,75.563207
61883263,2025-12-25T17:18:00.000,2025-12-28T11:07:57.000,Street Light Out,Closed,Bengaluru,12.981784,77.494435
61883448,2025-12-25T17:28:00.000,2025-12-30T17:42:00.000,Street Light Out,Closed,Mangaluru,12.882101,74.843841
61883788,2025-12-25T17:53:00.000,,Street Light Out,Open,Bengaluru,12.865074,77.492291
61883803,2025-12-25T18:19:00.000,,Street Light Out,In Progress,Hubballi,15.314461,75.153647
61884068,2025-12-25T18:29:00.000,2025-12-31T10:48:00.000,Street Light Out,Closed,Bengaluru,12.943205,77.577875
61884138,2025-12-25T20:00:00.000,,Street Light Out,Open,Hubballi,15.378008,75.12012
61884462,2025-12-25T20:45:00.000,,Street Light Out,Open,Tumakuru,13.342721,77.096816
61884503,2025-12-25T20:49:00.000,2025-12-29T09:19:00.000,Street Light Out,Closed,Belagavi,15.848546,74.489837
61884552,2025-12-25T20:52:00.000,2025-12-31T13:56:18.000,Street Light Out,Closed,Hubballi,15.361391,75.122149
61884561,2025-12-25T21:00:00.000,2025-12-27T11:37:00.000,Street Light Out,Closed,Hubballi,15.369424,75.14626
61884578,2025-12-25T21:45:00.000,2025-12-28T08:13:41.000,Street Light Out,Closed,Tumakuru,13.355851,77.085758
61884687,2025-12-25T21:45:00.000,,Street Light Out,In Progress,Bengaluru,12.972132,77.631944
61884692,2025-12-25T22:49:00.000,,Street Light Out,In Progress,Mangaluru,12.886771,74.861804
61884726,2025-12-25T22:51:00.000,2025-12-30T17:34:20.000,Street Light Out,Closed,Belagavi,15.856419,74.512588
61884833,2025-12-25T22:53:00.000,,Street Light Cycling,Open,Mangaluru,12.875427,74.858723
61884889,2025-12-25T23:10:00.000,2025-12-28T12:27:00.000,Street Light Out,Closed,Bengaluru,12.977976,77.561408
61884914,2025-12-25T23:46:00.000,2025-12-28T14:32:58.000,Street Light Out,Closed,Mangaluru,12.878547,74.853125
61885074,2025-12-26T00:01:00.000,2025-12-28T18:05:32.000,Street Light Out,Closed,Belagavi,15.816502,74.553375
61885095,2025-12-26T07:24:00.000,,Street Light Out,In Progress,Mysuru,12.285647,76.649046
61885223,2025-12-26T07:53:00.000,2025-12-27T12:43:31.000,Street Light Out,Closed,Bengaluru,13.005658,77.581814
61885316,2025-12-26T09:24:00.000,,Street Light Out,Open,Belagavi,15.873465,74.480447
61885359,2025-12-26T09:30:00.000,2025-12-27T09:39:22.000,Street Light Out,Closed,Mysuru,12.274063,76.69395
61885553,2025-12-26T09:36:00.000,2025-12-30T11:23:00.000,Street Light Out,Closed,Mangaluru,12.871734,74.859098
61885577,2025-12-26T10:40:00.000,2025-12-28T17:33:53.000,Lamppost Damaged,Closed,Mangaluru,12.879871,74.851438
61885795,2025-12-26T14:07:00.000,,Street Light Out,In Progress,Bengaluru,12.94389,77.627433
61885916,2025-12-26T15:57:00.000,,Street Light Out,In Progress,Shivamogga,13.917119,75.574958
61886214,2025-12-26T16:43:00.000,2025-12-31T09:26:05.000,Lamppost Damaged,Closed,Mangaluru,12.881127,74.858646
61886881,2025-12-26T16:57:00.000,2025-12-31T09:53:00.000,Street Light Out,Closed,Hubballi,15.298505,75.136648
61886890,2025-12-26T18:30:00.000,,Street Light Out,Open,Shivamogga,13.935966,75.558445
61886934,2025-12-26T18:58:00.000,,Street Light Out,In Progress,Mysuru,12.309998,76.658404
61887268,2025-12-26T19:04:00.000,2025-12-29T10:43:34.000,Street Light Out,Closed,Bengaluru,12.948007,77.550236
61887363,2025-12-26T19:07:00.000,,Street Light Out,Open,Hubballi,15.382223,75.1195
61887512,2025-12-26T19:42:00.000,2025-12-30T14:43:17.000,Street Light Out,Closed,Mangaluru,12.885411,74.856344
61887586,2025-12-26T19:44:00.000,,Street Light Out,Open,Bengaluru,12.979822,77.588937
61887712,2025-12-26T20:23:00.000,2025-12-31T13:08:00.000,Street Light Out,Closed,Belagavi,15.837404,74.493853
61887865,2025-12-26T22:09:00.000,,Street Light Out,Open,Mangaluru,12.873899,74.862022
61887869,2025-12-26T22:23:00.000,2025-12-28T15:00:14.000,Street Light Out,Closed,Shivamogga,13.934504,75.550453
61887908,2025-12-27T07:11:00.000,,Street Light Out,Open,Belagavi,15.84251,74.489617
61887987,2025-12-27T07:29:00.000,2025-12-29T17:54:00.000,Street Light Out,Closed,Bengaluru,13.004317,77.549429
61888855,2025-12-27T07:35:00.000,,Street Light Out,Open,Hubballi,15.354867,75.134645
61888897,2025-12-27T09:46:00.000,2025-12-30T14:31:00.000,Street Light Out,Closed,Bengaluru,12.99757,77.488249
61889034,2025-12-27T10:09:00.000,,Street Light Out,In Progress,Mangaluru,12.893064,74.863808
61889147,2025-12-27T10:30:00.000,2025-12-31T08:36:00.000,Street Light Out,Closed,Tumakuru,13.367716,77.079646
61889329,2025-12-27T13:00:00.000,,Street Light Out,Open,Hubballi,15.353326,75.136148
61889353,2025-12-27T14:45:00.000,,Street Light Out,Open,Bengaluru,12.916814,77.645557
61889449,2025-12-27T16:11:00.000,2025-12-31T15:29:57.000,Street Light Out,Closed,Mangaluru,12.895752,74.902156
61889474,2025-12-27T16:50:00.000,,Street Light Out,Open,Hubballi,15.358289,75.114118
61889497,2025-12-27T17:51:00.000,,Street Light Out,Open,Bengaluru,12.982224,77.636412
61889712,2025-12-27T18:10:00.000,,Street Light Dayburning,Open,Mangaluru,12.876567,74.855363
61889795,2025-12-27T18:32:00.000,,Street Light Out,Open,Mangaluru,12.870772,74.858799
61889802,2025-12-27T18:36:00.000,2025-12-30T08:53:50.000,Street Light Out,Closed,Belagavi,15.860656,74.4914
61889871,2025-12-27T19:13:00.000,2025-12-30T16:00:00.000,Street Light Out,Closed,Hubballi,15.376574,75.122155
61889879,2025-12-27T21:04:00.000,2025-12-30T18:36:00.000,Street Light Out,Closed,Belagavi,15.858404,74.514895
61889959,2025-12-27T21:13:00.000,,Street Light Out,Open,Tumakuru,13.339497,77.090673
61890068,2025-12-28T01:29:00.000,2025-12-31T09:14:00.000,Street Light Cycling,Closed,Mysuru,12.274067,76.693943
61890201,2025-12-28T08:21:00.000,,Street Light Out,Open,Bengaluru,13.076198,77.576112
61890223,2025-12-28T09:07:00.000,2025-12-30T13:41:33.000,Street Light Out,Closed,Tumakuru,13.365418,77.081306
61890242,2025-12-28T09:43:00.000,,Street Light Out,Open,Mangaluru,12.876746,74.852574
61890526,2025-12-28T09:46:00.000,,Street Light Out,In Progress,Hubballi,15.352769,75.13985
61890532,2025-12-28T10:05:00.000,,Street Light Cycling,In Progress,Tumakuru,13.358561,77.078831
61890601,2025-12-28T15:02:00.000,,Street Light Cycling,Open,Bengaluru,12.985748,77.547071
61890619,2025-12-28T17:49:00.000,,Street Light Out,In Progress,Bengaluru,12.995596,77.58552
61890739,2025-12-28T18:39:00.000,,Street Light Out,Open,Bengaluru,12.937569,77.60972
61890883,2025-12-28T20:58:00.000,,Street Light Cycling,Open,Tumakuru,13.337114,77.093916
61891066,2025-12-28T21:35:00.000,,Street Light Out,In Progress,Bengaluru,12.94882,77.634869
61891212,2025-12-28T21:39:00.000,2025-12-31T11:53:00.000,Street Light Cycling,Closed,Shivamogga,13.947982,75.595132
61891684,2025-12-28T23:08:00.000,,Street Light Dayburning,In Progress,Belagavi,15.828648,74.526435
61891934,2025-12-28T23:47:00.000,2025-12-31T18:05:18.000,Street Light Out,Closed,Bengaluru,12.930586,77.627071
61892338,2025-12-28T23:55:00.000,2025-12-31T08:55:00.000,Street Light Out,Closed,Mysuru,12.248598,76.663922
61892402,2025-12-29T06:39:00.000,2025-12-30T14:05:00.000,Street Light Out,Closed,Bengaluru,12.982258,77.62169
61892491,2025-12-29T08:27:00.000,,Street Light Out,Open,Hubballi,15.373474,75.135655
61892867,2025-12-29T09:51:00.000,,Street Light Out,Open,Mangaluru,12.873082,74.869897
61892889,2025-12-29T10:23:00.000,,Street Light Out,In Progress,Mysuru,12.308885,76.66572
61892917,2025-12-29T14:09:00.000,,Street Light Out,Open,Bengaluru,12.970392,77.620847
61892924,2025-12-29T15:44:00.000,,Street Light Out,Open,Tumakuru,13.337167,77.115448
61893125,2025-12-29T17:08:00.000,,Lamppost Damaged,Open,Bengaluru,13.016754,77.620623
61893278,2025-12-29T17:13:00.000,,Street Light Out,Open,Bengaluru,12.974977,77.653142
61893437,2025-12-29T19:09:00.000,,Street Light Out,Open,Mangaluru,12.88244,74.858443
61893466,2025-12-29T20:03:00.000,,Street Light Out,Open,Bengaluru,12.965795,77.578878
61893514,2025-12-29T20:11:00.000,,Street Light Out,Open,Belagavi,15.868854,74.507414
61893554,2025-12-29T20:15:00.000,,Street Light Out,Open,Hubballi,15.35222,75.130264
61893707,2025-12-29T21:04:00.000,,Street Light Out,Open,Belagavi,15.832187,74.52631
61893755,2025-12-29T21:38:00.000,,Street Light Out,Open,Bengaluru,12.98531,77.573198
61893817,2025-12-29T22:54:00.000,,Street Light Out,Open,Bengaluru,12.973552,77.595763
61893883,2025-12-29T23:00:00.000,,Street Light Dayburning,In Progress,Mangaluru,12.921811,74.856376
61893890,2025-12-30T07:58:00.000,,Street Light Out,Open,Mangaluru,12.887033,74.869117
61893924,2025-12-30T08:32:00.000,,Street Light Out,Open,Mysuru,12.28233,76.672996
61894091,2025-12-30T09:39:00.000,,Street Light Out,Open,Tumakuru,13.358661,77.085796
61894228,2025-12-30T13:14:00.000,,Street Light Out,Open,Mangaluru,12.890005,74.865585
61894282,2025-12-30T16:19:00.000,,Street Light Out,In Progress,Bengaluru,12.96237,77.642242
61894330,2025-12-30T16:48:00.000,,Street Light Out,Open,Bengaluru,13.005077,77.619166
61894921,2025-12-30T18:20:00.000,,Street Light Out,Open,Tumakuru,13.338267,77.118461
61894926,2025-12-30T19:03:00.000,,Street Light Out,In Progress,Tumakuru,13.355786,77.085741
61894974,2025-12-30T19:43:00.000,,Street Light Out,Open,Bengaluru,12.951726,77.62351
61895057,2025-12-30T20:12:00.000,,Street Light Out,Open,Belagavi,15.897753,74.52488
61895091,2025-12-30T21:17:00.000,,Street Light Out,In Progress,Bengaluru,12.988268,77.612486
61895181,2025-12-30T21:27:00.000,,Street Light Cycling,Open,Mysuru,12.311027,76.671123
61895244,2025-12-30T22:16:00.000,,Street Light Dayburning,Open,Belagavi,15.850829,74.527594
61895583,2025-12-30T22:23:00.000,,Street Light Out,Open,Hubballi,15.371751,75.127523
61895596,2025-12-30T22:27:00.000,,Street Light Out,Open,Bengaluru,13.049843,77.625948
61895821,2025-12-31T00:37:00.000,,Street Light Out,Open,Mangaluru,12.88289,74.851586
61896530,2025-12-31T07:26:00.000,,Street Light Out,Open,Belagavi,15.826049,74.552375
61896671,2025-12-31T08:27:00.000,,Street Light Out,Open,Shivamogga,13.942374,75.570439
61896849,2025-12-31T08:57:00.000,,Street Light Out,Open,Hubballi,15.360868,75.129366
61896874,2025-12-31T09:02:00.000,,Street Light Out,Open,Hubballi,15.314567,75.107846
61897052,2025-12-31T09:36:00.000,,Lamppost Damaged,Open,Mangaluru,12.881717,74.864642
61897487,2025-12-31T10:27:00.000,,Street Light Out,Open,Belagavi,15.846744,74.48407
61898198,2025-12-31T11:33:00.000,,Street Light Out,Open,Shivamogga,13.926532,75.568695
61898343,2025-12-31T16:24:00.000,,Street Light Cycling,In Progress,Tumakuru,13.3399,77.110408
61898373,2025-12-31T16:43:00.000,,Street Light Out,In Progress,Belagavi,15.84734,74.523146
61899140,2025-12-31T19:23:00.000,,Street Light Out,In Progress,Belagavi,15.833921,74.492413
61899222,2025-12-31T19:51:00.000,,Street Light Out,Open,Bengaluru,12.969883,77.601685
61899420,2025-12-31T20:06:00.000,,Street Light Out,In Progress,Bengaluru,12.979093,77.553339
61899444,2025-12-31T20:47:00.000,,Street Light Out,Open,Mysuru,12.290194,76.664069
61899528,2025-12-31T20:53:00.000,,Street Light Out,Open,Mysuru,12.303568,76.669693
61899708,2025-12-31T21:01:00.000,,Street Light Out,Open,Bengaluru,13.019423,77.660719
61899713,2025-12-31T21:36:00.000,,Street Light Dayburning,In Progress,Bengaluru,12.948069,77.606945
61899900,2025-12-31T23:24:00.000,,Street Light Out,In Progress,Bengaluru,12.884652,77.56577
