repair_capacity_k,day,cumulative_repairs,fifo_cumulative_impact,lightsafe_cumulative_impact,absolute_difference,improvement_pct,impact_unit
20,1,20,3.220738469,1208.633597,1205.412859,37426.59861,priority_score index points (not a crime count)
20,2,40,4.919043948,2021.119509,2016.200465,40987.64896,priority_score index points (not a crime count)
20,3,60,7.782474545,2740.449099,2732.666625,35113.08143,priority_score index points (not a crime count)
20,4,80,9.416243367,3394.037038,3384.620795,35944.49148,priority_score index points (not a crime count)
20,5,100,10.50399111,3968.175902,3957.671911,37677.79189,priority_score index points (not a crime count)
20,6,120,23.21011582,4510.749425,4487.539309,19334.41153,priority_score index points (not a crime count)
20,7,140,30.65187197,5026.45548,4995.803608,16298.52693,priority_score index points (not a crime count)
20,8,160,34.53958371,5524.031156,5489.491573,15893.3345,priority_score index points (not a crime count)
20,9,180,97.55395653,6001.142321,5903.588364,6051.61346,priority_score index points (not a crime count)
20,10,200,101.0083011,6459.391568,6358.383267,6294.911603,priority_score index points (not a crime count)
20,11,220,120.5270647,6900.671353,6780.144288,5625.412271,priority_score index points (not a crime count)
20,12,240,131.5792241,7329.266697,7197.687473,5470.230974,priority_score index points (not a crime count)
20,13,260,132.8423908,7741.343152,7608.500761,5727.46449,priority_score index points (not a crime count)
20,14,280,144.6279593,8140.344914,7995.716954,5528.472497,priority_score index points (not a crime count)
20,15,300,147.7792006,8527.044176,8379.264975,5670.124714,priority_score index points (not a crime count)
20,16,320,153.8192563,8898.314195,8744.494939,5684.915629,priority_score index points (not a crime count)
20,17,340,157.563743,9262.421857,9104.858114,5778.523626,priority_score index points (not a crime count)
20,18,360,172.8064836,9617.960303,9445.153819,5465.740419,priority_score index points (not a crime count)
20,19,380,181.4613475,9966.957118,9785.495771,5392.606143,priority_score index points (not a crime count)
20,20,400,186.0613931,10306.85784,10120.79645,5439.492999,priority_score index points (not a crime count)
20,21,420,193.2979387,10639.2294,10445.93146,5404.05735,priority_score index points (not a crime count)
20,22,440,194.94863,10965.55946,10770.61083,5524.845613,priority_score index points (not a crime count)
20,23,460,198.59178,11285.32594,11086.73416,5582.675258,priority_score index points (not a crime count)
20,24,480,216.8535492,11597.41834,11380.56479,5248.041744,priority_score index points (not a crime count)
20,25,500,237.5980699,11904.55498,11666.95691,4910.375286,priority_score index points (not a crime count)
20,26,520,245.20582,12205.63441,11960.42859,4877.709914,priority_score index points (not a crime count)
20,27,540,247.6572492,12501.22755,12253.5703,4947.793913,priority_score index points (not a crime count)
20,28,560,251.8222623,12791.35589,12539.53362,4979.517501,priority_score index points (not a crime count)
20,29,580,252.8998622,13075.14251,12822.24265,5070.086845,priority_score index points (not a crime count)
20,30,600,254.6371221,13354.3702,13099.73308,5144.471069,priority_score index points (not a crime count)
20,31,620,260.6473862,13629.40498,13368.7576,5129.05876,priority_score index points (not a crime count)
20,32,640,266.0205466,13900.54763,13634.52708,5125.366164,priority_score index points (not a crime count)
20,33,660,270.1139082,14166.11847,13896.00456,5144.497983,priority_score index points (not a crime count)
20,34,680,276.4338023,14428.52369,14152.08988,5119.522203,priority_score index points (not a crime count)
20,35,700,280.4453788,14686.45321,14406.00783,5136.831953,priority_score index points (not a crime count)
20,36,720,290.689317,14939.78587,14649.09655,5039.434095,priority_score index points (not a crime count)
20,37,740,296.8041493,15189.48058,14892.67643,5017.677977,priority_score index points (not a crime count)
20,38,760,297.3461169,15435.0113,15137.66518,5090.924118,priority_score index points (not a crime count)
20,39,780,300.8211753,15674.81189,15373.99071,5110.674373,priority_score index points (not a crime count)
20,40,800,323.2483474,15908.89436,15585.64601,4821.570206,priority_score index points (not a crime count)
20,41,820,329.8055822,16139.06726,15809.26168,4793.509429,priority_score index points (not a crime count)
20,42,840,340.3587535,16365.70068,16025.34193,4708.367793,priority_score index points (not a crime count)
20,43,860,342.1805623,16588.6976,16246.51703,4747.936856,priority_score index points (not a crime count)
20,44,880,351.201819,16809.26164,16458.05982,4686.21144,priority_score index points (not a crime count)
20,45,900,354.7368149,17026.77647,16672.03965,4699.833498,priority_score index points (not a crime count)
20,46,920,375.7917238,17241.87173,16866.08001,4488.145677,priority_score index points (not a crime count)
20,47,940,385.1532737,17454.39411,17069.24084,4431.804688,priority_score index points (not a crime count)
20,48,960,387.161195,17664.74141,17277.58022,4462.632217,priority_score index points (not a crime count)
20,49,980,388.0823889,17871.10826,17483.02587,4504.977903,priority_score index points (not a crime count)
20,50,1000,399.1621148,18074.17637,17675.01426,4428.029015,priority_score index points (not a crime count)
20,51,1020,403.2623645,18275.52621,17872.26385,4431.919619,priority_score index points (not a crime count)
20,52,1040,403.6847689,18474.56895,18070.88418,4476.484023,priority_score index points (not a crime count)
20,53,1060,409.4705471,18671.00848,18261.53793,4459.792788,priority_score index points (not a crime count)
20,54,1080,415.1538335,18865.19831,18450.04447,4444.146479,priority_score index points (not a crime count)
20,55,1100,419.9495938,19056.52116,18636.57156,4437.811547,priority_score index points (not a crime count)
20,56,1120,438.8834811,19245.84409,18806.9606,4285.183064,priority_score index points (not a crime count)
20,57,1140,442.447319,19433.38901,18990.94169,4292.24924,priority_score index points (not a crime count)
20,58,1160,448.8105044,19618.60231,19169.79181,4271.244014,priority_score index points (not a crime count)
20,59,1180,452.8283596,19800.3067,19347.47834,4272.585391,priority_score index points (not a crime count)
20,60,1200,461.9419957,19980.05122,19518.10923,4225.229446,priority_score index points (not a crime count)
20,61,1220,471.0415013,20157.67727,19686.63577,4179.384558,priority_score index points (not a crime count)
20,62,1240,482.401186,20334.09892,19851.69773,4115.184271,priority_score index points (not a crime count)
20,63,1260,514.4783564,20508.99302,19994.51467,3886.366534,priority_score index points (not a crime count)
20,64,1280,528.0413511,20681.6456,20153.60425,3816.671594,priority_score index points (not a crime count)
20,65,1300,529.5968921,20852.58475,20322.98786,3837.444699,priority_score index points (not a crime count)
20,66,1320,545.0781781,21021.32553,20476.24735,3756.57074,priority_score index points (not a crime count)
20,67,1340,550.3742729,21188.14537,20637.7711,3749.770314,priority_score index points (not a crime count)
20,68,1360,551.7921306,21353.1958,20801.40367,3769.789839,priority_score index points (not a crime count)
20,69,1380,563.4077509,21515.84912,20952.44137,3718.877019,priority_score index points (not a crime count)
20,70,1400,576.2083952,21676.71239,21100.50399,3661.957057,priority_score index points (not a crime count)
20,71,1420,578.660363,21835.58286,21256.92249,3673.471323,priority_score index points (not a crime count)
20,72,1440,582.9158848,21992.54824,21409.63235,3672.851077,priority_score index points (not a crime count)
20,73,1460,584.5198408,22147.78212,21563.26228,3689.055662,priority_score index points (not a crime count)
20,74,1480,586.0533641,22301.59685,21715.54348,3705.386713,priority_score index points (not a crime count)
20,75,1500,586.6571684,22454.30362,21867.64645,3727.500085,priority_score index points (not a crime count)
20,76,1520,593.3362057,22605.7358,22012.3996,3709.937028,priority_score index points (not a crime count)
20,77,1540,600.6789069,22755.74342,22155.06452,3688.337356,priority_score index points (not a crime count)
20,78,1560,608.2847507,22904.43365,22296.1489,3665.413094,priority_score index points (not a crime count)
20,79,1580,618.8563611,23051.66592,22432.80956,3624.88147,priority_score index points (not a crime count)
20,80,1600,619.5062701,23196.98267,22577.4764,3644.430652,priority_score index points (not a crime count)
20,81,1620,625.4429127,23341.06163,22715.61872,3631.925194,priority_score index points (not a crime count)
20,82,1640,625.8449575,23483.63608,22857.79113,3652.308907,priority_score index points (not a crime count)
20,83,1660,630.0290263,23625.02223,22994.9932,3649.830761,priority_score index points (not a crime count)
20,84,1680,635.4784656,23765.25869,23129.78023,3639.742569,priority_score index points (not a crime count)
20,85,1700,638.8451149,23904.36727,23265.52215,3641.809511,priority_score index points (not a crime count)
20,86,1720,641.8914123,24042.35436,23400.46295,3645.54853,priority_score index points (not a crime count)
20,87,1740,645.0162564,24179.08387,23534.06761,3648.600694,priority_score index points (not a crime count)
20,88,1760,649.0387957,24314.97852,23665.93973,3646.305873,priority_score index points (not a crime count)
20,89,1780,655.7773524,24449.6901,23793.91275,3628.352315,priority_score index points (not a crime count)
20,90,1800,665.7243951,24582.9658,23917.24141,3592.664109,priority_score index points (not a crime count)
20,91,1820,671.8320984,24715.21645,24043.38435,3578.778747,priority_score index points (not a crime count)
20,92,1840,686.4272402,24846.66876,24160.24152,3519.709025,priority_score index points (not a crime count)
20,93,1860,701.6591526,24977.05391,24275.39476,3459.713262,priority_score index points (not a crime count)
20,94,1880,702.4150117,25106.35134,24403.93633,3474.290258,priority_score index points (not a crime count)
20,95,1900,706.7547281,25234.56223,24527.8075,3470.48368,priority_score index points (not a crime count)
20,96,1920,718.4910384,25361.69534,24643.2043,3429.855487,priority_score index points (not a crime count)
20,97,1940,724.2229594,25487.87436,24763.6514,3419.340837,priority_score index points (not a crime count)
20,98,1960,744.1716815,25612.68265,24868.51097,3341.770667,priority_score index points (not a crime count)
20,99,1980,760.2490617,25736.55422,24976.30515,3285.279313,priority_score index points (not a crime count)
20,100,2000,768.1132435,25859.75431,25091.64107,3266.659087,priority_score index points (not a crime count)
20,101,2020,785.5090438,25981.96636,25196.45732,3207.659735,priority_score index points (not a crime count)
20,102,2040,796.0622506,26102.90888,25306.84663,3179.003477,priority_score index points (not a crime count)
20,103,2060,797.8626086,26222.80843,25424.94582,3186.632078,priority_score index points (not a crime count)
20,104,2080,807.935401,26341.64494,25533.70954,3160.365236,priority_score index points (not a crime count)
20,105,2100,817.6721733,26459.32465,25641.65248,3135.933118,priority_score index points (not a crime count)
20,106,2120,818.8037581,26576.09785,25757.29409,3145.722505,priority_score index points (not a crime count)
20,107,2140,822.8365728,26692.17887,25869.3423,3143.922275,priority_score index points (not a crime count)
20,108,2160,844.3791456,26807.60435,25963.2252,3074.830227,priority_score index points (not a crime count)
20,109,2180,850.003522,26922.11819,26072.11467,3067.294898,priority_score index points (not a crime count)
20,110,2200,861.6880017,27035.85105,26174.16305,3037.54526,priority_score index points (not a crime count)
20,111,2220,861.9478916,27148.83455,26286.88666,3049.707171,priority_score index points (not a crime count)
20,112,2240,868.3406844,27260.85079,26392.51011,3039.418811,priority_score index points (not a crime count)
20,113,2260,887.6057233,27372.11585,26484.51013,2983.814708,priority_score index points (not a crime count)
20,114,2280,895.1903644,27482.2731,26587.08273,2969.992059,priority_score index points (not a crime count)
20,115,2300,896.6614486,27591.36521,26694.70376,2977.121833,priority_score index points (not a crime count)
20,116,2320,899.4649984,27699.55156,26800.08656,2979.558583,priority_score index points (not a crime count)
20,117,2340,900.6799132,27806.80319,26906.12328,2987.312461,priority_score index points (not a crime count)
20,118,2360,912.1368812,27913.39983,27001.26295,2960.2205,priority_score index points (not a crime count)
20,119,2380,934.4830548,28019.33146,27084.84841,2898.377693,priority_score index points (not a crime count)
20,120,2400,939.8250062,28124.5321,27184.70709,2892.5286,priority_score index points (not a crime count)
20,121,2420,961.3684648,28228.76745,27267.39899,2836.310945,priority_score index points (not a crime count)
20,122,2440,969.7131885,28332.16148,27362.44829,2821.705285,priority_score index points (not a crime count)
20,123,2460,976.8095704,28434.75244,27457.94287,2810.982171,priority_score index points (not a crime count)
20,124,2480,1012.137108,28536.6215,27524.48439,2719.442275,priority_score index points (not a crime count)
20,125,2500,1017.775572,28637.73723,27619.96166,2713.757572,priority_score index points (not a crime count)
20,126,2520,1020.525215,28738.30081,27717.77559,2716.03045,priority_score index points (not a crime count)
20,127,2540,1047.55424,28838.04967,27790.49543,2652.893222,priority_score index points (not a crime count)
20,128,2560,1070.90481,28936.96962,27866.06481,2602.104739,priority_score index points (not a crime count)
20,129,2580,1081.650854,29034.98245,27953.33159,2584.321131,priority_score index points (not a crime count)
20,130,2600,1088.54795,29132.16253,28043.61458,2576.240632,priority_score index points (not a crime count)
20,131,2620,1110.418528,29228.3383,28117.91978,2532.191157,priority_score index points (not a crime count)
20,132,2640,1124.130743,29323.69808,28199.56733,2508.566509,priority_score index points (not a crime count)
20,133,2660,1129.380244,29418.27112,28288.89088,2504.815453,priority_score index points (not a crime count)
20,134,2680,1131.192536,29512.14541,28380.95288,2508.940961,priority_score index points (not a crime count)
20,135,2700,1157.144605,29605.34358,28448.19898,2458.482617,priority_score index points (not a crime count)
20,136,2720,1168.195808,29698.02909,28529.83328,2442.21329,priority_score index points (not a crime count)
20,137,2740,1184.196902,29790.05519,28605.85829,2415.633602,priority_score index points (not a crime count)
20,138,2760,1198.445012,29881.41935,28682.97434,2393.34922,priority_score index points (not a crime count)
20,139,2780,1239.833198,29972.30261,28732.46941,2317.446367,priority_score index points (not a crime count)
20,140,2800,1240.818312,30062.44124,28821.62293,2322.791551,priority_score index points (not a crime count)
20,141,2820,1258.94777,30151.90732,28892.95955,2295.008597,priority_score index points (not a crime count)
20,142,2840,1261.114839,30240.30878,28979.19394,2297.902858,priority_score index points (not a crime count)
20,143,2860,1287.966659,30328.12324,29040.15658,2254.728907,priority_score index points (not a crime count)
20,144,2880,1303.119536,30415.38645,29112.26691,2234.044238,priority_score index points (not a crime count)
20,145,2900,1306.253387,30502.18973,29195.93634,2235.089809,priority_score index points (not a crime count)
20,146,2920,1307.383541,30588.4264,29281.04286,2239.667393,priority_score index points (not a crime count)
20,147,2940,1309.675999,30674.12384,29364.44784,2242.115445,priority_score index points (not a crime count)
20,148,2960,1330.35701,30759.3352,29428.97819,2212.111333,priority_score index points (not a crime count)
20,149,2980,1333.026498,30844.16264,29511.13614,2213.844675,priority_score index points (not a crime count)
20,150,3000,1334.15315,30928.69986,29594.54671,2218.227098,priority_score index points (not a crime count)
20,151,3020,1334.306878,31012.49656,29678.18969,2224.240179,priority_score index points (not a crime count)
20,152,3040,1362.508801,31095.39516,29732.88636,2182.216095,priority_score index points (not a crime count)
20,153,3060,1364.912978,31177.51672,29812.60375,2184.212783,priority_score index points (not a crime count)
20,154,3080,1367.08627,31258.9505,29891.86423,2186.538253,priority_score index points (not a crime count)
20,155,3100,1373.133773,31339.80786,29966.67408,2182.356495,priority_score index points (not a crime count)
20,156,3120,1378.408722,31420.05321,30041.64448,2179.443877,priority_score index points (not a crime count)
20,157,3140,1395.941851,31499.82148,30103.87963,2156.528197,priority_score index points (not a crime count)
20,158,3160,1402.792332,31579.14074,30176.34841,2151.162914,priority_score index points (not a crime count)
20,159,3180,1404.486045,31657.81692,30253.33088,2154.049944,priority_score index points (not a crime count)
20,160,3200,1418.976151,31735.90803,30316.93188,2136.535689,priority_score index points (not a crime count)
20,161,3220,1420.794098,31813.3984,30392.60431,2139.127996,priority_score index points (not a crime count)
20,162,3240,1424.92319,31890.43118,30465.50799,2138.045631,priority_score index points (not a crime count)
20,163,3260,1432.127818,31967.06137,30534.93355,2132.137451,priority_score index points (not a crime count)
20,164,3280,1457.112922,32043.10536,30585.99244,2099.08182,priority_score index points (not a crime count)
20,165,3300,1464.182885,32118.5647,30654.38182,2093.617001,priority_score index points (not a crime count)
20,166,3320,1465.593274,32193.55281,30727.95954,2096.622582,priority_score index points (not a crime count)
20,167,3340,1477.035821,32267.92851,30790.89269,2084.640891,priority_score index points (not a crime count)
20,168,3360,1478.844413,32341.84887,30863.00445,2086.967647,priority_score index points (not a crime count)
20,169,3380,1488.653255,32415.31266,30926.6594,2077.492478,priority_score index points (not a crime count)
20,170,3400,1494.677345,32488.39998,30993.72263,2073.606236,priority_score index points (not a crime count)
20,171,3420,1498.278536,32561.09379,31062.81525,2073.233682,priority_score index points (not a crime count)
20,172,3440,1499.516581,32633.41612,31133.89954,2076.262439,priority_score index points (not a crime count)
20,173,3460,1515.541642,32705.26888,31189.72723,2057.992098,priority_score index points (not a crime count)
20,174,3480,1520.554468,32776.7059,31256.15143,2055.575915,priority_score index points (not a crime count)
20,175,3500,1521.481112,32847.85029,31326.36917,2058.939078,priority_score index points (not a crime count)
20,176,3520,1524.596609,32918.72742,31394.13081,2059.17622,priority_score index points (not a crime count)
20,177,3540,1530.809206,32989.10024,31458.29103,2055.010572,priority_score index points (not a crime count)
20,178,3560,1534.065909,33058.96655,31524.90064,2054.989976,priority_score index points (not a crime count)
20,179,3580,1542.518567,33128.42465,31585.90609,2047.684013,priority_score index points (not a crime count)
20,180,3600,1543.798464,33197.5398,31653.74134,2050.380414,priority_score index points (not a crime count)
20,181,3620,1545.350625,33266.35039,31720.99976,2052.673305,priority_score index points (not a crime count)
20,182,3640,1549.324799,33334.90292,31785.57812,2051.576153,priority_score index points (not a crime count)
20,183,3660,1549.877538,33403.06799,31853.19045,2055.206922,priority_score index points (not a crime count)
20,184,3680,1554.641239,33470.8459,31916.20466,2052.962693,priority_score index points (not a crime count)
20,185,3700,1557.074109,33538.12476,31981.05065,2053.919622,priority_score index points (not a crime count)
20,186,3720,1559.088033,33605.07136,32045.98333,2055.431294,priority_score index points (not a crime count)
20,187,3740,1569.695238,33671.59613,32101.90089,2045.10405,priority_score index points (not a crime count)
20,188,3760,1570.930435,33737.582,32166.65156,2047.617823,priority_score index points (not a crime count)
20,189,3780,1577.091825,33803.2756,32226.18378,2043.392988,priority_score index points (not a crime count)
20,190,3800,1579.56591,33868.72301,32289.1571,2044.179157,priority_score index points (not a crime count)
20,191,3820,1587.331448,33933.80023,32346.46878,2037.789198,priority_score index points (not a crime count)
20,192,3840,1588.763875,33998.6897,32409.92583,2039.946044,priority_score index points (not a crime count)
20,193,3860,1589.325827,34063.26477,32473.93895,2043.252453,priority_score index points (not a crime count)
20,194,3880,1599.090648,34127.5001,32528.40945,2034.181708,priority_score index points (not a crime count)
20,195,3900,1600.126551,34191.31286,32591.18631,2036.788046,priority_score index points (not a crime count)
20,196,3920,1625.02802,34254.82302,32629.795,2007.952761,priority_score index points (not a crime count)
20,197,3940,1632.548351,34318.08921,32685.54086,2002.117784,priority_score index points (not a crime count)
20,198,3960,1639.137673,34381.01867,32741.881,1997.506465,priority_score index points (not a crime count)
20,199,3980,1645.323009,34443.63054,32798.30753,1993.426661,priority_score index points (not a crime count)
20,200,4000,1663.130081,34505.96082,32842.83074,1974.76019,priority_score index points (not a crime count)
20,201,4020,1671.167775,34567.99209,32896.82431,1968.493217,priority_score index points (not a crime count)
20,202,4040,1672.096913,34629.68906,32957.59215,1971.033609,priority_score index points (not a crime count)
20,203,4060,1672.729638,34690.98894,33018.2593,1973.914885,priority_score index points (not a crime count)
20,204,4080,1683.062518,34751.99646,33068.93394,1964.807224,priority_score index points (not a crime count)
20,205,4100,1684.125123,34812.69496,33128.56984,1967.108582,priority_score index points (not a crime count)
20,206,4120,1684.450868,34873.11117,33188.66031,1970.295539,priority_score index points (not a crime count)
20,207,4140,1684.98925,34933.25823,33248.26898,1973.203627,priority_score index points (not a crime count)
20,208,4160,1700.864949,34993.217,33292.35205,1957.377749,priority_score index points (not a crime count)
20,209,4180,1702.907608,35052.8831,33349.97549,1958.413676,priority_score index points (not a crime count)
20,210,4200,1706.726644,35112.25606,33405.52942,1957.286454,priority_score index points (not a crime count)
20,211,4220,1715.974895,35171.30214,33455.32724,1949.639667,priority_score index points (not a crime count)
20,212,4240,1720.977482,35230.08929,33509.11181,1947.097633,priority_score index points (not a crime count)
20,213,4260,1751.490494,35288.6212,33537.13071,1914.776633,priority_score index points (not a crime count)
20,214,4280,1752.94197,35346.91709,33593.97512,1916.433954,priority_score index points (not a crime count)
20,215,4300,1756.296438,35404.90965,33648.61321,1915.884613,priority_score index points (not a crime count)
20,216,4320,1774.398974,35462.53745,33688.13847,1898.566161,priority_score index points (not a crime count)
20,217,4340,1779.798049,35519.82619,33740.02814,1895.722279,priority_score index points (not a crime count)
20,218,4360,1792.710809,35576.84729,33784.13648,1884.527963,priority_score index points (not a crime count)
20,219,4380,1794.049007,35633.56683,33839.51782,1886.209222,priority_score index points (not a crime count)
20,220,4400,1834.123607,35689.9604,33855.83679,1845.886322,priority_score index points (not a crime count)
20,221,4420,1834.923303,35746.03193,33911.10863,1848.094064,priority_score index points (not a crime count)
20,222,4440,1840.86526,35801.79343,33960.92817,1844.835084,priority_score index points (not a crime count)
20,223,4460,1841.789686,35857.235,34015.44531,1846.869139,priority_score index points (not a crime count)
20,224,4480,1845.943035,35912.35334,34066.4103,1845.474625,priority_score index points (not a crime count)
20,225,4500,1850.297037,35967.21089,34116.91386,1843.861454,priority_score index points (not a crime count)
20,226,4520,1860.90965,36021.74622,34160.83657,1835.706347,priority_score index points (not a crime count)
20,227,4540,1864.071613,36076.06869,34211.99708,1835.337057,priority_score index points (not a crime count)
20,228,4560,1867.916806,36130.02532,34262.10851,1834.241675,priority_score index points (not a crime count)
20,229,4580,1872.607346,36183.7087,34311.10135,1832.263524,priority_score index points (not a crime count)
20,230,4600,1874.418228,36237.06417,34362.64595,1833.243267,priority_score index points (not a crime count)
20,231,4620,1888.799357,36290.17481,34401.37545,1821.335618,priority_score index points (not a crime count)
20,232,4640,1891.604735,36343.00807,34451.40333,1821.279186,priority_score index points (not a crime count)
20,233,4660,1892.09967,36395.52496,34503.42529,1823.552207,priority_score index points (not a crime count)
20,234,4680,1913.290221,36447.74429,34534.45407,1804.977294,priority_score index points (not a crime count)
20,235,4700,1916.133512,36499.73673,34583.60322,1804.863961,priority_score index points (not a crime count)
20,236,4720,1916.786724,36551.51877,34634.73205,1806.916316,priority_score index points (not a crime count)
20,237,4740,1934.145568,36603.09402,34668.94845,1792.468417,priority_score index points (not a crime count)
20,238,4760,1934.731139,36654.51234,34719.7812,1794.553285,priority_score index points (not a crime count)
20,239,4780,1937.421092,36705.69228,34768.27119,1794.564503,priority_score index points (not a crime count)
20,240,4800,1945.059477,36756.61179,34811.55231,1789.742305,priority_score index points (not a crime count)
20,241,4820,1948.431292,36807.29456,34858.86327,1789.073262,priority_score index points (not a crime count)
20,242,4840,1959.915161,36857.77044,34897.85528,1780.579894,priority_score index points (not a crime count)
20,243,4860,1962.262567,36908.05557,34945.79301,1780.892812,priority_score index points (not a crime count)
20,244,4880,1962.688224,36958.17084,34995.48261,1783.038293,priority_score index points (not a crime count)
20,245,4900,1964.211862,37008.11413,35043.90227,1784.120285,priority_score index points (not a crime count)
20,246,4920,1977.633814,37057.86714,35080.23333,1773.848782,priority_score index points (not a crime count)
20,247,4940,1978.473882,37107.35176,35128.87788,1775.554289,priority_score index points (not a crime count)
20,248,4960,1980.064799,37156.53598,35176.47118,1776.531314,priority_score index points (not a crime count)
20,249,4980,1982.207392,37205.41338,35223.20599,1776.968754,priority_score index points (not a crime count)
20,250,5000,1984.288991,37254.01567,35269.72668,1777.449093,priority_score index points (not a crime count)
20,251,5020,1987.975822,37302.37779,35314.40197,1776.399973,priority_score index points (not a crime count)
20,252,5040,1989.258902,37350.50885,35361.24995,1777.609235,priority_score index points (not a crime count)
20,253,5060,1999.064619,37398.37201,35399.30739,1770.793553,priority_score index points (not a crime count)
20,254,5080,2021.432761,37446.05477,35424.62201,1752.451167,priority_score index points (not a crime count)
20,255,5100,2024.205626,37493.45746,35469.25183,1752.255373,priority_score index points (not a crime count)
20,256,5120,2037.794911,37540.65591,35502.861,1742.219534,priority_score index points (not a crime count)
20,257,5140,2060.379311,37587.69424,35527.31493,1724.309438,priority_score index points (not a crime count)
20,258,5160,2061.108178,37634.52848,35573.4203,1725.936595,priority_score index points (not a crime count)
20,259,5180,2063.292036,37681.08274,35617.79071,1726.260272,priority_score index points (not a crime count)
20,260,5200,2064.245806,37727.36081,35663.115,1727.658348,priority_score index points (not a crime count)
20,261,5220,2076.894134,37773.40452,35696.51039,1718.744822,priority_score index points (not a crime count)
20,262,5240,2084.687904,37819.1758,35734.48789,1714.140895,priority_score index points (not a crime count)
20,263,5260,2085.007065,37864.8364,35779.82934,1716.053146,priority_score index points (not a crime count)
20,264,5280,2114.428198,37910.34087,35795.91268,1692.935835,priority_score index points (not a crime count)
20,265,5300,2144.688357,37955.61745,35810.92909,1669.749778,priority_score index points (not a crime count)
20,266,5320,2149.144314,38000.64671,35851.50239,1668.175663,priority_score index points (not a crime count)
20,267,5340,2150.269237,38045.42951,35895.16028,1669.333294,priority_score index points (not a crime count)
20,268,5360,2159.150599,38090.02125,35930.87065,1664.120634,priority_score index points (not a crime count)
20,269,5380,2179.07539,38134.35191,35955.27652,1650.024441,priority_score index points (not a crime count)
20,270,5400,2211.959676,38178.42496,35966.46528,1626.000043,priority_score index points (not a crime count)
20,271,5420,2213.766072,38222.35515,36008.58908,1626.576066,priority_score index points (not a crime count)
20,272,5440,2214.712572,38266.11816,36051.40558,1627.814193,priority_score index points (not a crime count)
20,273,5460,2220.084641,38309.61634,36089.5317,1625.592603,priority_score index points (not a crime count)
20,274,5480,2221.767959,38352.84199,36131.07403,1626.230763,priority_score index points (not a crime count)
20,275,5500,2221.996718,38395.81503,36173.81831,1627.987028,priority_score index points (not a crime count)
20,276,5520,2223.386584,38438.66697,36215.28039,1628.834169,priority_score index points (not a crime count)
20,277,5540,2235.539034,38481.36843,36245.8294,1621.346299,priority_score index points (not a crime count)
20,278,5560,2237.976722,38523.86628,36285.88955,1621.370285,priority_score index points (not a crime count)
20,279,5580,2244.84173,38566.17888,36321.33715,1617.990999,priority_score index points (not a crime count)
20,280,5600,2245.878547,38608.30606,36362.42751,1619.073638,priority_score index points (not a crime count)
20,281,5620,2252.8969,38650.28328,36397.38638,1615.581537,priority_score index points (not a crime count)
20,282,5640,2254.65605,38692.08536,36437.42931,1616.097023,priority_score index points (not a crime count)
20,283,5660,2263.747598,38733.75235,36470.00476,1611.045542,priority_score index points (not a crime count)
20,284,5680,2270.479415,38775.20379,36504.72437,1607.798077,priority_score index points (not a crime count)
20,285,5700,2278.540396,38816.46903,36537.92863,1603.567297,priority_score index points (not a crime count)
20,286,5720,2281.30643,38857.54133,36576.2349,1603.302144,priority_score index points (not a crime count)
20,287,5740,2288.032047,38898.40966,36610.37762,1600.081506,priority_score index points (not a crime count)
20,288,5760,2288.588003,38939.12174,36650.53374,1601.447429,priority_score index points (not a crime count)
20,289,5780,2289.252134,38979.63825,36690.38611,1602.723683,priority_score index points (not a crime count)
20,290,5800,2295.43302,39020.00926,36724.57624,1599.897532,priority_score index points (not a crime count)
20,291,5820,2300.84342,39060.25591,36759.41249,1597.649461,priority_score index points (not a crime count)
20,292,5840,2304.537819,39100.32598,36795.78816,1596.666709,priority_score index points (not a crime count)
20,293,5860,2308.674359,39140.284,36831.60964,1595.357505,priority_score index points (not a crime count)
20,294,5880,2314.4073,39180.09911,36865.69181,1592.878307,priority_score index points (not a crime count)
20,295,5900,2320.681805,39219.78225,36899.10044,1590.011192,priority_score index points (not a crime count)
20,296,5920,2328.617979,39259.30387,36930.68589,1585.948671,priority_score index points (not a crime count)
20,297,5940,2332.748828,39298.59865,36965.84982,1584.647664,priority_score index points (not a crime count)
20,298,5960,2343.463543,39337.77606,36994.31252,1578.616942,priority_score index points (not a crime count)
20,299,5980,2347.476622,39376.83597,37029.35935,1577.411209,priority_score index points (not a crime count)
20,300,6000,2348.433978,39415.70937,37067.27539,1578.38269,priority_score index points (not a crime count)
20,301,6020,2350.231657,39454.36722,37104.13556,1578.743757,priority_score index points (not a crime count)
20,302,6040,2351.523524,39492.87355,37141.35003,1579.459004,priority_score index points (not a crime count)
20,303,6060,2362.494763,39531.19085,37168.69609,1573.281629,priority_score index points (not a crime count)
20,304,6080,2363.856857,39569.31113,37205.45427,1573.930086,priority_score index points (not a crime count)
20,305,6100,2364.352196,39607.21788,37242.86568,1575.182655,priority_score index points (not a crime count)
20,306,6120,2365.228305,39645.0241,37279.7958,1576.160564,priority_score index points (not a crime count)
20,307,6140,2369.106677,39682.62479,37313.51811,1575.003712,priority_score index points (not a crime count)
20,308,6160,2376.077983,39720.08746,37344.00948,1571.665987,priority_score index points (not a crime count)
20,309,6180,2385.173803,39757.3743,37372.2005,1566.854392,priority_score index points (not a crime count)
20,310,6200,2395.532068,39794.49879,37398.96673,1561.196664,priority_score index points (not a crime count)
20,311,6220,2396.909858,39831.44708,37434.53722,1561.783272,priority_score index points (not a crime count)
20,312,6240,2398.749426,39868.20353,37469.45411,1562.041191,priority_score index points (not a crime count)
20,313,6260,2399.172631,39904.84933,37505.6767,1563.275448,priority_score index points (not a crime count)
20,314,6280,2411.401594,39941.30184,37529.90024,1556.352137,priority_score index points (not a crime count)
20,315,6300,2414.668182,39977.57569,37562.90751,1555.613636,priority_score index points (not a crime count)
20,316,6320,2439.794471,40013.66098,37573.86651,1540.042285,priority_score index points (not a crime count)
20,317,6340,2440.331626,40049.60305,37609.27142,1541.154121,priority_score index points (not a crime count)
20,318,6360,2450.346154,40085.39764,37635.05149,1535.907546,priority_score index points (not a crime count)
20,319,6380,2451.513079,40121.01578,37669.50271,1536.581756,priority_score index points (not a crime count)
20,320,6400,2452.824285,40156.46298,37703.6387,1537.152047,priority_score index points (not a crime count)
20,321,6420,2472.537906,40191.70324,37719.16533,1525.52425,priority_score index points (not a crime count)
20,322,6440,2475.46892,40226.78132,37751.3124,1525.016618,priority_score index points (not a crime count)
20,323,6460,2485.29596,40261.73676,37776.4408,1519.997675,priority_score index points (not a crime count)
20,324,6480,2486.803951,40296.56353,37809.75958,1520.415776,priority_score index points (not a crime count)
20,325,6500,2496.753105,40331.23014,37834.47704,1515.347151,priority_score index points (not a crime count)
20,326,6520,2496.889478,40365.7303,37868.84082,1516.640651,priority_score index points (not a crime count)
20,327,6540,2497.499993,40400.10463,37902.60464,1517.621812,priority_score index points (not a crime count)
20,328,6560,2499.903078,40434.38513,37934.48205,1517.438111,priority_score index points (not a crime count)
20,329,6580,2516.453276,40468.57046,37952.11718,1508.159025,priority_score index points (not a crime count)
20,330,6600,2527.054083,40502.59722,37975.54314,1502.759415,priority_score index points (not a crime count)
20,331,6620,2528.963197,40536.48789,38007.5247,1502.889593,priority_score index points (not a crime count)
20,332,6640,2539.004462,40570.20536,38031.2009,1497.878459,priority_score index points (not a crime count)
20,333,6660,2539.60502,40603.74293,38064.13791,1498.821179,priority_score index points (not a crime count)
20,334,6680,2540.748978,40637.14334,38096.39436,1499.415908,priority_score index points (not a crime count)
20,335,6700,2545.55816,40670.41498,38124.85682,1497.701267,priority_score index points (not a crime count)
20,336,6720,2547.895058,40703.56926,38155.6742,1497.537117,priority_score index points (not a crime count)
20,337,6740,2548.981105,40736.59418,38187.61307,1498.152066,priority_score index points (not a crime count)
20,338,6760,2575.792907,40769.49407,38193.70117,1482.793941,priority_score index points (not a crime count)
20,339,6780,2577.927181,40802.28211,38224.35493,1482.755418,priority_score index points (not a crime count)
20,340,6800,2578.516769,40834.93306,38256.41629,1483.659782,priority_score index points (not a crime count)
20,341,6820,2582.337351,40867.4474,38285.11005,1482.575855,priority_score index points (not a crime count)
20,342,6840,2584.159649,40899.81844,38315.65879,1482.712525,priority_score index points (not a crime count)
20,343,6860,2622.760925,40932.03549,38309.27457,1460.64684,priority_score index points (not a crime count)
20,344,6880,2628.424114,40964.08764,38335.66352,1458.503722,priority_score index points (not a crime count)
20,345,6900,2636.288976,40995.98764,38359.69866,1455.064259,priority_score index points (not a crime count)
20,346,6920,2645.296151,41027.75081,38382.45465,1450.970041,priority_score index points (not a crime count)
20,347,6940,2647.626494,41059.37829,38411.75179,1450.799495,priority_score index points (not a crime count)
20,348,6960,2655.156753,41090.9156,38435.75884,1447.589066,priority_score index points (not a crime count)
20,349,6980,2659.006914,41122.35602,38463.3491,1446.530617,priority_score index points (not a crime count)
20,350,7000,2660.86166,41153.72109,38492.85943,1446.631368,priority_score index points (not a crime count)
20,351,7020,2668.172118,41184.95917,38516.78705,1443.564558,priority_score index points (not a crime count)
20,352,7040,2669.502061,41216.07124,38546.56918,1443.96102,priority_score index points (not a crime count)
20,353,7060,2671.608123,41247.04367,38575.43554,1443.903214,priority_score index points (not a crime count)
20,354,7080,2674.315268,41277.86866,38603.55339,1443.492989,priority_score index points (not a crime count)
20,355,7100,2675.399678,41308.56652,38633.16685,1444.014783,priority_score index points (not a crime count)
20,356,7120,2677.496839,41339.15741,38661.66057,1443.947944,priority_score index points (not a crime count)
20,357,7140,2682.767352,41369.6718,38686.90445,1442.052156,priority_score index points (not a crime count)
20,358,7160,2683.077003,41400.05964,38716.98264,1443.006764,priority_score index points (not a crime count)
20,359,7180,2687.138525,41430.32961,38743.19108,1441.801035,priority_score index points (not a crime count)
20,360,7200,2701.398306,41460.50765,38759.10934,1434.779509,priority_score index points (not a crime count)
20,361,7220,2704.902412,41490.57449,38785.67208,1433.902824,priority_score index points (not a crime count)
20,362,7240,2707.610967,41520.54002,38812.92905,1433.475101,priority_score index points (not a crime count)
20,363,7260,2708.55211,41550.37785,38841.82574,1434.043879,priority_score index points (not a crime count)
20,364,7280,2709.822455,41580.09619,38870.27374,1434.42142,priority_score index points (not a crime count)
20,365,7300,2713.672842,41609.66438,38895.99153,1433.333854,priority_score index points (not a crime count)
20,366,7320,2716.046434,41639.09928,38923.05285,1433.077593,priority_score index points (not a crime count)
20,367,7340,2716.94629,41668.45095,38951.50466,1433.650154,priority_score index points (not a crime count)
20,368,7360,2717.367646,41697.68717,38980.31952,1434.488248,priority_score index points (not a crime count)
20,369,7380,2721.320248,41726.83558,39005.51534,1433.330581,priority_score index points (not a crime count)
20,370,7400,2725.145684,41755.86813,39030.72245,1432.243519,priority_score index points (not a crime count)
20,371,7420,2768.551344,41784.78582,39016.23447,1409.265338,priority_score index points (not a crime count)
20,372,7440,2770.626793,41813.57694,39042.95015,1409.173919,priority_score index points (not a crime count)
20,373,7460,2771.751787,41842.22232,39070.47054,1409.594853,priority_score index points (not a crime count)
20,374,7480,2775.366761,41870.78413,39095.41737,1408.657692,priority_score index points (not a crime count)
20,375,7500,2778.375075,41899.2847,39120.90962,1408.049978,priority_score index points (not a crime count)
20,376,7520,2789.209176,41927.6805,39138.47132,1403.210331,priority_score index points (not a crime count)
20,377,7540,2791.372192,41955.95425,39164.58205,1403.058401,priority_score index points (not a crime count)
20,378,7560,2792.026863,41984.14292,39192.11606,1403.715579,priority_score index points (not a crime count)
20,379,7580,2792.805513,42012.24367,39219.43816,1404.302519,priority_score index points (not a crime count)
20,380,7600,2797.166099,42040.20353,39243.03743,1402.956995,priority_score index points (not a crime count)
20,381,7620,2813.897314,42068.06365,39254.16634,1395.010619,priority_score index points (not a crime count)
20,382,7640,2816.752319,42095.81651,39279.06419,1394.480584,priority_score index points (not a crime count)
20,383,7660,2826.453467,42123.45525,39297.00178,1390.328984,priority_score index points (not a crime count)
20,384,7680,2829.223626,42150.9731,39321.74948,1389.842398,priority_score index points (not a crime count)
20,385,7700,2840.733756,42178.39099,39337.65724,1384.771,priority_score index points (not a crime count)
20,386,7720,2845.319927,42205.70097,39360.38104,1383.337623,priority_score index points (not a crime count)
20,387,7740,2860.852023,42232.88983,39372.03781,1376.234685,priority_score index points (not a crime count)
20,388,7760,2872.732054,42259.98107,39387.24902,1371.072842,priority_score index points (not a crime count)
20,389,7780,2876.979129,42286.97471,39409.99558,1369.839467,priority_score index points (not a crime count)
20,390,7800,2878.106426,42313.91667,39435.81024,1370.199861,priority_score index points (not a crime count)
20,391,7820,2881.885325,42340.78559,39458.90026,1369.204386,priority_score index points (not a crime count)
20,392,7840,2884.507113,42367.53181,39483.0247,1368.796233,priority_score index points (not a crime count)
20,393,7860,2891.616882,42394.11998,39502.5031,1366.104319,priority_score index points (not a crime count)
20,394,7880,2900.63918,42420.59731,39519.95813,1362.456882,priority_score index points (not a crime count)
20,395,7900,2903.36553,42446.96817,39543.60264,1361.991876,priority_score index points (not a crime count)
20,396,7920,2909.347263,42473.25735,39563.91009,1359.889573,priority_score index points (not a crime count)
20,397,7940,2930.301736,42499.44801,39569.14627,1350.343747,priority_score index points (not a crime count)
20,398,7960,2932.274961,42525.53196,39593.257,1350.257309,priority_score index points (not a crime count)
20,399,7980,2938.360016,42551.52144,39613.16142,1348.138458,priority_score index points (not a crime count)
20,400,8000,2948.843357,42577.38555,39628.54219,1343.86732,priority_score index points (not a crime count)
20,401,8020,2950.662289,42603.16591,39652.50362,1343.850964,priority_score index points (not a crime count)
20,402,8040,2952.344225,42628.86164,39676.51742,1343.89876,priority_score index points (not a crime count)
20,403,8060,2954.967345,42654.46657,39699.49923,1343.483517,priority_score index points (not a crime count)
20,404,8080,2963.635667,42679.97465,39716.33899,1340.122183,priority_score index points (not a crime count)
20,405,8100,3014.278801,42705.37274,39691.09394,1316.76917,priority_score index points (not a crime count)
20,406,8120,3016.876226,42730.67054,39713.79431,1316.387924,priority_score index points (not a crime count)
20,407,8140,3034.462546,42755.88318,39721.42064,1309.010081,priority_score index points (not a crime count)
20,408,8160,3036.788722,42781.01524,39744.22652,1308.758368,priority_score index points (not a crime count)
20,409,8180,3050.575777,42806.07301,39755.49724,1303.212906,priority_score index points (not a crime count)
20,410,8200,3052.661983,42831.05038,39778.3884,1303.072159,priority_score index points (not a crime count)
20,411,8220,3062.449622,42855.93087,39793.48124,1299.400354,priority_score index points (not a crime count)
20,412,8240,3064.971789,42880.70017,39815.72838,1299.056929,priority_score index points (not a crime count)
20,413,8260,3066.477951,42905.33456,39838.85661,1299.173098,priority_score index points (not a crime count)
20,414,8280,3067.378516,42929.84214,39862.46363,1299.561284,priority_score index points (not a crime count)
20,415,8300,3076.078061,42954.27485,39878.19679,1296.397426,priority_score index points (not a crime count)
20,416,8320,3089.782119,42978.62456,39888.84244,1290.99208,priority_score index points (not a crime count)
20,417,8340,3091.17973,43002.88863,39911.7089,1291.148118,priority_score index points (not a crime count)
20,418,8360,3107.124274,43027.06668,39919.94241,1284.78744,priority_score index points (not a crime count)
20,419,8380,3107.427144,43051.14074,39943.7136,1285.427196,priority_score index points (not a crime count)
20,420,8400,3108.089837,43075.13885,39967.04902,1285.903919,priority_score index points (not a crime count)
20,421,8420,3109.945087,43099.02494,39989.07985,1285.845208,priority_score index points (not a crime count)
20,422,8440,3115.831848,43122.82796,40006.99612,1283.990859,priority_score index points (not a crime count)
20,423,8460,3117.976311,43146.54585,40028.56954,1283.799668,priority_score index points (not a crime count)
20,424,8480,3118.940456,43170.16659,40051.22613,1284.129232,priority_score index points (not a crime count)
20,425,8500,3122.061488,43193.71055,40071.64906,1283.499675,priority_score index points (not a crime count)
20,426,8520,3123.943766,43217.17379,40093.23003,1283.417149,priority_score index points (not a crime count)
20,427,8540,3124.197795,43240.55105,40116.35326,1284.052928,priority_score index points (not a crime count)
20,428,8560,3131.632387,43263.82466,40132.19227,1281.510321,priority_score index points (not a crime count)
20,429,8580,3133.066685,43287.04434,40153.97765,1281.618991,priority_score index points (not a crime count)
20,430,8600,3137.950828,43310.16984,40172.21901,1280.205498,priority_score index points (not a crime count)
20,431,8620,3139.251227,43333.17253,40193.9213,1280.366508,priority_score index points (not a crime count)
20,432,8640,3147.540556,43356.06367,40208.52311,1277.45846,priority_score index points (not a crime count)
20,433,8660,3150.755328,43378.89675,40228.14142,1276.7777,priority_score index points (not a crime count)
20,434,8680,3162.046606,43401.66481,40239.61821,1272.581439,priority_score index points (not a crime count)
20,435,8700,3166.007755,43424.37538,40258.36763,1271.58146,priority_score index points (not a crime count)
20,436,8720,3172.835978,43447.00164,40274.16566,1269.34282,priority_score index points (not a crime count)
20,437,8740,3174.284562,43469.53941,40295.25485,1269.427931,priority_score index points (not a crime count)
20,438,8760,3178.229979,43492.00505,40313.77507,1268.4348,priority_score index points (not a crime count)
20,439,8780,3185.017787,43514.42923,40329.41144,1266.222487,priority_score index points (not a crime count)
20,440,8800,3208.563037,43536.81259,40328.24955,1256.894413,priority_score index points (not a crime count)
20,441,8820,3222.913256,43559.13847,40336.22522,1251.545481,priority_score index points (not a crime count)
20,442,8840,3231.757797,43581.40792,40349.65012,1248.535709,priority_score index points (not a crime count)
20,443,8860,3250.536433,43603.56612,40353.02969,1241.426777,priority_score index points (not a crime count)
20,444,8880,3274.635329,43625.65568,40351.02035,1232.229433,priority_score index points (not a crime count)
20,445,8900,3275.209299,43647.67358,40372.46428,1232.668223,priority_score index points (not a crime count)
20,446,8920,3277.425755,43669.62563,40392.19987,1232.436763,priority_score index points (not a crime count)
20,447,8940,3291.584333,43691.47656,40399.89223,1227.369198,priority_score index points (not a crime count)
20,448,8960,3298.411542,43713.24291,40414.83136,1225.28165,priority_score index points (not a crime count)
20,449,8980,3301.603899,43734.92291,40433.31901,1224.656871,priority_score index points (not a crime count)
20,450,9000,3303.34028,43756.53526,40453.19498,1224.614831,priority_score index points (not a crime count)
20,451,9020,3307.597375,43778.09251,40470.49513,1223.561714,priority_score index points (not a crime count)
20,452,9040,3315.306484,43799.58207,40484.27558,1221.132218,priority_score index points (not a crime count)
20,453,9060,3317.930738,43821.00752,40503.07678,1220.733041,priority_score index points (not a crime count)
20,454,9080,3323.01973,43842.36686,40519.34713,1219.353191,priority_score index points (not a crime count)
20,455,9100,3346.000081,43863.65083,40517.65075,1210.927967,priority_score index points (not a crime count)
20,456,9120,3346.29485,43884.87034,40538.57549,1211.446609,priority_score index points (not a crime count)
20,457,9140,3351.283434,43906.03617,40554.75273,1210.126017,priority_score index points (not a crime count)
20,458,9160,3352.409987,43927.1464,40574.73641,1210.315462,priority_score index points (not a crime count)
20,459,9180,3361.811101,43948.17267,40586.36157,1207.276684,priority_score index points (not a crime count)
20,460,9200,3363.899808,43969.09435,40605.19454,1207.086918,priority_score index points (not a crime count)
20,461,9220,3367.238431,43989.93325,40622.69481,1206.409812,priority_score index points (not a crime count)
20,462,9240,3397.099408,44010.72165,40613.62224,1195.538233,priority_score index points (not a crime count)
20,463,9260,3404.588424,44031.44761,40626.85918,1193.297225,priority_score index points (not a crime count)
20,464,9280,3406.291902,44052.08963,40645.79773,1193.256447,priority_score index points (not a crime count)
20,465,9300,3416.444666,44072.65012,40656.20545,1190.015043,priority_score index points (not a crime count)
20,466,9320,3417.156695,44093.14231,40675.98561,1190.345929,priority_score index points (not a crime count)
20,467,9340,3430.306576,44113.57104,40683.26447,1185.995,priority_score index points (not a crime count)
20,468,9360,3445.417047,44133.93985,40688.52281,1180.946232,priority_score index points (not a crime count)
20,469,9380,3450.480478,44154.24445,40703.76397,1179.654956,priority_score index points (not a crime count)
20,470,9400,3467.771576,44174.49014,40706.71857,1173.85813,priority_score index points (not a crime count)
20,471,9420,3469.02616,44194.67587,40725.64971,1173.979319,priority_score index points (not a crime count)
20,472,9440,3469.396678,44214.79571,40745.39903,1174.423187,priority_score index points (not a crime count)
20,473,9460,3473.94918,44234.84559,40760.89641,1173.330244,priority_score index points (not a crime count)
20,474,9480,3478.553215,44254.82369,40776.27047,1172.219252,priority_score index points (not a crime count)
20,475,9500,3480.720703,44274.74913,40794.02843,1171.999477,priority_score index points (not a crime count)
20,476,9520,3482.240627,44294.63309,40812.39246,1172.015286,priority_score index points (not a crime count)
20,477,9540,3502.490589,44314.46009,40811.9695,1165.227099,priority_score index points (not a crime count)
20,478,9560,3504.575115,44334.19102,40829.61591,1165.037546,priority_score index points (not a crime count)
20,479,9580,3506.301859,44353.85018,40847.54832,1164.975235,priority_score index points (not a crime count)
20,480,9600,3506.634924,44373.46899,40866.83406,1165.414563,priority_score index points (not a crime count)
20,481,9620,3543.990253,44393.02358,40849.03332,1152.628264,priority_score index points (not a crime count)
20,482,9640,3548.611162,44412.52813,40863.91696,1151.546763,priority_score index points (not a crime count)
20,483,9660,3569.09952,44431.97132,40862.8718,1144.907044,priority_score index points (not a crime count)
20,484,9680,3584.641523,44451.335,40866.69348,1140.04966,priority_score index points (not a crime count)
20,485,9700,3620.250805,44470.63077,40850.37996,1128.385357,priority_score index points (not a crime count)
20,486,9720,3621.170936,44489.87889,40868.70796,1128.604771,priority_score index points (not a crime count)
20,487,9740,3624.486463,44509.06684,40884.58037,1128.010293,priority_score index points (not a crime count)
20,488,9760,3626.02825,44528.1788,40902.15055,1128.01522,priority_score index points (not a crime count)
20,489,9780,3630.712461,44547.19413,40916.48167,1126.954616,priority_score index points (not a crime count)
20,490,9800,3633.458448,44566.13175,40932.67331,1126.548546,priority_score index points (not a crime count)
20,491,9820,3638.914513,44585.01279,40946.09828,1125.228365,priority_score index points (not a crime count)
20,492,9840,3645.401506,44603.83361,40958.4321,1123.56436,priority_score index points (not a crime count)
20,493,9860,3652.906842,44622.59192,40969.68508,1121.563917,priority_score index points (not a crime count)
20,494,9880,3662.390159,44641.28881,40978.89865,1118.911336,priority_score index points (not a crime count)
20,495,9900,3679.722592,44659.91649,40980.1939,1113.676177,priority_score index points (not a crime count)
20,496,9920,3684.753121,44678.48812,40993.735,1112.523245,priority_score index points (not a crime count)
20,497,9940,3692.634161,44696.99454,41004.36038,1110.436577,priority_score index points (not a crime count)
20,498,9960,3707.689301,44715.44135,41007.75205,1106.019106,priority_score index points (not a crime count)
20,499,9980,3714.76351,44733.83809,41019.07458,1104.217657,priority_score index points (not a crime count)
20,500,10000,3719.314588,44752.19293,41032.87834,1103.237636,priority_score index points (not a crime count)
20,501,10020,3723.406886,44770.51094,41047.10405,1102.407158,priority_score index points (not a crime count)
20,502,10040,3731.317598,44788.78701,41057.46941,1100.347755,priority_score index points (not a crime count)
20,503,10060,3741.007125,44807.00895,41066.00182,1097.725838,priority_score index points (not a crime count)
20,504,10080,3744.958891,44825.17927,41080.22038,1096.947165,priority_score index points (not a crime count)
20,505,10100,3757.867647,44843.29822,41085.43058,1093.317659,priority_score index points (not a crime count)
20,506,10120,3764.596091,44861.36462,41096.76853,1091.66475,priority_score index points (not a crime count)
20,507,10140,3772.748814,44879.35374,41106.60493,1089.56644,priority_score index points (not a crime count)
20,508,10160,3779.657056,44897.30285,41117.6458,1087.867105,priority_score index points (not a crime count)
20,509,10180,3788.339558,44915.21156,41126.872,1085.617363,priority_score index points (not a crime count)
20,510,10200,3789.956489,44933.08336,41143.12687,1085.583093,priority_score index points (not a crime count)
20,511,10220,3797.607559,44950.90599,41153.29843,1083.663801,priority_score index points (not a crime count)
20,512,10240,3808.290129,44968.66593,41160.3758,1080.809875,priority_score index points (not a crime count)
20,513,10260,3821.887819,44986.37986,41164.49204,1077.072222,priority_score index points (not a crime count)
20,514,10280,3828.361568,45004.04291,41175.68134,1075.543169,priority_score index points (not a crime count)
20,515,10300,3832.071763,45021.65234,41189.58057,1074.864541,priority_score index points (not a crime count)
20,516,10320,3834.299281,45039.21128,41204.912,1074.639953,priority_score index points (not a crime count)
20,517,10340,3839.567476,45056.72334,41217.15587,1073.484347,priority_score index points (not a crime count)
20,518,10360,3847.550059,45074.20178,41226.65173,1071.503973,priority_score index points (not a crime count)
20,519,10380,3849.512591,45091.628,41242.11541,1071.359411,priority_score index points (not a crime count)
20,520,10400,3899.798396,45108.98429,41209.1859,1056.700416,priority_score index points (not a crime count)
20,521,10420,3917.241386,45126.2926,41209.05122,1051.991623,priority_score index points (not a crime count)
20,522,10440,3923.789245,45143.55781,41219.76857,1050.50924,priority_score index points (not a crime count)
20,523,10460,3932.517468,45160.77018,41228.25271,1048.393378,priority_score index points (not a crime count)
20,524,10480,3941.482975,45177.93897,41236.45599,1046.216773,priority_score index points (not a crime count)
20,525,10500,3941.946311,45195.0778,41253.13148,1046.516828,priority_score index points (not a crime count)
20,526,10520,3954.056739,45212.18119,41258.12445,1043.437846,priority_score index points (not a crime count)
20,527,10540,3964.48978,45229.25064,41264.76086,1040.859307,priority_score index points (not a crime count)
20,528,10560,3967.510375,45246.29795,41278.78758,1040.420407,priority_score index points (not a crime count)
20,529,10580,3980.781562,45263.31717,41282.53561,1037.045991,priority_score index points (not a crime count)
20,530,10600,3991.671674,45280.29858,41288.62691,1034.369314,priority_score index points (not a crime count)
20,531,10620,3997.131169,45297.21334,41300.08217,1033.243104,priority_score index points (not a crime count)
20,532,10640,4022.236517,45314.06623,41291.82971,1026.588803,priority_score index points (not a crime count)
20,533,10660,4022.635253,45330.8514,41308.21615,1026.8944,priority_score index points (not a crime count)
20,534,10680,4027.009027,45347.58508,41320.57605,1026.086005,priority_score index points (not a crime count)
20,535,10700,4029.731656,45364.26063,41334.52898,1025.738995,priority_score index points (not a crime count)
20,536,10720,4046.575979,45380.89391,41334.31793,1021.464027,priority_score index points (not a crime count)
20,537,10740,4051.710565,45397.475,41345.76443,1020.452073,priority_score index points (not a crime count)
20,538,10760,4071.844365,45414.0024,41342.15803,1015.317736,priority_score index points (not a crime count)
20,539,10780,4073.623938,45430.48496,41356.86102,1015.235123,priority_score index points (not a crime count)
20,540,10800,4080.869541,45446.89634,41366.0268,1013.657173,priority_score index points (not a crime count)
20,541,10820,4081.779396,45463.25595,41381.47656,1013.809727,priority_score index points (not a crime count)
20,542,10840,4104.073845,45479.5799,41375.50605,1008.156958,priority_score index points (not a crime count)
20,543,10860,4133.758766,45495.88153,41362.12276,1000.59353,priority_score index points (not a crime count)
20,544,10880,4138.217053,45512.15293,41373.93587,999.8010094,priority_score index points (not a crime count)
20,545,10900,4143.779707,45528.38844,41384.60873,998.7164295,priority_score index points (not a crime count)
20,546,10920,4145.385222,45544.57876,41399.19354,998.6814572,priority_score index points (not a crime count)
20,547,10940,4160.924425,45560.71543,41399.79101,994.9661847,priority_score index points (not a crime count)
20,548,10960,4161.877672,45576.80983,41414.93216,995.1021012,priority_score index points (not a crime count)
20,549,10980,4165.514621,45592.85912,41427.3445,994.531247,priority_score index points (not a crime count)
20,550,11000,4176.466825,45608.85475,41432.38793,992.043985,priority_score index points (not a crime count)
20,551,11020,4188.103663,45624.80513,41436.70147,989.3905406,priority_score index points (not a crime count)
20,552,11040,4189.828549,45640.72727,41450.89872,989.3220743,priority_score index points (not a crime count)
20,553,11060,4229.744518,45656.6184,41426.87388,979.4178751,priority_score index points (not a crime count)
20,554,11080,4231.534218,45672.47272,41440.93851,979.3360132,priority_score index points (not a crime count)
20,555,11100,4239.714847,45688.29827,41448.58342,977.6266783,priority_score index points (not a crime count)
20,556,11120,4246.203704,45704.08461,41457.88091,976.3516731,priority_score index points (not a crime count)
20,557,11140,4248.601878,45719.82477,41471.22289,976.114592,priority_score index points (not a crime count)
20,558,11160,4250.302416,45735.53358,41485.23117,976.0536336,priority_score index points (not a crime count)
20,559,11180,4253.094627,45751.20596,41498.11134,975.7156841,priority_score index points (not a crime count)
20,560,11200,4261.151399,45766.82992,41505.67852,974.0484353,priority_score index points (not a crime count)
20,561,11220,4275.107268,45782.40019,41507.29293,970.9064667,priority_score index points (not a crime count)
20,562,11240,4285.008022,45797.92014,41512.91211,968.7942684,priority_score index points (not a crime count)
20,563,11260,4289.240208,45813.40439,41524.16418,968.1006932,priority_score index points (not a crime count)
20,564,11280,4291.08852,45828.84869,41537.76017,968.0005428,priority_score index points (not a crime count)
20,565,11300,4300.330741,45844.25766,41543.92692,966.0635292,priority_score index points (not a crime count)
20,566,11320,4300.793077,45859.63288,41558.83981,966.3064244,priority_score index points (not a crime count)
20,567,11340,4331.692658,45874.9511,41543.25845,959.053694,priority_score index points (not a crime count)
20,568,11360,4331.909547,45890.21501,41558.30546,959.3530294,priority_score index points (not a crime count)
20,569,11380,4335.334178,45905.43221,41570.09803,958.8672137,priority_score index points (not a crime count)
20,570,11400,4338.964451,45920.59604,41581.63159,958.3307734,priority_score index points (not a crime count)
20,571,11420,4340.525449,45935.71688,41595.19143,958.2985268,priority_score index points (not a crime count)
20,572,11440,4349.14223,45950.80081,41601.65858,956.5485877,priority_score index points (not a crime count)
20,573,11460,4352.52323,45965.85236,41613.32913,956.0736826,priority_score index points (not a crime count)
20,574,11480,4401.699425,45980.85789,41579.15847,944.6160323,priority_score index points (not a crime count)
20,575,11500,4403.078945,45995.80625,41592.72731,944.6282437,priority_score index points (not a crime count)
20,576,11520,4403.543018,46010.70528,41607.16226,944.856496,priority_score index points (not a crime count)
20,577,11540,4411.036392,46025.56374,41614.52735,943.4183636,priority_score index points (not a crime count)
20,578,11560,4422.729985,46040.3717,41617.64172,940.9944052,priority_score index points (not a crime count)
20,579,11580,4436.644895,46055.13262,41618.48772,938.0621779,priority_score index points (not a crime count)
20,580,11600,4443.974677,46069.8612,41625.88652,936.6814517,priority_score index points (not a crime count)
20,581,11620,4463.162736,46084.55454,41621.3918,932.5537577,priority_score index points (not a crime count)
20,582,11640,4472.012053,46099.21162,41627.19957,930.8382687,priority_score index points (not a crime count)
20,583,11660,4475.336977,46113.83377,41638.49679,930.3991411,priority_score index points (not a crime count)
20,584,11680,4483.658166,46128.41027,41644.7521,928.8119334,priority_score index points (not a crime count)
20,585,11700,4489.154794,46142.95447,41653.79968,927.8762169,priority_score index points (not a crime count)
20,586,11720,4495.103519,46157.45908,41662.35556,926.838623,priority_score index points (not a crime count)
20,587,11740,4497.262355,46171.92983,41674.66747,926.6674743,priority_score index points (not a crime count)
20,588,11760,4503.616377,46186.35613,41682.73976,925.5393059,priority_score index points (not a crime count)
20,589,11780,4534.490148,46200.74846,41666.25831,918.8741611,priority_score index points (not a crime count)
20,590,11800,4549.824475,46215.10219,41665.27771,915.7557164,priority_score index points (not a crime count)
20,591,11820,4550.58399,46229.42054,41678.83655,915.9008302,priority_score index points (not a crime count)
20,592,11840,4555.789031,46243.71591,41687.92688,915.0539367,priority_score index points (not a crime count)
20,593,11860,4556.513702,46257.99114,41701.47744,915.2057947,priority_score index points (not a crime count)
20,594,11880,4565.95421,46272.24275,41706.28854,913.4188962,priority_score index points (not a crime count)
20,595,11900,4567.533923,46286.47473,41718.9408,913.3799881,priority_score index points (not a crime count)
20,596,11920,4569.560623,46300.68054,41731.11992,913.2414111,priority_score index points (not a crime count)
20,597,11940,4571.199721,46314.85761,41743.65789,913.1882314,priority_score index points (not a crime count)
20,598,11960,4594.398088,46329.00837,41734.61028,908.3803685,priority_score index points (not a crime count)
20,599,11980,4616.206723,46343.12656,41726.91984,903.9222535,priority_score index points (not a crime count)
20,600,12000,4622.886256,46357.21205,41734.32579,902.7763929,priority_score index points (not a crime count)
20,601,12020,4630.144642,46371.26867,41741.12403,901.5079928,priority_score index points (not a crime count)
20,602,12040,4642.597432,46385.29549,41742.69805,899.1237914,priority_score index points (not a crime count)
20,603,12060,4643.071809,46399.28521,41756.2134,899.3230154,priority_score index points (not a crime count)
20,604,12080,4643.819844,46413.22488,41769.40504,899.4622194,priority_score index points (not a crime count)
20,605,12100,4659.949686,46427.12084,41767.17116,896.3009039,priority_score index points (not a crime count)
20,606,12120,4684.855875,46440.98662,41756.13075,891.3002206,priority_score index points (not a crime count)
20,607,12140,4686.328455,46454.82873,41768.50028,891.2840977,priority_score index points (not a crime count)
20,608,12160,4688.747002,46468.64268,41779.89568,891.067393,priority_score index points (not a crime count)
20,609,12180,4689.365632,46482.42849,41793.06286,891.2306299,priority_score index points (not a crime count)
20,610,12200,4715.477757,46496.17862,41780.70086,886.0332508,priority_score index points (not a crime count)
20,611,12220,4726.636674,46509.88579,41783.24912,883.995365,priority_score index points (not a crime count)
20,612,12240,4728.901956,46523.56056,41794.6586,883.8131768,priority_score index points (not a crime count)
20,613,12260,4743.238915,46537.19807,41793.95916,881.1270084,priority_score index points (not a crime count)
20,614,12280,4744.311491,46550.79581,41806.48432,881.1918105,priority_score index points (not a crime count)
20,615,12300,4745.485765,46564.34792,41818.86216,881.2345929,priority_score index points (not a crime count)
20,616,12320,4753.096201,46577.85113,41824.75493,879.9475787,priority_score index points (not a crime count)
20,617,12340,4764.161392,46591.3105,41827.14911,877.9540757,priority_score index points (not a crime count)
20,618,12360,4764.697761,46604.7498,41840.05204,878.1260458,priority_score index points (not a crime count)
20,619,12380,4774.486152,46618.1493,41843.66315,876.4013931,priority_score index points (not a crime count)
20,620,12400,4779.638894,46631.50404,41851.86515,875.628182,priority_score index points (not a crime count)
20,621,12420,4808.97832,46644.80921,41835.83089,869.9525785,priority_score index points (not a crime count)
20,622,12440,4815.718768,46658.08447,41842.3657,868.8706237,priority_score index points (not a crime count)
20,623,12460,4823.839049,46671.33471,41847.49566,867.5143436,priority_score index points (not a crime count)
20,624,12480,4840.47123,46684.54167,41844.07044,864.4627444,priority_score index points (not a crime count)
20,625,12500,4843.010206,46697.70323,41854.69303,864.2288834,priority_score index points (not a crime count)
20,626,12520,4849.648163,46710.82385,41861.17568,863.1796427,priority_score index points (not a crime count)
20,627,12540,4853.522517,46723.90225,41870.37973,862.6802407,priority_score index points (not a crime count)
20,628,12560,4872.84271,46736.95577,41864.11306,859.1312209,priority_score index points (not a crime count)
20,629,12580,4904.513973,46749.97644,41845.46246,853.203043,priority_score index points (not a crime count)
20,630,12600,4904.721855,46762.96988,41858.24803,853.4275595,priority_score index points (not a crime count)
20,631,12620,4946.139259,46775.93028,41829.79102,845.7058895,priority_score index points (not a crime count)
20,632,12640,4969.437793,46788.86287,41819.42508,841.5323185,priority_score index points (not a crime count)
20,633,12660,4974.786194,46801.7614,41826.97521,840.7793538,priority_score index points (not a crime count)
20,634,12680,4980.638053,46814.62046,41833.98241,839.9321926,priority_score index points (not a crime count)
20,635,12700,4994.848285,46827.4573,41832.60902,837.5151081,priority_score index points (not a crime count)
20,636,12720,5003.58363,46840.26835,41836.68472,836.1344151,priority_score index points (not a crime count)
20,637,12740,5006.698724,46853.04476,41846.34604,835.8071525,priority_score index points (not a crime count)
20,638,12760,5010.697551,46865.77207,41855.07451,835.3143267,priority_score index points (not a crime count)
20,639,12780,5020.373167,46878.46159,41858.08843,833.7644838,priority_score index points (not a crime count)
20,640,12800,5024.518962,46891.12443,41866.60547,833.2460438,priority_score index points (not a crime count)
20,641,12820,5025.516435,46903.75715,41878.24072,833.3121831,priority_score index points (not a crime count)
20,642,12840,5044.490581,46916.3675,41871.87692,830.0516425,priority_score index points (not a crime count)
20,643,12860,5054.526247,46928.94639,41874.42014,828.4539064,priority_score index points (not a crime count)
20,644,12880,5055.226321,46941.48632,41886.26,828.573388,priority_score index points (not a crime count)
20,645,12900,5064.289062,46953.98971,41889.70065,827.1585633,priority_score index points (not a crime count)
20,646,12920,5082.372769,46966.44736,41884.07459,824.104734,priority_score index points (not a crime count)
20,647,12940,5091.001874,46978.87858,41887.8767,822.7825827,priority_score index points (not a crime count)
20,648,12960,5093.826208,46991.28234,41897.45613,822.5144403,priority_score index points (not a crime count)
20,649,12980,5103.629381,47003.64757,41900.01819,820.9847358,priority_score index points (not a crime count)
20,650,13000,5108.807549,47015.98845,41907.1809,820.292808,priority_score index points (not a crime count)
20,651,13020,5119.214151,47028.29899,41909.08484,818.6624666,priority_score index points (not a crime count)
20,652,13040,5125.308893,47040.5805,41915.2716,817.8096673,priority_score index points (not a crime count)
20,653,13060,5135.000829,47052.83572,41917.83489,816.3160297,priority_score index points (not a crime count)
20,654,13080,5151.833331,47065.07743,41913.2441,813.5597835,priority_score index points (not a crime count)
20,655,13100,5152.264027,47077.30709,41925.04306,813.7207807,priority_score index points (not a crime count)
20,656,13120,5153.306152,47089.51847,41936.21232,813.772966,priority_score index points (not a crime count)
20,657,13140,5153.759184,47101.71653,41947.95735,813.9293252,priority_score index points (not a crime count)
20,658,13160,5156.246499,47113.88521,41957.63871,813.7244547,priority_score index points (not a crime count)
20,659,13180,5166.696987,47126.02555,41959.32856,812.1112708,priority_score index points (not a crime count)
20,660,13200,5172.229672,47138.13838,41965.90871,811.3697839,priority_score index points (not a crime count)
20,661,13220,5178.112081,47150.22378,41972.1117,810.5678486,priority_score index points (not a crime count)
20,662,13240,5192.789483,47162.28572,41969.49624,808.2264142,priority_score index points (not a crime count)
20,663,13260,5196.072427,47174.33201,41978.25958,807.8844198,priority_score index points (not a crime count)
20,664,13280,5196.263082,47186.36328,41990.1002,808.082646,priority_score index points (not a crime count)
20,665,13300,5203.717097,47198.36742,41994.65032,807.0125554,priority_score index points (not a crime count)
20,666,13320,5241.112777,47210.33584,41969.22307,800.7693185,priority_score index points (not a crime count)
20,667,13340,5266.332182,47222.26878,41955.9366,796.6823047,priority_score index points (not a crime count)
20,668,13360,5267.803727,47234.17075,41966.36702,796.6577571,priority_score index points (not a crime count)
20,669,13380,5283.374579,47246.05132,41962.67674,794.2400471,priority_score index points (not a crime count)
20,670,13400,5286.176038,47257.90689,41971.73085,793.990411,priority_score index points (not a crime count)
20,671,13420,5305.116296,47269.73501,41964.61871,791.0216547,priority_score index points (not a crime count)
20,672,13440,5325.225832,47281.53729,41956.31145,787.8785384,priority_score index points (not a crime count)
20,673,13460,5334.629837,47293.31608,41958.68624,786.5341649,priority_score index points (not a crime count)
20,674,13480,5347.716287,47305.06378,41957.34749,784.5843953,priority_score index points (not a crime count)
20,675,13500,5352.353118,47316.77732,41964.4242,784.0369137,priority_score index points (not a crime count)
20,676,13520,5368.408927,47328.45777,41960.04884,781.6105183,priority_score index points (not a crime count)
20,677,13540,5380.381678,47340.11106,41959.72938,779.8652938,priority_score index points (not a crime count)
20,678,13560,5396.133803,47351.74117,41955.60737,777.5123617,priority_score index points (not a crime count)
20,679,13580,5399.823327,47363.34803,41963.5247,777.1277347,priority_score index points (not a crime count)
20,680,13600,5403.938097,47374.93003,41970.99193,776.6741806,priority_score index points (not a crime count)
20,681,13620,5404.648234,47386.49127,41981.84303,776.7729039,priority_score index points (not a crime count)
20,682,13640,5411.529031,47398.02716,41986.49813,775.8712537,priority_score index points (not a crime count)
20,683,13660,5413.188396,47409.51771,41996.32932,775.8150326,priority_score index points (not a crime count)
20,684,13680,5415.229397,47420.97744,42005.74804,775.6965581,priority_score index points (not a crime count)
20,685,13700,5461.929353,47432.40705,41970.47769,768.4185382,priority_score index points (not a crime count)
20,686,13720,5487.289319,47443.82058,41956.53126,764.613069,priority_score index points (not a crime count)
20,687,13740,5488.085202,47455.21568,41967.13048,764.695316,priority_score index points (not a crime count)
20,688,13760,5511.594014,47466.59673,41955.00271,761.213591,priority_score index points (not a crime count)
20,689,13780,5533.562562,47477.95534,41944.39278,757.9997932,priority_score index points (not a crime count)
20,690,13800,5534.458047,47489.29732,41954.83927,758.0659013,priority_score index points (not a crime count)
20,691,13820,5568.132873,47500.61339,41932.48051,753.0797391,priority_score index points (not a crime count)
20,692,13840,5572.737057,47511.90777,41939.17071,752.5775984,priority_score index points (not a crime count)
20,693,13860,5581.455324,47523.17937,41941.72404,751.4478144,priority_score index points (not a crime count)
20,694,13880,5586.333975,47534.42497,41948.091,750.9055346,priority_score index points (not a crime count)
20,695,13900,5599.011704,47545.64622,41946.63452,749.1792612,priority_score index points (not a crime count)
20,696,13920,5600.74333,47556.84887,41956.10554,749.1167345,priority_score index points (not a crime count)
20,697,13940,5604.630255,47568.02436,41963.39411,748.7272522,priority_score index points (not a crime count)
20,698,13960,5605.596201,47579.16868,41973.57248,748.7798082,priority_score index points (not a crime count)
20,699,13980,5629.663796,47590.27849,41960.6147,745.3485007,priority_score index points (not a crime count)
20,700,14000,5633.156244,47601.35393,41968.19769,745.0210125,priority_score index points (not a crime count)
20,701,14020,5637.197336,47612.4112,41975.21386,744.6113975,priority_score index points (not a crime count)
20,702,14040,5667.57725,47623.45162,41955.87437,740.2788268,priority_score index points (not a crime count)
20,703,14060,5671.262784,47634.47183,41963.20905,739.9270787,priority_score index points (not a crime count)
20,704,14080,5707.213677,47645.46864,41938.25496,734.8288908,priority_score index points (not a crime count)
20,705,14100,5709.823433,47656.44483,41946.6214,734.6395539,priority_score index points (not a crime count)
20,706,14120,5727.386503,47667.39328,41940.00678,732.2712857,priority_score index points (not a crime count)
20,707,14140,5751.538456,47678.31975,41926.7813,728.9663734,priority_score index points (not a crime count)
20,708,14160,5762.214429,47689.22192,41927.0075,727.6197027,priority_score index points (not a crime count)
20,709,14180,5782.549818,47700.0921,41917.54229,724.8972098,priority_score index points (not a crime count)
20,710,14200,5788.618595,47710.93058,41922.31199,724.2196268,priority_score index points (not a crime count)
20,711,14220,5798.6369,47721.74363,41923.10673,722.9820983,priority_score index points (not a crime count)
20,712,14240,5805.089701,47732.53027,41927.44057,722.2531042,priority_score index points (not a crime count)
20,713,14260,5814.158883,47743.29023,41929.13135,721.1555822,priority_score index points (not a crime count)
20,714,14280,5827.675993,47754.01767,41926.34168,719.4350154,priority_score index points (not a crime count)
20,715,14300,5845.68374,47764.72372,41919.03998,717.0938738,priority_score index points (not a crime count)
20,716,14320,5866.851232,47775.40479,41908.55356,714.3278721,priority_score index points (not a crime count)
20,717,14340,5867.598757,47786.06256,41918.46381,714.4057653,priority_score index points (not a crime count)
20,718,14360,5870.844164,47796.69611,41925.85194,714.1366859,priority_score index points (not a crime count)
20,719,14380,5872.688054,47807.30551,41934.61746,714.0617222,priority_score index points (not a crime count)
20,720,14400,5877.253922,47817.89604,41940.64211,713.6094964,priority_score index points (not a crime count)
20,721,14420,5882.444917,47828.46133,41946.01642,713.0711296,priority_score index points (not a crime count)
20,722,14440,5886.636596,47839.00161,41952.36501,712.6712227,priority_score index points (not a crime count)
20,723,14460,5898.817463,47849.52018,41950.70272,711.1713997,priority_score index points (not a crime count)
20,724,14480,5898.996574,47860.01614,41961.01957,711.324698,priority_score index points (not a crime count)
20,725,14500,5917.626628,47870.49067,41952.86404,708.9474662,priority_score index points (not a crime count)
20,726,14520,5921.800592,47880.92873,41959.12814,708.553547,priority_score index points (not a crime count)
20,727,14540,5924.546273,47891.34114,41966.79487,708.3545799,priority_score index points (not a crime count)
20,728,14560,5933.924647,47901.73701,41967.81237,707.2521959,priority_score index points (not a crime count)
20,729,14580,5947.243228,47912.111,41964.86777,705.6188248,priority_score index points (not a crime count)
20,730,14600,5979.508637,47922.4686,41942.95996,701.4449265,priority_score index points (not a crime count)
20,731,14620,5986.34177,47932.80692,41946.46515,700.7028126,priority_score index points (not a crime count)
20,732,14640,5991.837541,47943.12304,41951.2855,700.1405699,priority_score index points (not a crime count)
20,733,14660,5992.388345,47953.41746,41961.02911,700.2388146,priority_score index points (not a crime count)
20,734,14680,5996.325677,47963.68585,41967.36018,699.8846033,priority_score index points (not a crime count)
20,735,14700,6005.606618,47973.93545,41968.32883,698.8191452,priority_score index points (not a crime count)
20,736,14720,6008.793511,47984.17234,41975.37883,698.5658394,priority_score index points (not a crime count)
20,737,14740,6020.489315,47994.38665,41973.89734,697.1841513,priority_score index points (not a crime count)
20,738,14760,6026.180397,48004.58961,41978.40921,696.6006068,priority_score index points (not a crime count)
20,739,14780,6048.501087,48014.78456,41966.28347,693.8294772,priority_score index points (not a crime count)
20,740,14800,6063.271839,48024.96776,41961.69592,692.0635762,priority_score index points (not a crime count)
20,741,14820,6066.116462,48035.14222,41969.02576,691.8598747,priority_score index points (not a crime count)
20,742,14840,6067.838366,48045.30731,41977.46895,691.8026885,priority_score index points (not a crime count)
20,743,14860,6078.132264,48055.45816,41977.3259,690.628701,priority_score index points (not a crime count)
20,744,14880,6078.705483,48065.59092,41986.88544,690.7208378,priority_score index points (not a crime count)
20,745,14900,6086.233559,48075.69888,41989.46532,689.9088723,priority_score index points (not a crime count)
20,746,14920,6102.462789,48085.77455,41983.31176,687.973253,priority_score index points (not a crime count)
20,747,14940,6103.806954,48095.82227,41992.01531,687.9643414,priority_score index points (not a crime count)
20,748,14960,6107.068539,48105.84238,41998.77384,687.7075895,priority_score index points (not a crime count)
20,749,14980,6116.430004,48115.84405,41999.41405,686.6654898,priority_score index points (not a crime count)
20,750,15000,6138.115951,48125.82323,41987.70728,684.0487801,priority_score index points (not a crime count)
20,751,15020,6140.309106,48135.78296,41995.47385,683.9309411,priority_score index points (not a crime count)
20,752,15040,6140.775751,48145.7262,42004.95044,684.0332907,priority_score index points (not a crime count)
20,753,15060,6146.657594,48155.64885,42008.99125,683.4444674,priority_score index points (not a crime count)
20,754,15080,6174.856435,48165.54487,41990.68844,680.026959,priority_score index points (not a crime count)
20,755,15100,6179.763715,48175.42155,41995.65784,679.5673714,priority_score index points (not a crime count)
20,756,15120,6193.541572,48185.28128,41991.7397,677.9923767,priority_score index points (not a crime count)
20,757,15140,6193.870081,48195.12193,42001.25185,678.1099911,priority_score index points (not a crime count)
20,758,15160,6201.478525,48204.94259,42003.46407,677.3137067,priority_score index points (not a crime count)
20,759,15180,6207.362168,48214.75442,42007.39226,676.7349982,priority_score index points (not a crime count)
20,760,15200,6220.342901,48224.55537,42004.21246,675.2716552,priority_score index points (not a crime count)
20,761,15220,6227.888141,48234.34322,42006.45508,674.4895561,priority_score index points (not a crime count)
20,762,15240,6230.68189,48244.1177,42013.43581,674.2991625,priority_score index points (not a crime count)
20,763,15260,6237.006114,48253.874,42016.86789,673.6704617,priority_score index points (not a crime count)
20,764,15280,6241.873845,48263.61303,42021.73918,673.2231414,priority_score index points (not a crime count)
20,765,15300,6263.497785,48273.33614,42009.83836,670.7089202,priority_score index points (not a crime count)
20,766,15320,6276.469277,48283.04534,42006.57606,669.2707987,priority_score index points (not a crime count)
20,767,15340,6284.885326,48292.73679,42007.85146,668.3948756,priority_score index points (not a crime count)
20,768,15360,6291.744141,48302.40631,42010.66217,667.7109118,priority_score index points (not a crime count)
20,769,15380,6298.343547,48312.05242,42013.70887,667.0596571,priority_score index points (not a crime count)
20,770,15400,6306.740491,48321.68177,42014.94128,666.1910592,priority_score index points (not a crime count)
20,771,15420,6308.001816,48331.29938,42023.29756,666.1903213,priority_score index points (not a crime count)
20,772,15440,6332.75488,48340.89478,42008.1399,663.3470062,priority_score index points (not a crime count)
20,773,15460,6335.506812,48350.47503,42014.96822,663.166649,priority_score index points (not a crime count)
20,774,15480,6339.444384,48360.03525,42020.59086,662.8434342,priority_score index points (not a crime count)
20,775,15500,6342.475814,48369.57845,42027.10263,662.6292928,priority_score index points (not a crime count)
20,776,15520,6346.521165,48379.1014,42032.58023,662.2932335,priority_score index points (not a crime count)
20,777,15540,6351.642117,48388.60305,42036.96094,661.8282354,priority_score index points (not a crime count)
20,778,15560,6352.191171,48398.08534,42045.89417,661.9116622,priority_score index points (not a crime count)
20,779,15580,6353.318426,48407.53158,42054.21316,661.9251601,priority_score index points (not a crime count)
20,780,15600,6354.200495,48416.95651,42062.75601,661.967718,priority_score index points (not a crime count)
20,781,15620,6367.301373,48426.36255,42059.06117,660.5476749,priority_score index points (not a crime count)
20,782,15640,6375.874785,48435.75038,42059.8756,659.6722335,priority_score index points (not a crime count)
20,783,15660,6386.819917,48445.12271,42058.30279,658.5171234,priority_score index points (not a crime count)
20,784,15680,6394.334416,48454.47434,42060.13992,657.7719773,priority_score index points (not a crime count)
20,785,15700,6402.400895,48463.803,42061.4021,656.9629549,priority_score index points (not a crime count)
20,786,15720,6409.648177,48473.11154,42063.46336,656.2522965,priority_score index points (not a crime count)
20,787,15740,6412.032455,48482.39624,42070.36378,656.1158897,priority_score index points (not a crime count)
20,788,15760,6425.827674,48491.65508,42065.8274,654.6367183,priority_score index points (not a crime count)
20,789,15780,6430.488656,48500.89382,42070.40516,654.2334092,priority_score index points (not a crime count)
20,790,15800,6434.268171,48510.10869,42075.84052,653.933585,priority_score index points (not a crime count)
20,791,15820,6440.369071,48519.30207,42078.93299,653.362137,priority_score index points (not a crime count)
20,792,15840,6498.262279,48528.47678,42030.2145,646.7915989,priority_score index points (not a crime count)
20,793,15860,6507.938221,48537.63628,42029.69806,645.8220196,priority_score index points (not a crime count)
20,794,15880,6517.625962,48546.77798,42029.15202,644.8536976,priority_score index points (not a crime count)
20,795,15900,6518.886358,48555.89837,42037.01201,644.8495909,priority_score index points (not a crime count)
20,796,15920,6528.12624,48564.99425,42036.86801,643.9346676,priority_score index points (not a crime count)
20,797,15940,6531.351252,48574.0613,42042.71005,643.7061556,priority_score index points (not a crime count)
20,798,15960,6550.024626,48583.10379,42033.07916,641.7239868,priority_score index points (not a crime count)
20,799,15980,6553.05354,48592.11433,42039.06079,641.5186529,priority_score index points (not a crime count)
20,800,16000,6564.124018,48601.09972,42036.9757,640.4049586,priority_score index points (not a crime count)
20,801,16020,6565.277932,48610.07073,42044.7928,640.4114682,priority_score index points (not a crime count)
20,802,16040,6567.380153,48619.02683,42051.64667,640.3108346,priority_score index points (not a crime count)
20,803,16060,6573.944638,48627.96762,42054.02299,639.7075927,priority_score index points (not a crime count)
20,804,16080,6576.564959,48636.89,42060.32504,639.548538,priority_score index points (not a crime count)
20,805,16100,6577.363075,48645.78785,42068.42477,639.5940789,priority_score index points (not a crime count)
20,806,16120,6612.056868,48654.66108,42042.60421,635.8475896,priority_score index points (not a crime count)
20,807,16140,6640.902209,48663.51102,42022.60881,632.784635,priority_score index points (not a crime count)
20,808,16160,6643.660512,48672.34113,42028.68062,632.6133092,priority_score index points (not a crime count)
20,809,16180,6644.153072,48681.15106,42036.99799,632.6915941,priority_score index points (not a crime count)
20,810,16200,6644.525793,48689.94221,42045.41642,632.7828008,priority_score index points (not a crime count)
20,811,16220,6678.156315,48698.72227,42020.56596,629.2240548,priority_score index points (not a crime count)
20,812,16240,6683.23219,48707.4877,42024.25551,628.8013691,priority_score index points (not a crime count)
20,813,16260,6684.868085,48716.22881,42031.36073,628.7537793,priority_score index points (not a crime count)
20,814,16280,6685.960793,48724.95045,42038.98966,628.7651238,priority_score index points (not a crime count)
20,815,16300,6697.709668,48733.64866,42035.939,627.6166194,priority_score index points (not a crime count)
20,816,16320,6702.140148,48742.32811,42040.18796,627.2651278,priority_score index points (not a crime count)
20,817,16340,6705.39751,48750.98814,42045.59063,627.0409856,priority_score index points (not a crime count)
20,818,16360,6709.865938,48759.63563,42049.7697,626.6856907,priority_score index points (not a crime count)
20,819,16380,6719.208956,48768.26774,42049.05879,625.8037078,priority_score index points (not a crime count)
20,820,16400,6720.447661,48776.87588,42056.42822,625.7980174,priority_score index points (not a crime count)
20,821,16420,6725.803154,48785.46422,42059.66107,625.3477853,priority_score index points (not a crime count)
20,822,16440,6728.684705,48794.03721,42065.3525,625.1645655,priority_score index points (not a crime count)
20,823,16460,6730.043242,48802.5947,42072.55146,625.1453364,priority_score index points (not a crime count)
20,824,16480,6741.02905,48811.14113,42070.11208,624.0903542,priority_score index points (not a crime count)
20,825,16500,6765.227604,48819.67757,42054.44997,621.6265354,priority_score index points (not a crime count)
20,826,16520,6766.539944,48828.20151,42061.66157,621.6125512,priority_score index points (not a crime count)
20,827,16540,6770.309651,48836.71164,42066.40199,621.3364552,priority_score index points (not a crime count)
20,828,16560,6772.705211,48845.20844,42072.50323,621.2067693,priority_score index points (not a crime count)
20,829,16580,6773.775639,48853.69193,42079.91629,621.2180404,priority_score index points (not a crime count)
20,830,16600,6774.679705,48862.15965,42087.47995,621.2467863,priority_score index points (not a crime count)
20,831,16620,6775.390926,48870.60865,42095.21773,621.2957774,priority_score index points (not a crime count)
20,832,16640,6782.027126,48879.03766,42097.01054,620.7142755,priority_score index points (not a crime count)
20,833,16660,6783.18279,48887.44859,42104.2658,620.7154827,priority_score index points (not a crime count)
20,834,16680,6790.665528,48895.8437,42105.17818,620.0449426,priority_score index points (not a crime count)
20,835,16700,6794.396394,48904.22254,42109.82615,619.7728791,priority_score index points (not a crime count)
20,836,16720,6805.851016,48912.5866,42106.73558,618.6843567,priority_score index points (not a crime count)
20,837,16740,6836.495136,48920.93829,42084.44315,615.5850668,priority_score index points (not a crime count)
20,838,16760,6837.212126,48929.2749,42092.06278,615.6319565,priority_score index points (not a crime count)
20,839,16780,6838.617376,48937.5951,42098.97772,615.6065679,priority_score index points (not a crime count)
20,840,16800,6845.796224,48945.90214,42100.10591,614.9774919,priority_score index points (not a crime count)
20,841,16820,6847.144039,48954.19586,42107.05182,614.95788,priority_score index points (not a crime count)
20,842,16840,6849.13564,48962.47423,42113.33859,614.8708509,priority_score index points (not a crime count)
20,843,16860,6872.213465,48970.73849,42098.52503,612.5904738,priority_score index points (not a crime count)
20,844,16880,6901.53093,48978.98928,42077.45835,609.6829642,priority_score index points (not a crime count)
20,845,16900,6903.67236,48987.22631,42083.55395,609.5821435,priority_score index points (not a crime count)
20,846,16920,6928.416701,48995.44418,42067.02748,607.1665331,priority_score index points (not a crime count)
20,847,16940,6930.734522,49003.64506,42072.91054,607.0483642,priority_score index points (not a crime count)
20,848,16960,6932.901046,49011.82985,42078.92881,606.9454696,priority_score index points (not a crime count)
20,849,16980,6936.993337,49020.00105,42083.00771,606.6462178,priority_score index points (not a crime count)
20,850,17000,6941.576241,49028.16472,42086.58848,606.2972878,priority_score index points (not a crime count)
20,851,17020,6951.750023,49036.32301,42084.57298,605.3809882,priority_score index points (not a crime count)
20,852,17040,6966.25951,49044.47648,42078.21697,604.0288466,priority_score index points (not a crime count)
20,853,17060,6970.06847,49052.62475,42082.55628,603.761017,priority_score index points (not a crime count)
20,854,17080,6979.163454,49060.76744,42081.60398,602.9605734,priority_score index points (not a crime count)
20,855,17100,6979.749571,49068.90598,42089.15641,603.0181453,priority_score index points (not a crime count)
20,856,17120,6981.413903,49077.04063,42095.62673,602.9670682,priority_score index points (not a crime count)
20,857,17140,7008.375642,49085.16958,42076.79394,600.378691,priority_score index points (not a crime count)
20,858,17160,7015.054049,49093.28975,42078.23571,599.8276765,priority_score index points (not a crime count)
20,859,17180,7017.134592,49101.39936,42084.26477,599.7357499,priority_score index points (not a crime count)
20,860,17200,7020.094484,49109.49665,42089.40216,599.5560638,priority_score index points (not a crime count)
20,861,17220,7044.716158,49117.5837,42072.86754,597.2258725,priority_score index points (not a crime count)
20,862,17240,7046.801102,49125.65888,42078.85778,597.1341772,priority_score index points (not a crime count)
20,863,17260,7053.252401,49133.72497,42080.47257,596.6108992,priority_score index points (not a crime count)
20,864,17280,7058.185547,49141.77804,42083.59249,596.2381154,priority_score index points (not a crime count)
20,865,17300,7093.282107,49149.81784,42056.53573,592.9065713,priority_score index points (not a crime count)
20,866,17320,7094.141366,49157.84546,42063.70409,592.9358033,priority_score index points (not a crime count)
20,867,17340,7097.846806,49165.86263,42068.01583,592.6870074,priority_score index points (not a crime count)
20,868,17360,7103.703328,49173.87325,42070.16992,592.2287007,priority_score index points (not a crime count)
20,869,17380,7112.504216,49181.87178,42069.36757,591.4846063,priority_score index points (not a crime count)
20,870,17400,7121.390872,49189.85737,42068.4665,590.7338503,priority_score index points (not a crime count)
20,871,17420,7123.70262,49197.83504,42074.13242,590.6216847,priority_score index points (not a crime count)
20,872,17440,7129.378621,49205.80338,42076.42476,590.183619,priority_score index points (not a crime count)
20,873,17460,7132.257089,49213.76082,42081.50373,590.0166414,priority_score index points (not a crime count)
20,874,17480,7143.821708,49221.70983,42077.88812,589.0108942,priority_score index points (not a crime count)
20,875,17500,7144.349219,49229.64947,42085.30025,589.071152,priority_score index points (not a crime count)
20,876,17520,7150.313946,49237.57768,42087.26373,588.6072143,priority_score index points (not a crime count)
20,877,17540,7187.316453,49245.4945,42058.17805,585.1722034,priority_score index points (not a crime count)
20,878,17560,7191.187696,49253.40125,42062.21356,584.9133041,priority_score index points (not a crime count)
20,879,17580,7198.680666,49261.29707,42062.6164,584.3100751,priority_score index points (not a crime count)
20,880,17600,7199.404487,49269.18131,42069.77683,584.3507876,priority_score index points (not a crime count)
20,881,17620,7209.807871,49277.05639,42067.24852,583.4725318,priority_score index points (not a crime count)
20,882,17640,7228.974677,49284.92016,42055.94548,581.7691631,priority_score index points (not a crime count)
20,883,17660,7240.045729,49292.7761,42052.73037,580.8351487,priority_score index points (not a crime count)
20,884,17680,7255.427925,49300.62061,42045.19268,579.4998326,priority_score index points (not a crime count)
20,885,17700,7258.82995,49308.45525,42049.6253,579.2893013,priority_score index points (not a crime count)
20,886,17720,7260.755016,49316.27734,42055.52232,579.2169304,priority_score index points (not a crime count)
20,887,17740,7272.192928,49324.0894,42051.89647,578.2560623,priority_score index points (not a crime count)
20,888,17760,7274.399222,49331.89055,42057.49133,578.1575914,priority_score index points (not a crime count)
20,889,17780,7277.034056,49339.67705,42062.64299,578.0190482,priority_score index points (not a crime count)
20,890,17800,7298.74392,49347.44825,42048.70433,576.1087769,priority_score index points (not a crime count)
20,891,17820,7299.441443,49355.20698,42055.76554,576.1504612,priority_score index points (not a crime count)
20,892,17840,7331.522674,49362.95534,42031.43267,573.2974518,priority_score index points (not a crime count)
20,893,17860,7333.304154,49370.68906,42037.38491,573.2393479,priority_score index points (not a crime count)
20,894,17880,7347.018296,49378.40785,42031.38955,572.0877213,priority_score index points (not a crime count)
20,895,17900,7351.400836,49386.11525,42034.71441,571.7918986,priority_score index points (not a crime count)
20,896,17920,7358.946182,49393.80479,42034.85861,571.2075828,priority_score index points (not a crime count)
20,897,17940,7363.225182,49401.47644,42038.25126,570.9217119,priority_score index points (not a crime count)
20,898,17960,7365.865303,49409.13375,42043.26844,570.7851925,priority_score index points (not a crime count)
20,899,17980,7368.790726,49416.77629,42047.98556,570.6226045,priority_score index points (not a crime count)
20,900,18000,7371.720373,49424.40051,42052.68014,570.459513,priority_score index points (not a crime count)
20,901,18020,7381.933782,49432.01014,42050.07636,569.6349709,priority_score index points (not a crime count)
20,902,18040,7398.352335,49439.60036,42041.24802,568.2514987,priority_score index points (not a crime count)
20,903,18060,7406.47073,49447.1696,42040.69887,567.6212113,priority_score index points (not a crime count)
20,904,18080,7410.001488,49454.72378,42044.72229,567.4050451,priority_score index points (not a crime count)
20,905,18100,7410.942496,49462.26043,42051.31793,567.4219973,priority_score index points (not a crime count)
20,906,18120,7414.415414,49469.77799,42055.36258,567.2107675,priority_score index points (not a crime count)
20,907,18140,7415.398247,49477.28339,42061.88514,567.2235495,priority_score index points (not a crime count)
20,908,18160,7416.936348,49484.77364,42067.8373,567.1861713,priority_score index points (not a crime count)
20,909,18180,7432.583734,49492.24253,42059.6588,565.8820715,priority_score index points (not a crime count)
20,910,18200,7434.8716,49499.68116,42064.80956,565.7772162,priority_score index points (not a crime count)
20,911,18220,7436.985932,49507.08749,42070.10156,565.6875237,priority_score index points (not a crime count)
20,912,18240,7444.914367,49514.46991,42069.55554,565.0777627,priority_score index points (not a crime count)
20,913,18260,7445.940002,49521.83943,42075.89942,565.0851258,priority_score index points (not a crime count)
20,914,18280,7448.532934,49529.19819,42080.66525,564.9523957,priority_score index points (not a crime count)
20,915,18300,7453.557085,49536.54059,42082.9835,564.602686,priority_score index points (not a crime count)
20,916,18320,7473.804297,49543.87146,42070.06716,562.9003047,priority_score index points (not a crime count)
20,917,18340,7483.747343,49551.18775,42067.4404,562.1173254,priority_score index points (not a crime count)
20,918,18360,7497.521904,49558.48894,42060.96704,560.9982548,priority_score index points (not a crime count)
20,919,18380,7526.044626,49565.77851,42039.73388,558.590016,priority_score index points (not a crime count)
20,920,18400,7531.723597,49573.05018,42041.32658,558.1899819,priority_score index points (not a crime count)
20,921,18420,7567.143436,49580.30407,42013.16064,555.2050254,priority_score index points (not a crime count)
20,922,18440,7573.501782,49587.54703,42014.04525,554.7505825,priority_score index points (not a crime count)
20,923,18460,7581.714704,49594.77743,42013.06273,554.1366877,priority_score index points (not a crime count)
20,924,18480,7584.073052,49601.98931,42017.91625,554.0283693,priority_score index points (not a crime count)
20,925,18500,7589.281168,49609.18721,42019.90604,553.6743877,priority_score index points (not a crime count)
20,926,18520,7595.12614,49616.37428,42021.24814,553.2659677,priority_score index points (not a crime count)
20,927,18540,7617.180414,49623.54557,42006.36516,551.4686915,priority_score index points (not a crime count)
20,928,18560,7627.816724,49630.69993,42002.8832,550.6540695,priority_score index points (not a crime count)
20,929,18580,7628.392437,49637.84265,42009.45022,550.6985982,priority_score index points (not a crime count)
20,930,18600,7631.949068,49644.97443,42013.02536,550.4888069,priority_score index points (not a crime count)
20,931,18620,7652.909238,49652.09421,41999.18498,548.8002493,priority_score index points (not a crime count)
20,932,18640,7661.196816,49659.2039,41998.00708,548.1912042,priority_score index points (not a crime count)
20,933,18660,7672.264651,49666.30418,41994.03953,547.3486831,priority_score index points (not a crime count)
20,934,18680,7682.093434,49673.39251,41991.29908,546.6127097,priority_score index points (not a crime count)
20,935,18700,7696.342996,49680.46976,41984.12677,545.5074805,priority_score index points (not a crime count)
20,936,18720,7703.190897,49687.53348,41984.34258,545.0253426,priority_score index points (not a crime count)
20,937,18740,7708.807939,49694.58609,41985.77815,544.6468311,priority_score index points (not a crime count)
20,938,18760,7710.753195,49701.62889,41990.87569,544.575538,priority_score index points (not a crime count)
20,939,18780,7717.367405,49708.66049,41991.29309,544.1142152,priority_score index points (not a crime count)
20,940,18800,7717.71611,49715.68114,41997.96503,544.1760805,priority_score index points (not a crime count)
20,941,18820,7724.949374,49722.68552,41997.73615,543.6635778,priority_score index points (not a crime count)
20,942,18840,7731.721797,49729.67778,41997.95599,543.1902116,priority_score index points (not a crime count)
20,943,18860,7736.810718,49736.65554,41999.84482,542.8573394,priority_score index points (not a crime count)
20,944,18880,7747.64584,49743.62164,41995.9758,542.0482127,priority_score index points (not a crime count)
20,945,18900,7750.486544,49750.57556,42000.08901,541.9026118,priority_score index points (not a crime count)
20,946,18920,7755.26417,49757.5217,42002.25753,541.5967349,priority_score index points (not a crime count)
20,947,18940,7760.541883,49764.4566,42003.91472,541.2497652,priority_score index points (not a crime count)
20,948,18960,7763.614627,49771.3799,42007.76527,541.0851425,priority_score index points (not a crime count)
20,949,18980,7771.723774,49778.29071,42006.56694,540.505146,priority_score index points (not a crime count)
20,950,19000,7788.023103,49785.17854,41997.15544,539.2530926,priority_score index points (not a crime count)
20,951,19020,7834.222995,49792.05118,41957.82818,535.5710223,priority_score index points (not a crime count)
20,952,19040,7837.564062,49798.9075,41961.34344,535.3875656,priority_score index points (not a crime count)
20,953,19060,7843.484349,49805.75072,41962.26637,534.9952203,priority_score index points (not a crime count)
20,954,19080,7849.277412,49812.57797,41963.30055,534.6135491,priority_score index points (not a crime count)
20,955,19100,7851.27391,49819.39121,41968.1173,534.5389524,priority_score index points (not a crime count)
20,956,19120,7871.369662,49826.18608,41954.81642,533.0052865,priority_score index points (not a crime count)
20,957,19140,7872.27567,49832.96341,41960.68774,533.018526,priority_score index points (not a crime count)
20,958,19160,7892.275337,49839.72848,41947.45314,531.5001233,priority_score index points (not a crime count)
20,959,19180,7897.197081,49846.48147,41949.28439,531.1920667,priority_score index points (not a crime count)
20,960,19200,7902.927152,49853.22187,41950.29472,530.8197066,priority_score index points (not a crime count)
20,961,19220,7911.691283,49859.95239,41948.2611,530.2059901,priority_score index points (not a crime count)
20,962,19240,7924.759676,49866.66982,41941.91015,529.2515087,priority_score index points (not a crime count)
20,963,19260,7933.729534,49873.37632,41939.64679,528.6246097,priority_score index points (not a crime count)
20,964,19280,7936.096918,49880.07419,41943.97727,528.5214849,priority_score index points (not a crime count)
20,965,19300,7937.018558,49886.755,41949.73645,528.5326743,priority_score index points (not a crime count)
20,966,19320,7950.864658,49893.42199,41942.55733,527.5219631,priority_score index points (not a crime count)
20,967,19340,7971.973027,49900.07714,41928.10412,525.9438783,priority_score index points (not a crime count)
20,968,19360,7989.250221,49906.71521,41917.46499,524.6733277,priority_score index points (not a crime count)
20,969,19380,8005.591247,49913.33356,41907.74232,523.4809151,priority_score index points (not a crime count)
20,970,19400,8007.944004,49919.94088,41911.99688,523.3802442,priority_score index points (not a crime count)
20,971,19420,8033.30404,49926.53659,41893.23255,521.494423,priority_score index points (not a crime count)
20,972,19440,8039.083604,49933.1174,41894.0338,521.1294703,priority_score index points (not a crime count)
20,973,19460,8042.640483,49939.68552,41897.04503,520.9364403,priority_score index points (not a crime count)
20,974,19480,8047.690995,49946.24222,41898.55122,520.6282305,priority_score index points (not a crime count)
20,975,19500,8051.573073,49952.78249,41901.20942,520.4102234,priority_score index points (not a crime count)
20,976,19520,8052.992787,49959.30978,41906.31699,520.3819014,priority_score index points (not a crime count)
20,977,19540,8056.928248,49965.82566,41908.89741,520.1597448,priority_score index points (not a crime count)
20,978,19560,8069.920823,49972.33054,41902.40972,519.2418939,priority_score index points (not a crime count)
20,979,19580,8071.803143,49978.82242,41907.01928,519.1779153,priority_score index points (not a crime count)
20,980,19600,8072.194594,49985.3012,41913.1066,519.2281494,priority_score index points (not a crime count)
20,981,19620,8082.716166,49991.77195,41909.05578,518.5021337,priority_score index points (not a crime count)
20,982,19640,8106.470631,49998.23485,41891.76422,516.7694565,priority_score index points (not a crime count)
20,983,19660,8111.83489,50004.68607,41892.85118,516.4411227,priority_score index points (not a crime count)
20,984,19680,8120.077625,50011.12622,41891.04859,515.8946814,priority_score index points (not a crime count)
20,985,19700,8122.326034,50017.55583,41895.2298,515.8033503,priority_score index points (not a crime count)
20,986,19720,8163.236449,50023.97351,41860.73707,512.7958418,priority_score index points (not a crime count)
20,987,19740,8172.937236,50030.38014,41857.4429,512.1468781,priority_score index points (not a crime count)
20,988,19760,8197.746667,50036.77122,41839.02455,510.3722554,priority_score index points (not a crime count)
20,989,19780,8217.87282,50043.14868,41825.27586,508.9550152,priority_score index points (not a crime count)
20,990,19800,8222.036777,50049.5154,41827.47862,508.7240516,priority_score index points (not a crime count)
20,991,19820,8233.112896,50055.8717,41822.75881,507.982331,priority_score index points (not a crime count)
20,992,19840,8241.156147,50062.21607,41821.05993,507.465933,priority_score index points (not a crime count)
20,993,19860,8260.691237,50068.55122,41807.85998,506.1060725,priority_score index points (not a crime count)
20,994,19880,8296.008039,50074.87913,41778.87109,503.6021047,priority_score index points (not a crime count)
20,995,19900,8301.987944,50081.20015,41779.2122,503.2434699,priority_score index points (not a crime count)
20,996,19920,8310.088857,50087.51194,41777.42308,502.7313642,priority_score index points (not a crime count)
20,997,19940,8311.091596,50093.81343,41782.72184,502.7344646,priority_score index points (not a crime count)
20,998,19960,8329.469959,50100.10221,41770.63225,501.4800756,priority_score index points (not a crime count)
20,999,19980,8333.107369,50106.3771,41773.26973,501.2928297,priority_score index points (not a crime count)
20,1000,20000,8363.843088,50112.63882,41748.79573,499.158046,priority_score index points (not a crime count)
20,1001,20020,8372.558598,50118.88704,41746.32844,498.608973,priority_score index points (not a crime count)
20,1002,20040,8389.059616,50125.12549,41736.06588,497.5058921,priority_score index points (not a crime count)
20,1003,20060,8418.800512,50131.35231,41712.5518,495.4690604,priority_score index points (not a crime count)
20,1004,20080,8423.972154,50137.57069,41713.59854,495.177308,priority_score index points (not a crime count)
20,1005,20100,8436.70486,50143.78304,41707.07818,494.3526989,priority_score index points (not a crime count)
20,1006,20120,8441.460171,50149.98795,41708.52777,494.0913886,priority_score index points (not a crime count)
20,1007,20140,8443.399375,50156.18314,41712.78376,494.0283162,priority_score index points (not a crime count)
20,1008,20160,8448.901304,50162.36691,41713.46561,493.7146749,priority_score index points (not a crime count)
20,1009,20180,8462.570057,50168.54034,41705.97028,492.8286561,priority_score index points (not a crime count)
20,1010,20200,8473.834124,50174.70663,41700.87251,492.1133917,priority_score index points (not a crime count)
20,1011,20220,8503.146259,50180.86414,41677.71788,490.1446666,priority_score index points (not a crime count)
20,1012,20240,8514.518133,50187.01441,41672.49628,489.4287102,priority_score index points (not a crime count)
20,1013,20260,8520.924964,50193.1579,41672.23293,489.0576212,priority_score index points (not a crime count)
20,1014,20280,8529.015672,50199.29434,41670.27867,488.5707832,priority_score index points (not a crime count)
20,1015,20300,8553.138982,50205.42412,41652.28514,486.9824427,priority_score index points (not a crime count)
20,1016,20320,8555.849075,50211.54828,41655.69921,486.8680928,priority_score index points (not a crime count)
20,1017,20340,8561.322672,50217.67066,41656.34798,486.5643964,priority_score index points (not a crime count)
20,1018,20360,8576.685139,50223.79099,41647.10585,485.5851086,priority_score index points (not a crime count)
20,1019,20380,8577.485763,50229.90858,41652.42282,485.6017716,priority_score index points (not a crime count)
20,1020,20400,8579.425987,50236.02365,41656.59766,485.5406145,priority_score index points (not a crime count)
20,1021,20420,8584.954122,50242.13558,41657.18146,485.2347592,priority_score index points (not a crime count)
20,1022,20440,8609.205548,50248.2444,41639.03885,483.6571577,priority_score index points (not a crime count)
20,1023,20460,8610.914164,50254.3507,41643.43654,483.6122593,priority_score index points (not a crime count)
20,1024,20480,8612.79647,50260.45483,41647.65836,483.5555851,priority_score index points (not a crime count)
20,1025,20500,8613.688688,50266.55568,41652.867,483.565967,priority_score index points (not a crime count)
20,1026,20520,8626.135879,50272.65332,41646.51744,482.794591,priority_score index points (not a crime count)
20,1027,20540,8639.516439,50278.74419,41639.22775,481.9624807,priority_score index points (not a crime count)
20,1028,20560,8647.209851,50284.82827,41637.61842,481.5150683,priority_score index points (not a crime count)
20,1029,20580,8672.259995,50290.90651,41618.64652,479.9054288,priority_score index points (not a crime count)
20,1030,20600,8674.550015,50296.97856,41622.42855,479.8223363,priority_score index points (not a crime count)
20,1031,20620,8678.876508,50303.04172,41624.16521,479.6031511,priority_score index points (not a crime count)
20,1032,20640,8682.855749,50309.09827,41626.24252,479.4072794,priority_score index points (not a crime count)
20,1033,20660,8685.676101,50315.14741,41629.47131,479.2887833,priority_score index points (not a crime count)
20,1034,20680,8713.504503,50321.1864,41607.6819,477.5080094,priority_score index points (not a crime count)
20,1035,20700,8724.805866,50327.21764,41602.41177,476.8290827,priority_score index points (not a crime count)
20,1036,20720,8727.794493,50333.24404,41605.44955,476.7006095,priority_score index points (not a crime count)
20,1037,20740,8774.061451,50339.26571,41565.20426,473.72821,priority_score index points (not a crime count)
20,1038,20760,8781.088945,50345.27982,41564.19087,473.3375454,priority_score index points (not a crime count)
20,1039,20780,8787.228765,50351.28818,41564.05942,473.0053186,priority_score index points (not a crime count)
20,1040,20800,8802.862658,50357.28952,41554.42687,472.0558355,priority_score index points (not a crime count)
20,1041,20820,8805.110415,50363.28225,41558.17183,471.9778615,priority_score index points (not a crime count)
20,1042,20840,8807.099656,50369.2676,41562.16795,471.9166306,priority_score index points (not a crime count)
20,1043,20860,8811.886296,50375.24628,41563.35999,471.6738119,priority_score index points (not a crime count)
20,1044,20880,8825.587236,50381.21864,41555.6314,470.8540099,priority_score index points (not a crime count)
20,1045,20900,8833.302658,50387.18281,41553.88015,470.4229183,priority_score index points (not a crime count)
20,1046,20920,8856.269056,50393.13824,41536.86919,469.0109224,priority_score index points (not a crime count)
20,1047,20940,8867.935564,50399.08535,41531.14979,468.3294042,priority_score index points (not a crime count)
20,1048,20960,8875.460636,50405.02517,41529.56454,467.9144693,priority_score index points (not a crime count)
20,1049,20980,8880.441481,50410.95746,41530.51597,467.6627402,priority_score index points (not a crime count)
20,1050,21000,8883.827186,50416.88371,41533.05652,467.5131073,priority_score index points (not a crime count)
20,1051,21020,8896.906684,50422.80259,41525.8959,466.7453237,priority_score index points (not a crime count)
20,1052,21040,8898.988623,50428.71618,41529.72756,466.6791848,priority_score index points (not a crime count)
20,1053,21060,8901.83049,50434.6252,41532.79471,466.5646549,priority_score index points (not a crime count)
20,1054,21080,8913.056254,50440.52947,41527.47322,465.9173244,priority_score index points (not a crime count)
20,1055,21100,8914.528011,50446.42799,41531.89998,465.8900609,priority_score index points (not a crime count)
20,1056,21120,8917.11925,50452.32009,41535.20084,465.7916943,priority_score index points (not a crime count)
20,1057,21140,8931.329007,50458.20666,41526.87765,464.9574281,priority_score index points (not a crime count)
20,1058,21160,8965.14956,50464.08609,41498.93653,462.8917371,priority_score index points (not a crime count)
20,1059,21180,8966.702536,50469.95822,41503.25568,462.8597359,priority_score index points (not a crime count)
20,1060,21200,8973.613408,50475.82223,41502.20882,462.4916066,priority_score index points (not a crime count)
20,1061,21220,8978.327858,50481.67986,41503.352,462.2614885,priority_score index points (not a crime count)
20,1062,21240,8995.816463,50487.53017,41491.71371,461.2334398,priority_score index points (not a crime count)
20,1063,21260,9000.217173,50493.37296,41493.15578,461.0239396,priority_score index points (not a crime count)
20,1064,21280,9004.699916,50499.20734,41494.50743,460.8094419,priority_score index points (not a crime count)
20,1065,21300,9006.674304,50505.03539,41498.36109,460.7512128,priority_score index points (not a crime count)
20,1066,21320,9013.6297,50510.85698,41497.22728,460.3830939,priority_score index points (not a crime count)
20,1067,21340,9048.564993,50516.67142,41468.10643,458.2837882,priority_score index points (not a crime count)
20,1068,21360,9049.993651,50522.47757,41472.48392,458.2598124,priority_score index points (not a crime count)
20,1069,21380,9055.530792,50528.27165,41472.74086,457.9824398,priority_score index points (not a crime count)
20,1070,21400,9067.678339,50534.05843,41466.38009,457.2987544,priority_score index points (not a crime count)
20,1071,21420,9075.106149,50539.83637,41464.73022,456.9062835,priority_score index points (not a crime count)
20,1072,21440,9075.785445,50545.60104,41469.8156,456.9281176,priority_score index points (not a crime count)
20,1073,21460,9095.081587,50551.35111,41456.26952,455.8097597,priority_score index points (not a crime count)
20,1074,21480,9096.645419,50557.08914,41460.44372,455.7772872,priority_score index points (not a crime count)
20,1075,21500,9111.31606,50562.81597,41451.49991,454.945253,priority_score index points (not a crime count)
20,1076,21520,9148.273802,50568.53595,41420.26215,452.7658774,priority_score index points (not a crime count)
20,1077,21540,9166.962865,50574.24826,41407.28539,451.701245,priority_score index points (not a crime count)
20,1078,21560,9172.099131,50579.95395,41407.85482,451.454506,priority_score index points (not a crime count)
20,1079,21580,9182.754653,50585.65289,41402.89824,450.8766683,priority_score index points (not a crime count)
20,1080,21600,9217.780696,50591.34361,41373.56291,448.8451643,priority_score index points (not a crime count)
20,1081,21620,9230.713156,50597.02683,41366.31367,448.1377871,priority_score index points (not a crime count)
20,1082,21640,9238.567317,50602.70276,41364.13544,447.7332255,priority_score index points (not a crime count)
20,1083,21660,9240.518058,50608.3678,41367.84975,447.6789016,priority_score index points (not a crime count)
20,1084,21680,9280.060582,50614.02355,41333.96297,445.406176,priority_score index points (not a crime count)
20,1085,21700,9294.021377,50619.66661,41325.64523,444.647624,priority_score index points (not a crime count)
20,1086,21720,9298.254116,50625.2988,41327.04469,444.4602629,priority_score index points (not a crime count)
20,1087,21740,9301.009166,50630.92057,41329.9114,444.359431,priority_score index points (not a crime count)
20,1088,21760,9303.424489,50636.53223,41333.10774,444.2784245,priority_score index points (not a crime count)
20,1089,21780,9331.850275,50642.13562,41310.28534,442.6805417,priority_score index points (not a crime count)
20,1090,21800,9334.033396,50647.72898,41313.69558,442.6135394,priority_score index points (not a crime count)
20,1091,21820,9344.725753,50653.31209,41308.58634,442.05242,priority_score index points (not a crime count)
20,1092,21840,9347.075257,50658.88403,41311.80878,441.97578,priority_score index points (not a crime count)
20,1093,21860,9359.198504,50664.44696,41305.24846,441.3331809,priority_score index points (not a crime count)
20,1094,21880,9404.118526,50669.9988,41265.88028,438.8064672,priority_score index points (not a crime count)
20,1095,21900,9415.687375,50675.53821,41259.85084,438.2032792,priority_score index points (not a crime count)
20,1096,21920,9421.327066,50681.06735,41259.74029,437.9397934,priority_score index points (not a crime count)
20,1097,21940,9464.994324,50686.58801,41221.59369,435.5163065,priority_score index points (not a crime count)
20,1098,21960,9470.928961,50692.10192,41221.17296,435.2389627,priority_score index points (not a crime count)
20,1099,21980,9472.215137,50697.6072,41225.39206,435.2244059,priority_score index points (not a crime count)
20,1100,22000,9488.275489,50703.10324,41214.82775,434.3763816,priority_score index points (not a crime count)
20,1101,22020,9491.450087,50708.58893,41217.13884,434.2554453,priority_score index points (not a crime count)
20,1102,22040,9503.366713,50714.06193,41210.69521,433.6431126,priority_score index points (not a crime count)
20,1103,22060,9504.863613,50719.52822,41214.66461,433.6165808,priority_score index points (not a crime count)
20,1104,22080,9507.480718,50724.98331,41217.50259,433.5270701,priority_score index points (not a crime count)
20,1105,22100,9516.528272,50730.42898,41213.90071,433.0770585,priority_score index points (not a crime count)
20,1106,22120,9519.373887,50735.86673,41216.49284,432.9748293,priority_score index points (not a crime count)
20,1107,22140,9544.717221,50741.29445,41196.57723,431.6165296,priority_score index points (not a crime count)
20,1108,22160,9546.99484,50746.7112,41199.71636,431.54644,priority_score index points (not a crime count)
20,1109,22180,9548.094117,50752.1177,41204.02358,431.5418666,priority_score index points (not a crime count)
20,1110,22200,9569.19275,50757.51461,41188.32186,430.4262954,priority_score index points (not a crime count)
20,1111,22220,9585.105461,50762.90265,41177.79719,429.6019209,priority_score index points (not a crime count)
20,1112,22240,9587.725776,50768.2819,41180.55613,429.513287,priority_score index points (not a crime count)
20,1113,22260,9598.083516,50773.6499,41175.56639,428.9977923,priority_score index points (not a crime count)
20,1114,22280,9600.398898,50779.00883,41178.60993,428.9260307,priority_score index points (not a crime count)
20,1115,22300,9619.792883,50784.35923,41164.56634,427.915308,priority_score index points (not a crime count)
20,1116,22320,9640.39999,50789.7006,41149.30061,426.842254,priority_score index points (not a crime count)
20,1117,22340,9643.848849,50795.03385,41151.185,426.7091453,priority_score index points (not a crime count)
20,1118,22360,9657.355606,50800.35849,41143.00289,426.0276267,priority_score index points (not a crime count)
20,1119,22380,9665.48726,50805.67594,41140.18868,425.6400901,priority_score index points (not a crime count)
20,1120,22400,9668.615194,50810.98531,41142.37012,425.5249516,priority_score index points (not a crime count)
20,1121,22420,9672.015185,50816.28667,41144.27148,425.3950257,priority_score index points (not a crime count)
20,1122,22440,9692.384228,50821.57835,41129.19412,424.3454773,priority_score index points (not a crime count)
20,1123,22460,9698.249021,50826.86144,41128.61242,424.0828663,priority_score index points (not a crime count)
20,1124,22480,9706.402026,50832.13584,41125.73381,423.6969961,priority_score index points (not a crime count)
20,1125,22500,9715.044843,50837.39972,41122.35488,423.2852811,priority_score index points (not a crime count)
20,1126,22520,9727.42066,50842.65449,41115.23383,422.673546,priority_score index points (not a crime count)
20,1127,22540,9735.698062,50847.90082,41112.20276,422.2830504,priority_score index points (not a crime count)
20,1128,22560,9737.315085,50853.13756,41115.82247,422.2500978,priority_score index points (not a crime count)
20,1129,22580,9750.12918,50858.36442,41108.23524,421.6173395,priority_score index points (not a crime count)
20,1130,22600,9754.824702,50863.58138,41108.75668,421.4197378,priority_score index points (not a crime count)
20,1131,22620,9760.847828,50868.78666,41107.93883,421.1513135,priority_score index points (not a crime count)
20,1132,22640,9766.332125,50873.97937,41107.64724,420.9118297,priority_score index points (not a crime count)
20,1133,22660,9767.546275,50879.16265,41111.61637,420.9001444,priority_score index points (not a crime count)
20,1134,22680,9770.010991,50884.33767,41114.32668,420.8217034,priority_score index points (not a crime count)
20,1135,22700,9809.096281,50889.50146,41080.40518,418.799082,priority_score index points (not a crime count)
20,1136,22720,9814.626011,50894.65334,41080.02733,418.5592736,priority_score index points (not a crime count)
20,1137,22740,9815.921322,50899.7964,41083.87508,418.5432394,priority_score index points (not a crime count)
20,1138,22760,9823.307853,50904.92787,41081.62001,418.2055641,priority_score index points (not a crime count)
20,1139,22780,9824.054939,50910.04666,41085.99172,418.2182609,priority_score index points (not a crime count)
20,1140,22800,9837.629336,50915.15392,41077.52458,417.555116,priority_score index points (not a crime count)
20,1141,22820,9857.761208,50920.25132,41062.49011,416.5498559,priority_score index points (not a crime count)
20,1142,22840,9859.334586,50925.33998,41066.0054,416.5190362,priority_score index points (not a crime count)
20,1143,22860,9864.548995,50930.41836,41065.86936,416.2974849,priority_score index points (not a crime count)
20,1144,22880,9868.759014,50935.4867,41066.72769,416.1285895,priority_score index points (not a crime count)
20,1145,22900,9878.120415,50940.54676,41062.42634,415.6906842,priority_score index points (not a crime count)
20,1146,22920,9879.767776,50945.59478,41065.827,415.655792,priority_score index points (not a crime count)
20,1147,22940,9893.661476,50950.63054,41056.96907,414.9825539,priority_score index points (not a crime count)
20,1148,22960,9898.904259,50955.65858,41056.75432,414.7605962,priority_score index points (not a crime count)
20,1149,22980,9916.458173,50960.67427,41044.21609,413.8999568,priority_score index points (not a crime count)
20,1150,23000,9920.029948,50965.67669,41045.64674,413.7653511,priority_score index points (not a crime count)
20,1151,23020,9940.114355,50970.66326,41030.54891,412.7774333,priority_score index points (not a crime count)
20,1152,23040,9954.12416,50975.63646,41021.5123,412.1056925,priority_score index points (not a crime count)
20,1153,23060,9956.970781,50980.59986,41023.62908,412.0091339,priority_score index points (not a crime count)
20,1154,23080,9978.05096,50985.5521,41007.50114,410.9770666,priority_score index points (not a crime count)
20,1155,23100,9980.527235,50990.49429,41009.96705,410.8998061,priority_score index points (not a crime count)
20,1156,23120,9982.246509,50995.4259,41013.17939,410.861216,priority_score index points (not a crime count)
20,1157,23140,9993.194455,51000.34636,41007.1519,410.3507851,priority_score index points (not a crime count)
20,1158,23160,10017.63547,51005.25847,40987.62301,409.1546668,priority_score index points (not a crime count)
20,1159,23180,10025.66157,51010.15773,40984.49616,408.7959269,priority_score index points (not a crime count)
20,1160,23200,10028.48269,51015.04684,40986.56415,408.7015495,priority_score index points (not a crime count)
20,1161,23220,10031.33056,51019.92905,40988.59849,408.6058001,priority_score index points (not a crime count)
20,1162,23240,10032.87764,51024.80381,40991.92617,408.5759604,priority_score index points (not a crime count)
20,1163,23260,10043.12628,51029.67105,40986.54476,408.1054406,priority_score index points (not a crime count)
20,1164,23280,10049.47021,51034.52992,40985.0597,407.8330383,priority_score index points (not a crime count)
20,1165,23300,10055.53886,51039.38075,40983.84189,407.5747948,priority_score index points (not a crime count)
20,1166,23320,10107.62328,51044.22149,40936.5982,405.007162,priority_score index points (not a crime count)
20,1167,23340,10110.25623,51049.05495,40938.79873,404.9234541,priority_score index points (not a crime count)
20,1168,23360,10133.40777,51053.88021,40920.47245,403.8174857,priority_score index points (not a crime count)
20,1169,23380,10140.03261,51058.69476,40918.66215,403.5358042,priority_score index points (not a crime count)
20,1170,23400,10146.59788,51063.50127,40916.90339,403.2573663,priority_score index points (not a crime count)
20,1171,23420,10152.44753,51068.30049,40915.85296,403.0146704,priority_score index points (not a crime count)
20,1172,23440,10164.44861,51073.091,40908.64238,402.4678951,priority_score index points (not a crime count)
20,1173,23460,10182.41882,51077.8737,40895.45488,401.6280966,priority_score index points (not a crime count)
20,1174,23480,10205.62919,51082.64462,40877.01543,400.5340061,priority_score index points (not a crime count)
20,1175,23500,10207.03037,51087.40766,40880.37729,400.511959,priority_score index points (not a crime count)
20,1176,23520,10208.18946,51092.16479,40883.97533,400.5017295,priority_score index points (not a crime count)
20,1177,23540,10215.03533,51096.91731,40881.88199,400.2128302,priority_score index points (not a crime count)
20,1178,23560,10226.68902,51101.66352,40874.97451,399.6892293,priority_score index points (not a crime count)
20,1179,23580,10229.35584,51106.40105,40877.04521,399.6052719,priority_score index points (not a crime count)
20,1180,23600,10238.69691,51111.13152,40872.43461,399.1956689,priority_score index points (not a crime count)
20,1181,23620,10239.01902,51115.85389,40876.83488,399.2260861,priority_score index points (not a crime count)
20,1182,23640,10263.08208,51120.57,40857.48792,398.1015409,priority_score index points (not a crime count)
20,1183,23660,10291.80591,51125.28065,40833.47473,396.7571394,priority_score index points (not a crime count)
20,1184,23680,10304.2553,51129.98465,40825.72936,396.2026191,priority_score index points (not a crime count)
20,1185,23700,10314.61462,51134.6824,40820.06778,395.74981,priority_score index points (not a crime count)
20,1186,23720,10316.60118,51139.37518,40822.774,395.6998366,priority_score index points (not a crime count)
20,1187,23740,10317.78333,51144.06118,40826.27785,395.6884588,priority_score index points (not a crime count)
20,1188,23760,10339.3551,51148.74004,40809.38494,394.6995199,priority_score index points (not a crime count)
20,1189,23780,10354.05947,51153.41041,40799.35094,394.0420767,priority_score index points (not a crime count)
20,1190,23800,10365.7193,51158.07364,40792.35434,393.5313427,priority_score index points (not a crime count)
20,1191,23820,10385.7055,51162.7312,40777.0257,392.6264395,priority_score index points (not a crime count)
20,1192,23840,10388.73465,51167.38079,40778.64614,392.5275552,priority_score index points (not a crime count)
20,1193,23860,10400.29665,51172.02251,40771.72586,392.0246435,priority_score index points (not a crime count)
20,1194,23880,10412.20872,51176.65703,40764.44832,391.5062541,priority_score index points (not a crime count)
20,1195,23900,10427.56522,51181.28511,40753.71989,390.8268039,priority_score index points (not a crime count)
20,1196,23920,10432.75098,51185.90611,40753.15513,390.6271242,priority_score index points (not a crime count)
20,1197,23940,10434.14066,51190.51833,40756.37767,390.6059829,priority_score index points (not a crime count)
20,1198,23960,10445.49154,51195.12392,40749.63238,390.116944,priority_score index points (not a crime count)
20,1199,23980,10473.09357,51199.72196,40726.62839,388.8691351,priority_score index points (not a crime count)
20,1200,24000,10524.48151,51204.31335,40679.83184,386.5257572,priority_score index points (not a crime count)
20,1201,24020,10559.54394,51208.89765,40649.35371,384.9536867,priority_score index points (not a crime count)
20,1202,24040,10571.92645,51213.47157,40641.54512,384.4289429,priority_score index points (not a crime count)
20,1203,24060,10586.21175,51218.03716,40631.82542,383.8183704,priority_score index points (not a crime count)
20,1204,24080,10590.24922,51222.59384,40632.34461,383.6769443,priority_score index points (not a crime count)
20,1205,24100,10640.2609,51227.14212,40586.88121,381.4462971,priority_score index points (not a crime count)
20,1206,24120,10668.34611,51231.68138,40563.33526,380.221403,priority_score index points (not a crime count)
20,1207,24140,10676.1385,51236.21151,40560.07301,379.9133273,priority_score index points (not a crime count)
20,1208,24160,10683.44249,51240.73364,40557.29115,379.6275516,priority_score index points (not a crime count)
20,1209,24180,10695.316,51245.24869,40549.93269,379.1373036,priority_score index points (not a crime count)
20,1210,24200,10722.71742,51249.75586,40527.03844,377.9549237,priority_score index points (not a crime count)
20,1211,24220,10732.43177,51254.25771,40521.82594,377.5642539,priority_score index points (not a crime count)
20,1212,24240,10733.5824,51258.7538,40525.17139,377.5549473,priority_score index points (not a crime count)
20,1213,24260,10738.24018,51263.2439,40525.00371,377.389619,priority_score index points (not a crime count)
20,1214,24280,10763.36625,51267.72556,40504.3593,376.3168358,priority_score index points (not a crime count)
20,1215,24300,10793.96969,51272.20169,40478.232,375.0078346,priority_score index points (not a crime count)
20,1216,24320,10802.4583,51276.67027,40474.21197,374.6759379,priority_score index points (not a crime count)
20,1217,24340,10816.0236,51281.13228,40465.10868,374.12186,priority_score index points (not a crime count)
20,1218,24360,10819.20736,51285.58829,40466.38093,374.0235266,priority_score index points (not a crime count)
20,1219,24380,10824.70408,51290.03219,40465.32811,373.8238739,priority_score index points (not a crime count)
20,1220,24400,10828.43757,51294.46873,40466.03116,373.7014772,priority_score index points (not a crime count)
20,1221,24420,10828.80811,51298.89957,40470.09146,373.7261853,priority_score index points (not a crime count)
20,1222,24440,10843.58411,51303.32205,40459.73794,373.1214472,priority_score index points (not a crime count)
20,1223,24460,10861.69201,51307.73388,40446.04186,372.3733081,priority_score index points (not a crime count)
20,1224,24480,10863.5513,51312.13613,40448.58483,372.3329849,priority_score index points (not a crime count)
20,1225,24500,10866.32116,51316.52914,40450.20799,372.2530138,priority_score index points (not a crime count)
20,1226,24520,10871.41737,51320.91362,40449.49625,372.0719652,priority_score index points (not a crime count)
20,1227,24540,10872.70243,51325.29159,40452.58917,372.0564363,priority_score index points (not a crime count)
20,1228,24560,10874.76577,51329.66166,40454.89589,372.007055,priority_score index points (not a crime count)
20,1229,24580,10877.88183,51334.02256,40456.14073,371.9119345,priority_score index points (not a crime count)
20,1230,24600,10880.88705,51338.37295,40457.4859,371.8215777,priority_score index points (not a crime count)
20,1231,24620,10887.73701,51342.71063,40454.97362,371.5645739,priority_score index points (not a crime count)
20,1232,24640,10900.21178,51347.04138,40446.8296,371.0646217,priority_score index points (not a crime count)
20,1233,24660,10932.83095,51351.36382,40418.53286,369.6986904,priority_score index points (not a crime count)
20,1234,24680,10941.25818,51355.67979,40414.42161,369.3763638,priority_score index points (not a crime count)
20,1235,24700,10944.46996,51359.98973,40415.51977,369.278,priority_score index points (not a crime count)
20,1236,24720,10945.07089,51364.29218,40419.22129,369.2915439,priority_score index points (not a crime count)
20,1237,24740,10948.63704,51368.58799,40419.95095,369.1779241,priority_score index points (not a crime count)
20,1238,24760,10953.33333,51372.87884,40419.54551,369.015936,priority_score index points (not a crime count)
20,1239,24780,10955.64299,51377.16491,40421.52192,368.9561806,priority_score index points (not a crime count)
20,1240,24800,11040.4997,51381.4454,40340.9457,365.3905782,priority_score index points (not a crime count)
20,1241,24820,11054.56671,51385.72104,40331.15433,364.8370432,priority_score index points (not a crime count)
20,1242,24840,11057.62648,51389.99126,40332.36478,364.7470355,priority_score index points (not a crime count)
20,1243,24860,11072.15947,51394.25622,40322.09674,364.1755417,priority_score index points (not a crime count)
20,1244,24880,11075.8222,51398.51575,40322.69355,364.0604987,priority_score index points (not a crime count)
20,1245,24900,11101.41412,51402.76928,40301.35516,363.0290223,priority_score index points (not a crime count)
20,1246,24920,11102.34641,51407.01667,40304.67025,363.0283973,priority_score index points (not a crime count)
20,1247,24940,11110.93048,51411.25796,40300.32747,362.7088436,priority_score index points (not a crime count)
20,1248,24960,11112.19606,51415.49123,40303.29517,362.6942411,priority_score index points (not a crime count)
20,1249,24980,11113.76976,51419.71976,40305.95001,362.6667718,priority_score index points (not a crime count)
20,1250,25000,11131.91641,51423.94292,40292.02652,361.9504948,priority_score index points (not a crime count)
20,1251,25020,11141.20748,51428.16177,40286.95429,361.6031239,priority_score index points (not a crime count)
20,1252,25040,11151.6118,51432.37548,40280.76368,361.2102394,priority_score index points (not a crime count)
20,1253,25060,11155.81565,51436.58299,40280.76735,361.0741574,priority_score index points (not a crime count)
20,1254,25080,11175.20992,51440.78573,40265.57581,360.3115833,priority_score index points (not a crime count)
20,1255,25100,11191.66483,51444.98261,40253.31778,359.6722954,priority_score index points (not a crime count)
20,1256,25120,11192.97444,51449.17343,40256.19899,359.6559539,priority_score index points (not a crime count)
20,1257,25140,11200.67085,51453.35824,40252.68739,359.3774688,priority_score index points (not a crime count)
20,1258,25160,11227.21241,51457.5368,40230.32439,358.3287011,priority_score index points (not a crime count)
20,1259,25180,11230.29899,51461.70964,40231.41064,358.239889,priority_score index points (not a crime count)
20,1260,25200,11257.76614,51465.87735,40208.11121,357.1588778,priority_score index points (not a crime count)
20,1261,25220,11262.89662,51470.04012,40207.14349,356.9875924,priority_score index points (not a crime count)
20,1262,25240,11302.11792,51474.19664,40172.07872,355.4385029,priority_score index points (not a crime count)
20,1263,25260,11310.09097,51478.34865,40168.25768,355.1541521,priority_score index points (not a crime count)
20,1264,25280,11317.04802,51482.49703,40165.44901,354.9110064,priority_score index points (not a crime count)
20,1265,25300,11320.83394,51486.64063,40165.80669,354.7954763,priority_score index points (not a crime count)
20,1266,25320,11351.18012,51490.77919,40139.59907,353.6160879,priority_score index points (not a crime count)
20,1267,25340,11362.97209,51494.91335,40131.94126,353.1817285,priority_score index points (not a crime count)
20,1268,25360,11384.87119,51499.04281,40114.17162,352.3462932,priority_score index points (not a crime count)
20,1269,25380,11409.09136,51503.16782,40094.07646,351.4221701,priority_score index points (not a crime count)
20,1270,25400,11427.84366,51507.28819,40079.44453,350.7174733,priority_score index points (not a crime count)
20,1271,25420,11430.19394,51511.40515,40081.21122,350.660815,priority_score index points (not a crime count)
20,1272,25440,11446.34363,51515.51708,40069.17345,350.0608994,priority_score index points (not a crime count)
20,1273,25460,11482.99666,51519.62547,40036.62882,348.6601104,priority_score index points (not a crime count)
20,1274,25480,11500.04967,51523.73029,40023.68062,348.0305022,priority_score index points (not a crime count)
20,1275,25500,11567.69795,51527.83197,39960.13402,345.4458629,priority_score index points (not a crime count)
20,1276,25520,11614.25219,51531.9294,39917.67721,343.6956298,priority_score index points (not a crime count)
20,1277,25540,11640.48771,51536.02381,39895.5361,342.7307952,priority_score index points (not a crime count)
20,1278,25560,11645.88,51540.11429,39894.23429,342.5609253,priority_score index points (not a crime count)
20,1279,25580,11700.10723,51544.20144,39844.09421,340.5446926,priority_score index points (not a crime count)
20,1280,25600,11725.94907,51548.28601,39822.33693,339.6086465,priority_score index points (not a crime count)
20,1281,25620,11729.57206,51552.36847,39822.79641,339.5076667,priority_score index points (not a crime count)
20,1282,25640,11733.43991,51556.45029,39823.01038,339.3975739,priority_score index points (not a crime count)
20,1283,25660,11738.67452,51560.53144,39821.85692,339.2364006,priority_score index points (not a crime count)
20,1284,25680,11752.89977,51564.61148,39811.71171,338.7394812,priority_score index points (not a crime count)
20,1285,25700,11770.61504,51568.69006,39798.07502,338.1138103,priority_score index points (not a crime count)
20,1286,25720,11777.88747,51572.7675,39794.88003,337.8779101,priority_score index points (not a crime count)
20,1287,25740,11799.38971,51576.84376,39777.45404,337.1145035,priority_score index points (not a crime count)
20,1288,25760,11805.22147,51580.91878,39775.69732,336.9330887,priority_score index points (not a crime count)
20,1289,25780,11815.38576,51584.9925,39769.60674,336.5916911,priority_score index points (not a crime count)
20,1290,25800,11817.31849,51589.06508,39771.74659,336.5547492,priority_score index points (not a crime count)
20,1291,25820,11846.50441,51593.1369,39746.63249,335.5135921,priority_score index points (not a crime count)
20,1292,25840,11849.86737,51597.20763,39747.34026,335.4243471,priority_score index points (not a crime count)
20,1293,25860,11858.36162,51601.27704,39742.91542,335.1467654,priority_score index points (not a crime count)
20,1294,25880,11869.72298,51605.34571,39735.62273,334.7645331,priority_score index points (not a crime count)
20,1295,25900,11879.86963,51609.41337,39729.54374,334.4274388,priority_score index points (not a crime count)
20,1296,25920,11891.25164,51613.48008,39722.22844,334.045815,priority_score index points (not a crime count)
20,1297,25940,11896.12201,51617.54534,39721.42333,333.9022859,priority_score index points (not a crime count)
20,1298,25960,11900.59553,51621.60829,39721.01276,333.7733197,priority_score index points (not a crime count)
20,1299,25980,11916.94008,51625.66879,39708.72871,333.2124561,priority_score index points (not a crime count)
20,1300,26000,11924.17201,51629.72528,39705.55327,332.9837346,priority_score index points (not a crime count)
20,1301,26020,11944.58905,51633.77877,39689.18972,332.2775657,priority_score index points (not a crime count)
20,1302,26040,11959.57463,51637.82866,39678.25404,331.7697767,priority_score index points (not a crime count)
20,1303,26060,11963.79156,51641.87448,39678.08293,331.6514062,priority_score index points (not a crime count)
20,1304,26080,11969.89434,51645.9168,39676.02246,331.4651018,priority_score index points (not a crime count)
20,1305,26100,11975.51209,51649.95659,39674.4445,331.2964339,priority_score index points (not a crime count)
20,1306,26120,11978.9688,51653.99356,39675.02476,331.2056773,priority_score index points (not a crime count)
20,1307,26140,11987.58164,51658.02768,39670.44604,330.929517,priority_score index points (not a crime count)
20,1308,26160,12027.3057,51662.05863,39634.75292,329.5397482,priority_score index points (not a crime count)
20,1309,26180,12041.66162,51666.0868,39624.42518,329.0611083,priority_score index points (not a crime count)
20,1310,26200,12045.61524,51670.11183,39624.49659,328.9536964,priority_score index points (not a crime count)
20,1311,26220,12047.86275,51674.13369,39626.27094,328.9070581,priority_score index points (not a crime count)
20,1312,26240,12049.40693,51678.15284,39628.7459,328.8854475,priority_score index points (not a crime count)
20,1313,26260,12058.99972,51682.16942,39623.16969,328.577582,priority_score index points (not a crime count)
20,1314,26280,12065.36449,51686.18186,39620.81736,328.3847528,priority_score index points (not a crime count)
20,1315,26300,12089.4434,51690.19108,39600.74768,327.5646891,priority_score index points (not a crime count)
20,1316,26320,12101.22827,51694.19784,39592.96957,327.1814123,priority_score index points (not a crime count)
20,1317,26340,12107.70294,51698.20158,39590.49863,326.986042,priority_score index points (not a crime count)
20,1318,26360,12110.17194,51702.20258,39592.03064,326.9320274,priority_score index points (not a crime count)
20,1319,26380,12114.92275,51706.20055,39591.2778,326.7976083,priority_score index points (not a crime count)
20,1320,26400,12125.21027,51710.19566,39584.98539,326.4684447,priority_score index points (not a crime count)
20,1321,26420,12146.10445,51714.18803,39568.08358,325.7676874,priority_score index points (not a crime count)
20,1322,26440,12193.05993,51718.17731,39525.11737,324.1607734,priority_score index points (not a crime count)
20,1323,26460,12222.68833,51722.16407,39499.47574,323.1652045,priority_score index points (not a crime count)
20,1324,26480,12237.97157,51726.14808,39488.1765,322.6692943,priority_score index points (not a crime count)
20,1325,26500,12240.1624,51730.12946,39489.96706,322.6261692,priority_score index points (not a crime count)
20,1326,26520,12254.0773,51734.1084,39480.0311,322.178734,priority_score index points (not a crime count)
20,1327,26540,12255.37402,51738.08465,39482.71062,322.1665087,priority_score index points (not a crime count)
20,1328,26560,12261.26086,51742.05807,39480.79721,321.9962257,priority_score index points (not a crime count)
20,1329,26580,12261.4872,51746.02796,39484.54076,322.020813,priority_score index points (not a crime count)
20,1330,26600,12274.30656,51749.99503,39475.68847,321.612372,priority_score index points (not a crime count)
20,1331,26620,12289.95858,51753.95972,39464.00114,321.1076822,priority_score index points (not a crime count)
20,1332,26640,12293.17933,51757.92243,39464.74311,321.0295894,priority_score index points (not a crime count)
20,1333,26660,12298.77558,51761.88226,39463.10667,320.870207,priority_score index points (not a crime count)
20,1334,26680,12331.66642,51765.83905,39434.17264,319.7797549,priority_score index points (not a crime count)
20,1335,26700,12347.1647,51769.79282,39422.62812,319.2848647,priority_score index points (not a crime count)
20,1336,26720,12401.83501,51773.74363,39371.90862,317.4684116,priority_score index points (not a crime count)
20,1337,26740,12409.06989,51777.69183,39368.62194,317.2568314,priority_score index points (not a crime count)
20,1338,26760,12427.43376,51781.63643,39354.20266,316.6719969,priority_score index points (not a crime count)
20,1339,26780,12428.77873,51785.57828,39356.79955,316.6586228,priority_score index points (not a crime count)
20,1340,26800,12431.58184,51789.51685,39357.93501,316.5963553,priority_score index points (not a crime count)
20,1341,26820,12443.67397,51793.45279,39349.77882,316.2231582,priority_score index points (not a crime count)
20,1342,26840,12447.26571,51797.38615,39350.12043,316.1346543,priority_score index points (not a crime count)
20,1343,26860,12498.29169,51801.31648,39303.02479,314.467175,priority_score index points (not a crime count)
20,1344,26880,12504.18608,51805.24366,39301.05758,314.3032047,priority_score index points (not a crime count)
20,1345,26900,12523.25986,51809.16826,39285.9084,313.7035311,priority_score index points (not a crime count)
20,1346,26920,12586.00425,51813.09008,39227.08582,311.6722752,priority_score index points (not a crime count)
20,1347,26940,12607.00902,51817.00825,39209.99923,311.0174599,priority_score index points (not a crime count)
20,1348,26960,12612.0738,51820.92404,39208.85025,310.8834509,priority_score index points (not a crime count)
20,1349,26980,12619.93753,51824.83654,39204.89901,310.6584239,priority_score index points (not a crime count)
20,1350,27000,12628.00246,51828.74609,39200.74363,310.4271143,priority_score index points (not a crime count)
20,1351,27020,12631.18185,51832.65264,39201.47079,310.3547337,priority_score index points (not a crime count)
20,1352,27040,12636.56114,51836.55576,39199.99462,310.2109363,priority_score index points (not a crime count)
20,1353,27060,12670.24016,51840.45565,39170.21549,309.1513262,priority_score index points (not a crime count)
20,1354,27080,12691.00896,51844.35281,39153.34385,308.5124593,priority_score index points (not a crime count)
20,1355,27100,12699.38834,51848.24672,39148.85837,308.2735744,priority_score index points (not a crime count)
20,1356,27120,12711.37493,51852.1355,39140.76056,307.9191729,priority_score index points (not a crime count)
20,1357,27140,12720.83389,51856.02011,39135.18623,307.6463899,priority_score index points (not a crime count)
20,1358,27160,12741.93623,51859.90091,39117.96468,307.0017302,priority_score index points (not a crime count)
20,1359,27180,12776.15829,51863.7781,39087.61981,305.9418875,priority_score index points (not a crime count)
20,1360,27200,12787.47309,51867.65071,39080.17762,305.6129805,priority_score index points (not a crime count)
20,1361,27220,12797.10859,51871.51919,39074.4106,305.3378059,priority_score index points (not a crime count)
20,1362,27240,12811.47947,51875.38294,39063.90347,304.9132895,priority_score index points (not a crime count)
20,1363,27260,12814.50648,51879.24222,39064.73574,304.8477584,priority_score index points (not a crime count)
20,1364,27280,12845.3421,51883.09723,39037.75513,303.9059203,priority_score index points (not a crime count)
20,1365,27300,12859.5084,51886.94876,39027.44036,303.4909202,priority_score index points (not a crime count)
20,1366,27320,12870.09521,51890.79539,39020.70019,303.1889008,priority_score index points (not a crime count)
20,1367,27340,12945.38318,51894.63598,38949.2528,300.8736957,priority_score index points (not a crime count)
20,1368,27360,12991.39794,51898.4709,38907.07295,299.4833437,priority_score index points (not a crime count)
20,1369,27380,13011.47385,51902.29974,38890.82589,298.8963921,priority_score index points (not a crime count)
20,1370,27400,13026.62934,51906.12218,38879.49284,298.4616498,priority_score index points (not a crime count)
20,1371,27420,13037.25257,51909.93833,38872.68577,298.1662399,priority_score index points (not a crime count)
20,1372,27440,13039.25689,51913.7471,38874.49021,298.134246,priority_score index points (not a crime count)
20,1373,27460,13040.79522,51917.54822,38876.753,298.1164289,priority_score index points (not a crime count)
20,1374,27480,13054.03144,51921.34106,38867.30962,297.741811,priority_score index points (not a crime count)
20,1375,27500,13056.9642,51925.1267,38868.1625,297.6814665,priority_score index points (not a crime count)
20,1376,27520,13064.65692,51928.90588,38864.24896,297.4762307,priority_score index points (not a crime count)
20,1377,27540,13079.53042,51932.6801,38853.14968,297.0530931,priority_score index points (not a crime count)
20,1378,27560,13127.27528,51936.44811,38809.17283,295.6376857,priority_score index points (not a crime count)
20,1379,27580,13190.16059,51940.20737,38750.04679,293.779947,priority_score index points (not a crime count)
20,1380,27600,13225.37797,51943.96039,38718.58242,292.7597419,priority_score index points (not a crime count)
20,1381,27620,13230.9299,51947.70683,38716.77694,292.623249,priority_score index points (not a crime count)
20,1382,27640,13290.74568,51951.4436,38660.69792,290.8843404,priority_score index points (not a crime count)
20,1383,27660,13292.75053,51955.17207,38662.42155,290.8534352,priority_score index points (not a crime count)
20,1384,27680,13306.2699,51958.89432,38652.62442,290.4842958,priority_score index points (not a crime count)
20,1385,27700,13331.41453,51962.61347,38631.19893,289.7756936,priority_score index points (not a crime count)
20,1386,27720,13338.79984,51966.32746,38627.52762,289.5877296,priority_score index points (not a crime count)
20,1387,27740,13347.75483,51970.03508,38622.28025,289.3541329,priority_score index points (not a crime count)
20,1388,27760,13373.20224,51973.73554,38600.53329,288.6409148,priority_score index points (not a crime count)
20,1389,27780,13383.44024,51977.4294,38593.98916,288.3712146,priority_score index points (not a crime count)
20,1390,27800,13391.99011,51981.11753,38589.12742,288.1508058,priority_score index points (not a crime count)
20,1391,27820,13399.44033,51984.80127,38585.36094,287.9624819,priority_score index points (not a crime count)
20,1392,27840,13420.70293,51988.4799,38567.77697,287.3752379,priority_score index points (not a crime count)
20,1393,27860,13424.4716,51992.15393,38567.68233,287.2938576,priority_score index points (not a crime count)
20,1394,27880,13436.19818,51995.82255,38559.62437,286.9831471,priority_score index points (not a crime count)
20,1395,27900,13455.06918,51999.4867,38544.41752,286.467628,priority_score index points (not a crime count)
20,1396,27920,13460.09247,52003.14663,38543.05416,286.3505896,priority_score index points (not a crime count)
20,1397,27940,13547.97234,52006.80077,38458.82843,283.8714715,priority_score index points (not a crime count)
20,1398,27960,13564.96351,52010.44779,38445.48428,283.4175281,priority_score index points (not a crime count)
20,1399,27980,13596.25933,52014.08853,38417.8292,282.5617567,priority_score index points (not a crime count)
20,1400,28000,13603.84712,52017.72408,38413.87696,282.3751004,priority_score index points (not a crime count)
20,1401,28020,13639.58645,52021.35375,38381.76731,281.3997877,priority_score index points (not a crime count)
20,1402,28040,13641.29881,52024.97549,38383.67668,281.3784612,priority_score index points (not a crime count)
20,1403,28060,13643.57792,52028.59177,38385.01385,281.3412587,priority_score index points (not a crime count)
20,1404,28080,13663.83331,52032.20216,38368.36885,280.802378,priority_score index points (not a crime count)
20,1405,28100,13673.48676,52035.80753,38362.32078,280.5599,priority_score index points (not a crime count)
20,1406,28120,13675.9466,52039.40819,38363.46159,280.5177785,priority_score index points (not a crime count)
20,1407,28140,13695.06697,52043.00418,38347.93722,280.0127762,priority_score index points (not a crime count)
20,1408,28160,13716.60831,52046.59406,38329.98574,279.4421541,priority_score index points (not a crime count)
20,1409,28180,13722.33787,52050.17844,38327.84057,279.3098446,priority_score index points (not a crime count)
20,1410,28200,13732.10856,52053.75823,38321.64967,279.0660261,priority_score index points (not a crime count)
20,1411,28220,13742.52049,52057.33427,38314.81377,278.8048509,priority_score index points (not a crime count)
20,1412,28240,13763.80928,52060.9047,38297.09543,278.2448859,priority_score index points (not a crime count)
20,1413,28260,13768.58238,52064.46968,38295.8873,278.1396533,priority_score index points (not a crime count)
20,1414,28280,13787.10055,52068.03078,38280.93023,277.6575836,priority_score index points (not a crime count)
20,1415,28300,13814.27081,52071.58654,38257.31572,276.9405366,priority_score index points (not a crime count)
20,1416,28320,13836.47656,52075.13378,38238.65722,276.3612329,priority_score index points (not a crime count)
20,1417,28340,13880.52872,52078.67636,38198.14764,275.1923102,priority_score index points (not a crime count)
20,1418,28360,13906.98162,52082.21332,38175.23171,274.5040783,priority_score index points (not a crime count)
20,1419,28380,13908.63829,52085.74602,38177.10773,274.48487,priority_score index points (not a crime count)
20,1420,28400,13928.42364,52089.2733,38160.84966,273.978238,priority_score index points (not a crime count)
20,1421,28420,13945.53208,52092.79473,38147.26265,273.5446911,priority_score index points (not a crime count)
20,1422,28440,13970.53993,52096.31085,38125.77092,272.9011987,priority_score index points (not a crime count)
20,1423,28460,13977.30429,52099.82277,38122.51848,272.7458577,priority_score index points (not a crime count)
20,1424,28480,13981.71502,52103.32899,38121.61397,272.6533469,priority_score index points (not a crime count)
20,1425,28500,13983.0705,52106.82885,38123.75835,272.6422523,priority_score index points (not a crime count)
20,1426,28520,13984.7421,52110.32518,38125.58308,272.6227113,priority_score index points (not a crime count)
20,1427,28540,13999.39804,52113.81687,38114.41883,272.2575551,priority_score index points (not a crime count)
20,1428,28560,13999.98959,52117.30369,38117.3141,272.2667317,priority_score index points (not a crime count)
20,1429,28580,14009.71349,52120.78356,38111.07007,272.0331867,priority_score index points (not a crime count)
20,1430,28600,14014.04409,52124.25646,38110.21237,271.9430032,priority_score index points (not a crime count)
20,1431,28620,14025.29804,52127.72304,38102.425,271.6692713,priority_score index points (not a crime count)
20,1432,28640,14036.04995,52131.18602,38095.13607,271.409237,priority_score index points (not a crime count)
20,1433,28660,14060.20158,52134.64179,38074.44022,270.7958347,priority_score index points (not a crime count)
20,1434,28680,14067.16282,52138.09246,38070.92963,270.6368733,priority_score index points (not a crime count)
20,1435,28700,14076.74337,52141.53666,38064.79329,270.4090875,priority_score index points (not a crime count)
20,1436,28720,14082.65655,52144.97253,38062.31599,270.277954,priority_score index points (not a crime count)
20,1437,28740,14088.61648,52148.40225,38059.78577,270.1456585,priority_score index points (not a crime count)
20,1438,28760,14109.12062,52151.82671,38042.70609,269.632014,priority_score index points (not a crime count)
20,1439,28780,14111.64009,52155.24429,38043.6042,269.5902386,priority_score index points (not a crime count)
20,1440,28800,14137.37382,52158.65628,38021.28246,268.9416221,priority_score index points (not a crime count)
20,1441,28820,14143.95971,52162.06265,38018.10294,268.7939143,priority_score index points (not a crime count)
20,1442,28840,14165.74852,52165.46178,37999.71326,268.2506554,priority_score index points (not a crime count)
20,1443,28860,14207.05503,52168.85336,37961.79833,267.2038523,priority_score index points (not a crime count)
20,1444,28880,14270.12197,52172.23832,37902.11635,265.604712,priority_score index points (not a crime count)
20,1445,28900,14324.60771,52175.61823,37851.01053,264.2376762,priority_score index points (not a crime count)
20,1446,28920,14350.7637,52178.99099,37828.22729,263.5973114,priority_score index points (not a crime count)
20,1447,28940,14352.48875,52182.35816,37829.8694,263.5770705,priority_score index points (not a crime count)
20,1448,28960,14354.85952,52185.71827,37830.85875,263.5404317,priority_score index points (not a crime count)
20,1449,28980,14401.96217,52189.07149,37787.10932,262.3747297,priority_score index points (not a crime count)
20,1450,29000,14432.85726,52192.41702,37759.55976,261.6222075,priority_score index points (not a crime count)
20,1451,29020,14436.44241,52195.75641,37759.314,261.5555337,priority_score index points (not a crime count)
20,1452,29040,14475.31098,52199.08894,37723.77796,260.6077203,priority_score index points (not a crime count)
20,1453,29060,14491.02623,52202.41494,37711.38871,260.2396001,priority_score index points (not a crime count)
20,1454,29080,14500.87952,52205.73277,37704.85325,260.017699,priority_score index points (not a crime count)
20,1455,29100,14503.78066,52209.04274,37705.26208,259.9685073,priority_score index points (not a crime count)
20,1456,29120,14537.61978,52212.34504,37674.72526,259.1533265,priority_score index points (not a crime count)
20,1457,29140,14553.01377,52215.64112,37662.62735,258.7960676,priority_score index points (not a crime count)
20,1458,29160,14575.41586,52218.93043,37643.51457,258.2671734,priority_score index points (not a crime count)
20,1459,29180,14581.29328,52222.21385,37640.92057,258.1452813,priority_score index points (not a crime count)
20,1460,29200,14611.64699,52225.49157,37613.84458,257.4237156,priority_score index points (not a crime count)
20,1461,29220,14619.22152,52228.76369,37609.54217,257.260909,priority_score index points (not a crime count)
20,1462,29240,14628.63053,52232.0297,37603.39917,257.053448,priority_score index points (not a crime count)
20,1463,29260,14658.25604,52235.29181,37577.03578,256.3540689,priority_score index points (not a crime count)
20,1464,29280,14675.42258,52238.55049,37563.12791,255.9594294,priority_score index points (not a crime count)
20,1465,29300,14677.463,52241.80478,37564.34178,255.932117,priority_score index points (not a crime count)
20,1466,29320,14706.915,52245.05421,37538.13921,255.2414235,priority_score index points (not a crime count)
20,1467,29340,14718.31836,52248.29903,37529.98067,254.9882381,priority_score index points (not a crime count)
20,1468,29360,14720.4127,52251.54018,37531.12749,254.9597505,priority_score index points (not a crime count)
20,1469,29380,14739.02326,52254.77738,37515.75412,254.5335161,priority_score index points (not a crime count)
20,1470,29400,14742.55521,52258.01046,37515.45525,254.4705088,priority_score index points (not a crime count)
20,1471,29420,14773.08912,52261.23839,37488.14927,253.7597178,priority_score index points (not a crime count)
20,1472,29440,14782.47704,52264.46207,37481.98503,253.5568628,priority_score index points (not a crime count)
20,1473,29460,14805.78329,52267.67984,37461.89655,253.022051,priority_score index points (not a crime count)
20,1474,29480,14809.14855,52270.89224,37461.74369,252.9635216,priority_score index points (not a crime count)
20,1475,29500,14810.15675,52274.09879,37463.94204,252.9611447,priority_score index points (not a crime count)
20,1476,29520,14812.76538,52277.30059,37464.5352,252.9206008,priority_score index points (not a crime count)
20,1477,29540,14825.73051,52280.49836,37454.76785,252.6335402,priority_score index points (not a crime count)
20,1478,29560,14836.79131,52283.69142,37446.90011,252.3921739,priority_score index points (not a crime count)
20,1479,29580,14845.07371,52286.87957,37441.80586,252.2170424,priority_score index points (not a crime count)
20,1480,29600,14876.57478,52290.06367,37413.48888,251.4926281,priority_score index points (not a crime count)
20,1481,29620,14886.89116,52293.24386,37406.3527,251.2704117,priority_score index points (not a crime count)
20,1482,29640,14901.14026,52296.41891,37395.27865,250.9558195,priority_score index points (not a crime count)
20,1483,29660,14904.34084,52299.58723,37395.24639,250.9017124,priority_score index points (not a crime count)
20,1484,29680,14936.43876,52302.75255,37366.31379,250.1688279,priority_score index points (not a crime count)
20,1485,29700,14942.089,52305.91433,37363.82534,250.0575746,priority_score index points (not a crime count)
20,1486,29720,14943.55129,52309.07167,37365.52038,250.0444482,priority_score index points (not a crime count)
20,1487,29740,14953.0266,52312.227,37359.2004,249.8437367,priority_score index points (not a crime count)
20,1488,29760,14955.51133,52315.37876,37359.86743,249.8066873,priority_score index points (not a crime count)
20,1489,29780,14959.53228,52318.52661,37358.99433,249.7337057,priority_score index points (not a crime count)
20,1490,29800,14983.61568,52321.6702,37338.05452,249.1925534,priority_score index points (not a crime count)
20,1491,29820,14993.82648,52324.80971,37330.98323,248.975692,priority_score index points (not a crime count)
20,1492,29840,15001.1605,52327.94505,37326.78456,248.8259796,priority_score index points (not a crime count)
20,1493,29860,15036.70215,52331.07489,37294.37275,248.0222883,priority_score index points (not a crime count)
20,1494,29880,15042.69138,52334.19846,37291.50708,247.9044883,priority_score index points (not a crime count)
20,1495,29900,15073.43065,52337.31715,37263.88651,247.2156961,priority_score index points (not a crime count)
20,1496,29920,15095.05446,52340.42887,37245.37441,246.7389204,priority_score index points (not a crime count)
20,1497,29940,15114.75449,52343.53575,37228.78127,246.3075487,priority_score index points (not a crime count)
20,1498,29960,15119.45842,52346.63715,37227.17873,246.220319,priority_score index points (not a crime count)
20,1499,29980,15141.51483,52349.7339,37208.21907,245.7364371,priority_score index points (not a crime count)
20,1500,30000,15143.58185,52352.82699,37209.24514,245.709671,priority_score index points (not a crime count)
20,1501,30020,15145.77374,52355.91527,37210.14153,245.6800304,priority_score index points (not a crime count)
20,1502,30040,15162.39967,52358.99901,37196.59934,245.3213221,priority_score index points (not a crime count)
20,1503,30060,15168.83493,52362.07791,37193.24298,245.1951198,priority_score index points (not a crime count)
20,1504,30080,15189.2255,52365.15114,37175.92564,244.7519503,priority_score index points (not a crime count)
20,1505,30100,15191.21201,52368.22097,37177.00896,244.727076,priority_score index points (not a crime count)
20,1506,30120,15202.25727,52371.28577,37169.02849,244.4967732,priority_score index points (not a crime count)
20,1507,30140,15214.04036,52374.34661,37160.30625,244.2500833,priority_score index points (not a crime count)
20,1508,30160,15228.26723,52377.4027,37149.13547,243.9485394,priority_score index points (not a crime count)
20,1509,30180,15231.92533,52380.455,37148.52967,243.8859755,priority_score index points (not a crime count)
20,1510,30200,15238.7917,52383.50181,37144.71011,243.7510193,priority_score index points (not a crime count)
20,1511,30220,15256.12636,52386.54463,37130.41827,243.3803797,priority_score index points (not a crime count)
20,1512,30240,15291.84413,52389.5828,37097.73867,242.5982004,priority_score index points (not a crime count)
20,1513,30260,15324.08342,52392.61679,37068.53337,241.8972304,priority_score index points (not a crime count)
20,1514,30280,15337.31086,52395.64487,37058.33401,241.6221093,priority_score index points (not a crime count)
20,1515,30300,15348.01258,52398.66861,37050.65603,241.4036074,priority_score index points (not a crime count)
20,1516,30320,15352.52557,52401.6862,37049.16063,241.3229046,priority_score index points (not a crime count)
20,1517,30340,15368.88552,52404.69808,37035.81256,240.9791686,priority_score index points (not a crime count)
20,1518,30360,15383.17246,52407.70505,37024.5326,240.6820355,priority_score index points (not a crime count)
20,1519,30380,15396.99003,52410.70775,37013.71772,240.3958024,priority_score index points (not a crime count)
20,1520,30400,15399.58257,52413.70635,37014.12378,240.3579682,priority_score index points (not a crime count)
20,1521,30420,15405.94004,52416.70089,37010.76085,240.2369524,priority_score index points (not a crime count)
20,1522,30440,15410.01616,52419.69128,37009.67512,240.1663614,priority_score index points (not a crime count)
20,1523,30460,15413.17247,52422.67734,37009.50487,240.1160756,priority_score index points (not a crime count)
20,1524,30480,15426.29751,52425.65884,36999.36132,239.8460245,priority_score index points (not a crime count)
20,1525,30500,15435.83764,52428.6357,36992.79806,239.655268,priority_score index points (not a crime count)
20,1526,30520,15441.73855,52431.60865,36989.8701,239.5447247,priority_score index points (not a crime count)
20,1527,30540,15464.73173,52434.57571,36969.84398,239.0590707,priority_score index points (not a crime count)
20,1528,30560,15475.45684,52437.53815,36962.0813,238.843232,priority_score index points (not a crime count)
20,1529,30580,15555.10686,52440.49572,36885.38886,237.1271967,priority_score index points (not a crime count)
20,1530,30600,15557.70389,52443.44849,36885.7446,237.0899,priority_score index points (not a crime count)
20,1531,30620,15601.38504,52446.39415,36845.00911,236.164988,priority_score index points (not a crime count)
20,1532,30640,15609.18566,52449.33286,36840.14719,236.0158178,priority_score index points (not a crime count)
20,1533,30660,15615.89567,52452.26559,36836.36992,235.8902153,priority_score index points (not a crime count)
20,1534,30680,15635.93914,52455.19218,36819.25304,235.4783599,priority_score index points (not a crime count)
20,1535,30700,15637.65692,52458.11427,36820.45735,235.4601941,priority_score index points (not a crime count)
20,1536,30720,15649.09581,52461.02981,36811.934,235.2336163,priority_score index points (not a crime count)
20,1537,30740,15662.32504,52463.94139,36801.61635,234.9690499,priority_score index points (not a crime count)
20,1538,30760,15662.9388,52466.84812,36803.90932,234.974482,priority_score index points (not a crime count)
20,1539,30780,15683.81695,52469.74868,36785.93174,234.5470612,priority_score index points (not a crime count)
20,1540,30800,15711.6926,52472.64336,36760.95076,233.9719322,priority_score index points (not a crime count)
20,1541,30820,15757.67347,52475.53204,36717.85857,233.0157345,priority_score index points (not a crime count)
20,1542,30840,15776.44075,52478.41386,36701.97311,232.6378533,priority_score index points (not a crime count)
20,1543,30860,15777.53454,52481.29104,36703.7565,232.633029,priority_score index points (not a crime count)
20,1544,30880,15795.23964,52484.16498,36688.92535,232.2783712,priority_score index points (not a crime count)
20,1545,30900,15800.59432,52487.03518,36686.44087,232.1839301,priority_score index points (not a crime count)
20,1546,30920,15803.8133,52489.90045,36686.08715,232.1343999,priority_score index points (not a crime count)
20,1547,30940,15816.12215,52492.76191,36676.63976,231.8940093,priority_score index points (not a crime count)
20,1548,30960,15828.63912,52495.61931,36666.98019,231.6496063,priority_score index points (not a crime count)
20,1549,30980,15842.17982,52498.47319,36656.29338,231.3841517,priority_score index points (not a crime count)
20,1550,31000,15871.5646,52501.32442,36629.75982,230.788588,priority_score index points (not a crime count)
20,1551,31020,15893.00709,52504.17257,36611.16548,230.3602161,priority_score index points (not a crime count)
20,1552,31040,15904.89169,52507.01803,36602.12634,230.1312518,priority_score index points (not a crime count)
20,1553,31060,15919.66859,52509.85962,36590.19104,229.8426681,priority_score index points (not a crime count)
20,1554,31080,15937.1386,52512.69844,36575.55984,229.498913,priority_score index points (not a crime count)
20,1555,31100,15969.51112,52515.53402,36546.02291,228.848727,priority_score index points (not a crime count)
20,1556,31120,15977.5462,52518.367,36540.82081,228.7010806,priority_score index points (not a crime count)
20,1557,31140,15991.07132,52521.19696,36530.12564,228.4407649,priority_score index points (not a crime count)
20,1558,31160,15993.59357,52524.02318,36530.42962,228.4066396,priority_score index points (not a crime count)
20,1559,31180,15994.41535,52526.84536,36532.43001,228.407411,priority_score index points (not a crime count)
20,1560,31200,16029.21988,52529.66292,36500.44303,227.7119117,priority_score index points (not a crime count)
20,1561,31220,16053.22639,52532.47792,36479.25153,227.2393764,priority_score index points (not a crime count)
20,1562,31240,16064.96186,52535.29001,36470.32815,227.0178322,priority_score index points (not a crime count)
20,1563,31260,16107.98353,52538.09758,36430.11405,226.1618531,priority_score index points (not a crime count)
20,1564,31280,16115.24483,52540.90142,36425.65658,226.0322879,priority_score index points (not a crime count)
20,1565,31300,16143.77049,52543.70112,36399.93064,225.473539,priority_score index points (not a crime count)
20,1566,31320,16170.75448,52546.49709,36375.74261,224.9477145,priority_score index points (not a crime count)
20,1567,31340,16172.14627,52549.2892,36377.14293,224.9370141,priority_score index points (not a crime count)
20,1568,31360,16185.58383,52552.07811,36366.49429,224.6844765,priority_score index points (not a crime count)
20,1569,31380,16191.69432,52554.86429,36363.16997,224.5791531,priority_score index points (not a crime count)
20,1570,31400,16229.06172,52557.64699,36328.58527,223.8489562,priority_score index points (not a crime count)
20,1571,31420,16232.38506,52560.42725,36328.04219,223.7997809,priority_score index points (not a crime count)
20,1572,31440,16243.49321,52563.20479,36319.71158,223.5954491,priority_score index points (not a crime count)
20,1573,31460,16244.94098,52565.97889,36321.03792,223.5836866,priority_score index points (not a crime count)
20,1574,31480,16263.95449,52568.7503,36304.79581,223.2224384,priority_score index points (not a crime count)
20,1575,31500,16280.2941,52571.51838,36291.22428,222.9150411,priority_score index points (not a crime count)
20,1576,31520,16306.18976,52574.28355,36268.09378,222.4191813,priority_score index points (not a crime count)
20,1577,31540,16307.40711,52577.04492,36269.63781,222.412046,priority_score index points (not a crime count)
20,1578,31560,16315.21229,52579.80287,36264.59058,222.2747086,priority_score index points (not a crime count)
20,1579,31580,16325.39094,52582.55796,36257.16702,222.090651,priority_score index points (not a crime count)
20,1580,31600,16327.42254,52585.30908,36257.88654,222.0674234,priority_score index points (not a crime count)
20,1581,31620,16338.86471,52588.05638,36249.19167,221.8586929,priority_score index points (not a crime count)
20,1582,31640,16340.1569,52590.80071,36250.64381,221.850035,priority_score index points (not a crime count)
20,1583,31660,16394.99123,52593.5408,36198.54957,220.7902955,priority_score index points (not a crime count)
20,1584,31680,16397.69473,52596.27679,36198.58206,220.7540917,priority_score index points (not a crime count)
20,1585,31700,16401.3983,52599.00888,36197.61058,220.6983205,priority_score index points (not a crime count)
20,1586,31720,16438.78297,52601.73689,36162.95393,219.9855914,priority_score index points (not a crime count)
20,1587,31740,16440.06143,52604.46159,36164.40016,219.9772813,priority_score index points (not a crime count)
20,1588,31760,16463.40555,52607.18109,36143.77554,219.5400911,priority_score index points (not a crime count)
20,1589,31780,16464.0511,52609.89624,36145.84514,219.5440534,priority_score index points (not a crime count)
20,1590,31800,16487.66494,52612.60745,36124.94251,219.1028423,priority_score index points (not a crime count)
20,1591,31820,16491.98708,52615.31525,36123.32817,219.0356322,priority_score index points (not a crime count)
20,1592,31840,16514.41835,52618.01874,36103.60039,218.6186618,priority_score index points (not a crime count)
20,1593,31860,16526.05575,52620.71635,36094.6606,218.4106186,priority_score index points (not a crime count)
20,1594,31880,16527.85359,52623.40843,36095.55484,218.3922713,priority_score index points (not a crime count)
20,1595,31900,16532.86496,52626.09704,36093.23208,218.3120237,priority_score index points (not a crime count)
20,1596,31920,16536.45246,52628.78119,36092.32873,218.2591993,priority_score index points (not a crime count)
20,1597,31940,16557.23706,52631.46124,36074.22419,217.8758694,priority_score index points (not a crime count)
20,1598,31960,16566.43027,52634.13745,36067.70719,217.715625,priority_score index points (not a crime count)
20,1599,31980,16570.30122,52636.80985,36066.50863,217.6575317,priority_score index points (not a crime count)
20,1600,32000,16576.90264,52639.47807,36062.57542,217.5471268,priority_score index points (not a crime count)
20,1601,32020,16585.53228,52642.14275,36056.61047,217.3979699,priority_score index points (not a crime count)
20,1602,32040,16595.09189,52644.80333,36049.71144,217.2311649,priority_score index points (not a crime count)
20,1603,32060,16608.89274,52647.46033,36038.56759,216.983565,priority_score index points (not a crime count)
20,1604,32080,16629.29321,52650.11377,36020.82055,216.6106526,priority_score index points (not a crime count)
20,1605,32100,16638.66084,52652.7643,36014.10346,216.4483297,priority_score index points (not a crime count)
20,1606,32120,16640.75757,52655.41125,36014.65368,216.4243636,priority_score index points (not a crime count)
20,1607,32140,16653.0483,52658.05432,36005.00602,216.206699,priority_score index points (not a crime count)
20,1608,32160,16655.85542,52660.69345,36004.83802,216.1692516,priority_score index points (not a crime count)
20,1609,32180,16661.7092,52663.32909,36001.61989,216.0739902,priority_score index points (not a crime count)
20,1610,32200,16677.77618,52665.962,35988.18582,215.7852787,priority_score index points (not a crime count)
20,1611,32220,16694.82622,52668.59167,35973.76546,215.478526,priority_score index points (not a crime count)
20,1612,32240,16698.34129,52671.21683,35972.87553,215.4278374,priority_score index points (not a crime count)
20,1613,32260,16711.41255,52673.83799,35962.42544,215.1968024,priority_score index points (not a crime count)
20,1614,32280,16715.96327,52676.45359,35960.49032,215.1266411,priority_score index points (not a crime count)
20,1615,32300,16716.5066,52679.0638,35962.5572,215.1320133,priority_score index points (not a crime count)
20,1616,32320,16734.26932,52681.66856,35947.39924,214.8130794,priority_score index points (not a crime count)
20,1617,32340,16737.72692,52684.26893,35946.54201,214.7635827,priority_score index points (not a crime count)
20,1618,32360,16741.85494,52686.8647,35945.00976,214.7014766,priority_score index points (not a crime count)
20,1619,32380,16753.15352,52689.45587,35936.30235,214.504704,priority_score index points (not a crime count)
20,1620,32400,16758.37612,52692.04179,35933.66568,214.422122,priority_score index points (not a crime count)
20,1621,32420,16805.20276,52694.62422,35889.42146,213.5613713,priority_score index points (not a crime count)
20,1622,32440,16852.22122,52697.20179,35844.98058,212.7018161,priority_score index points (not a crime count)
20,1623,32460,16856.52454,52699.77447,35843.24993,212.6372483,priority_score index points (not a crime count)
20,1624,32480,16857.775,52702.34286,35844.56787,212.6292934,priority_score index points (not a crime count)
20,1625,32500,16868.38466,52704.90577,35836.52111,212.4478535,priority_score index points (not a crime count)
20,1626,32520,16872.80291,52707.46454,35834.66163,212.381202,priority_score index points (not a crime count)
20,1627,32540,16883.41969,52710.01803,35826.59834,212.1998919,priority_score index points (not a crime count)
20,1628,32560,16895.92707,52712.56656,35816.63949,211.9838665,priority_score index points (not a crime count)
20,1629,32580,16906.55667,52715.11073,35808.55405,211.8027623,priority_score index points (not a crime count)
20,1630,32600,16910.77747,52717.65023,35806.87275,211.7399558,priority_score index points (not a crime count)
20,1631,32620,16940.55393,52720.1853,35779.63138,211.2069742,priority_score index points (not a crime count)
20,1632,32640,16954.52474,52722.71634,35768.19159,210.9654628,priority_score index points (not a crime count)
20,1633,32660,16968.43313,52725.24251,35756.80938,210.7254636,priority_score index points (not a crime count)
20,1634,32680,16971.46066,52727.76533,35756.30467,210.6848985,priority_score index points (not a crime count)
20,1635,32700,16993.34015,52730.28305,35736.9429,210.2996974,priority_score index points (not a crime count)
20,1636,32720,17007.02806,52732.79531,35725.76725,210.0647281,priority_score index points (not a crime count)
20,1637,32740,17009.453,52735.30082,35725.84782,210.035254,priority_score index points (not a crime count)
20,1638,32760,17041.41935,52737.79901,35696.37965,209.4683484,priority_score index points (not a crime count)
20,1639,32780,17047.52567,52740.2927,35692.76703,209.3721265,priority_score index points (not a crime count)
20,1640,32800,17053.07556,52742.78094,35689.70538,209.2860332,priority_score index points (not a crime count)
20,1641,32820,17054.74039,52745.26354,35690.52315,209.2703983,priority_score index points (not a crime count)
20,1642,32840,17105.94932,52747.74137,35641.79205,208.3590415,priority_score index points (not a crime count)
20,1643,32860,17109.23665,52750.21464,35640.97799,208.3142499,priority_score index points (not a crime count)
20,1644,32880,17121.14187,52752.68393,35631.54206,208.1142855,priority_score index points (not a crime count)
20,1645,32900,17142.11253,52755.14785,35613.03531,207.7517298,priority_score index points (not a crime count)
20,1646,32920,17143.76681,52757.60626,35613.83945,207.7363735,priority_score index points (not a crime count)
20,1647,32940,17180.2935,52760.06168,35579.76818,207.0963932,priority_score index points (not a crime count)
20,1648,32960,17189.21521,52762.51411,35573.2989,206.9512683,priority_score index points (not a crime count)
20,1649,32980,17196.55898,52764.96371,35568.40473,206.8344299,priority_score index points (not a crime count)
20,1650,33000,17229.67949,52767.41038,35537.7309,206.2588043,priority_score index points (not a crime count)
20,1651,33020,17233.07597,52769.85318,35536.77721,206.2126186,priority_score index points (not a crime count)
20,1652,33040,17238.04307,52772.29261,35534.24954,206.1385356,priority_score index points (not a crime count)
20,1653,33060,17244.10304,52774.72834,35530.6253,206.0450765,priority_score index points (not a crime count)
20,1654,33080,17246.06878,52777.16137,35531.09259,206.0243007,priority_score index points (not a crime count)
20,1655,33100,17279.48605,52779.59117,35500.10512,205.4465336,priority_score index points (not a crime count)
20,1656,33120,17289.2774,52782.01583,35492.73843,205.2875757,priority_score index points (not a crime count)
20,1657,33140,17300.79607,52784.43635,35483.64029,205.0983096,priority_score index points (not a crime count)
20,1658,33160,17336.48691,52786.85334,35450.36644,204.4841416,priority_score index points (not a crime count)
20,1659,33180,17340.57479,52789.26677,35448.69198,204.42628,priority_score index points (not a crime count)
20,1660,33200,17342.58726,52791.67687,35449.08961,204.4048508,priority_score index points (not a crime count)
20,1661,33220,17344.07251,52794.08297,35450.01045,204.3926559,priority_score index points (not a crime count)
20,1662,33240,17345.61526,52796.48461,35450.86935,204.3794285,priority_score index points (not a crime count)
20,1663,33260,17363.13099,52798.88337,35435.75238,204.0861893,priority_score index points (not a crime count)
20,1664,33280,17383.08038,52801.28021,35418.19983,203.7509985,priority_score index points (not a crime count)
20,1665,33300,17404.44757,52803.67305,35399.22548,203.3918362,priority_score index points (not a crime count)
20,1666,33320,17409.28228,52806.06197,35396.77969,203.3213037,priority_score index points (not a crime count)
20,1667,33340,17417.347,52808.44755,35391.10055,203.1945539,priority_score index points (not a crime count)
20,1668,33360,17428.31994,52810.8302,35382.51026,203.0173326,priority_score index points (not a crime count)
20,1669,33380,17461.90588,52813.20957,35351.30369,202.4481402,priority_score index points (not a crime count)
20,1670,33400,17470.98001,52815.58559,35344.60558,202.3046535,priority_score index points (not a crime count)
20,1671,33420,17494.86937,52817.95874,35323.08937,201.9054194,priority_score index points (not a crime count)
20,1672,33440,17552.01007,52820.32769,35268.31762,200.9360608,priority_score index points (not a crime count)
20,1673,33460,17555.6022,52822.69327,35267.09107,200.8879596,priority_score index points (not a crime count)
20,1674,33480,17562.96888,52825.05451,35262.08562,200.7751984,priority_score index points (not a crime count)
20,1675,33500,17589.43767,52827.41034,35237.97268,200.335982,priority_score index points (not a crime count)
20,1676,33520,17594.95669,52829.76192,35234.80523,200.2551405,priority_score index points (not a crime count)
20,1677,33540,17596.97697,52832.10953,35235.13256,200.2340096,priority_score index points (not a crime count)
20,1678,33560,17598.77066,52834.45372,35235.68306,200.2167295,priority_score index points (not a crime count)
20,1679,33580,17611.07409,52836.79445,35225.72036,200.0202837,priority_score index points (not a crime count)
20,1680,33600,17616.48858,52839.13261,35222.64403,199.941344,priority_score index points (not a crime count)
20,1681,33620,17630.69629,52841.46671,35210.77042,199.7128749,priority_score index points (not a crime count)
20,1682,33640,17645.03075,52843.79648,35198.76573,199.4825979,priority_score index points (not a crime count)
20,1683,33660,17650.62643,52846.12216,35195.49573,199.4008307,priority_score index points (not a crime count)
20,1684,33680,17691.82031,52848.44379,35156.62349,198.7168244,priority_score index points (not a crime count)
20,1685,33700,17699.3718,52850.76164,35151.38984,198.6024715,priority_score index points (not a crime count)
20,1686,33720,17702.20882,52853.07572,35150.8669,198.5676886,priority_score index points (not a crime count)
20,1687,33740,17715.80139,52855.38622,35139.58483,198.3516526,priority_score index points (not a crime count)
20,1688,33760,17720.30988,52857.6934,35137.38352,198.2887645,priority_score index points (not a crime count)
20,1689,33780,17735.97965,52859.99673,35124.01708,198.0382126,priority_score index points (not a crime count)
20,1690,33800,17749.34108,52862.29549,35112.95441,197.8268053,priority_score index points (not a crime count)
20,1691,33820,17752.23173,52864.5913,35112.35957,197.7912417,priority_score index points (not a crime count)
20,1692,33840,17754.01742,52866.88374,35112.86633,197.7742023,priority_score index points (not a crime count)
20,1693,33860,17755.95755,52869.1736,35113.21605,197.7545619,priority_score index points (not a crime count)
20,1694,33880,17775.13783,52871.46043,35096.3226,197.4461349,priority_score index points (not a crime count)
20,1695,33900,17778.81243,52873.74284,35094.93041,197.3974952,priority_score index points (not a crime count)
20,1696,33920,17814.53432,52876.02149,35061.48717,196.8139416,priority_score index points (not a crime count)
20,1697,33940,17819.73652,52878.29708,35058.56056,196.7400614,priority_score index points (not a crime count)
20,1698,33960,17834.44329,52880.56908,35046.1258,196.5081008,priority_score index points (not a crime count)
20,1699,33980,17838.0466,52882.83812,35044.79153,196.460926,priority_score index points (not a crime count)
20,1700,34000,17851.12008,52885.10393,35033.98385,196.256502,priority_score index points (not a crime count)
20,1701,34020,17867.15809,52887.36649,35020.2084,196.003238,priority_score index points (not a crime count)
20,1702,34040,17869.04774,52889.62634,35020.5786,195.9845825,priority_score index points (not a crime count)
20,1703,34060,17876.46715,52891.8825,35015.41535,195.8743585,priority_score index points (not a crime count)
20,1704,34080,17884.68705,52894.13499,35009.44793,195.7509675,priority_score index points (not a crime count)
20,1705,34100,17895.21646,52896.38406,35001.16759,195.5895178,priority_score index points (not a crime count)
20,1706,34120,17898.57864,52898.63018,35000.05154,195.5465417,priority_score index points (not a crime count)
20,1707,34140,17904.20337,52900.87337,34996.67,195.4662225,priority_score index points (not a crime count)
20,1708,34160,17909.89281,52903.11424,34993.22143,195.3848736,priority_score index points (not a crime count)
20,1709,34180,17918.36217,52905.35277,34986.99059,195.2577488,priority_score index points (not a crime count)
20,1710,34200,17933.38326,52907.58769,34974.20443,195.0229018,priority_score index points (not a crime count)
20,1711,34220,17943.84646,52909.81942,34965.97296,194.8633089,priority_score index points (not a crime count)
20,1712,34240,17949.10624,52912.04798,34962.94174,194.7893186,priority_score index points (not a crime count)
20,1713,34260,17960.43708,52914.27374,34953.83666,194.6157352,priority_score index points (not a crime count)
20,1714,34280,17961.06979,52916.49567,34955.42588,194.6177276,priority_score index points (not a crime count)
20,1715,34300,17987.00772,52918.71367,34931.70596,194.2052092,priority_score index points (not a crime count)
20,1716,34320,18008.5416,52920.92795,34912.38635,193.8657062,priority_score index points (not a crime count)
20,1717,34340,18010.19086,52923.13901,34912.94815,193.8510725,priority_score index points (not a crime count)
20,1718,34360,18023.74884,52925.34747,34901.59863,193.6422823,priority_score index points (not a crime count)
20,1719,34380,18034.96257,52927.55194,34892.58937,193.4719256,priority_score index points (not a crime count)
20,1720,34400,18036.41138,52929.75207,34893.34069,193.4605502,priority_score index points (not a crime count)
20,1721,34420,18043.05981,52931.9487,34888.88889,193.3645914,priority_score index points (not a crime count)
20,1722,34440,18080.47513,52934.14207,34853.66695,192.7696407,priority_score index points (not a crime count)
20,1723,34460,18086.10512,52936.33267,34850.22755,192.690617,priority_score index points (not a crime count)
20,1724,34480,18107.82519,52938.52002,34830.69483,192.3516185,priority_score index points (not a crime count)
20,1725,34500,18137.53966,52940.70438,34803.16472,191.8847064,priority_score index points (not a crime count)
20,1726,34520,18145.00629,52942.88651,34797.88023,191.7766226,priority_score index points (not a crime count)
20,1727,34540,18186.80058,52945.06594,34758.26536,191.1180871,priority_score index points (not a crime count)
20,1728,34560,18192.47574,52947.24258,34754.76685,191.0392371,priority_score index points (not a crime count)
20,1729,34580,18210.56839,52949.41668,34738.84829,190.7620209,priority_score index points (not a crime count)
20,1730,34600,18212.00122,52951.58753,34739.5863,190.7510651,priority_score index points (not a crime count)
20,1731,34620,18217.76061,52953.75531,34735.9947,190.6710459,priority_score index points (not a crime count)
20,1732,34640,18225.91757,52955.91962,34730.00206,190.5528319,priority_score index points (not a crime count)
20,1733,34660,18229.17575,52958.08089,34728.90514,190.5127562,priority_score index points (not a crime count)
20,1734,34680,18235.33134,52960.23943,34724.90809,190.4265266,priority_score index points (not a crime count)
20,1735,34700,18239.56041,52962.39423,34722.83382,190.3710015,priority_score index points (not a crime count)
20,1736,34720,18246.85866,52964.54615,34717.68749,190.2666544,priority_score index points (not a crime count)
20,1737,34740,18252.68971,52966.69518,34714.00547,190.1856987,priority_score index points (not a crime count)
20,1738,34760,18297.14861,52968.84165,34671.69304,189.492329,priority_score index points (not a crime count)
20,1739,34780,18325.24674,52970.98493,34645.73819,189.0601458,priority_score index points (not a crime count)
20,1740,34800,18329.29265,52973.1247,34643.83205,189.0080142,priority_score index points (not a crime count)
20,1741,34820,18336.94231,52975.2602,34638.31789,188.899094,priority_score index points (not a crime count)
20,1742,34840,18347.87207,52977.39258,34629.52051,188.7386198,priority_score index points (not a crime count)
20,1743,34860,18355.96224,52979.52311,34623.56088,188.6229685,priority_score index points (not a crime count)
20,1744,34880,18358.42321,52981.65154,34623.22834,188.595872,priority_score index points (not a crime count)
20,1745,34900,18412.128,52983.77718,34571.64917,187.7656356,priority_score index points (not a crime count)
20,1746,34920,18491.64782,52985.89891,34494.25109,186.5396282,priority_score index points (not a crime count)
20,1747,34940,18493.46793,52988.01822,34494.55029,186.522887,priority_score index points (not a crime count)
20,1748,34960,18503.87133,52990.13522,34486.26389,186.3732366,priority_score index points (not a crime count)
20,1749,34980,18509.69389,52992.24908,34482.55519,186.2945729,priority_score index points (not a crime count)
20,1750,35000,18514.31805,52994.35977,34480.04173,186.234468,priority_score index points (not a crime count)
20,1751,35020,18515.88755,52996.46664,34480.57909,186.221584,priority_score index points (not a crime count)
20,1752,35040,18544.21465,52998.56976,34454.35511,185.7957091,priority_score index points (not a crime count)
20,1753,35060,18546.58149,53000.66919,34454.0877,185.7705568,priority_score index points (not a crime count)
20,1754,35080,18572.53218,53002.76603,34430.23385,185.3825505,priority_score index points (not a crime count)
20,1755,35100,18592.26214,53004.86049,34412.59835,185.09097,priority_score index points (not a crime count)
20,1756,35120,18596.50577,53006.95202,34410.44626,185.0371607,priority_score index points (not a crime count)
20,1757,35140,18600.73003,53009.04047,34408.31044,184.9836559,priority_score index points (not a crime count)
20,1758,35160,18603.87863,53011.12609,34407.24746,184.9466348,priority_score index points (not a crime count)
20,1759,35180,18640.38699,53013.21011,34372.82312,184.3997291,priority_score index points (not a crime count)
20,1760,35200,18684.3293,53015.29194,34330.96264,183.7420123,priority_score index points (not a crime count)
20,1761,35220,18689.33237,53017.37139,34328.03903,183.677182,priority_score index points (not a crime count)
20,1762,35240,18700.05439,53019.44927,34319.39488,183.5256421,priority_score index points (not a crime count)
20,1763,35260,18734.40598,53021.5258,34287.11982,183.0168507,priority_score index points (not a crime count)
20,1764,35280,18764.80322,53023.60043,34258.79721,182.5694457,priority_score index points (not a crime count)
20,1765,35300,18769.10284,53025.67316,34256.57032,182.5157581,priority_score index points (not a crime count)
20,1766,35320,18773.2852,53027.74428,34254.45907,182.4638506,priority_score index points (not a crime count)
20,1767,35340,18791.80792,53029.81401,34238.00609,182.1964456,priority_score index points (not a crime count)
20,1768,35360,18795.39984,53031.88164,34236.4818,182.1535168,priority_score index points (not a crime count)
20,1769,35380,18801.53372,53033.94738,34232.41366,182.072453,priority_score index points (not a crime count)
20,1770,35400,18814.21723,53036.01127,34221.79404,181.8932652,priority_score index points (not a crime count)
20,1771,35420,18817.41564,53038.07332,34220.65768,181.8563098,priority_score index points (not a crime count)
20,1772,35440,18829.1107,53040.13339,34211.02269,181.6921853,priority_score index points (not a crime count)
20,1773,35460,18847.89587,53042.19185,34194.29599,181.422352,priority_score index points (not a crime count)
20,1774,35480,18857.8173,53044.2488,34186.43151,181.2851984,priority_score index points (not a crime count)
20,1775,35500,18864.98635,53046.30424,34181.31789,181.1892002,priority_score index points (not a crime count)
20,1776,35520,18867.38358,53048.35795,34180.97437,181.1643582,priority_score index points (not a crime count)
20,1777,35540,18877.27919,53050.41017,34173.13097,181.0278411,priority_score index points (not a crime count)
20,1778,35560,18877.89251,53052.46065,34174.56814,181.0295727,priority_score index points (not a crime count)
20,1779,35580,18886.93604,53054.50977,34167.57373,180.9058582,priority_score index points (not a crime count)
20,1780,35600,18891.75249,53056.55725,34164.80476,180.8450793,priority_score index points (not a crime count)
20,1781,35620,18892.86888,53058.60367,34165.73479,180.8393157,priority_score index points (not a crime count)
20,1782,35640,18926.25759,53060.64895,34134.39136,180.3546803,priority_score index points (not a crime count)
20,1783,35660,18961.5502,53062.69292,34101.14272,179.8436433,priority_score index points (not a crime count)
20,1784,35680,18968.32601,53064.73591,34096.4099,179.754449,priority_score index points (not a crime count)
20,1785,35700,18975.91466,53066.77772,34090.86306,179.6533325,priority_score index points (not a crime count)
20,1786,35720,18986.5366,53068.81868,34082.28208,179.5076311,priority_score index points (not a crime count)
20,1787,35740,18987.62983,53070.85959,34083.22976,179.5022868,priority_score index points (not a crime count)
20,1788,35760,19014.03775,53072.9002,34058.86245,179.1248281,priority_score index points (not a crime count)
20,1789,35780,19017.998,53074.94047,34056.94248,179.0774323,priority_score index points (not a crime count)
20,1790,35800,19018.75161,53076.98042,34058.22881,179.0770999,priority_score index points (not a crime count)
20,1791,35820,19021.96635,53079.02003,34057.05368,179.0406578,priority_score index points (not a crime count)
20,1792,35840,19026.28098,53081.05935,34054.77837,178.9880976,priority_score index points (not a crime count)
20,1793,35860,19046.29507,53083.09838,34036.80331,178.705639,priority_score index points (not a crime count)
20,1794,35880,19049.97189,53085.13705,34035.16516,178.6625479,priority_score index points (not a crime count)
20,1795,35900,19056.78102,53087.17547,34030.39445,178.5736763,priority_score index points (not a crime count)
20,1796,35920,19076.74901,53089.21366,34012.46465,178.2927722,priority_score index points (not a crime count)
20,1797,35940,19078.92066,53091.25153,34012.33087,178.2717768,priority_score index points (not a crime count)
20,1798,35960,19095.69541,53093.28888,33997.59346,178.0379962,priority_score index points (not a crime count)
20,1799,35980,19102.62195,53095.32589,33992.70393,177.9478441,priority_score index points (not a crime count)
20,1800,36000,19107.21931,53097.36259,33990.14328,177.8916269,priority_score index points (not a crime count)
20,1801,36020,19165.04675,53099.39892,33934.35217,177.0637589,priority_score index points (not a crime count)
20,1802,36040,19182.82436,53101.43494,33918.61058,176.8176048,priority_score index points (not a crime count)
20,1803,36060,19184.16982,53103.47047,33919.30064,176.808801,priority_score index points (not a crime count)
20,1804,36080,19192.74463,53105.50563,33912.761,176.6957341,priority_score index points (not a crime count)
20,1805,36100,19198.85846,53107.54044,33908.68198,176.6182196,priority_score index points (not a crime count)
20,1806,36120,19241.81472,53109.57488,33867.76017,176.0112581,priority_score index points (not a crime count)
20,1807,36140,19242.55749,53111.60901,33869.05152,176.011175,priority_score index points (not a crime count)
20,1808,36160,19248.09222,53113.6428,33865.55058,175.9423749,priority_score index points (not a crime count)
20,1809,36180,19263.29498,53115.67627,33852.38129,175.735155,priority_score index points (not a crime count)
20,1810,36200,19278.74846,53117.70941,33838.96095,175.5246769,priority_score index points (not a crime count)
20,1811,36220,19283.26832,53119.7423,33836.47398,175.4706381,priority_score index points (not a crime count)
20,1812,36240,19313.3475,53121.7749,33808.4274,175.0521363,priority_score index points (not a crime count)
20,1813,36260,19327.03472,53123.80681,33796.77209,174.8678604,priority_score index points (not a crime count)
20,1814,36280,19345.09638,53125.83757,33780.7412,174.621726,priority_score index points (not a crime count)
20,1815,36300,19347.20206,53127.86723,33780.66517,174.6023279,priority_score index points (not a crime count)
20,1816,36320,19361.6509,53129.89603,33768.24513,174.4078813,priority_score index points (not a crime count)
20,1817,36340,19364.98069,53131.9238,33766.94311,174.3711685,priority_score index points (not a crime count)
20,1818,36360,19367.66654,53133.95034,33766.2838,174.343583,priority_score index points (not a crime count)
20,1819,36380,19370.14537,53135.97582,33765.83044,174.3189315,priority_score index points (not a crime count)
20,1820,36400,19371.84497,53138.00007,33766.15509,174.3053134,priority_score index points (not a crime count)
20,1821,36420,19384.63257,53140.02325,33755.39068,174.1347975,priority_score index points (not a crime count)
20,1822,36440,19385.77733,53142.04497,33756.26764,174.1290383,priority_score index points (not a crime count)
20,1823,36460,19410.74711,53144.0657,33733.31859,173.786812,priority_score index points (not a crime count)
20,1824,36480,19411.54195,53146.08557,33734.54362,173.7860068,priority_score index points (not a crime count)
20,1825,36500,19421.07472,53148.10457,33727.02985,173.6620159,priority_score index points (not a crime count)
20,1826,36520,19426.63656,53150.12247,33723.48591,173.5940537,priority_score index points (not a crime count)
20,1827,36540,19430.55049,53152.13929,33721.58881,173.5493229,priority_score index points (not a crime count)
20,1828,36560,19442.17488,53154.15453,33711.97965,173.3961342,priority_score index points (not a crime count)
20,1829,36580,19451.99726,53156.1686,33704.17134,173.2684356,priority_score index points (not a crime count)
20,1830,36600,19453.97858,53158.18171,33704.20312,173.2509522,priority_score index points (not a crime count)
20,1831,36620,19459.55911,53160.19379,33700.63468,173.1829303,priority_score index points (not a crime count)
20,1832,36640,19462.85151,53162.20501,33699.3535,173.1470513,priority_score index points (not a crime count)
20,1833,36660,19466.98211,53164.21514,33697.23304,173.0994196,priority_score index points (not a crime count)
20,1834,36680,19469.09097,53166.22401,33697.13303,173.080156,priority_score index points (not a crime count)
20,1835,36700,19471.48439,53168.23148,33696.74709,173.056899,priority_score index points (not a crime count)
20,1836,36720,19476.68911,53170.23822,33693.54911,172.9942338,priority_score index points (not a crime count)
20,1837,36740,19477.88821,53172.24358,33694.35536,172.9877233,priority_score index points (not a crime count)
20,1838,36760,19481.65462,53174.24764,33692.59302,172.9452333,priority_score index points (not a crime count)
20,1839,36780,19482.56003,53176.2507,33693.69067,172.94283,priority_score index points (not a crime count)
20,1840,36800,19495.64972,53178.25267,33682.60295,172.7698407,priority_score index points (not a crime count)
20,1841,36820,19498.67683,53180.25332,33681.57649,172.7377544,priority_score index points (not a crime count)
20,1842,36840,19506.51347,53182.25294,33675.73947,172.6384345,priority_score index points (not a crime count)
20,1843,36860,19509.41891,53184.25133,33674.83242,172.6080749,priority_score index points (not a crime count)
20,1844,36880,19545.22471,53186.24878,33641.02407,172.1188913,priority_score index points (not a crime count)
20,1845,36900,19554.07848,53188.2453,33634.16682,172.0058905,priority_score index points (not a crime count)
20,1846,36920,19554.5613,53190.24107,33635.67976,172.0093805,priority_score index points (not a crime count)
20,1847,36940,19558.83467,53192.23557,33633.40091,171.9601473,priority_score index points (not a crime count)
20,1848,36960,19563.45291,53194.22868,33630.77577,171.9061349,priority_score index points (not a crime count)
20,1849,36980,19564.75212,53196.22064,33631.46852,171.8982602,priority_score index points (not a crime count)
20,1850,37000,19570.49526,53198.21136,33627.7161,171.8286413,priority_score index points (not a crime count)
20,1851,37020,19574.92152,53200.20121,33625.27969,171.777341,priority_score index points (not a crime count)
20,1852,37040,19579.20162,53202.19026,33622.98864,171.7280883,priority_score index points (not a crime count)
20,1853,37060,19587.0969,53204.17836,33617.08146,171.6287086,priority_score index points (not a crime count)
20,1854,37080,19606.06446,53206.16527,33600.10081,171.3760601,priority_score index points (not a crime count)
20,1855,37100,19607.41643,53208.15112,33600.73469,171.3674762,priority_score index points (not a crime count)
20,1856,37120,19611.00207,53210.13622,33599.13414,171.3279822,priority_score index points (not a crime count)
20,1857,37140,19618.37284,53212.12053,33593.7477,171.2361569,priority_score index points (not a crime count)
20,1858,37160,19621.67644,53214.10385,33592.42741,171.200598,priority_score index points (not a crime count)
20,1859,37180,19649.8927,53216.08593,33566.19322,170.8212545,priority_score index points (not a crime count)
20,1860,37200,19657.90792,53218.06701,33560.15909,170.720909,priority_score index points (not a crime count)
20,1861,37220,19669.55371,53220.04716,33550.49345,170.5706898,priority_score index points (not a crime count)
20,1862,37240,19689.49108,53222.02639,33532.5353,170.306765,priority_score index points (not a crime count)
20,1863,37260,19702.37984,53224.00472,33521.62488,170.1399787,priority_score index points (not a crime count)
20,1864,37280,19706.62321,53225.98193,33519.35872,170.0918435,priority_score index points (not a crime count)
20,1865,37300,19723.80063,53227.95827,33504.15764,169.8666411,priority_score index points (not a crime count)
20,1866,37320,19731.61512,53229.93372,33498.3186,169.769775,priority_score index points (not a crime count)
20,1867,37340,19738.43881,53231.90821,33493.4694,169.6865173,priority_score index points (not a crime count)
20,1868,37360,19747.20215,53233.88197,33486.67982,169.576832,priority_score index points (not a crime count)
20,1869,37380,19751.97089,53235.855,33483.88411,169.5217369,priority_score index points (not a crime count)
20,1870,37400,19753.03492,53237.82731,33484.79239,169.5172035,priority_score index points (not a crime count)
20,1871,37420,19754.8816,53239.79877,33484.91717,169.5019887,priority_score index points (not a crime count)
20,1872,37440,19766.24112,53241.76931,33475.52818,169.3570769,priority_score index points (not a crime count)
20,1873,37460,19769.52895,53243.739,33474.21005,169.3222441,priority_score index points (not a crime count)
20,1874,37480,19776.99483,53245.70773,33468.7129,169.2305287,priority_score index points (not a crime count)
20,1875,37500,19781.65645,53247.67507,33466.01863,169.1770288,priority_score index points (not a crime count)
20,1876,37520,19803.85539,53249.64177,33445.78638,168.8852283,priority_score index points (not a crime count)
20,1877,37540,19822.395,53251.60771,33429.21271,168.6436614,priority_score index points (not a crime count)
20,1878,37560,19830.26103,53253.57295,33423.31192,168.5470094,priority_score index points (not a crime count)
20,1879,37580,19916.61931,53255.53703,33338.91772,167.3924536,priority_score index points (not a crime count)
20,1880,37600,19918.48927,53257.50021,33339.01093,167.3772065,priority_score index points (not a crime count)
20,1881,37620,19921.29352,53259.46242,33338.1689,167.3494187,priority_score index points (not a crime count)
20,1882,37640,19937.45271,53261.42375,33323.97103,167.1425709,priority_score index points (not a crime count)
20,1883,37660,19939.56257,53263.38424,33323.82167,167.124136,priority_score index points (not a crime count)
20,1884,37680,19945.9832,53265.34357,33319.36037,167.0479717,priority_score index points (not a crime count)
20,1885,37700,19955.96835,53267.30197,33311.33361,166.9241654,priority_score index points (not a crime count)
20,1886,37720,19960.01781,53269.25943,33309.24163,166.8798192,priority_score index points (not a crime count)
20,1887,37740,19972.79008,53271.21632,33298.42624,166.7189517,priority_score index points (not a crime count)
20,1888,37760,19973.15262,53273.17256,33300.01994,166.7239047,priority_score index points (not a crime count)
20,1889,37780,19989.48592,53275.12772,33285.64179,166.5157469,priority_score index points (not a crime count)
20,1890,37800,19993.83594,53277.08176,33283.24582,166.4675348,priority_score index points (not a crime count)
20,1891,37820,20006.75987,53279.03474,33272.27488,166.3051644,priority_score index points (not a crime count)
20,1892,37840,20048.842,53280.98618,33232.14417,165.7559283,priority_score index points (not a crime count)
20,1893,37860,20058.31731,53282.93617,33224.61885,165.64011,priority_score index points (not a crime count)
20,1894,37880,20065.72953,53284.88488,33219.15535,165.551695,priority_score index points (not a crime count)
20,1895,37900,20071.66934,53286.83219,33215.16285,165.4828121,priority_score index points (not a crime count)
20,1896,37920,20079.83061,53288.77839,33208.94778,165.3846012,priority_score index points (not a crime count)
20,1897,37940,20081.48607,53290.72341,33209.23734,165.3724094,priority_score index points (not a crime count)
20,1898,37960,20084.75134,53292.66745,33207.91611,165.3389457,priority_score index points (not a crime count)
20,1899,37980,20093.37286,53294.61068,33201.23781,165.2347669,priority_score index points (not a crime count)
20,1900,38000,20095.21957,53296.55281,33201.33324,165.2200571,priority_score index points (not a crime count)
20,1901,38020,20101.38735,53298.49412,33197.10677,165.1483362,priority_score index points (not a crime count)
20,1902,38040,20107.8883,53300.43444,33192.54613,165.0722623,priority_score index points (not a crime count)
20,1903,38060,20124.26724,53302.37318,33178.10594,164.8661566,priority_score index points (not a crime count)
20,1904,38080,20125.08808,53304.31082,33179.22274,164.8649815,priority_score index points (not a crime count)
20,1905,38100,20133.03898,53306.2469,33173.20793,164.769998,priority_score index points (not a crime count)
20,1906,38120,20134.17274,53308.18111,33174.00837,164.7646953,priority_score index points (not a crime count)
20,1907,38140,20164.30801,53310.11336,33145.80535,164.3785908,priority_score index points (not a crime count)
20,1908,38160,20168.04678,53312.04402,33143.99724,164.3391529,priority_score index points (not a crime count)
20,1909,38180,20175.78926,53313.97267,33138.18341,164.2472717,priority_score index points (not a crime count)
20,1910,38200,20179.14866,53315.89957,33136.7509,164.2128291,priority_score index points (not a crime count)
20,1911,38220,20182.53253,53317.82371,33135.29118,164.178064,priority_score index points (not a crime count)
20,1912,38240,20204.17225,53319.74612,33115.57387,163.9046305,priority_score index points (not a crime count)
20,1913,38260,20208.1893,53321.66674,33113.47744,163.8616748,priority_score index points (not a crime count)
20,1914,38280,20209.16374,53323.5854,33114.42166,163.8584461,priority_score index points (not a crime count)
20,1915,38300,20217.12373,53325.50194,33108.37821,163.7640381,priority_score index points (not a crime count)
20,1916,38320,20221.01267,53327.41615,33106.40347,163.7227769,priority_score index points (not a crime count)
20,1917,38340,20248.41515,53329.32793,33080.91278,163.3753187,priority_score index points (not a crime count)
20,1918,38360,20258.9762,53331.23785,33072.26165,163.247448,priority_score index points (not a crime count)
20,1919,38380,20272.49738,53333.14453,33060.64715,163.0812748,priority_score index points (not a crime count)
20,1920,38400,20279.14412,53335.04693,33055.9028,163.0044276,priority_score index points (not a crime count)
20,1921,38420,20300.4747,53336.94638,33036.47168,162.7374343,priority_score index points (not a crime count)
20,1922,38440,20304.93074,53338.84192,33033.91118,162.6891104,priority_score index points (not a crime count)
20,1923,38460,20305.73837,53340.73442,33034.99605,162.6879823,priority_score index points (not a crime count)
20,1924,38480,20315.60186,53342.62493,33027.02307,162.5697496,priority_score index points (not a crime count)
20,1925,38500,20335.73081,53344.51292,33008.78212,162.3191339,priority_score index points (not a crime count)
20,1926,38520,20349.84945,53346.3969,32996.54744,162.1463958,priority_score index points (not a crime count)
20,1927,38540,20353.20884,53348.27801,32995.06917,162.1123698,priority_score index points (not a crime count)
20,1928,38560,20358.17453,53350.15501,32991.98048,162.0576561,priority_score index points (not a crime count)
20,1929,38580,20359.0047,53352.02956,32993.02486,162.0561779,priority_score index points (not a crime count)
20,1930,38600,20362.18217,53353.90179,32991.71962,162.0244792,priority_score index points (not a crime count)
20,1931,38620,20373.0184,53355.77151,32982.75311,161.8942881,priority_score index points (not a crime count)
20,1932,38640,20376.58581,53357.63823,32981.05242,161.8575984,priority_score index points (not a crime count)
20,1933,38660,20378.84803,53359.50173,32980.6537,161.8376743,priority_score index points (not a crime count)
20,1934,38680,20383.0152,53361.36231,32978.34711,161.7932714,priority_score index points (not a crime count)
20,1935,38700,20388.36505,53363.22014,32974.85509,161.7336898,priority_score index points (not a crime count)
20,1936,38720,20393.34589,53365.075,32971.72911,161.6788598,priority_score index points (not a crime count)
20,1937,38740,20405.29429,53366.92689,32961.63261,161.5347083,priority_score index points (not a crime count)
20,1938,38760,20415.21072,53368.77654,32953.56582,161.4167312,priority_score index points (not a crime count)
20,1939,38780,20426.32366,53370.6237,32944.30003,161.2835505,priority_score index points (not a crime count)
20,1940,38800,20433.66119,53372.46794,32938.80675,161.1987516,priority_score index points (not a crime count)
20,1941,38820,20439.91261,53374.31007,32934.39746,161.1278781,priority_score index points (not a crime count)
20,1942,38840,20450.44154,53376.14936,32925.70782,161.00243,priority_score index points (not a crime count)
20,1943,38860,20452.48583,53377.98536,32925.49953,160.9853189,priority_score index points (not a crime count)
20,1944,38880,20453.37926,53379.81799,32926.43873,160.9828788,priority_score index points (not a crime count)
20,1945,38900,20500.32507,53381.64864,32881.32357,160.394157,priority_score index points (not a crime count)
20,1946,38920,20510.06939,53383.47674,32873.40735,160.279357,priority_score index points (not a crime count)
20,1947,38940,20514.62467,53385.30181,32870.67714,160.2304583,priority_score index points (not a crime count)
20,1948,38960,20535.55268,53387.12405,32851.57138,159.9741283,priority_score index points (not a crime count)
20,1949,38980,20538.15425,53388.94231,32850.78805,159.9500503,priority_score index points (not a crime count)
20,1950,39000,20542.37409,53390.75767,32848.38358,159.9054882,priority_score index points (not a crime count)
20,1951,39020,20543.1559,53392.57048,32849.41457,159.9044213,priority_score index points (not a crime count)
20,1952,39040,20557.55908,53394.38042,32836.82134,159.7311296,priority_score index points (not a crime count)
20,1953,39060,20566.8104,53396.18741,32829.37701,159.6230839,priority_score index points (not a crime count)
20,1954,39080,20571.49117,53397.99168,32826.50051,159.5727808,priority_score index points (not a crime count)
20,1955,39100,20583.19506,53399.79299,32816.59793,159.4339354,priority_score index points (not a crime count)
20,1956,39120,20585.89818,53401.5916,32815.69341,159.4086064,priority_score index points (not a crime count)
20,1957,39140,20587.78906,53403.38651,32815.59745,159.3934995,priority_score index points (not a crime count)
20,1958,39160,20602.8964,53405.17907,32802.28267,159.2119964,priority_score index points (not a crime count)
20,1959,39180,20640.03055,53406.96944,32766.93889,158.7543139,priority_score index points (not a crime count)
20,1960,39200,20648.86097,53408.75637,32759.8954,158.6523123,priority_score index points (not a crime count)
20,1961,39220,20651.02474,53410.54064,32759.5159,158.6338514,priority_score index points (not a crime count)
20,1962,39240,20651.63859,53412.32233,32760.68375,158.6347912,priority_score index points (not a crime count)
20,1963,39260,20665.08634,53414.10266,32749.01632,158.4751003,priority_score index points (not a crime count)
20,1964,39280,20683.98121,53415.88121,32731.9,158.2475814,priority_score index points (not a crime count)
20,1965,39300,20688.27301,53417.65677,32729.38376,158.2025902,priority_score index points (not a crime count)
20,1966,39320,20704.04135,53419.43005,32715.3887,158.0145062,priority_score index points (not a crime count)
20,1967,39340,20739.55259,53421.20132,32681.64872,157.581262,priority_score index points (not a crime count)
20,1968,39360,20761.47476,53422.97025,32661.4955,157.3178008,priority_score index points (not a crime count)
20,1969,39380,20800.80439,53424.73682,32623.93243,156.8397635,priority_score index points (not a crime count)
20,1970,39400,20802.69796,53426.50141,32623.80345,156.8248672,priority_score index points (not a crime count)
20,1971,39420,20807.88496,53428.26407,32620.37911,156.7693169,priority_score index points (not a crime count)
20,1972,39440,20814.48486,53430.02413,32615.53927,156.6963559,priority_score index points (not a crime count)
20,1973,39460,20843.51291,53431.7815,32588.26859,156.3472948,priority_score index points (not a crime count)
20,1974,39480,20852.15244,53433.53677,32581.38433,156.2495019,priority_score index points (not a crime count)
20,1975,39500,20852.97511,53435.28958,32582.31447,156.2477982,priority_score index points (not a crime count)
20,1976,39520,20869.95672,53437.03985,32567.08314,156.0476794,priority_score index points (not a crime count)
20,1977,39540,20875.67663,53438.78746,32563.11083,155.985894,priority_score index points (not a crime count)
20,1978,39560,20882.16125,53440.53179,32558.37054,155.9147549,priority_score index points (not a crime count)
20,1979,39580,20882.73354,53442.27349,32559.53996,155.9160821,priority_score index points (not a crime count)
20,1980,39600,20915.13487,53444.0126,32528.87773,155.5279368,priority_score index points (not a crime count)
20,1981,39620,20930.57486,53445.74891,32515.17405,155.3477354,priority_score index points (not a crime count)
20,1982,39640,20935.58957,53447.48275,32511.89318,155.2948537,priority_score index points (not a crime count)
20,1983,39660,20938.40311,53449.2139,32510.81079,155.2688169,priority_score index points (not a crime count)
20,1984,39680,20960.02909,53450.94143,32490.91234,155.0136796,priority_score index points (not a crime count)
20,1985,39700,20962.64833,53452.66628,32490.01794,154.9900443,priority_score index points (not a crime count)
20,1986,39720,20973.81947,53454.38785,32480.56838,154.862439,priority_score index points (not a crime count)
20,1987,39740,20978.10762,53456.1069,32477.99927,154.8185368,priority_score index points (not a crime count)
20,1988,39760,21006.60987,53457.82387,32451.214,154.4809667,priority_score index points (not a crime count)
20,1989,39780,21017.42335,53459.53806,32442.11471,154.3581922,priority_score index points (not a crime count)
20,1990,39800,21061.62874,53461.24818,32399.61943,153.8324497,priority_score index points (not a crime count)
20,1991,39820,21063.32356,53462.95517,32399.63161,153.8201297,priority_score index points (not a crime count)
20,1992,39840,21098.16668,53464.65854,32366.49187,153.4090254,priority_score index points (not a crime count)
20,1993,39860,21128.81559,53466.35827,32337.54268,153.0494814,priority_score index points (not a crime count)
20,1994,39880,21175.30175,53468.05525,32292.7535,152.5019756,priority_score index points (not a crime count)
20,1995,39900,21219.95997,53469.74834,32249.78837,151.9785542,priority_score index points (not a crime count)
20,1996,39920,21237.65846,53471.43905,32233.78059,151.7765277,priority_score index points (not a crime count)
20,1997,39940,21251.71932,53473.12733,32221.40801,151.6178881,priority_score index points (not a crime count)
20,1998,39960,21260.50365,53474.8127,32214.30905,151.5218528,priority_score index points (not a crime count)
20,1999,39980,21262.8598,53476.49551,32213.63572,151.5018959,priority_score index points (not a crime count)
20,2000,40000,21265.82456,53478.17564,32212.35108,151.4747336,priority_score index points (not a crime count)
20,2001,40020,21274.21511,53479.8537,32205.63859,151.3834397,priority_score index points (not a crime count)
20,2002,40040,21306.41716,53481.53003,32175.11287,151.0113719,priority_score index points (not a crime count)
20,2003,40060,21324.19184,53483.20418,32159.01234,150.8099936,priority_score index points (not a crime count)
20,2004,40080,21337.71412,53484.87531,32147.16119,150.6588804,priority_score index points (not a crime count)
20,2005,40100,21364.53282,53486.54388,32122.01106,150.3520406,priority_score index points (not a crime count)
20,2006,40120,21403.40702,53488.20949,32084.80247,149.9051176,priority_score index points (not a crime count)
20,2007,40140,21406.30139,53489.87195,32083.57056,149.8790939,priority_score index points (not a crime count)
20,2008,40160,21410.61985,53491.53224,32080.91239,149.8364485,priority_score index points (not a crime count)
20,2009,40180,21428.70205,53493.19048,32064.48843,149.6333672,priority_score index points (not a crime count)
20,2010,40200,21447.82737,53494.8466,32047.01922,149.4184873,priority_score index points (not a crime count)
20,2011,40220,21464.90053,53496.50071,32031.60019,149.2278063,priority_score index points (not a crime count)
20,2012,40240,21466.36102,53498.15271,32031.79168,149.2185455,priority_score index points (not a crime count)
20,2013,40260,21469.28203,53499.80248,32030.52045,149.1923223,priority_score index points (not a crime count)
20,2014,40280,21478.66769,53501.45003,32022.78234,149.0911019,priority_score index points (not a crime count)
20,2015,40300,21482.5739,53503.09502,32020.52113,149.0534667,priority_score index points (not a crime count)
20,2016,40320,21492.81047,53504.7383,32011.92782,148.9424934,priority_score index points (not a crime count)
20,2017,40340,21575.60927,53506.3796,31930.77034,147.9947562,priority_score index points (not a crime count)
20,2018,40360,21576.57141,53508.01938,31931.44797,147.9912974,priority_score index points (not a crime count)
20,2019,40380,21577.96237,53509.65776,31931.69539,147.9829042,priority_score index points (not a crime count)
20,2020,40400,21582.65378,53511.29467,31928.64089,147.9365847,priority_score index points (not a crime count)
20,2021,40420,21595.48842,53512.93003,31917.44161,147.7968037,priority_score index points (not a crime count)
20,2022,40440,21619.86772,53514.5631,31894.69538,147.5249331,priority_score index points (not a crime count)
20,2023,40460,21620.8572,53516.19446,31895.33726,147.5211504,priority_score index points (not a crime count)
20,2024,40480,21623.03212,53517.82438,31894.79226,147.5037917,priority_score index points (not a crime count)
20,2025,40500,21640.65842,53519.4525,31878.79409,147.3097235,priority_score index points (not a crime count)
20,2026,40520,21649.82871,53521.07849,31871.24979,147.2124802,priority_score index points (not a crime count)
20,2027,40540,21650.4819,53522.70325,31872.22135,147.2125262,priority_score index points (not a crime count)
20,2028,40560,21653.44944,53524.32604,31870.8766,147.1861409,priority_score index points (not a crime count)
20,2029,40580,21653.78219,53525.94717,31872.16499,147.1898291,priority_score index points (not a crime count)
20,2030,40600,21668.91572,53527.56678,31858.65106,147.0246665,priority_score index points (not a crime count)
20,2031,40620,21674.35388,53529.18474,31854.83086,146.9701521,priority_score index points (not a crime count)
20,2032,40640,21694.19953,53530.80117,31836.60164,146.7516771,priority_score index points (not a crime count)
20,2033,40660,21699.11681,53532.41615,31833.29933,146.7032028,priority_score index points (not a crime count)
20,2034,40680,21706.56568,53534.02914,31827.46345,146.6259745,priority_score index points (not a crime count)
20,2035,40700,21710.51441,53535.64047,31825.12606,146.5885398,priority_score index points (not a crime count)
20,2036,40720,21723.94562,53537.25001,31813.30439,146.4434912,priority_score index points (not a crime count)
20,2037,40740,21725.98071,53538.85764,31812.87692,146.4278062,priority_score index points (not a crime count)
20,2038,40760,21770.67849,53540.46321,31769.78472,145.9292357,priority_score index points (not a crime count)
20,2039,40780,21790.31165,53542.06721,31751.75556,145.7150135,priority_score index points (not a crime count)
20,2040,40800,21806.28988,53543.66988,31737.38,145.5423191,priority_score index points (not a crime count)
20,2041,40820,21818.87066,53545.27125,31726.40059,145.4080785,priority_score index points (not a crime count)
20,2042,40840,21835.18618,53546.8708,31711.68462,145.2320322,priority_score index points (not a crime count)
20,2043,40860,21842.9158,53548.4683,31705.5525,145.1525647,priority_score index points (not a crime count)
20,2044,40880,21860.88478,53550.06408,31689.17931,144.9583566,priority_score index points (not a crime count)
20,2045,40900,21869.56975,53551.65805,31682.0883,144.8683658,priority_score index points (not a crime count)
20,2046,40920,21873.92534,53553.24985,31679.32451,144.8268841,priority_score index points (not a crime count)
20,2047,40940,21877.40854,53554.8395,31677.43096,144.7951703,priority_score index points (not a crime count)
20,2048,40960,21906.41595,53556.42713,31650.01118,144.4782718,priority_score index points (not a crime count)
20,2049,40980,21907.52986,53558.01308,31650.48323,144.4730804,priority_score index points (not a crime count)
20,2050,41000,21922.1638,53559.59743,31637.43364,144.3171118,priority_score index points (not a crime count)
20,2051,41020,21928.068,53561.18025,31633.11226,144.2585469,priority_score index points (not a crime count)
20,2052,41040,21948.6658,53562.76113,31614.09533,144.0365242,priority_score index points (not a crime count)
20,2053,41060,21963.57365,53564.34072,31600.76707,143.8780755,priority_score index points (not a crime count)
20,2054,41080,21969.72944,53565.91849,31596.18905,143.8169238,priority_score index points (not a crime count)
20,2055,41100,21984.3889,53567.49444,31583.10553,143.6615121,priority_score index points (not a crime count)
20,2056,41120,22032.3281,53569.06868,31536.74058,143.1384846,priority_score index points (not a crime count)
20,2057,41140,22057.88256,53570.64148,31512.75892,142.8639346,priority_score index points (not a crime count)
20,2058,41160,22078.2698,53572.21279,31493.94299,142.6467893,priority_score index points (not a crime count)
20,2059,41180,22088.76994,53573.78237,31485.01243,142.5385502,priority_score index points (not a crime count)
20,2060,41200,22092.00638,53575.35018,31483.3438,142.5101155,priority_score index points (not a crime count)
20,2061,41220,22098.61621,53576.91645,31478.30023,142.4446668,priority_score index points (not a crime count)
20,2062,41240,22099.17586,53578.48122,31479.30535,142.4456077,priority_score index points (not a crime count)
20,2063,41260,22114.96944,53580.04484,31465.07541,142.2795338,priority_score index points (not a crime count)
20,2064,41280,22119.77993,53581.60657,31461.82664,142.2339044,priority_score index points (not a crime count)
20,2065,41300,22127.58393,53583.16669,31455.58276,142.1555235,priority_score index points (not a crime count)
20,2066,41320,22140.73797,53584.72507,31443.9871,142.0186949,priority_score index points (not a crime count)
20,2067,41340,22144.20269,53586.2818,31442.07911,141.9878582,priority_score index points (not a crime count)
20,2068,41360,22154.23327,53587.83723,31433.60396,141.8853164,priority_score index points (not a crime count)
20,2069,41380,22180.80731,53589.39167,31408.58436,141.6025301,priority_score index points (not a crime count)
20,2070,41400,22184.60739,53590.94456,31406.33716,141.568145,priority_score index points (not a crime count)
20,2071,41420,22188.0016,53592.49627,31404.49468,141.5381847,priority_score index points (not a crime count)
20,2072,41440,22214.45417,53594.04648,31379.59231,141.2575437,priority_score index points (not a crime count)
20,2073,41460,22215.88399,53595.59499,31379.711,141.2489866,priority_score index points (not a crime count)
20,2074,41480,22218.67731,53597.14103,31378.46371,141.2256151,priority_score index points (not a crime count)
20,2075,41500,22259.08629,53598.68522,31339.59893,140.7946333,priority_score index points (not a crime count)
20,2076,41520,22260.28103,53600.22809,31339.94706,140.7886406,priority_score index points (not a crime count)
20,2077,41540,22275.06867,53601.76906,31326.7004,140.6357074,priority_score index points (not a crime count)
20,2078,41560,22281.32321,53603.30836,31321.98515,140.5750675,priority_score index points (not a crime count)
20,2079,41580,22291.58581,53604.84598,31313.26017,140.4712093,priority_score index points (not a crime count)
20,2080,41600,22299.75469,53606.38172,31306.62704,140.3900064,priority_score index points (not a crime count)
20,2081,41620,22310.30196,53607.9155,31297.61354,140.2832359,priority_score index points (not a crime count)
20,2082,41640,22316.2955,53609.44769,31293.15218,140.2255683,priority_score index points (not a crime count)
20,2083,41660,22320.34519,53610.97808,31290.63289,140.1888395,priority_score index points (not a crime count)
20,2084,41680,22329.34783,53612.50607,31283.15824,140.0988443,priority_score index points (not a crime count)
20,2085,41700,22343.89936,53614.0325,31270.13314,139.9493107,priority_score index points (not a crime count)
20,2086,41720,22360.00027,53615.55736,31255.55709,139.7833485,priority_score index points (not a crime count)
20,2087,41740,22367.14953,53617.08026,31249.93073,139.7135146,priority_score index points (not a crime count)
20,2088,41760,22379.83907,53618.601,31238.76193,139.5843904,priority_score index points (not a crime count)
20,2089,41780,22382.78354,53620.11951,31237.33597,139.5596571,priority_score index points (not a crime count)
20,2090,41800,22384.39069,53621.63628,31237.2456,139.5492333,priority_score index points (not a crime count)
20,2091,41820,22394.47267,53623.15062,31228.67794,139.4481504,priority_score index points (not a crime count)
20,2092,41840,22396.53401,53624.66292,31228.12891,139.4328645,priority_score index points (not a crime count)
20,2093,41860,22419.58347,53626.17287,31206.5894,139.1934397,priority_score index points (not a crime count)
20,2094,41880,22422.15824,53627.68082,31205.52258,139.172698,priority_score index points (not a crime count)
20,2095,41900,22457.29296,53629.18695,31171.89398,138.8052159,priority_score index points (not a crime count)
20,2096,41920,22564.45036,53630.69117,31066.2408,137.6778087,priority_score index points (not a crime count)
20,2097,41940,22566.40287,53632.19341,31065.79054,137.6639012,priority_score index points (not a crime count)
20,2098,41960,22571.44619,53633.69349,31062.2473,137.6174439,priority_score index points (not a crime count)
20,2099,41980,22576.06279,53635.19106,31059.12827,137.5754867,priority_score index points (not a crime count)
20,2100,42000,22578.62487,53636.68571,31058.06084,137.5551479,priority_score index points (not a crime count)
20,2101,42020,22585.24986,53638.1776,31052.92773,137.4920708,priority_score index points (not a crime count)
20,2102,42040,22594.87082,53639.66648,31044.79566,137.3975355,priority_score index points (not a crime count)
20,2103,42060,22614.94979,53641.15273,31026.20295,137.1933311,priority_score index points (not a crime count)
20,2104,42080,22636.81676,53642.63617,31005.81941,136.9707576,priority_score index points (not a crime count)
20,2105,42100,22659.85633,53644.11757,30984.26124,136.7363534,priority_score index points (not a crime count)
20,2106,42120,22668.80892,53645.5961,30976.78718,136.6493815,priority_score index points (not a crime count)
20,2107,42140,22677.02588,53647.07142,30970.04554,136.570138,priority_score index points (not a crime count)
20,2108,42160,22682.82378,53648.5446,30965.72082,136.5161636,priority_score index points (not a crime count)
20,2109,42180,22691.82456,53650.01583,30958.19127,136.4288323,priority_score index points (not a crime count)
20,2110,42200,22695.9407,53651.48534,30955.54464,136.3924283,priority_score index points (not a crime count)
20,2111,42220,22700.4221,53652.95273,30952.53063,136.3522251,priority_score index points (not a crime count)
20,2112,42240,22701.22267,53654.41755,30953.19488,136.3503426,priority_score index points (not a crime count)
20,2113,42260,22784.78825,53655.8807,30871.09245,135.4899248,priority_score index points (not a crime count)
20,2114,42280,22799.50662,53657.34197,30857.83535,135.3443119,priority_score index points (not a crime count)
20,2115,42300,22813.31208,53658.80149,30845.48941,135.2082912,priority_score index points (not a crime count)
20,2116,42320,22814.26668,53660.25913,30845.99245,135.2048386,priority_score index points (not a crime count)
20,2117,42340,22878.71477,53661.7148,30783.00003,134.548642,priority_score index points (not a crime count)
20,2118,42360,22885.19453,53663.16831,30777.97377,134.4885827,priority_score index points (not a crime count)
20,2119,42380,22893.14944,53664.62001,30771.47057,134.4134438,priority_score index points (not a crime count)
20,2120,42400,22905.25646,53666.07036,30760.8139,134.295872,priority_score index points (not a crime count)
20,2121,42420,22916.50658,53667.51784,30751.01126,134.1871683,priority_score index points (not a crime count)
20,2122,42440,22940.90368,53668.96271,30728.05902,133.9444141,priority_score index points (not a crime count)
20,2123,42460,22957.35122,53670.40582,30713.0546,133.7830933,priority_score index points (not a crime count)
20,2124,42480,22960.60419,53671.84742,30711.24323,133.7562504,priority_score index points (not a crime count)
20,2125,42500,22965.08405,53673.28718,30708.20314,133.7169203,priority_score index points (not a crime count)
20,2126,42520,22983.72963,53674.72499,30690.99536,133.5335729,priority_score index points (not a crime count)
20,2127,42540,22992.64299,53676.16028,30683.51729,133.4492833,priority_score index points (not a crime count)
20,2128,42560,23022.54806,53677.59371,30655.04565,133.1522713,priority_score index points (not a crime count)
20,2129,42580,23033.59466,53679.02508,30645.43042,133.0466689,priority_score index points (not a crime count)
20,2130,42600,23043.44333,53680.45451,30637.01117,132.9532689,priority_score index points (not a crime count)
20,2131,42620,23046.16371,53681.88238,30635.71867,132.9319667,priority_score index points (not a crime count)
20,2132,42640,23056.16766,53683.30813,30627.14047,132.8370825,priority_score index points (not a crime count)
20,2133,42660,23080.47659,53684.73151,30604.25492,132.5980198,priority_score index points (not a crime count)
20,2134,42680,23117.29469,53686.15238,30568.85769,132.2337155,priority_score index points (not a crime count)
20,2135,42700,23123.0169,53687.57113,30564.55423,132.1823807,priority_score index points (not a crime count)
20,2136,42720,23128.30282,53688.98787,30560.68505,132.1354415,priority_score index points (not a crime count)
20,2137,42740,23152.44265,53690.40303,30537.96038,131.8995185,priority_score index points (not a crime count)
20,2138,42760,23187.09679,53691.81652,30504.71973,131.5590304,priority_score index points (not a crime count)
20,2139,42780,23212.32309,53693.22712,30480.90403,131.3134576,priority_score index points (not a crime count)
20,2140,42800,23216.94983,53694.63573,30477.6859,131.2734279,priority_score index points (not a crime count)
20,2141,42820,23254.54153,53696.04244,30441.50091,130.9056163,priority_score index points (not a crime count)
20,2142,42840,23256.4877,53697.44687,30440.95918,130.8923324,priority_score index points (not a crime count)
20,2143,42860,23274.65282,53698.84957,30424.19675,130.718155,priority_score index points (not a crime count)
20,2144,42880,23278.83197,53700.25031,30421.41834,130.6827524,priority_score index points (not a crime count)
20,2145,42900,23294.59158,53701.6495,30407.05792,130.5326939,priority_score index points (not a crime count)
20,2146,42920,23296.97769,53703.04669,30406.069,130.5150797,priority_score index points (not a crime count)
20,2147,42940,23329.9968,53704.44215,30374.44535,130.1948115,priority_score index points (not a crime count)
20,2148,42960,23338.92969,53705.83557,30366.90588,130.1126757,priority_score index points (not a crime count)
20,2149,42980,23348.3444,53707.22687,30358.88247,130.0258466,priority_score index points (not a crime count)
20,2150,43000,23373.0844,53708.61638,30335.53198,129.7883131,priority_score index points (not a crime count)
20,2151,43020,23374.51587,53710.00405,30335.48818,129.7801775,priority_score index points (not a crime count)
20,2152,43040,23379.05555,53711.38935,30332.3338,129.7414848,priority_score index points (not a crime count)
20,2153,43060,23381.56674,53712.77181,30331.20507,129.7227231,priority_score index points (not a crime count)
20,2154,43080,23394.73913,53714.15211,30319.41298,129.5992779,priority_score index points (not a crime count)
20,2155,43100,23422.55887,53715.53058,30292.97171,129.3324606,priority_score index points (not a crime count)
20,2156,43120,23427.18143,53716.9074,30289.72597,129.2930865,priority_score index points (not a crime count)
20,2157,43140,23432.41661,53718.28245,30285.86585,129.247727,priority_score index points (not a crime count)
20,2158,43160,23434.71721,53719.65606,30284.93884,129.231083,priority_score index points (not a crime count)
20,2159,43180,23456.25013,53721.02794,30264.77782,129.0264968,priority_score index points (not a crime count)
20,2160,43200,23459.96019,53722.39802,30262.43783,128.9961176,priority_score index points (not a crime count)
20,2161,43220,23471.33225,53723.76604,30252.4338,128.8909955,priority_score index points (not a crime count)
20,2162,43240,23475.28892,53725.13233,30249.84342,128.858237,priority_score index points (not a crime count)
20,2163,43260,23478.36685,53726.49655,30248.12971,128.834045,priority_score index points (not a crime count)
20,2164,43280,23483.32461,53727.85903,30244.53442,128.7915358,priority_score index points (not a crime count)
20,2165,43300,23489.24865,53729.21912,30239.97046,128.7396243,priority_score index points (not a crime count)
20,2166,43320,23492.63551,53730.57743,30237.94191,128.7124295,priority_score index points (not a crime count)
20,2167,43340,23506.54137,53731.93437,30225.393,128.5829018,priority_score index points (not a crime count)
20,2168,43360,23513.83013,53733.28956,30219.45944,128.5178096,priority_score index points (not a crime count)
20,2169,43380,23548.15175,53734.64296,30186.49121,128.1904904,priority_score index points (not a crime count)
20,2170,43400,23565.38779,53735.99458,30170.60679,128.0293244,priority_score index points (not a crime count)
20,2171,43420,23593.19475,53737.34422,30144.14947,127.7662893,priority_score index points (not a crime count)
20,2172,43440,23597.08734,53738.6919,30141.60456,127.7344281,priority_score index points (not a crime count)
20,2173,43460,23601.38744,53740.03755,30138.65011,127.6986371,priority_score index points (not a crime count)
20,2174,43480,23603.43285,53741.3816,30137.94874,127.6845997,priority_score index points (not a crime count)
20,2175,43500,23617.42867,53742.72288,30125.29421,127.5553517,priority_score index points (not a crime count)
20,2176,43520,23655.94654,53744.062,30088.11547,127.1904949,priority_score index points (not a crime count)
20,2177,43540,23659.87928,53745.39819,30085.51891,127.1583787,priority_score index points (not a crime count)
20,2178,43560,23664.2209,53746.73223,30082.51133,127.1223399,priority_score index points (not a crime count)
20,2179,43580,23666.93073,53748.06465,30081.13392,127.1019646,priority_score index points (not a crime count)
20,2180,43600,23673.64115,53749.39552,30075.75437,127.0432131,priority_score index points (not a crime count)
20,2181,43620,23680.81311,53750.72447,30069.91136,126.9800628,priority_score index points (not a crime count)
20,2182,43640,23687.98394,53752.05185,30064.06791,126.9169549,priority_score index points (not a crime count)
20,2183,43660,23700.55416,53753.37784,30052.82368,126.8021983,priority_score index points (not a crime count)
20,2184,43680,23701.73727,53754.70153,30052.96426,126.7964619,priority_score index points (not a crime count)
20,2185,43700,23709.06433,53756.02269,30046.95837,126.731945,priority_score index points (not a crime count)
20,2186,43720,23717.11654,53757.34142,30040.22488,126.6605273,priority_score index points (not a crime count)
20,2187,43740,23722.35402,53758.6579,30036.30388,126.6160342,priority_score index points (not a crime count)
20,2188,43760,23725.77993,53759.97231,30034.19237,126.5888517,priority_score index points (not a crime count)
20,2189,43780,23759.38925,53761.28426,30001.89501,126.2738477,priority_score index points (not a crime count)
20,2190,43800,23788.46147,53762.59317,29974.1317,126.0028175,priority_score index points (not a crime count)
20,2191,43820,23803.65727,53763.89945,29960.24219,125.8640294,priority_score index points (not a crime count)
20,2192,43840,23830.86472,53765.20239,29934.33767,125.6116302,priority_score index points (not a crime count)
20,2193,43860,23839.40512,53766.5023,29927.09718,125.5362583,priority_score index points (not a crime count)
20,2194,43880,23843.47267,53767.79966,29924.32699,125.5032243,priority_score index points (not a crime count)
20,2195,43900,23845.54433,53769.09386,29923.54954,125.4890605,priority_score index points (not a crime count)
20,2196,43920,23857.35329,53770.38541,29913.03212,125.382861,priority_score index points (not a crime count)
20,2197,43940,23861.38467,53771.67397,29910.2893,125.3501828,priority_score index points (not a crime count)
20,2198,43960,23878.07557,53772.95857,29894.883,125.1980417,priority_score index points (not a crime count)
20,2199,43980,23885.60072,53774.24006,29888.63934,125.1324582,priority_score index points (not a crime count)
20,2200,44000,23890.88137,53775.51972,29884.63836,125.088053,priority_score index points (not a crime count)
20,2201,44020,23898.07992,53776.79713,29878.71721,125.0255975,priority_score index points (not a crime count)
20,2202,44040,23904.74596,53778.07178,29873.32582,124.9681794,priority_score index points (not a crime count)
20,2203,44060,23908.84317,53779.34364,29870.50047,124.9349467,priority_score index points (not a crime count)
20,2204,44080,23935.05711,53780.61281,29845.5557,124.693898,priority_score index points (not a crime count)
20,2205,44100,23936.3503,53781.87971,29845.52942,124.6870515,priority_score index points (not a crime count)
20,2206,44120,23937.87256,53783.14357,29845.27102,124.6780429,priority_score index points (not a crime count)
20,2207,44140,23953.04961,53784.40393,29831.35433,124.540945,priority_score index points (not a crime count)
20,2208,44160,23961.51522,53785.66131,29824.14609,124.466862,priority_score index points (not a crime count)
20,2209,44180,23966.58345,53786.91604,29820.33258,124.4246291,priority_score index points (not a crime count)
20,2210,44200,23990.25219,53788.16896,29797.91677,124.2084349,priority_score index points (not a crime count)
20,2211,44220,24034.03275,53789.41933,29755.38658,123.8052177,priority_score index points (not a crime count)
20,2212,44240,24036.08111,53790.66736,29754.58625,123.7913373,priority_score index points (not a crime count)
20,2213,44260,24053.53935,53791.91342,29738.37407,123.6340883,priority_score index points (not a crime count)
20,2214,44280,24066.46854,53793.15727,29726.68873,123.5191141,priority_score index points (not a crime count)
20,2215,44300,24080.49862,53794.39914,29713.90052,123.3940418,priority_score index points (not a crime count)
20,2216,44320,24093.67554,53795.63876,29701.96322,123.2770117,priority_score index points (not a crime count)
20,2217,44340,24105.17202,53796.87676,29691.70475,123.1756601,priority_score index points (not a crime count)
20,2218,44360,24115.62899,53798.11294,29682.48395,123.0840131,priority_score index points (not a crime count)
20,2219,44380,24120.7492,53799.34732,29678.59812,123.0417756,priority_score index points (not a crime count)
20,2220,44400,24134.09875,53800.58027,29666.48152,122.9235109,priority_score index points (not a crime count)
20,2221,44420,24139.28302,53801.81149,29662.52847,122.8807353,priority_score index points (not a crime count)
20,2222,44440,24146.27709,53803.04066,29656.76357,122.8212675,priority_score index points (not a crime count)
20,2223,44460,24155.11457,53804.26794,29649.15337,122.7448261,priority_score index points (not a crime count)
20,2224,44480,24161.63928,53805.49369,29643.85441,122.6897482,priority_score index points (not a crime count)
20,2225,44500,24170.61397,53806.71808,29636.10412,122.6121279,priority_score index points (not a crime count)
20,2226,44520,24177.04633,53807.94085,29630.89452,122.557959,priority_score index points (not a crime count)
20,2227,44540,24189.6511,53809.16202,29619.51093,122.4470366,priority_score index points (not a crime count)
20,2228,44560,24197.13725,53810.38113,29613.24388,122.3832538,priority_score index points (not a crime count)
20,2229,44580,24206.44248,53811.59834,29605.15585,122.3027955,priority_score index points (not a crime count)
20,2230,44600,24211.11152,53812.81342,29601.70191,122.2649439,priority_score index points (not a crime count)
20,2231,44620,24220.22969,53814.02687,29593.79717,122.186278,priority_score index points (not a crime count)
20,2232,44640,24229.34171,53815.23838,29585.89667,122.1077197,priority_score index points (not a crime count)
20,2233,44660,24234.95891,53816.44834,29581.48943,122.061232,priority_score index points (not a crime count)
20,2234,44680,24258.92492,53817.65662,29558.7317,121.8468329,priority_score index points (not a crime count)
20,2235,44700,24269.3049,53818.86314,29549.55824,121.7569204,priority_score index points (not a crime count)
20,2236,44720,24275.30974,53820.06794,29544.7582,121.7070288,priority_score index points (not a crime count)
20,2237,44740,24294.76403,53821.27112,29526.5071,121.5344469,priority_score index points (not a crime count)
20,2238,44760,24311.3124,53822.47303,29511.16063,121.3885953,priority_score index points (not a crime count)
20,2239,44780,24322.66518,53823.67334,29501.00816,121.2901956,priority_score index points (not a crime count)
20,2240,44800,24345.18668,53824.87135,29479.68467,121.090403,priority_score index points (not a crime count)
20,2241,44820,24376.06826,53826.06796,29449.9997,120.8152167,priority_score index points (not a crime count)
20,2242,44840,24380.82565,53827.2632,29446.43754,120.7770318,priority_score index points (not a crime count)
20,2243,44860,24386.00269,53828.45663,29442.45394,120.7350557,priority_score index points (not a crime count)
20,2244,44880,24394.59715,53829.64801,29435.05087,120.6621724,priority_score index points (not a crime count)
20,2245,44900,24395.63086,53830.83765,29435.20679,120.6576987,priority_score index points (not a crime count)
20,2246,44920,24420.08732,53832.02487,29411.93755,120.4415741,priority_score index points (not a crime count)
20,2247,44940,24426.32013,53833.21012,29406.89,120.3901768,priority_score index points (not a crime count)
20,2248,44960,24437.34866,53834.39402,29397.04536,120.2955597,priority_score index points (not a crime count)
20,2249,44980,24440.5562,53835.57644,29395.02023,120.2714864,priority_score index points (not a crime count)
20,2250,45000,24449.30221,53836.75683,29387.45462,120.1975188,priority_score index points (not a crime count)
20,2251,45020,24467.53285,53837.93493,29370.40207,120.0382656,priority_score index points (not a crime count)
20,2252,45040,24478.89884,53839.11094,29360.21209,119.9409021,priority_score index points (not a crime count)
20,2253,45060,24487.87313,53840.28486,29352.41173,119.8650923,priority_score index points (not a crime count)
20,2254,45080,24506.87982,53841.45713,29334.57731,119.699356,priority_score index points (not a crime count)
20,2255,45100,24515.11661,53842.62841,29327.5118,119.6303174,priority_score index points (not a crime count)
20,2256,45120,24531.85914,53843.79834,29311.9392,119.4851928,priority_score index points (not a crime count)
20,2257,45140,24536.60634,53844.96714,29308.3608,119.4474916,priority_score index points (not a crime count)
20,2258,45160,24556.5368,53846.13475,29289.59794,119.2741394,priority_score index points (not a crime count)
20,2259,45180,24567.9843,53847.30088,29279.31657,119.1767147,priority_score index points (not a crime count)
20,2260,45200,24577.4902,53848.46541,29270.97521,119.0966815,priority_score index points (not a crime count)
20,2261,45220,24582.38324,53849.6287,29267.24546,119.0578032,priority_score index points (not a crime count)
20,2262,45240,24585.1303,53850.79013,29265.65983,119.0380505,priority_score index points (not a crime count)
20,2263,45260,24591.42544,53851.95015,29260.5247,118.9866963,priority_score index points (not a crime count)
20,2264,45280,24603.96285,53853.10843,29249.14558,118.8798153,priority_score index points (not a crime count)
20,2265,45300,24610.21126,53854.26519,29244.05394,118.8289431,priority_score index points (not a crime count)
20,2266,45320,24619.22358,53855.42055,29236.19697,118.7535297,priority_score index points (not a crime count)
20,2267,45340,24627.86984,53856.5745,29228.70466,118.681416,priority_score index points (not a crime count)
20,2268,45360,24638.50671,53857.72655,29219.21983,118.5916832,priority_score index points (not a crime count)
20,2269,45380,24641.57872,53858.87704,29217.29832,118.5691008,priority_score index points (not a crime count)
20,2270,45400,24652.53841,53860.02575,29207.48734,118.476592,priority_score index points (not a crime count)
20,2271,45420,24655.19267,53861.17274,29205.98007,118.4577239,priority_score index points (not a crime count)
20,2272,45440,24687.64989,53862.31833,29174.66844,118.1751546,priority_score index points (not a crime count)
20,2273,45460,24692.97312,53863.46247,29170.48935,118.1327546,priority_score index points (not a crime count)
20,2274,45480,24697.36638,53864.60506,29167.23867,118.0985787,priority_score index points (not a crime count)
20,2275,45500,24713.96522,53865.74582,29151.78059,117.9567112,priority_score index points (not a crime count)
20,2276,45520,24731.48656,53866.88473,29135.39817,117.8069021,priority_score index points (not a crime count)
20,2277,45540,24755.88517,53868.02154,29112.13637,117.5968307,priority_score index points (not a crime count)
20,2278,45560,24771.75729,53869.15633,29097.39905,117.4619899,priority_score index points (not a crime count)
20,2279,45580,24776.64963,53870.28924,29093.63961,117.4236228,priority_score index points (not a crime count)
20,2280,45600,24808.17487,53871.42071,29063.24585,117.1518905,priority_score index points (not a crime count)
20,2281,45620,24823.92045,53872.55043,29048.62998,117.0187039,priority_score index points (not a crime count)
20,2282,45640,24826.53741,53873.67879,29047.14138,117.000373,priority_score index points (not a crime count)
20,2283,45660,24842.62768,53874.80539,29032.17771,116.8643595,priority_score index points (not a crime count)
20,2284,45680,24854.90115,53875.93043,29021.02928,116.7617972,priority_score index points (not a crime count)
20,2285,45700,24864.69264,53877.05376,29012.36111,116.6809561,priority_score index points (not a crime count)
20,2286,45720,24879.02715,53878.17525,28999.1481,116.5606193,priority_score index points (not a crime count)
20,2287,45740,24921.42677,53879.29539,28957.86862,116.1966724,priority_score index points (not a crime count)
20,2288,45760,24926.83871,53880.41418,28953.57547,116.1542216,priority_score index points (not a crime count)
20,2289,45780,24936.02031,53881.53051,28945.5102,116.079109,priority_score index points (not a crime count)
20,2290,45800,24942.65584,53882.64441,28939.98857,116.026091,priority_score index points (not a crime count)
20,2291,45820,24948.41379,53883.75687,28935.34308,115.9806925,priority_score index points (not a crime count)
20,2292,45840,24960.18714,53884.86743,28924.68029,115.8832669,priority_score index points (not a crime count)
20,2293,45860,24961.85465,53885.97604,28924.12139,115.8732866,priority_score index points (not a crime count)
20,2294,45880,24964.19047,53887.08267,28922.89219,115.8575209,priority_score index points (not a crime count)
20,2295,45900,24970.657,53888.18778,28917.53078,115.806047,priority_score index points (not a crime count)
20,2296,45920,24973.18656,53889.29091,28916.10435,115.788605,priority_score index points (not a crime count)
20,2297,45940,24977.71817,53890.39266,28912.67448,115.7538662,priority_score index points (not a crime count)
20,2298,45960,24978.73145,53891.49271,28912.76126,115.749518,priority_score index points (not a crime count)
20,2299,45980,24983.00684,53892.59123,28909.58439,115.7169935,priority_score index points (not a crime count)
20,2300,46000,25014.53936,53893.68748,28879.14811,115.44945,priority_score index points (not a crime count)
20,2301,46020,25021.72912,53894.78157,28873.05246,115.3919152,priority_score index points (not a crime count)
20,2302,46040,25029.02848,53895.87358,28866.8451,115.3334622,priority_score index points (not a crime count)
20,2303,46060,25038.95693,53896.96306,28858.00612,115.2524293,priority_score index points (not a crime count)
20,2304,46080,25060.00984,53898.05066,28838.04082,115.0759358,priority_score index points (not a crime count)
20,2305,46100,25087.2203,53899.13614,28811.91584,114.8469838,priority_score index points (not a crime count)
20,2306,46120,25102.48401,53900.21858,28797.73457,114.720657,priority_score index points (not a crime count)
20,2307,46140,25108.05665,53901.29885,28793.2422,114.677303,priority_score index points (not a crime count)
20,2308,46160,25114.1371,53902.37777,28788.24067,114.629623,priority_score index points (not a crime count)
20,2309,46180,25126.05684,53903.45468,28777.39784,114.5320893,priority_score index points (not a crime count)
20,2310,46200,25133.89732,53904.52895,28770.63163,114.4694404,priority_score index points (not a crime count)
20,2311,46220,25136.34488,53905.60068,28769.2558,114.4528209,priority_score index points (not a crime count)
20,2312,46240,25138.53044,53906.67068,28768.14024,114.4384327,priority_score index points (not a crime count)
20,2313,46260,25141.92998,53907.73903,28765.80905,114.4136869,priority_score index points (not a crime count)
20,2314,46280,25148.14193,53908.80574,28760.66381,114.3649654,priority_score index points (not a crime count)
20,2315,46300,25150.79529,53909.87037,28759.07509,114.3465833,priority_score index points (not a crime count)
20,2316,46320,25159.95877,53910.93372,28750.97495,114.2727427,priority_score index points (not a crime count)
20,2317,46340,25175.67907,53911.99564,28736.31657,114.1431637,priority_score index points (not a crime count)
20,2318,46360,25184.56622,53913.05585,28728.48963,114.0718064,priority_score index points (not a crime count)
20,2319,46380,25225.33711,53914.11393,28688.77682,113.7300037,priority_score index points (not a crime count)
20,2320,46400,25229.94534,53915.16995,28685.22461,113.6951516,priority_score index points (not a crime count)
20,2321,46420,25238.68723,53916.22401,28677.53678,113.6253107,priority_score index points (not a crime count)
20,2322,46440,25241.8738,53917.27663,28675.40284,113.6025125,priority_score index points (not a crime count)
20,2323,46460,25244.97889,53918.3274,28673.34851,113.580402,priority_score index points (not a crime count)
20,2324,46480,25265.03328,53919.37657,28654.3433,113.415023,priority_score index points (not a crime count)
20,2325,46500,25268.04436,53920.42424,28652.37988,113.3937374,priority_score index points (not a crime count)
20,2326,46520,25311.42893,53921.47031,28610.04138,113.0321068,priority_score index points (not a crime count)
20,2327,46540,25345.74929,53922.51499,28576.7657,112.7477644,priority_score index points (not a crime count)
20,2328,46560,25351.35562,53923.55787,28572.20225,112.70483,priority_score index points (not a crime count)
20,2329,46580,25363.52597,53924.59923,28561.07326,112.6068721,priority_score index points (not a crime count)
20,2330,46600,25401.24936,53925.63854,28524.38918,112.2952213,priority_score index points (not a crime count)
20,2331,46620,25404.42351,53926.67644,28522.25293,112.2727816,priority_score index points (not a crime count)
20,2332,46640,25406.43299,53927.71297,28521.27998,112.260072,priority_score index points (not a crime count)
20,2333,46660,25420.42989,53928.7477,28508.31781,112.1472687,priority_score index points (not a crime count)
20,2334,46680,25429.89819,53929.78106,28499.88287,112.0723436,priority_score index points (not a crime count)
20,2335,46700,25435.4961,53930.813,28495.31689,112.0297272,priority_score index points (not a crime count)
20,2336,46720,25437.08565,53931.84276,28494.75711,112.0205259,priority_score index points (not a crime count)
20,2337,46740,25443.2124,53932.8706,28489.6582,111.9735109,priority_score index points (not a crime count)
20,2338,46760,25445.8146,53933.89719,28488.08259,111.955868,priority_score index points (not a crime count)
20,2339,46780,25476.81732,53934.92248,28458.10516,111.7019634,priority_score index points (not a crime count)
20,2340,46800,25483.22002,53935.94649,28452.72648,111.6527914,priority_score index points (not a crime count)
20,2341,46820,25491.24938,53936.96889,28445.71951,111.5901347,priority_score index points (not a crime count)
20,2342,46840,25502.92328,53937.98961,28435.06633,111.4972822,priority_score index points (not a crime count)
20,2343,46860,25507.67749,53939.00823,28431.33074,111.461856,priority_score index points (not a crime count)
20,2344,46880,25513.30726,53940.02538,28426.71813,111.4191815,priority_score index points (not a crime count)
20,2345,46900,25524.40396,53941.04103,28416.63707,111.3312464,priority_score index points (not a crime count)
20,2346,46920,25537.61374,53942.05498,28404.44124,111.2259021,priority_score index points (not a crime count)
20,2347,46940,25540.44766,53943.06725,28402.61959,111.2064282,priority_score index points (not a crime count)
20,2348,46960,25580.25406,53944.07776,28363.82369,110.8817122,priority_score index points (not a crime count)
20,2349,46980,25604.46737,53945.08671,28340.61934,110.6862288,priority_score index points (not a crime count)
20,2350,47000,25609.86013,53946.09298,28336.23285,110.6457931,priority_score index points (not a crime count)
20,2351,47020,25635.31133,53947.09776,28311.78643,110.4405796,priority_score index points (not a crime count)
20,2352,47040,25641.59347,53948.10134,28306.50787,110.392936,priority_score index points (not a crime count)
20,2353,47060,25651.37362,53949.10341,28297.72979,110.3166255,priority_score index points (not a crime count)
20,2354,47080,25663.08969,53950.10397,28287.01428,110.2245078,priority_score index points (not a crime count)
20,2355,47100,25694.10016,53951.10311,28257.00295,109.9746742,priority_score index points (not a crime count)
20,2356,47120,25697.80893,53952.10048,28254.29156,109.9482514,priority_score index points (not a crime count)
20,2357,47140,25711.95631,53953.09582,28241.13951,109.8366035,priority_score index points (not a crime count)
20,2358,47160,25749.8857,53954.08948,28204.20378,109.5313746,priority_score index points (not a crime count)
20,2359,47180,25761.74271,53955.08117,28193.33846,109.4387859,priority_score index points (not a crime count)
20,2360,47200,25776.47485,53956.07168,28179.59682,109.3229271,priority_score index points (not a crime count)
20,2361,47220,25785.74942,53957.0606,28171.31118,109.2514734,priority_score index points (not a crime count)
20,2362,47240,25789.88763,53958.04769,28168.16006,109.2217247,priority_score index points (not a crime count)
20,2363,47260,25794.06808,53959.0333,28164.96523,109.1916372,priority_score index points (not a crime count)
20,2364,47280,25808.32152,53960.01734,28151.69582,109.0799175,priority_score index points (not a crime count)
20,2365,47300,25817.21826,53960.99985,28143.78159,109.0116732,priority_score index points (not a crime count)
20,2366,47320,25825.78346,53961.98084,28136.19738,108.9461523,priority_score index points (not a crime count)
20,2367,47340,25849.15369,53962.96077,28113.80708,108.761035,priority_score index points (not a crime count)
20,2368,47360,25850.86943,53963.93939,28113.06995,108.7509649,priority_score index points (not a crime count)
20,2369,47380,25870.27554,53964.91638,28094.64084,108.5981508,priority_score index points (not a crime count)
20,2370,47400,25874.00332,53965.89203,28091.88871,108.5718679,priority_score index points (not a crime count)
20,2371,47420,25877.13853,53966.86672,28089.72818,108.5503644,priority_score index points (not a crime count)
20,2372,47440,25878.20953,53967.84007,28089.63054,108.5454946,priority_score index points (not a crime count)
20,2373,47460,25886.3677,53968.81236,28082.44466,108.4835269,priority_score index points (not a crime count)
20,2374,47480,25894.24673,53969.78343,28075.5367,108.4238402,priority_score index points (not a crime count)
20,2375,47500,25896.48706,53970.7527,28074.26564,108.4095521,priority_score index points (not a crime count)
20,2376,47520,25902.51957,53971.72052,28069.20095,108.3647514,priority_score index points (not a crime count)
20,2377,47540,25907.37155,53972.68696,28065.31541,108.3294589,priority_score index points (not a crime count)
20,2378,47560,25925.80342,53973.65143,28047.84802,108.1850679,priority_score index points (not a crime count)
20,2379,47580,25929.52183,53974.61453,28045.0927,108.1589274,priority_score index points (not a crime count)
20,2380,47600,25936.60805,53975.57632,28038.96826,108.1057639,priority_score index points (not a crime count)
20,2381,47620,25963.96208,53976.53666,28012.57458,107.8902153,priority_score index points (not a crime count)
20,2382,47640,25980.66876,53977.49547,27996.82671,107.7602235,priority_score index points (not a crime count)
20,2383,47660,25982.95735,53978.45291,27995.49557,107.7456087,priority_score index points (not a crime count)
20,2384,47680,25995.63272,53979.40923,27983.7765,107.6479915,priority_score index points (not a crime count)
20,2385,47700,26014.86017,53980.36435,27965.50418,107.4981914,priority_score index points (not a crime count)
20,2386,47720,26018.7205,53981.31775,27962.59725,107.4710697,priority_score index points (not a crime count)
20,2387,47740,26032.07456,53982.26902,27950.19446,107.3682944,priority_score index points (not a crime count)
20,2388,47760,26044.19044,53983.21875,27939.02831,107.2754724,priority_score index points (not a crime count)
20,2389,47780,26064.90235,53984.1673,27919.26495,107.1144046,priority_score index points (not a crime count)
20,2390,47800,26110.11331,53985.11426,27875.00094,106.7594024,priority_score index points (not a crime count)
20,2391,47820,26114.42084,53986.05992,27871.63908,106.7289191,priority_score index points (not a crime count)
20,2392,47840,26126.37887,53987.00349,27860.62461,106.6379108,priority_score index points (not a crime count)
20,2393,47860,26132.00519,53987.94482,27855.93963,106.5970232,priority_score index points (not a crime count)
20,2394,47880,26156.38723,53988.88432,27832.49709,106.4080327,priority_score index points (not a crime count)
20,2395,47900,26160.37215,53989.82221,27829.45006,106.3801765,priority_score index points (not a crime count)
20,2396,47920,26164.89924,53990.75871,27825.85946,106.3480475,priority_score index points (not a crime count)
20,2397,47940,26171.12597,53991.69357,27820.56761,106.3025246,priority_score index points (not a crime count)
20,2398,47960,26174.07197,53992.6266,27818.55463,106.282869,priority_score index points (not a crime count)
20,2399,47980,26183.11028,53993.55755,27810.44727,106.2152165,priority_score index points (not a crime count)
20,2400,48000,26212.21728,53994.4867,27782.26942,105.9897723,priority_score index points (not a crime count)
20,2401,48020,26218.54419,53995.41407,27776.86988,105.9436011,priority_score index points (not a crime count)
20,2402,48040,26227.41107,53996.3401,27768.92903,105.8775072,priority_score index points (not a crime count)
20,2403,48060,26231.68867,53997.26496,27765.57629,105.8474605,priority_score index points (not a crime count)
20,2404,48080,26268.27087,53998.18859,27729.91773,105.5643056,priority_score index points (not a crime count)
20,2405,48100,26273.32787,53999.1107,27725.78283,105.5282489,priority_score index points (not a crime count)
20,2406,48120,26278.75384,54000.03124,27721.2774,105.4893149,priority_score index points (not a crime count)
20,2407,48140,26280.3262,54000.95032,27720.62412,105.4805177,priority_score index points (not a crime count)
20,2408,48160,26282.97433,54001.8676,27718.89327,105.4633046,priority_score index points (not a crime count)
20,2409,48180,26284.72276,54002.78364,27718.06089,105.4531225,priority_score index points (not a crime count)
20,2410,48200,26296.42377,54003.6984,27707.27464,105.3651815,priority_score index points (not a crime count)
20,2411,48220,26328.47484,54004.61163,27676.13679,105.118648,priority_score index points (not a crime count)
20,2412,48240,26349.15997,54005.52264,27656.36267,104.9610792,priority_score index points (not a crime count)
20,2413,48260,26358.44725,54006.43187,27647.98462,104.8923116,priority_score index points (not a crime count)
20,2414,48280,26360.40529,54007.33969,27646.9344,104.8805361,priority_score index points (not a crime count)
20,2415,48300,26386.64302,54008.24557,27621.60255,104.6802449,priority_score index points (not a crime count)
20,2416,48320,26398.52683,54009.1492,27610.62237,104.5915272,priority_score index points (not a crime count)
20,2417,48340,26426.6032,54010.0504,27583.4472,104.3775736,priority_score index points (not a crime count)
20,2418,48360,26449.01056,54010.94892,27561.93837,104.207824,priority_score index points (not a crime count)
20,2419,48380,26451.76013,54011.84444,27560.08431,104.1899827,priority_score index points (not a crime count)
20,2420,48400,26475.14944,54012.73721,27537.58777,104.0129644,priority_score index points (not a crime count)
20,2421,48420,26502.28985,54013.62786,27511.33801,103.8073999,priority_score index points (not a crime count)
20,2422,48440,26503.87051,54014.51625,27510.64574,103.798597,priority_score index points (not a crime count)
20,2423,48460,26516.14727,54015.40177,27499.25449,103.7075794,priority_score index points (not a crime count)
20,2424,48480,26541.87233,54016.28492,27474.41259,103.5134683,priority_score index points (not a crime count)
20,2425,48500,26560.59283,54017.16586,27456.57304,103.3733442,priority_score index points (not a crime count)
20,2426,48520,26563.67053,54018.04474,27454.37421,103.3530896,priority_score index points (not a crime count)
20,2427,48540,26573.18507,54018.92164,27445.73657,103.2835789,priority_score index points (not a crime count)
20,2428,48560,26577.71999,54019.79641,27442.07642,103.2521843,priority_score index points (not a crime count)
20,2429,48580,26578.78202,54020.66931,27441.88729,103.2473469,priority_score index points (not a crime count)
20,2430,48600,26584.94195,54021.53926,27436.5973,103.2035253,priority_score index points (not a crime count)
20,2431,48620,26612.39413,54022.40673,27410.0126,102.9971692,priority_score index points (not a crime count)
20,2432,48640,26614.24084,54023.27226,27409.03143,102.9863357,priority_score index points (not a crime count)
20,2433,48660,26633.70661,54024.13598,27390.42937,102.8412221,priority_score index points (not a crime count)
20,2434,48680,26635.73322,54024.99712,27389.26391,102.8290218,priority_score index points (not a crime count)
20,2435,48700,26640.93127,54025.85634,27384.92507,102.7926719,priority_score index points (not a crime count)
20,2436,48720,26648.10246,54026.71341,27378.61095,102.7413152,priority_score index points (not a crime count)
20,2437,48740,26649.1078,54027.5681,27378.4603,102.736874,priority_score index points (not a crime count)
20,2438,48760,26654.73757,54028.42139,27373.68381,102.697255,priority_score index points (not a crime count)
20,2439,48780,26660.36422,54029.27277,27368.90855,102.6576693,priority_score index points (not a crime count)
20,2440,48800,26683.81389,54030.12149,27346.3076,102.4827549,priority_score index points (not a crime count)
20,2441,48820,26685.62887,54030.96819,27345.33932,102.4721563,priority_score index points (not a crime count)
20,2442,48840,26696.72434,54031.81339,27335.08905,102.3911724,priority_score index points (not a crime count)
20,2443,48860,26710.97089,54032.65707,27321.68618,102.2863837,priority_score index points (not a crime count)
20,2444,48880,26715.64797,54033.49873,27317.85076,102.2541201,priority_score index points (not a crime count)
20,2445,48900,26729.58932,54034.33921,27304.7499,102.1517748,priority_score index points (not a crime count)
20,2446,48920,26733.89522,54035.17716,27301.28194,102.1223496,priority_score index points (not a crime count)
20,2447,48940,26749.79191,54036.01296,27286.22105,102.0053582,priority_score index points (not a crime count)
20,2448,48960,26755.71093,54036.84692,27281.13599,101.9637866,priority_score index points (not a crime count)
20,2449,48980,26766.79265,54037.67949,27270.88684,101.883282,priority_score index points (not a crime count)
20,2450,49000,26775.67086,54038.51082,27262.83995,101.8194468,priority_score index points (not a crime count)
20,2451,49020,26779.99209,54039.34097,27259.34888,101.7899811,priority_score index points (not a crime count)
20,2452,49040,26780.99346,54040.16915,27259.17569,101.7855283,priority_score index points (not a crime count)
20,2453,49060,26795.6775,54040.99536,27245.31786,101.6780332,priority_score index points (not a crime count)
20,2454,49080,26801.72188,54041.81991,27240.09803,101.6356269,priority_score index points (not a crime count)
20,2455,49100,26829.03897,54042.6425,27213.60352,101.4333892,priority_score index points (not a crime count)
20,2456,49120,26849.18974,54043.46372,27194.27398,101.2852687,priority_score index points (not a crime count)
20,2457,49140,26850.63713,54044.28364,27193.64651,101.277472,priority_score index points (not a crime count)
20,2458,49160,26855.55924,54045.10166,27189.54242,101.2436277,priority_score index points (not a crime count)
20,2459,49180,26867.18778,54045.91823,27178.73046,101.1595656,priority_score index points (not a crime count)
20,2460,49200,26868.87317,54046.73351,27177.86034,101.1499819,priority_score index points (not a crime count)
20,2461,49220,26870.01614,54047.54775,27177.53161,101.1444558,priority_score index points (not a crime count)
20,2462,49240,26871.87648,54048.36043,27176.48395,101.1335549,priority_score index points (not a crime count)
20,2463,49260,26874.05618,54049.17174,27175.11556,101.1202603,priority_score index points (not a crime count)
20,2464,49280,26904.27241,54049.98082,27145.70841,100.8973891,priority_score index points (not a crime count)
20,2465,49300,26913.34158,54050.78816,27137.44658,100.8326911,priority_score index points (not a crime count)
20,2466,49320,26917.14534,54051.59423,27134.44889,100.8073054,priority_score index points (not a crime count)
20,2467,49340,26923.4146,54052.39874,27128.98414,100.7635345,priority_score index points (not a crime count)
20,2468,49360,26932.85244,54053.20158,27120.34914,100.6961636,priority_score index points (not a crime count)
20,2469,49380,26936.07684,54054.00261,27117.92577,100.6751129,priority_score index points (not a crime count)
20,2470,49400,26941.7846,54054.80189,27113.01729,100.6355655,priority_score index points (not a crime count)
20,2471,49420,26945.46285,54055.59976,27110.13691,100.6111384,priority_score index points (not a crime count)
20,2472,49440,26953.55494,54056.3955,27102.84056,100.5538625,priority_score index points (not a crime count)
20,2473,49460,26961.23814,54057.18946,27095.95132,100.499655,priority_score index points (not a crime count)
20,2474,49480,26963.29391,54057.98192,27094.68801,100.4873073,priority_score index points (not a crime count)
20,2475,49500,27008.31497,54058.77323,27050.45825,100.1560382,priority_score index points (not a crime count)
20,2476,49520,27008.58863,54059.563,27050.97437,100.1569343,priority_score index points (not a crime count)
20,2477,49540,27021.43985,54060.35071,27038.91086,100.0646561,priority_score index points (not a crime count)
20,2478,49560,27025.27567,54061.13708,27035.86141,100.0391698,priority_score index points (not a crime count)
20,2479,49580,27038.37126,54061.92242,27023.55116,99.94518865,priority_score index points (not a crime count)
20,2480,49600,27073.76347,54062.70667,26988.9432,99.68670675,priority_score index points (not a crime count)
20,2481,49620,27078.22738,54063.48974,26985.26236,99.65667983,priority_score index points (not a crime count)
20,2482,49640,27084.53497,54064.27148,26979.73651,99.61306901,priority_score index points (not a crime count)
20,2483,49660,27086.25752,54065.05204,26978.79452,99.6032564,priority_score index points (not a crime count)
20,2484,49680,27093.03326,54065.83092,26972.79766,99.55621212,priority_score index points (not a crime count)
20,2485,49700,27094.94814,54066.6083,26971.66016,99.54497797,priority_score index points (not a crime count)
20,2486,49720,27098.19714,54067.38442,26969.18728,99.52391718,priority_score index points (not a crime count)
20,2487,49740,27105.45341,54068.15906,26962.70565,99.47336148,priority_score index points (not a crime count)
20,2488,49760,27130.94607,54068.93246,26937.98638,99.28878376,priority_score index points (not a crime count)
20,2489,49780,27131.89168,54069.70414,26937.81246,99.2846823,priority_score index points (not a crime count)
20,2490,49800,27132.47258,54070.47471,26938.00213,99.28325574,priority_score index points (not a crime count)
20,2491,49820,27136.83271,54071.24417,26934.41145,99.2540719,priority_score index points (not a crime count)
20,2492,49840,27143.64831,54072.01212,26928.36381,99.20686972,priority_score index points (not a crime count)
20,2493,49860,27145.69524,54072.77883,26927.08358,99.19467284,priority_score index points (not a crime count)
20,2494,49880,27164.04561,54073.54419,26909.49857,99.06292663,priority_score index points (not a crime count)
20,2495,49900,27185.05053,54074.30823,26889.2577,98.91192837,priority_score index points (not a crime count)
20,2496,49920,27208.12907,54075.07062,26866.94155,98.74600887,priority_score index points (not a crime count)
20,2497,49940,27217.11998,54075.83188,26858.7119,98.68315206,priority_score index points (not a crime count)
20,2498,49960,27258.43555,54076.59198,26818.15643,98.3847968,priority_score index points (not a crime count)
20,2499,49980,27261.20168,54077.35115,26816.14946,98.36745194,priority_score index points (not a crime count)
20,2500,50000,27262.35558,54078.10886,26815.75328,98.36183526,priority_score index points (not a crime count)
20,2501,50020,27262.82129,54078.86518,26816.0439,98.361221,priority_score index points (not a crime count)
20,2502,50040,27266.15601,54079.62044,26813.46443,98.33973083,priority_score index points (not a crime count)
20,2503,50060,27266.96236,54080.3748,26813.41244,98.33663202,priority_score index points (not a crime count)
20,2504,50080,27272.76073,54081.12809,26808.36737,98.29722643,priority_score index points (not a crime count)
20,2505,50100,27274.61112,54081.88034,26807.26922,98.28653139,priority_score index points (not a crime count)
20,2506,50120,27277.39995,54082.63148,26805.23153,98.26901235,priority_score index points (not a crime count)
20,2507,50140,27284.1995,54083.38172,26799.18223,98.22235111,priority_score index points (not a crime count)
20,2508,50160,27299.05294,54084.13096,26785.07802,98.11724265,priority_score index points (not a crime count)
20,2509,50180,27299.60113,54084.87918,26785.27805,98.11600516,priority_score index points (not a crime count)
20,2510,50200,27310.03151,54085.62634,26775.59483,98.04307559,priority_score index points (not a crime count)
20,2511,50220,27317.38787,54086.37237,26768.9845,97.99247507,priority_score index points (not a crime count)
20,2512,50240,27321.55921,54087.11729,26765.55808,97.96497289,priority_score index points (not a crime count)
20,2513,50260,27329.87944,54087.86113,26757.98168,97.90742669,priority_score index points (not a crime count)
20,2514,50280,27334.5648,54088.60405,26754.03925,97.8762217,priority_score index points (not a crime count)
20,2515,50300,27350.50321,54089.34614,26738.84293,97.76362331,priority_score index points (not a crime count)
20,2516,50320,27356.62646,54090.08726,26733.46081,97.7220669,priority_score index points (not a crime count)
20,2517,50340,27362.57907,54090.82723,26728.24816,97.68175758,priority_score index points (not a crime count)
20,2518,50360,27366.97689,54091.56637,26724.58948,97.65269137,priority_score index points (not a crime count)
20,2519,50380,27369.78548,54092.30474,26722.51925,97.63510667,priority_score index points (not a crime count)
20,2520,50400,27372.07999,54093.0419,26720.96191,97.62123274,priority_score index points (not a crime count)
20,2521,50420,27396.46853,54093.77792,26697.30939,97.44799537,priority_score index points (not a crime count)
20,2522,50440,27402.11924,54094.51265,26692.39341,97.40996004,priority_score index points (not a crime count)
20,2523,50460,27467.92736,54095.24609,26627.31873,96.93967215,priority_score index points (not a crime count)
20,2524,50480,27491.01892,54095.97832,26604.95939,96.77691274,priority_score index points (not a crime count)
20,2525,50500,27504.62047,54096.70886,26592.0884,96.68225899,priority_score index points (not a crime count)
20,2526,50520,27515.36823,54097.43816,26582.06994,96.60808358,priority_score index points (not a crime count)
20,2527,50540,27535.94901,54098.16654,26562.21753,96.46378094,priority_score index points (not a crime count)
20,2528,50560,27551.42496,54098.89392,26547.46896,96.35606507,priority_score index points (not a crime count)
20,2529,50580,27563.29434,54099.61989,26536.32555,96.27414351,priority_score index points (not a crime count)
20,2530,50600,27564.30771,54100.34463,26536.03692,96.26955701,priority_score index points (not a crime count)
20,2531,50620,27576.62937,54101.06839,26524.43902,96.18448529,priority_score index points (not a crime count)
20,2532,50640,27578.76599,54101.79113,26523.02514,96.17190683,priority_score index points (not a crime count)
20,2533,50660,27579.91521,54102.51303,26522.59782,96.16635011,priority_score index points (not a crime count)
20,2534,50680,27587.73648,54103.23371,26515.49723,96.11334824,priority_score index points (not a crime count)
20,2535,50700,27591.25887,54103.95316,26512.69428,96.09091925,priority_score index points (not a crime count)
20,2536,50720,27593.74481,54104.67117,26510.92636,96.0758554,priority_score index points (not a crime count)
20,2537,50740,27597.29209,54105.38805,26508.09596,96.05324998,priority_score index points (not a crime count)
20,2538,50760,27598.86596,54106.10361,26507.23764,96.04466241,priority_score index points (not a crime count)
20,2539,50780,27614.89195,54106.81801,26491.92606,95.93347714,priority_score index points (not a crime count)
20,2540,50800,27619.3585,54107.53134,26488.17283,95.90437385,priority_score index points (not a crime count)
20,2541,50820,27683.53471,54108.24334,26424.70864,95.45279864,priority_score index points (not a crime count)
20,2542,50840,27687.19248,54108.9539,26421.76142,95.42954359,priority_score index points (not a crime count)
20,2543,50860,27697.87355,54109.66327,26411.78972,95.35674164,priority_score index points (not a crime count)
20,2544,50880,27717.80117,54110.37153,26392.57036,95.21884583,priority_score index points (not a crime count)
20,2545,50900,27721.36501,54111.07849,26389.71349,95.19629888,priority_score index points (not a crime count)
20,2546,50920,27725.06686,54111.78412,26386.71726,95.17278135,priority_score index points (not a crime count)
20,2547,50940,27727.4807,54112.48865,26385.00795,95.15833131,priority_score index points (not a crime count)
20,2548,50960,27760.71173,54113.19215,26352.48042,94.92725069,priority_score index points (not a crime count)
20,2549,50980,27772.35451,54113.89422,26341.53971,94.84806085,priority_score index points (not a crime count)
20,2550,51000,27773.88334,54114.59483,26340.71149,94.83985789,priority_score index points (not a crime count)
20,2551,51020,27780.20659,54115.29412,26335.08753,94.79802623,priority_score index points (not a crime count)
20,2552,51040,27788.6023,54115.99204,26327.38974,94.74168385,priority_score index points (not a crime count)
20,2553,51060,27793.73089,54116.68866,26322.95777,94.70825585,priority_score index points (not a crime count)
20,2554,51080,27796.06847,54117.38425,26321.31578,94.69438386,priority_score index points (not a crime count)
20,2555,51100,27813.47009,54118.07865,26304.60856,94.57506912,priority_score index points (not a crime count)
20,2556,51120,27824.39426,54118.77149,26294.37723,94.50116678,priority_score index points (not a crime count)
20,2557,51140,27845.14082,54119.4629,26274.32209,94.35873303,priority_score index points (not a crime count)
20,2558,51160,27873.97186,54120.15332,26246.18145,94.16017775,priority_score index points (not a crime count)
20,2559,51180,27886.15809,54120.8426,26234.68452,94.07780173,priority_score index points (not a crime count)
20,2560,51200,27890.60611,54121.53077,26230.92466,94.04931736,priority_score index points (not a crime count)
20,2561,51220,27895.51602,54122.21719,26226.70116,94.01762326,priority_score index points (not a crime count)
20,2562,51240,28039.1041,54122.90202,26083.79793,93.02650268,priority_score index points (not a crime count)
20,2563,51260,28041.49716,54123.58576,26082.0886,93.01246809,priority_score index points (not a crime count)
20,2564,51280,28052.24475,54124.26828,26072.02353,92.94095272,priority_score index points (not a crime count)
20,2565,51300,28054.43083,54124.94959,26070.51875,92.92834671,priority_score index points (not a crime count)
20,2566,51320,28056.64894,54125.62944,26068.9805,92.91551731,priority_score index points (not a crime count)
20,2567,51340,28061.99519,54126.30746,26064.31226,92.88117998,priority_score index points (not a crime count)
20,2568,51360,28068.65836,54126.98376,26058.32539,92.8378017,priority_score index points (not a crime count)
20,2569,51380,28070.88304,54127.6587,26056.77566,92.82492333,priority_score index points (not a crime count)
20,2570,51400,28082.35785,54128.33224,26045.97439,92.74853107,priority_score index points (not a crime count)
20,2571,51420,28089.66049,54129.00458,26039.34409,92.70081458,priority_score index points (not a crime count)
20,2572,51440,28096.81859,54129.67547,26032.85688,92.65410886,priority_score index points (not a crime count)
20,2573,51460,28108.49241,54130.34493,26021.85252,92.57647881,priority_score index points (not a crime count)
20,2574,51480,28113.58918,54131.01256,26017.42338,92.54394099,priority_score index points (not a crime count)
20,2575,51500,28120.72901,54131.67813,26010.94912,92.49742108,priority_score index points (not a crime count)
20,2576,51520,28125.11185,54132.34244,26007.23059,92.46978544,priority_score index points (not a crime count)
20,2577,51540,28128.63725,54133.00568,26004.36843,92.44802084,priority_score index points (not a crime count)
20,2578,51560,28141.96617,54133.66754,25991.70137,92.35922325,priority_score index points (not a crime count)
20,2579,51580,28144.27067,54134.32836,25990.05768,92.34582053,priority_score index points (not a crime count)
20,2580,51600,28146.30841,54134.98787,25988.67946,92.33423824,priority_score index points (not a crime count)
20,2581,51620,28154.60955,54135.64603,25981.03648,92.27986785,priority_score index points (not a crime count)
20,2582,51640,28163.21608,54136.30257,25973.0865,92.22343936,priority_score index points (not a crime count)
20,2583,51660,28180.07838,54136.95756,25956.87918,92.11074162,priority_score index points (not a crime count)
20,2584,51680,28190.95639,54137.61139,25946.655,92.03893135,priority_score index points (not a crime count)
20,2585,51700,28195.14969,54138.26324,25943.11355,92.01268245,priority_score index points (not a crime count)
20,2586,51720,28196.84124,54138.91354,25942.0723,92.00346975,priority_score index points (not a crime count)
20,2587,51740,28203.82659,54139.56274,25935.73615,91.95821733,priority_score index points (not a crime count)
20,2588,51760,28210.35563,54140.21084,25929.85521,91.91608766,priority_score index points (not a crime count)
20,2589,51780,28235.8471,54140.85758,25905.01048,91.74511532,priority_score index points (not a crime count)
20,2590,51800,28242.25634,54141.50261,25899.24627,91.703885,priority_score index points (not a crime count)
20,2591,51820,28245.0317,54142.14594,25897.11425,91.68732584,priority_score index points (not a crime count)
20,2592,51840,28251.50942,54142.78788,25891.27847,91.64564656,priority_score index points (not a crime count)
20,2593,51860,28257.23061,54143.42863,25886.19803,91.60911197,priority_score index points (not a crime count)
20,2594,51880,28263.72282,54144.06819,25880.34537,91.56736196,priority_score index points (not a crime count)
20,2595,51900,28268.88201,54144.70651,25875.82449,91.53465807,priority_score index points (not a crime count)
20,2596,51920,28274.37532,54145.34367,25870.96835,91.49969913,priority_score index points (not a crime count)
20,2597,51940,28276.2685,54145.97954,25869.71105,91.48912648,priority_score index points (not a crime count)
20,2598,51960,28280.03613,54146.61408,25866.57795,91.4658589,priority_score index points (not a crime count)
20,2599,51980,28291.2792,54147.24729,25855.96809,91.39200781,priority_score index points (not a crime count)
20,2600,52000,28300.4147,54147.87874,25847.46404,91.33245682,priority_score index points (not a crime count)
20,2601,52020,28310.04737,54148.50891,25838.46154,91.26958071,priority_score index points (not a crime count)
20,2602,52040,28317.07917,54149.13792,25832.05875,91.2243053,priority_score index points (not a crime count)
20,2603,52060,28319.42429,54149.76557,25830.34129,91.21068643,priority_score index points (not a crime count)
20,2604,52080,28365.63552,54150.39168,25784.75616,90.90138716,priority_score index points (not a crime count)
20,2605,52100,28390.25902,54151.01638,25760.75736,90.73801456,priority_score index points (not a crime count)
20,2606,52120,28390.93032,54151.63981,25760.70949,90.73570045,priority_score index points (not a crime count)
20,2607,52140,28399.14346,54152.26175,25753.11829,90.68272897,priority_score index points (not a crime count)
20,2608,52160,28402.86829,54152.88258,25750.01429,90.65990808,priority_score index points (not a crime count)
20,2609,52180,28405.58958,54153.50175,25747.91217,90.6438224,priority_score index points (not a crime count)
20,2610,52200,28411.89697,54154.11958,25742.22261,90.60367438,priority_score index points (not a crime count)
20,2611,52220,28433.92343,54154.73638,25720.81295,90.45819163,priority_score index points (not a crime count)
20,2612,52240,28434.76793,54155.35209,25720.58415,90.45470044,priority_score index points (not a crime count)
20,2613,52260,28458.93394,54155.96649,25697.03255,90.29513403,priority_score index points (not a crime count)
20,2614,52280,28480.74121,54156.57959,25675.83838,90.15158064,priority_score index points (not a crime count)
20,2615,52300,28483.13506,54157.1917,25674.05664,90.13774847,priority_score index points (not a crime count)
20,2616,52320,28499.81509,54157.80281,25657.98772,90.02861122,priority_score index points (not a crime count)
20,2617,52340,28508.03907,54158.41278,25650.37371,89.97593153,priority_score index points (not a crime count)
20,2618,52360,28514.50485,54159.02136,25644.51652,89.93498802,priority_score index points (not a crime count)
20,2619,52380,28516.89875,54159.62846,25642.72971,89.92117248,priority_score index points (not a crime count)
20,2620,52400,28517.64634,54160.2338,25642.58746,89.9183164,priority_score index points (not a crime count)
20,2621,52420,28534.94171,54160.83779,25625.89608,89.80532129,priority_score index points (not a crime count)
20,2622,52440,28544.1407,54161.44087,25617.30018,89.74626507,priority_score index points (not a crime count)
20,2623,52460,28545.81031,54162.04302,25616.23271,89.73727643,priority_score index points (not a crime count)
20,2624,52480,28546.74891,54162.64371,25615.8948,89.73314221,priority_score index points (not a crime count)
20,2625,52500,28554.63183,54163.24303,25608.6112,89.68286251,priority_score index points (not a crime count)
20,2626,52520,28581.54182,54163.84128,25582.29946,89.5063661,priority_score index points (not a crime count)
20,2627,52540,28588.86081,54164.43838,25575.57757,89.45993945,priority_score index points (not a crime count)
20,2628,52560,28590.1448,54165.03441,25574.88961,89.45351552,priority_score index points (not a crime count)
20,2629,52580,28597.11936,54165.62906,25568.5097,89.40938906,priority_score index points (not a crime count)
20,2630,52600,28611.91231,54166.22251,25554.3102,89.3135346,priority_score index points (not a crime count)
20,2631,52620,28625.26292,54166.8148,25541.55188,89.22730932,priority_score index points (not a crime count)
20,2632,52640,28656.68668,54167.40589,25510.71921,89.02187294,priority_score index points (not a crime count)
20,2633,52660,28667.74738,54167.99582,25500.24844,88.95100162,priority_score index points (not a crime count)
20,2634,52680,28683.27327,54168.58429,25485.31102,88.85077647,priority_score index points (not a crime count)
20,2635,52700,28688.54713,54169.17115,25480.62402,88.81810539,priority_score index points (not a crime count)
20,2636,52720,28703.4067,54169.75678,25466.35008,88.72239575,priority_score index points (not a crime count)
20,2637,52740,28718.71868,54170.34138,25451.62271,88.62381011,priority_score index points (not a crime count)
20,2638,52760,28727.35691,54170.92524,25443.56833,88.56912389,priority_score index points (not a crime count)
20,2639,52780,28773.56588,54171.50765,25397.94177,88.26831502,priority_score index points (not a crime count)
20,2640,52800,28788.17837,54172.08887,25383.9105,88.17477152,priority_score index points (not a crime count)
20,2641,52820,28802.12702,54172.6684,25370.54139,88.08565205,priority_score index points (not a crime count)
20,2642,52840,28805.78996,54173.24677,25367.45681,88.06374292,priority_score index points (not a crime count)
20,2643,52860,28819.91358,54173.82413,25353.91055,87.97358285,priority_score index points (not a crime count)
20,2644,52880,28832.55185,54174.40038,25341.84853,87.89318636,priority_score index points (not a crime count)
20,2645,52900,28855.01188,54174.97571,25319.96384,87.74892884,priority_score index points (not a crime count)
20,2646,52920,28857.99189,54175.55,25317.55811,87.73153102,priority_score index points (not a crime count)
20,2647,52940,28866.22737,54176.12317,25309.8958,87.6799572,priority_score index points (not a crime count)
20,2648,52960,28870.00011,54176.69562,25306.69551,87.65741395,priority_score index points (not a crime count)
20,2649,52980,28873.25383,54177.26697,25304.01315,87.63824577,priority_score index points (not a crime count)
20,2650,53000,28886.3464,54177.8371,25291.49071,87.5551735,priority_score index points (not a crime count)
20,2651,53020,28894.51489,54178.4062,25283.8913,87.5041211,priority_score index points (not a crime count)
20,2652,53040,28900.03504,54178.97411,25278.93907,87.47027133,priority_score index points (not a crime count)
20,2653,53060,28907.54476,54179.54131,25271.99655,87.4235317,priority_score index points (not a crime count)
20,2654,53080,28909.97228,54180.10752,25270.13523,87.40975253,priority_score index points (not a crime count)
20,2655,53100,28914.83917,54180.67244,25265.83326,87.38016184,priority_score index points (not a crime count)
20,2656,53120,28916.06507,54181.2359,25265.17083,87.37416645,priority_score index points (not a crime count)
20,2657,53140,28928.45343,54181.79808,25253.34465,87.29586843,priority_score index points (not a crime count)
20,2658,53160,28938.59386,54182.35932,25243.76546,87.23217712,priority_score index points (not a crime count)
20,2659,53180,28940.62876,54182.91902,25242.29026,87.22094626,priority_score index points (not a crime count)
20,2660,53200,28942.76416,54183.47734,25240.71318,87.20906216,priority_score index points (not a crime count)
20,2661,53220,28944.92632,54184.03464,25239.10831,87.19700314,priority_score index points (not a crime count)
20,2662,53240,28945.45009,54184.59068,25239.14059,87.19553682,priority_score index points (not a crime count)
20,2663,53260,28948.86896,54185.14577,25236.27681,87.17534644,priority_score index points (not a crime count)
20,2664,53280,28957.44957,54185.69993,25228.25035,87.12179672,priority_score index points (not a crime count)
20,2665,53300,28962.46287,54186.25316,25223.79029,87.09131682,priority_score index points (not a crime count)
20,2666,53320,28980.36284,54186.80554,25206.4427,86.97766426,priority_score index points (not a crime count)
20,2667,53340,29012.04984,54187.3566,25175.30677,86.77534648,priority_score index points (not a crime count)
20,2668,53360,29020.65295,54187.90689,25167.25394,86.72187351,priority_score index points (not a crime count)
20,2669,53380,29032.8327,54188.45622,25155.62353,86.64543274,priority_score index points (not a crime count)
20,2670,53400,29034.80096,54189.0044,25154.20344,86.63466806,priority_score index points (not a crime count)
20,2671,53420,29040.8956,54189.55166,25148.65606,86.59738463,priority_score index points (not a crime count)
20,2672,53440,29045.39645,54190.09801,25144.70155,86.57035063,priority_score index points (not a crime count)
20,2673,53460,29060.33134,54190.64364,25130.31231,86.47634474,priority_score index points (not a crime count)
20,2674,53480,29063.63171,54191.18849,25127.55678,86.45704372,priority_score index points (not a crime count)
20,2675,53500,29067.7368,54191.7326,25123.9958,86.43258324,priority_score index points (not a crime count)
20,2676,53520,29073.47152,54192.27546,25118.80394,86.39767674,priority_score index points (not a crime count)
20,2677,53540,29080.51421,54192.81693,25112.30272,86.3543971,priority_score index points (not a crime count)
20,2678,53560,29091.36695,54193.35735,25101.9904,86.28673396,priority_score index points (not a crime count)
20,2679,53580,29103.79971,54193.89691,25090.0972,86.20900861,priority_score index points (not a crime count)
20,2680,53600,29118.99151,54194.43549,25075.44398,86.11371028,priority_score index points (not a crime count)
20,2681,53620,29121.84813,54194.97309,25073.12496,86.09730006,priority_score index points (not a crime count)
20,2682,53640,29126.57611,54195.5095,25068.93339,86.06893338,priority_score index points (not a crime count)
20,2683,53660,29131.09992,54196.04483,25064.94491,86.04187613,priority_score index points (not a crime count)
20,2684,53680,29138.65514,54196.579,25057.92386,85.99547146,priority_score index points (not a crime count)
20,2685,53700,29144.03152,54197.11215,25053.08062,85.96298904,priority_score index points (not a crime count)
20,2686,53720,29151.32228,54197.64427,25046.32199,85.91830503,priority_score index points (not a crime count)
20,2687,53740,29165.2511,54198.17546,25032.92436,85.83133494,priority_score index points (not a crime count)
20,2688,53760,29168.0905,54198.70555,25030.61506,85.81506239,priority_score index points (not a crime count)
20,2689,53780,29170.08636,54199.23465,25029.14829,85.80416245,priority_score index points (not a crime count)
20,2690,53800,29178.86322,54199.76253,25020.89931,85.75008259,priority_score index points (not a crime count)
20,2691,53820,29182.76761,54200.28931,25017.52171,85.72703605,priority_score index points (not a crime count)
20,2692,53840,29196.46215,54200.81485,25004.3527,85.64172115,priority_score index points (not a crime count)
20,2693,53860,29202.8714,54201.3392,24998.46779,85.60277327,priority_score index points (not a crime count)
20,2694,53880,29212.32549,54201.86248,24989.53699,85.54449731,priority_score index points (not a crime count)
20,2695,53900,29217.0849,54202.38458,24985.29968,85.5160594,priority_score index points (not a crime count)
20,2696,53920,29229.61471,54202.90564,24973.29093,85.4383172,priority_score index points (not a crime count)
20,2697,53940,29249.15105,54203.42524,24954.27419,85.31623411,priority_score index points (not a crime count)
20,2698,53960,29270.01457,54203.94357,24933.929,85.18591249,priority_score index points (not a crime count)
20,2699,53980,29282.88883,54204.46066,24921.57183,85.10626113,priority_score index points (not a crime count)
20,2700,54000,29292.17926,54204.97656,24912.79731,85.04931329,priority_score index points (not a crime count)
20,2701,54020,29297.49259,54205.49146,24907.99887,85.01751063,priority_score index points (not a crime count)
20,2702,54040,29311.2908,54206.0052,24894.7144,84.93216681,priority_score index points (not a crime count)
20,2703,54060,29327.50472,54206.51763,24879.01291,84.83167302,priority_score index points (not a crime count)
20,2704,54080,29329.8685,54207.02878,24877.16029,84.8185197,priority_score index points (not a crime count)
20,2705,54100,29356.56098,54207.5385,24850.97752,84.65220954,priority_score index points (not a crime count)
20,2706,54120,29385.47523,54208.04684,24822.5716,84.47224829,priority_score index points (not a crime count)
20,2707,54140,29396.29912,54208.55404,24812.25491,84.40604992,priority_score index points (not a crime count)
20,2708,54160,29409.76758,54209.06023,24799.29265,84.32332078,priority_score index points (not a crime count)
20,2709,54180,29427.71782,54209.56519,24781.84738,84.21260368,priority_score index points (not a crime count)
20,2710,54200,29433.38692,54210.06878,24776.68186,84.17883384,priority_score index points (not a crime count)
20,2711,54220,29434.33256,54210.57105,24776.23849,84.17462309,priority_score index points (not a crime count)
20,2712,54240,29438.88632,54211.07137,24772.18505,84.1478335,priority_score index points (not a crime count)
20,2713,54260,29449.52114,54211.57032,24762.04918,84.08302825,priority_score index points (not a crime count)
20,2714,54280,29453.94141,54212.06777,24758.12636,84.0570911,priority_score index points (not a crime count)
20,2715,54300,29457.74533,54212.56374,24754.81841,84.03500721,priority_score index points (not a crime count)
20,2716,54320,29489.48713,54213.05823,24723.5711,83.83859303,priority_score index points (not a crime count)
20,2717,54340,29520.64101,54213.55149,24692.91048,83.64625442,priority_score index points (not a crime count)
20,2718,54360,29522.37578,54214.04335,24691.66757,83.63712919,priority_score index points (not a crime count)
20,2719,54380,29526.33174,54214.53386,24688.20212,83.61418661,priority_score index points (not a crime count)
20,2720,54400,29529.80227,54215.02309,24685.22082,83.59426381,priority_score index points (not a crime count)
20,2721,54420,29536.22981,54215.51124,24679.28143,83.5559636,priority_score index points (not a crime count)
20,2722,54440,29537.95019,54215.99804,24678.04785,83.54692079,priority_score index points (not a crime count)
20,2723,54460,29544.08322,54216.48324,24672.40002,83.51046076,priority_score index points (not a crime count)
20,2724,54480,29546.53889,54216.96668,24670.42778,83.496845,priority_score index points (not a crime count)
20,2725,54500,29554.53996,54217.44864,24662.90868,83.44879911,priority_score index points (not a crime count)
20,2726,54520,29566.07437,54217.92838,24651.85401,83.3788541,priority_score index points (not a crime count)
20,2727,54540,29570.59162,54218.40618,24647.81456,83.35245667,priority_score index points (not a crime count)
20,2728,54560,29587.92164,54218.88218,24630.96054,83.24667355,priority_score index points (not a crime count)
20,2729,54580,29593.85447,54219.35645,24625.50199,83.21153979,priority_score index points (not a crime count)
20,2730,54600,29609.24892,54219.8291,24610.58017,83.11788061,priority_score index points (not a crime count)
20,2731,54620,29615.85178,54220.29996,24604.44818,83.07864436,priority_score index points (not a crime count)
20,2732,54640,29619.01796,54220.76904,24601.75108,83.06065755,priority_score index points (not a crime count)
20,2733,54660,29630.48139,54221.23653,24590.75514,82.99141283,priority_score index points (not a crime count)
20,2734,54680,29638.26185,54221.7029,24583.44105,82.94494858,priority_score index points (not a crime count)
20,2735,54700,29647.30234,54222.16815,24574.86581,82.89073161,priority_score index points (not a crime count)
20,2736,54720,29649.35585,54222.63215,24573.2763,82.87962956,priority_score index points (not a crime count)
20,2737,54740,29665.58631,54223.09458,24557.50827,82.78113235,priority_score index points (not a crime count)
20,2738,54760,29700.23468,54223.55556,24523.32088,82.56945152,priority_score index points (not a crime count)
20,2739,54780,29713.43496,54224.01511,24510.58015,82.48989114,priority_score index points (not a crime count)
20,2740,54800,29717.73405,54224.4728,24506.73875,82.4650315,priority_score index points (not a crime count)
20,2741,54820,29747.15061,54224.92918,24477.77857,82.28612849,priority_score index points (not a crime count)
20,2742,54840,29750.07062,54225.38403,24475.31341,82.26976573,priority_score index points (not a crime count)
20,2743,54860,29763.9696,54225.83733,24461.86774,82.18617365,priority_score index points (not a crime count)
20,2744,54880,29768.89439,54226.28933,24457.39494,82.15755219,priority_score index points (not a crime count)
20,2745,54900,29770.1873,54226.74008,24456.55278,82.15115525,priority_score index points (not a crime count)
20,2746,54920,29824.51605,54227.18929,24402.67324,81.82085233,priority_score index points (not a crime count)
20,2747,54940,29826.26721,54227.63716,24401.36995,81.8116789,priority_score index points (not a crime count)
20,2748,54960,29834.36624,54228.08364,24393.7174,81.76381961,priority_score index points (not a crime count)
20,2749,54980,29837.15908,54228.52868,24391.3696,81.74829759,priority_score index points (not a crime count)
20,2750,55000,29857.79121,54228.97235,24371.18114,81.62419307,priority_score index points (not a crime count)
20,2751,55020,29862.04603,54229.41469,24367.36867,81.59979609,priority_score index points (not a crime count)
20,2752,55040,29871.08275,54229.85577,24358.77302,81.54633436,priority_score index points (not a crime count)
20,2753,55060,29875.34045,54230.29561,24354.95516,81.52193347,priority_score index points (not a crime count)
20,2754,55080,29879.78176,54230.73429,24350.95252,81.49642027,priority_score index points (not a crime count)
20,2755,55100,29891.87438,54231.17185,24339.29747,81.42446056,priority_score index points (not a crime count)
20,2756,55120,29911.1022,54231.608,24320.5058,81.30929323,priority_score index points (not a crime count)
20,2757,55140,29911.61928,54232.0433,24320.42402,81.30761426,priority_score index points (not a crime count)
20,2758,55160,29930.11389,54232.47768,24302.36379,81.19703078,priority_score index points (not a crime count)
20,2759,55180,29932.00466,54232.91109,24300.90643,81.18703274,priority_score index points (not a crime count)
20,2760,55200,29946.10954,54233.3434,24287.23386,81.10313571,priority_score index points (not a crime count)
20,2761,55220,29949.2847,54233.77469,24284.48999,81.08537558,priority_score index points (not a crime count)
20,2762,55240,29982.32402,54234.20468,24251.88066,80.8872609,priority_score index points (not a crime count)
20,2763,55260,29986.71984,54234.63373,24247.91389,80.86217504,priority_score index points (not a crime count)
20,2764,55280,29992.19536,54235.06194,24242.86658,80.83058374,priority_score index points (not a crime count)
20,2765,55300,29997.47768,54235.48907,24238.0114,80.80016479,priority_score index points (not a crime count)
20,2766,55320,30005.0172,54235.91507,24230.89787,80.75615392,priority_score index points (not a crime count)
20,2767,55340,30005.63724,54236.34018,24230.70294,80.75383553,priority_score index points (not a crime count)
20,2768,55360,30008.56817,54236.76417,24228.19599,80.73759418,priority_score index points (not a crime count)
20,2769,55380,30009.43298,54237.187,24227.75402,80.73379473,priority_score index points (not a crime count)
20,2770,55400,30019.15978,54237.6089,24218.44911,80.67663882,priority_score index points (not a crime count)
20,2771,55420,30025.17324,54238.02976,24212.85652,80.6418545,priority_score index points (not a crime count)
20,2772,55440,30031.493,54238.44956,24206.95656,80.60523849,priority_score index points (not a crime count)
20,2773,55460,30033.81788,54238.86848,24205.0506,80.5926529,priority_score index points (not a crime count)
20,2774,55480,30056.01817,54239.28611,24183.26794,80.46065118,priority_score index points (not a crime count)
20,2775,55500,30063.5735,54239.70253,24176.12903,80.41668441,priority_score index points (not a crime count)
20,2776,55520,30065.53775,54240.1181,24174.58035,80.40627962,priority_score index points (not a crime count)
20,2777,55540,30066.39267,54240.53268,24174.14001,80.40252875,priority_score index points (not a crime count)
20,2778,55560,30073.25166,54240.94595,24167.69428,80.36275742,priority_score index points (not a crime count)
20,2779,55580,30075.59962,54241.35847,24165.75885,80.3500484,priority_score index points (not a crime count)
20,2780,55600,30083.61616,54241.76999,24158.15383,80.30335749,priority_score index points (not a crime count)
20,2781,55620,30100.44319,54242.1806,24141.73741,80.20392676,priority_score index points (not a crime count)
20,2782,55640,30104.81602,54242.59027,24137.77425,80.17911231,priority_score index points (not a crime count)
20,2783,55660,30146.91065,54242.99887,24096.08822,79.92888059,priority_score index points (not a crime count)
20,2784,55680,30155.48512,54243.40672,24087.9216,79.87907178,priority_score index points (not a crime count)
20,2785,55700,30156.64376,54243.81368,24087.16992,79.87351016,priority_score index points (not a crime count)
20,2786,55720,30163.93873,54244.21964,24080.28092,79.8313547,priority_score index points (not a crime count)
20,2787,55740,30166.88724,54244.62457,24077.73733,79.81512028,priority_score index points (not a crime count)
20,2788,55760,30170.06025,54245.02863,24074.96838,79.79754824,priority_score index points (not a crime count)
20,2789,55780,30172.06789,54245.43168,24073.36379,79.78692038,priority_score index points (not a crime count)
20,2790,55800,30174.14374,54245.83366,24071.68992,79.77588405,priority_score index points (not a crime count)
20,2791,55820,30188.32444,54246.23486,24057.91043,79.69276493,priority_score index points (not a crime count)
20,2792,55840,30216.69533,54246.63531,24029.93998,79.52537402,priority_score index points (not a crime count)
20,2793,55860,30227.36817,54247.03488,24019.66671,79.46330813,priority_score index points (not a crime count)
20,2794,55880,30248.40348,54247.43356,23999.03008,79.33982399,priority_score index points (not a crime count)
20,2795,55900,30253.62765,54247.83131,23994.20366,79.31017047,priority_score index points (not a crime count)
20,2796,55920,30254.33799,54248.22815,23993.89016,79.3072721,priority_score index points (not a crime count)
20,2797,55940,30260.08719,54248.62395,23988.53677,79.27451306,priority_score index points (not a crime count)
20,2798,55960,30261.39696,54249.01897,23987.62201,79.26805904,priority_score index points (not a crime count)
20,2799,55980,30265.48848,54249.41267,23983.92419,79.24512505,priority_score index points (not a crime count)
20,2800,56000,30274.9125,54249.8056,23974.8931,79.19062723,priority_score index points (not a crime count)
20,2801,56020,30287.6997,54250.19762,23962.49792,79.11626882,priority_score index points (not a crime count)
20,2802,56040,30289.38509,54250.58867,23961.20358,79.10759332,priority_score index points (not a crime count)
20,2803,56060,30295.58478,54250.97835,23955.39357,79.07222701,priority_score index points (not a crime count)
20,2804,56080,30308.37936,54251.36681,23942.98745,78.99791396,priority_score index points (not a crime count)
20,2805,56100,30326.23982,54251.75423,23925.51441,78.89377169,priority_score index points (not a crime count)
20,2806,56120,30338.40137,54252.14074,23913.73937,78.82333377,priority_score index points (not a crime count)
20,2807,56140,30339.09701,54252.52645,23913.42944,78.82050489,priority_score index points (not a crime count)
20,2808,56160,30364.19991,54252.91133,23888.71142,78.67393672,priority_score index points (not a crime count)
20,2809,56180,30367.37314,54253.2953,23885.92216,78.65653063,priority_score index points (not a crime count)
20,2810,56200,30369.37675,54253.6781,23884.30135,78.64600432,priority_score index points (not a crime count)
20,2811,56220,30383.48297,54254.05953,23870.57656,78.56431927,priority_score index points (not a crime count)
20,2812,56240,30399.29051,54254.43989,23855.14938,78.47271753,priority_score index points (not a crime count)
20,2813,56260,30404.73016,54254.81949,23850.08933,78.44203585,priority_score index points (not a crime count)
20,2814,56280,30406.61344,54255.19834,23848.5849,78.43222969,priority_score index points (not a crime count)
20,2815,56300,30410.29673,54255.57633,23845.2796,78.41186102,priority_score index points (not a crime count)
20,2816,56320,30418.78906,54255.95349,23837.16443,78.36329178,priority_score index points (not a crime count)
20,2817,56340,30445.80566,54256.32965,23810.52399,78.20625362,priority_score index points (not a crime count)
20,2818,56360,30446.97036,54256.70487,23809.73452,78.20066903,priority_score index points (not a crime count)
20,2819,56380,30447.37434,54257.07905,23809.70471,78.19953352,priority_score index points (not a crime count)
20,2820,56400,30448.32611,54257.45251,23809.12641,78.19518985,priority_score index points (not a crime count)
20,2821,56420,30466.11609,54257.82534,23791.70925,78.09236062,priority_score index points (not a crime count)
20,2822,56440,30486.94759,54258.19739,23771.24979,77.97189181,priority_score index points (not a crime count)
20,2823,56460,30504.80149,54258.56856,23753.76707,77.86894492,priority_score index points (not a crime count)
20,2824,56480,30525.78241,54258.93914,23733.15673,77.74790636,priority_score index points (not a crime count)
20,2825,56500,30531.98481,54259.30891,23727.32411,77.71300902,priority_score index points (not a crime count)
20,2826,56520,30540.9164,54259.67794,23718.76154,77.6622457,priority_score index points (not a crime count)
20,2827,56540,30564.72886,54260.04624,23695.31738,77.52503705,priority_score index points (not a crime count)
20,2828,56560,30583.26609,54260.41384,23677.14775,77.41863698,priority_score index points (not a crime count)
20,2829,56580,30604.98202,54260.78078,23655.79876,77.29394758,priority_score index points (not a crime count)
20,2830,56600,30608.8453,54261.14674,23652.30144,77.27276611,priority_score index points (not a crime count)
20,2831,56620,30624.39259,54261.51194,23637.11936,77.18396141,priority_score index points (not a crime count)
20,2832,56640,30637.62912,54261.8763,23624.24718,77.10860097,priority_score index points (not a crime count)
20,2833,56660,30672.1659,54262.23983,23590.07393,76.91036232,priority_score index points (not a crime count)
20,2834,56680,30677.17503,54262.60246,23585.42742,76.88265753,priority_score index points (not a crime count)
20,2835,56700,30679.26798,54262.96404,23583.69606,76.87176915,priority_score index points (not a crime count)
20,2836,56720,30697.19902,54263.32478,23566.12576,76.76962888,priority_score index points (not a crime count)
20,2837,56740,30700.74107,54263.68475,23562.94369,76.75040688,priority_score index points (not a crime count)
20,2838,56760,30702.35218,54264.0436,23561.69142,76.74230069,priority_score index points (not a crime count)
20,2839,56780,30706.7205,54264.4015,23557.681,76.71832293,priority_score index points (not a crime count)
20,2840,56800,30719.0179,54264.75849,23545.74059,76.64874142,priority_score index points (not a crime count)
20,2841,56820,30762.38159,54265.11485,23502.73326,76.4008898,priority_score index points (not a crime count)
20,2842,56840,30775.65247,54265.47037,23489.81789,76.3259785,priority_score index points (not a crime count)
20,2843,56860,30811.38661,54265.82514,23454.43853,76.12263229,priority_score index points (not a crime count)
20,2844,56880,30816.50109,54266.17916,23449.67807,76.09455078,priority_score index points (not a crime count)
20,2845,56900,30819.71532,54266.53246,23446.81714,76.07733197,priority_score index points (not a crime count)
20,2846,56920,30826.83965,54266.8849,23440.04525,76.03778237,priority_score index points (not a crime count)
20,2847,56940,30829.61744,54267.23659,23437.61915,76.02306192,priority_score index points (not a crime count)
20,2848,56960,30830.09314,54267.58751,23437.49437,76.02148417,priority_score index points (not a crime count)
20,2849,56980,30853.70201,54267.93776,23414.23575,75.88792989,priority_score index points (not a crime count)
20,2850,57000,30865.56187,54268.28729,23402.72542,75.8214787,priority_score index points (not a crime count)
20,2851,57020,30866.27504,54268.63598,23402.36094,75.81854602,priority_score index points (not a crime count)
20,2852,57040,30872.28438,54268.98382,23396.69944,75.78544934,priority_score index points (not a crime count)
20,2853,57060,30893.16197,54269.33084,23376.16887,75.66777689,priority_score index points (not a crime count)
20,2854,57080,30897.20366,54269.67703,23372.47337,75.64591807,priority_score index points (not a crime count)
20,2855,57100,30908.53667,54270.02269,23361.48602,75.5826336,priority_score index points (not a crime count)
20,2856,57120,30918.06121,54270.36783,23352.30662,75.52966033,priority_score index points (not a crime count)
20,2857,57140,30920.93965,54270.71247,23349.77281,75.5144348,priority_score index points (not a crime count)
20,2858,57160,30923.72168,54271.05655,23347.33487,75.49975749,priority_score index points (not a crime count)
20,2859,57180,30936.77728,54271.39972,23334.62244,75.42680424,priority_score index points (not a crime count)
20,2860,57200,30946.03908,54271.74228,23325.7032,75.37540793,priority_score index points (not a crime count)
20,2861,57220,30947.65756,54272.08419,23324.42663,75.36734106,priority_score index points (not a crime count)
20,2862,57240,30948.9658,54272.4256,23323.4598,75.3610313,priority_score index points (not a crime count)
20,2863,57260,30953.61967,54272.76642,23319.14675,75.33576688,priority_score index points (not a crime count)
20,2864,57280,30954.22159,54273.10631,23318.88471,75.33345539,priority_score index points (not a crime count)
20,2865,57300,30976.88523,54273.44542,23296.56018,75.20627076,priority_score index points (not a crime count)
20,2866,57320,30999.07838,54273.78374,23274.70536,75.08192686,priority_score index points (not a crime count)
20,2867,57340,31000.96391,54274.12153,23273.15762,75.0723677,priority_score index points (not a crime count)
20,2868,57360,31006.63271,54274.45845,23267.82574,75.04144667,priority_score index points (not a crime count)
20,2869,57380,31009.70227,54274.79465,23265.09238,75.02520398,priority_score index points (not a crime count)
20,2870,57400,31055.82004,54275.13014,23219.31009,74.7663725,priority_score index points (not a crime count)
20,2871,57420,31076.55075,54275.46487,23198.91412,74.65086557,priority_score index points (not a crime count)
20,2872,57440,31090.11498,54275.79899,23185.68402,74.57574227,priority_score index points (not a crime count)
20,2873,57460,31099.00232,54276.13244,23177.13012,74.52692495,priority_score index points (not a crime count)
20,2874,57480,31108.29943,54276.46532,23168.1659,74.47583546,priority_score index points (not a crime count)
20,2875,57500,31110.76245,54276.79759,23166.03514,74.46309031,priority_score index points (not a crime count)
20,2876,57520,31111.79307,54277.12897,23165.3359,74.45837612,priority_score index points (not a crime count)
20,2877,57540,31115.17995,54277.45959,23162.27964,74.44044891,priority_score index points (not a crime count)
20,2878,57560,31116.5815,54277.78955,23161.20806,74.43365222,priority_score index points (not a crime count)
20,2879,57580,31123.55058,54278.11892,23154.56834,74.39565188,priority_score index points (not a crime count)
20,2880,57600,31128.81418,54278.44764,23149.63346,74.36721914,priority_score index points (not a crime count)
20,2881,57620,31129.7137,54278.77543,23149.06173,74.36323363,priority_score index points (not a crime count)
20,2882,57640,31132.04646,54279.10223,23147.05576,74.35121809,priority_score index points (not a crime count)
20,2883,57660,31136.47654,54279.42803,23142.95149,74.32745788,priority_score index points (not a crime count)
20,2884,57680,31144.5197,54279.75291,23135.23321,74.28348047,priority_score index points (not a crime count)
20,2885,57700,31150.14268,54280.07689,23129.93421,74.25306024,priority_score index points (not a crime count)
20,2886,57720,31161.51913,54280.40017,23118.88104,74.19048136,priority_score index points (not a crime count)
20,2887,57740,31175.6539,54280.72285,23105.06895,74.11253995,priority_score index points (not a crime count)
20,2888,57760,31179.73802,54281.04468,23101.30666,74.09076577,priority_score index points (not a crime count)
20,2889,57780,31197.09393,54281.36578,23084.27185,73.99494293,priority_score index points (not a crime count)
20,2890,57800,31199.36789,54281.68603,23082.31815,73.98328784,priority_score index points (not a crime count)
20,2891,57820,31205.9458,54282.00561,23076.05981,73.94763793,priority_score index points (not a crime count)
20,2892,57840,31207.80446,54282.32459,23074.52013,73.93830016,priority_score index points (not a crime count)
20,2893,57860,31218.12151,54282.64285,23064.52134,73.88183603,priority_score index points (not a crime count)
20,2894,57880,31226.76743,54282.96019,23056.19276,73.83470865,priority_score index points (not a crime count)
20,2895,57900,31232.62484,54283.27666,23050.65182,73.80312075,priority_score index points (not a crime count)
20,2896,57920,31237.67621,54283.59231,23045.9161,73.77602592,priority_score index points (not a crime count)
20,2897,57940,31239.82263,54283.90716,23044.08453,73.76509401,priority_score index points (not a crime count)
20,2898,57960,31242.45753,54284.22117,23041.76364,73.75144423,priority_score index points (not a crime count)
20,2899,57980,31249.38262,54284.53435,23035.15173,73.71394184,priority_score index points (not a crime count)
20,2900,58000,31255.54025,54284.84683,23029.30658,73.68071834,priority_score index points (not a crime count)
20,2901,58020,31259.95743,54285.15872,23025.20129,73.65717417,priority_score index points (not a crime count)
20,2902,58040,31269.56492,54285.46984,23015.90492,73.60481345,priority_score index points (not a crime count)
20,2903,58060,31271.54009,54285.78029,23014.24021,73.59484101,priority_score index points (not a crime count)
20,2904,58080,31277.78559,54286.08995,23008.30437,73.56116789,priority_score index points (not a crime count)
20,2905,58100,31281.76415,54286.39901,23004.63487,73.54008157,priority_score index points (not a crime count)
20,2906,58120,31296.18914,54286.70722,22990.51808,73.46107852,priority_score index points (not a crime count)
20,2907,58140,31301.6134,54287.01466,22985.40127,73.43200165,priority_score index points (not a crime count)
20,2908,58160,31306.96824,54287.32112,22980.35287,73.40331613,priority_score index points (not a crime count)
20,2909,58180,31326.21926,54287.62676,22961.4075,73.29772964,priority_score index points (not a crime count)
20,2910,58200,31367.75413,54287.93158,22920.17745,73.06923332,priority_score index points (not a crime count)
20,2911,58220,31386.39443,54288.23564,22901.84121,72.9674167,priority_score index points (not a crime count)
20,2912,58240,31390.4505,54288.53896,22898.08847,72.94603329,priority_score index points (not a crime count)
20,2913,58260,31394.05615,54288.84146,22894.78531,72.92713372,priority_score index points (not a crime count)
20,2914,58280,31395.10552,54289.14307,22894.03755,72.92231439,priority_score index points (not a crime count)
20,2915,58300,31400.36106,54289.44406,22889.083,72.89433061,priority_score index points (not a crime count)
20,2916,58320,31417.3323,54289.74436,22872.41206,72.80189116,priority_score index points (not a crime count)
20,2917,58340,31421.04989,54290.04387,22868.99397,72.78239923,priority_score index points (not a crime count)
20,2918,58360,31436.57285,54290.34197,22853.76912,72.69802987,priority_score index points (not a crime count)
20,2919,58380,31448.02201,54290.63889,22842.61688,72.63610051,priority_score index points (not a crime count)
20,2920,58400,31449.58497,54290.93484,22841.34987,72.62846201,priority_score index points (not a crime count)
20,2921,58420,31461.21078,54291.2298,22830.01902,72.56560842,priority_score index points (not a crime count)
20,2922,58440,31463.17036,54291.52369,22828.35333,72.55579481,priority_score index points (not a crime count)
20,2923,58460,31466.66576,54291.81641,22825.15065,72.53755713,priority_score index points (not a crime count)
20,2924,58480,31586.93609,54292.10821,22705.17212,71.88152742,priority_score index points (not a crime count)
20,2925,58500,31589.63069,54292.39898,22702.76829,71.86778636,priority_score index points (not a crime count)
20,2926,58520,31596.05986,54292.68847,22696.62862,71.83373092,priority_score index points (not a crime count)
20,2927,58540,31597.52234,54292.97677,22695.45443,71.82669002,priority_score index points (not a crime count)
20,2928,58560,31599.18098,54293.26425,22694.08327,71.81858063,priority_score index points (not a crime count)
20,2929,58580,31622.96889,54293.5512,22670.5823,71.69024003,priority_score index points (not a crime count)
20,2930,58600,31627.70534,54293.83707,22666.13173,71.66543223,priority_score index points (not a crime count)
20,2931,58620,31656.15015,54294.1219,22637.97175,71.51208103,priority_score index points (not a crime count)
20,2932,58640,31659.40528,54294.40577,22635.00049,71.49534329,priority_score index points (not a crime count)
20,2933,58660,31666.3799,54294.68883,22628.30893,71.45846478,priority_score index points (not a crime count)
20,2934,58680,31697.20957,54294.97102,22597.76145,71.29258934,priority_score index points (not a crime count)
20,2935,58700,31701.10009,54295.25209,22594.15201,71.27245411,priority_score index points (not a crime count)
20,2936,58720,31704.69211,54295.53251,22590.84041,71.25393406,priority_score index points (not a crime count)
20,2937,58740,31705.79025,54295.81218,22590.02193,71.24888466,priority_score index points (not a crime count)
20,2938,58760,31709.3053,54296.09085,22586.78555,71.23078018,priority_score index points (not a crime count)
20,2939,58780,31717.39756,54296.36876,22578.9712,71.18796918,priority_score index points (not a crime count)
20,2940,58800,31780.30301,54296.64598,22516.34297,70.8499946,priority_score index points (not a crime count)
20,2941,58820,31792.43189,54296.92239,22504.4905,70.7856844,priority_score index points (not a crime count)
20,2942,58840,31809.67762,54297.19794,22487.52032,70.69395856,priority_score index points (not a crime count)
20,2943,58860,31829.73217,54297.47244,22467.74027,70.58727405,priority_score index points (not a crime count)
20,2944,58880,31839.03065,54297.74591,22458.71525,70.53831349,priority_score index points (not a crime count)
20,2945,58900,31840.46192,54298.01825,22457.55633,70.53150293,priority_score index points (not a crime count)
20,2946,58920,31845.26508,54298.28949,22453.02441,70.50663375,priority_score index points (not a crime count)
20,2947,58940,31848.70553,54298.55951,22449.85398,70.48906259,priority_score index points (not a crime count)
20,2948,58960,31862.73358,54298.82826,22436.09468,70.41484568,priority_score index points (not a crime count)
20,2949,58980,31891.88387,54299.09628,22407.21241,70.25992098,priority_score index points (not a crime count)
20,2950,59000,31893.61888,54299.36318,22405.7443,70.25149572,priority_score index points (not a crime count)
20,2951,59020,31896.52214,54299.62887,22403.10672,70.23683217,priority_score index points (not a crime count)
20,2952,59040,31899.0331,54299.89353,22400.86043,70.22426153,priority_score index points (not a crime count)
20,2953,59060,31906.89377,54300.15721,22393.26343,70.183151,priority_score index points (not a crime count)
20,2954,59080,31917.87951,54300.4197,22382.54019,70.12539846,priority_score index points (not a crime count)
20,2955,59100,31931.27062,54300.68095,22369.41033,70.05487064,priority_score index points (not a crime count)
20,2956,59120,31945.2504,54300.94117,22355.69077,69.98126635,priority_score index points (not a crime count)
20,2957,59140,31953.52602,54301.20044,22347.67443,69.93805446,priority_score index points (not a crime count)
20,2958,59160,31962.55656,54301.45864,22338.90208,69.89084882,priority_score index points (not a crime count)
20,2959,59180,31968.05409,54301.71609,22333.662,69.86243811,priority_score index points (not a crime count)
20,2960,59200,31971.85744,54301.97274,22330.1153,69.84303411,priority_score index points (not a crime count)
20,2961,59220,31974.12384,54302.22835,22328.10451,69.83179466,priority_score index points (not a crime count)
20,2962,59240,31977.58055,54302.48311,22324.90256,69.81423289,priority_score index points (not a crime count)
20,2963,59260,31981.71911,54302.73715,22321.01804,69.79305259,priority_score index points (not a crime count)
20,2964,59280,31982.51367,54302.99033,22320.47666,69.78962595,priority_score index points (not a crime count)
20,2965,59300,31991.33936,54303.24234,22311.90298,69.74357255,priority_score index points (not a crime count)
20,2966,59320,31994.85057,54303.49308,22308.64251,69.7257281,priority_score index points (not a crime count)
20,2967,59340,31999.57013,54303.74294,22304.17281,69.70147635,priority_score index points (not a crime count)
20,2968,59360,32009.42375,54303.99206,22294.56831,69.6500146,priority_score index points (not a crime count)
20,2969,59380,32016.31744,54304.24017,22287.92274,69.61426086,priority_score index points (not a crime count)
20,2970,59400,32055.77483,54304.48732,22248.71249,69.40625397,priority_score index points (not a crime count)
20,2971,59420,32059.43015,54304.73331,22245.30315,69.38770604,priority_score index points (not a crime count)
20,2972,59440,32071.51787,54304.97859,22233.46072,69.32462883,priority_score index points (not a crime count)
20,2973,59460,32084.80143,54305.22298,22220.42155,69.25528773,priority_score index points (not a crime count)
20,2974,59480,32086.58629,54305.46645,22218.88016,69.24663147,priority_score index points (not a crime count)
20,2975,59500,32090.53127,54305.70859,22215.17732,69.22658006,priority_score index points (not a crime count)
20,2976,59520,32093.38334,54305.94977,22212.56644,69.21229277,priority_score index points (not a crime count)
20,2977,59540,32100.9534,54306.18993,22205.23653,69.17313718,priority_score index points (not a crime count)
20,2978,59560,32139.96598,54306.42905,22166.46306,68.96853305,priority_score index points (not a crime count)
20,2979,59580,32149.99904,54306.66728,22156.66824,68.91654404,priority_score index points (not a crime count)
20,2980,59600,32159.8353,54306.90464,22147.06935,68.86561807,priority_score index points (not a crime count)
20,2981,59620,32176.58971,54307.14112,22130.55141,68.77842433,priority_score index points (not a crime count)
20,2982,59640,32183.52431,54307.37692,22123.85261,68.74279025,priority_score index points (not a crime count)
20,2983,59660,32201.55342,54307.61201,22106.05859,68.64904403,priority_score index points (not a crime count)
20,2984,59680,32211.30433,54307.84605,22096.54172,68.5987177,priority_score index points (not a crime count)
20,2985,59700,32228.52285,54308.07919,22079.55634,68.50936495,priority_score index points (not a crime count)
20,2986,59720,32260.77941,54308.31132,22047.5319,68.34159715,priority_score index points (not a crime count)
20,2987,59740,32271.86331,54308.54268,22036.67938,68.28449652,priority_score index points (not a crime count)
20,2988,59760,32287.13319,54308.77324,22021.64005,68.20562211,priority_score index points (not a crime count)
20,2989,59780,32288.88841,54309.0027,22020.1143,68.19718914,priority_score index points (not a crime count)
20,2990,59800,32310.00765,54309.23144,21999.22379,68.08795598,priority_score index points (not a crime count)
20,2991,59820,32315.57006,54309.45952,21993.88946,68.05972917,priority_score index points (not a crime count)
20,2992,59840,32328.19925,54309.6868,21981.48755,67.99477872,priority_score index points (not a crime count)
20,2993,59860,32351.57655,54309.9133,21958.33675,67.87408558,priority_score index points (not a crime count)
20,2994,59880,32353.58373,54310.13895,21956.55522,67.8643683,priority_score index points (not a crime count)
20,2995,59900,32359.09783,54310.36369,21951.26586,67.83645817,priority_score index points (not a crime count)
20,2996,59920,32362.37794,54310.58756,21948.20962,67.82013874,priority_score index points (not a crime count)
20,2997,59940,32370.09435,54310.81074,21940.71639,67.78082312,priority_score index points (not a crime count)
20,2998,59960,32404.02401,54311.03305,21907.00903,67.60582891,priority_score index points (not a crime count)
20,2999,59980,32405.97496,54311.25442,21905.27946,67.59642162,priority_score index points (not a crime count)
20,3000,60000,32412.98143,54311.47497,21898.49355,67.56087402,priority_score index points (not a crime count)
20,3001,60020,32467.97348,54311.69479,21843.72131,67.27774781,priority_score index points (not a crime count)
20,3002,60040,32479.57421,54311.91371,21832.33951,67.21867524,priority_score index points (not a crime count)
20,3003,60060,32586.1379,54312.13166,21725.99376,66.67250297,priority_score index points (not a crime count)
20,3004,60080,32588.87473,54312.34865,21723.47392,66.65917157,priority_score index points (not a crime count)
20,3005,60100,32593.28642,54312.56475,21719.27833,66.63727629,priority_score index points (not a crime count)
20,3006,60120,32630.67202,54312.77997,21682.10795,66.4470163,priority_score index points (not a crime count)
20,3007,60140,32641.05205,54312.9945,21671.94246,66.3947425,priority_score index points (not a crime count)
20,3008,60160,32652.19039,54313.20836,21661.01797,66.33863673,priority_score index points (not a crime count)
20,3009,60180,32667.75124,54313.42158,21645.67033,66.2600562,priority_score index points (not a crime count)
20,3010,60200,32670.15243,54313.63413,21643.4817,66.24848704,priority_score index points (not a crime count)
20,3011,60220,32675.53604,54313.84577,21638.30973,66.2217437,priority_score index points (not a crime count)
20,3012,60240,32688.74009,54314.05657,21625.31648,66.15524616,priority_score index points (not a crime count)
20,3013,60260,32694.96895,54314.2667,21619.29774,66.12423389,priority_score index points (not a crime count)
20,3014,60280,32713.57551,54314.47594,21600.90043,66.03038676,priority_score index points (not a crime count)
20,3015,60300,32721.80394,54314.68442,21592.88049,65.98927287,priority_score index points (not a crime count)
20,3016,60320,32737.85622,54314.89235,21577.03613,65.9085188,priority_score index points (not a crime count)
20,3017,60340,32743.84922,54315.09956,21571.25034,65.87878596,priority_score index points (not a crime count)
20,3018,60360,32751.81284,54315.30619,21563.49335,65.83908334,priority_score index points (not a crime count)
20,3019,60380,32756.94673,54315.51161,21558.56488,65.81371902,priority_score index points (not a crime count)
20,3020,60400,32766.24646,54315.71596,21549.46949,65.76728132,priority_score index points (not a crime count)
20,3021,60420,32771.69811,54315.91967,21544.22156,65.74032716,priority_score index points (not a crime count)
20,3022,60440,32773.042,54316.12262,21543.08062,65.73415008,priority_score index points (not a crime count)
20,3023,60460,32775.6342,54316.32495,21540.69076,65.72165965,priority_score index points (not a crime count)
20,3024,60480,32794.92121,54316.52661,21521.60539,65.62481201,priority_score index points (not a crime count)
20,3025,60500,32796.84856,54316.72756,21519.879,65.61569158,priority_score index points (not a crime count)
20,3026,60520,32799.04664,54316.92774,21517.8811,65.6052029,priority_score index points (not a crime count)
20,3027,60540,32803.07561,54317.12712,21514.0515,65.58547057,priority_score index points (not a crime count)
20,3028,60560,32803.7432,54317.32578,21513.58257,65.58270634,priority_score index points (not a crime count)
20,3029,60580,32805.83925,54317.52363,21511.68438,65.57272995,priority_score index points (not a crime count)
20,3030,60600,32810.18348,54317.72044,21507.53696,65.55140717,priority_score index points (not a crime count)
20,3031,60620,32812.94555,54317.91631,21504.97076,65.53806859,priority_score index points (not a crime count)
20,3032,60640,32814.86772,54318.11127,21503.24355,65.52896612,priority_score index points (not a crime count)
20,3033,60660,32855.27228,54318.30551,21463.03323,65.3259941,priority_score index points (not a crime count)
20,3034,60680,32860.79783,54318.49905,21457.70122,65.29878348,priority_score index points (not a crime count)
20,3035,60700,32869.01257,54318.69165,21449.67908,65.25805738,priority_score index points (not a crime count)
20,3036,60720,32872.485,54318.88331,21446.39831,65.24118367,priority_score index points (not a crime count)
20,3037,60740,32874.7045,54319.0745,21444.37,65.23060916,priority_score index points (not a crime count)
20,3038,60760,32878.42805,54319.26507,21440.83702,65.21247607,priority_score index points (not a crime count)
20,3039,60780,32885.36198,54319.45471,21434.09272,65.17821739,priority_score index points (not a crime count)
20,3040,60800,32888.57123,54319.64322,21431.07199,65.16267258,priority_score index points (not a crime count)
20,3041,60820,32923.32824,54319.83101,21396.50277,64.98888148,priority_score index points (not a crime count)
20,3042,60840,32925.96677,54320.0182,21394.05143,64.97622859,priority_score index points (not a crime count)
20,3043,60860,32929.24938,54320.20481,21390.95543,64.96034933,priority_score index points (not a crime count)
20,3044,60880,32935.43096,54320.39054,21384.95957,64.92995217,priority_score index points (not a crime count)
20,3045,60900,32987.157,54320.5757,21333.4187,64.67189246,priority_score index points (not a crime count)
20,3046,60920,33069.3647,54320.76015,21251.39544,64.26308952,priority_score index points (not a crime count)
20,3047,60940,33073.06408,54320.944,21247.87991,64.2452718,priority_score index points (not a crime count)
20,3048,60960,33075.92345,54321.1273,21245.20385,64.23162721,priority_score index points (not a crime count)
20,3049,60980,33151.35647,54321.3102,21169.95373,63.85848417,priority_score index points (not a crime count)
20,3050,61000,33158.21253,54321.49245,21163.27992,63.82515311,priority_score index points (not a crime count)
20,3051,61020,33165.6741,54321.67406,21155.99997,63.78884357,priority_score index points (not a crime count)
20,3052,61040,33170.57598,54321.85509,21151.27912,63.76518495,priority_score index points (not a crime count)
20,3053,61060,33174.47838,54322.03559,21147.55721,63.74646487,priority_score index points (not a crime count)
20,3054,61080,33184.04903,54322.21565,21138.16662,63.69978118,priority_score index points (not a crime count)
20,3055,61100,33190.53348,54322.3953,21131.86182,63.66834035,priority_score index points (not a crime count)
20,3056,61120,33203.48188,54322.57434,21119.09246,63.60505365,priority_score index points (not a crime count)
20,3057,61140,33212.4221,54322.75285,21110.33075,63.56155141,priority_score index points (not a crime count)
20,3058,61160,33218.08894,54322.93077,21104.84183,63.53418424,priority_score index points (not a crime count)
20,3059,61180,33221.43065,54323.10809,21101.67744,63.51826827,priority_score index points (not a crime count)
20,3060,61200,33222.6668,54323.28481,21100.61801,63.51271598,priority_score index points (not a crime count)
20,3061,61220,33231.08699,54323.46091,21092.37392,63.47181458,priority_score index points (not a crime count)
20,3062,61240,33234.69336,54323.6363,21088.94294,63.45460364,priority_score index points (not a crime count)
20,3063,61260,33238.95622,54323.81105,21084.85483,63.43416648,priority_score index points (not a crime count)
20,3064,61280,33259.22086,54323.985,21064.76414,63.33511007,priority_score index points (not a crime count)
20,3065,61300,33263.15846,54324.15825,21060.9998,63.31629579,priority_score index points (not a crime count)
20,3066,61320,33264.83553,54324.33095,21059.49542,63.30858123,priority_score index points (not a crime count)
20,3067,61340,33267.41165,54324.50296,21057.09131,63.29645218,priority_score index points (not a crime count)
20,3068,61360,33278.57259,54324.67436,21046.10177,63.24220101,priority_score index points (not a crime count)
20,3069,61380,33283.97918,54324.84508,21040.8659,63.21619714,priority_score index points (not a crime count)
20,3070,61400,33286.4158,54325.01516,21038.59936,63.20476044,priority_score index points (not a crime count)
20,3071,61420,33292.80663,54325.18462,21032.37798,63.1739409,priority_score index points (not a crime count)
20,3072,61440,33316.10884,54325.3534,21009.24456,63.06031914,priority_score index points (not a crime count)
20,3073,61460,33321.23888,54325.52144,21004.28256,63.03571914,priority_score index points (not a crime count)
20,3074,61480,33326.37028,54325.68876,20999.31849,63.01111795,priority_score index points (not a crime count)
20,3075,61500,33350.35878,54325.85531,20975.49653,62.89436544,priority_score index points (not a crime count)
20,3076,61520,33357.79565,54326.02111,20968.22547,62.85854643,priority_score index points (not a crime count)
20,3077,61540,33365.76725,54326.18648,20960.41924,62.82013263,priority_score index points (not a crime count)
20,3078,61560,33367.66815,54326.35134,20958.6832,62.8113511,priority_score index points (not a crime count)
20,3079,61580,33372.72364,54326.51566,20953.79202,62.78717989,priority_score index points (not a crime count)
20,3080,61600,33457.59954,54326.67936,20869.07981,62.37470738,priority_score index points (not a crime count)
20,3081,61620,33460.0686,54326.84242,20866.77382,62.3632129,priority_score index points (not a crime count)
20,3082,61640,33489.37505,54327.0047,20837.62965,62.22161392,priority_score index points (not a crime count)
20,3083,61660,33497.91386,54327.16633,20829.25247,62.18074521,priority_score index points (not a crime count)
20,3084,61680,33502.64612,54327.32754,20824.68141,62.15831829,priority_score index points (not a crime count)
20,3085,61700,33505.5909,54327.48814,20821.89724,62.14454569,priority_score index points (not a crime count)
20,3086,61720,33527.07872,54327.6481,20800.56938,62.04110281,priority_score index points (not a crime count)
20,3087,61740,33535.77286,54327.80743,20792.03457,61.9995688,priority_score index points (not a crime count)
20,3088,61760,33595.01517,54327.96618,20732.95101,61.71436717,priority_score index points (not a crime count)
20,3089,61780,33603.19988,54328.12438,20724.9245,61.67544929,priority_score index points (not a crime count)
20,3090,61800,33627.7837,54328.28209,20700.49839,61.55772432,priority_score index points (not a crime count)
20,3091,61820,33648.35168,54328.43911,20680.08743,61.4594368,priority_score index points (not a crime count)
20,3092,61840,33695.89594,54328.5955,20632.69956,61.23208476,priority_score index points (not a crime count)
20,3093,61860,33700.24925,54328.75134,20628.50209,61.21171966,priority_score index points (not a crime count)
20,3094,61880,33719.56023,54328.9067,20609.34647,61.11985545,priority_score index points (not a crime count)
20,3095,61900,33727.06516,54329.06161,20601.99645,61.08446244,priority_score index points (not a crime count)
20,3096,61920,33732.72338,54329.21609,20596.49271,61.0579006,priority_score index points (not a crime count)
20,3097,61940,33736.05414,54329.3701,20593.31596,61.04245586,priority_score index points (not a crime count)
20,3098,61960,33744.31499,54329.52359,20585.2086,61.00348637,priority_score index points (not a crime count)
20,3099,61980,33745.22427,54329.67642,20584.45216,60.999601,priority_score index points (not a crime count)
20,3100,62000,33760.60556,54329.82859,20569.22303,60.92670048,priority_score index points (not a crime count)
20,3101,62020,33761.11982,54329.98018,20568.86036,60.92469819,priority_score index points (not a crime count)
20,3102,62040,33769.45609,54330.13093,20560.67484,60.88541901,priority_score index points (not a crime count)
20,3103,62060,33777.97364,54330.2809,20552.30726,60.84529368,priority_score index points (not a crime count)
20,3104,62080,33779.98565,54330.43048,20550.44483,60.8361562,priority_score index points (not a crime count)
20,3105,62100,33786.37192,54330.57967,20544.20774,60.80619663,priority_score index points (not a crime count)
20,3106,62120,33789.21697,54330.72819,20541.51122,60.79309633,priority_score index points (not a crime count)
20,3107,62140,33793.65097,54330.87618,20537.22521,60.77243691,priority_score index points (not a crime count)
20,3108,62160,33795.20347,54331.02364,20535.82018,60.76548761,priority_score index points (not a crime count)
20,3109,62180,33811.51473,54331.17056,20519.65583,60.68836606,priority_score index points (not a crime count)
20,3110,62200,33823.57017,54331.31688,20507.7467,60.63152588,priority_score index points (not a crime count)
20,3111,62220,33827.01895,54331.46264,20504.44369,60.61557986,priority_score index points (not a crime count)
20,3112,62240,33830.9846,54331.60789,20500.62329,60.59718192,priority_score index points (not a crime count)
20,3113,62260,33856.34222,54331.75241,20475.41019,60.47732523,priority_score index points (not a crime count)
20,3114,62280,33869.68955,54331.89633,20462.20678,60.41450942,priority_score index points (not a crime count)
20,3115,62300,33882.12724,54332.03987,20449.91262,60.35604694,priority_score index points (not a crime count)
20,3116,62320,33894.19197,54332.18289,20437.99092,60.29938976,priority_score index points (not a crime count)
20,3117,62340,33903.08667,54332.3251,20429.23843,60.2577536,priority_score index points (not a crime count)
20,3118,62360,33921.18713,54332.46674,20411.27961,60.1726571,priority_score index points (not a crime count)
20,3119,62380,33926.3165,54332.60778,20406.29128,60.14885606,priority_score index points (not a crime count)
20,3120,62400,33931.04538,54332.74827,20401.70289,60.12695059,priority_score index points (not a crime count)
20,3121,62420,33933.13545,54332.88829,20399.75284,60.11750042,priority_score index points (not a crime count)
20,3122,62440,33934.79115,54333.02786,20398.23671,60.11009946,priority_score index points (not a crime count)
20,3123,62460,33960.33996,54333.16701,20372.82705,59.99005626,priority_score index points (not a crime count)
20,3124,62480,34002.70809,54333.30556,20330.59747,59.79111257,priority_score index points (not a crime count)
20,3125,62500,34006.4364,54333.44359,20327.00718,59.77399967,priority_score index points (not a crime count)
20,3126,62520,34011.03741,54333.58104,20322.54363,59.75278962,priority_score index points (not a crime count)
20,3127,62540,34015.88187,54333.71801,20317.83614,59.73044067,priority_score index points (not a crime count)
20,3128,62560,34028.0581,54333.85461,20305.79651,59.67368589,priority_score index points (not a crime count)
20,3129,62580,34034.08752,54333.99074,20299.90322,59.64579838,priority_score index points (not a crime count)
20,3130,62600,34035.97066,54334.12641,20298.15574,59.63736407,priority_score index points (not a crime count)
20,3131,62620,34049.94375,54334.26164,20284.31788,59.57225078,priority_score index points (not a crime count)
20,3132,62640,34076.31271,54334.39642,20258.08371,59.449166,priority_score index points (not a crime count)
20,3133,62660,34090.06575,54334.53083,20244.46508,59.38523332,priority_score index points (not a crime count)
20,3134,62680,34093.61353,54334.66482,20241.05129,59.36904069,priority_score index points (not a crime count)
20,3135,62700,34101.07949,54334.79818,20233.71868,59.3345401,priority_score index points (not a crime count)
20,3136,62720,34109.22647,54334.93094,20225.70446,59.29687229,priority_score index points (not a crime count)
20,3137,62740,34112.6406,54335.06317,20222.42257,59.2813169,priority_score index points (not a crime count)
20,3138,62760,34122.22409,54335.19501,20212.97093,59.23696789,priority_score index points (not a crime count)
20,3139,62780,34125.79803,54335.32639,20209.52836,59.22067622,priority_score index points (not a crime count)
20,3140,62800,34143.6734,54335.45734,20191.78394,59.13770232,priority_score index points (not a crime count)
20,3141,62820,34147.72512,54335.58787,20187.86276,59.11920249,priority_score index points (not a crime count)
20,3142,62840,34150.59884,54335.7178,20185.11896,59.10619329,priority_score index points (not a crime count)
20,3143,62860,34170.41717,54335.84708,20165.4299,59.01429239,priority_score index points (not a crime count)
20,3144,62880,34195.09364,54335.97593,20140.88229,58.89991851,priority_score index points (not a crime count)
20,3145,62900,34233.01275,54336.10445,20103.0917,58.72428421,priority_score index points (not a crime count)
20,3146,62920,34236.36183,54336.23262,20099.87078,58.70913178,priority_score index points (not a crime count)
20,3147,62940,34241.51883,54336.36034,20094.84151,58.68560214,priority_score index points (not a crime count)
20,3148,62960,34261.59673,54336.48762,20074.89088,58.59298105,priority_score index points (not a crime count)
20,3149,62980,34269.28278,54336.6145,20067.33172,58.55778148,priority_score index points (not a crime count)
20,3150,63000,34283.70495,54336.74085,20053.03589,58.49144928,priority_score index points (not a crime count)
20,3151,63020,34301.85485,54336.86669,20035.01183,58.40795467,priority_score index points (not a crime count)
20,3152,63040,34325.57946,54336.99195,20011.41249,58.2988337,priority_score index points (not a crime count)
20,3153,63060,34330.96094,54337.11686,20006.15593,58.27438377,priority_score index points (not a crime count)
20,3154,63080,34333.86102,54337.24135,20003.38033,58.26137737,priority_score index points (not a crime count)
20,3155,63100,34340.39694,54337.36521,19996.96827,58.23161656,priority_score index points (not a crime count)
20,3156,63120,34366.89923,54337.48855,19970.58932,58.10995396,priority_score index points (not a crime count)
20,3157,63140,34389.49507,54337.61144,19948.11638,58.00642416,priority_score index points (not a crime count)
20,3158,63160,34397.61922,54337.73358,19940.11436,57.96946071,priority_score index points (not a crime count)
20,3159,63180,34399.65049,54337.85525,19938.20476,57.96048645,priority_score index points (not a crime count)
20,3160,63200,34401.1901,54337.9762,19936.7861,57.95376857,priority_score index points (not a crime count)
20,3161,63220,34425.18131,54338.09656,19912.91525,57.84403886,priority_score index points (not a crime count)
20,3162,63240,34428.28017,54338.21649,19909.93632,57.83017978,priority_score index points (not a crime count)
20,3163,63260,34432.4397,54338.33575,19905.89604,57.81145982,priority_score index points (not a crime count)
20,3164,63280,34442.05293,54338.4543,19896.40137,57.76775681,priority_score index points (not a crime count)
20,3165,63300,34456.12601,54338.5723,19882.44629,57.70366142,priority_score index points (not a crime count)
20,3166,63320,34473.33438,54338.68977,19865.35539,57.62527981,priority_score index points (not a crime count)
20,3167,63340,34475.23975,54338.80677,19863.56702,57.61690757,priority_score index points (not a crime count)
20,3168,63360,34489.42179,54338.92297,19849.50118,57.55243247,priority_score index points (not a crime count)
20,3169,63380,34493.26796,54339.03848,19845.77052,57.53519946,priority_score index points (not a crime count)
20,3170,63400,34495.9701,54339.15344,19843.18334,57.52319264,priority_score index points (not a crime count)
20,3171,63420,34499.59734,54339.26767,19839.67033,57.50696199,priority_score index points (not a crime count)
20,3172,63440,34502.56589,54339.38122,19836.81533,57.49373944,priority_score index points (not a crime count)
20,3173,63460,34517.40112,54339.49398,19822.09286,57.42637689,priority_score index points (not a crime count)
20,3174,63480,34521.97288,54339.60596,19817.63308,57.40585323,priority_score index points (not a crime count)
20,3175,63500,34524.41004,54339.71708,19815.30704,57.39506341,priority_score index points (not a crime count)
20,3176,63520,34536.70278,54339.82751,19803.12472,57.33936111,priority_score index points (not a crime count)
20,3177,63540,34544.24968,54339.9374,19795.68772,57.30530525,priority_score index points (not a crime count)
20,3178,63560,34546.29683,54340.04653,19793.7497,57.29629952,priority_score index points (not a crime count)
20,3179,63580,34563.64212,54340.15485,19776.51272,57.21767589,priority_score index points (not a crime count)
20,3180,63600,34571.17856,54340.26248,19769.08392,57.18371412,priority_score index points (not a crime count)
20,3181,63620,34581.25,54340.36913,19759.11913,57.13824436,priority_score index points (not a crime count)
20,3182,63640,34586.46622,54340.47507,19754.00886,57.11485161,priority_score index points (not a crime count)
20,3183,63660,34600.32975,54340.58032,19740.25057,57.05220359,priority_score index points (not a crime count)
20,3184,63680,34610.88274,54340.68492,19729.80218,57.00462,priority_score index points (not a crime count)
20,3185,63700,34614.70654,54340.78881,19726.08227,56.98757621,priority_score index points (not a crime count)
20,3186,63720,34625.04182,54340.89206,19715.85024,56.94101497,priority_score index points (not a crime count)
20,3187,63740,34638.65098,54340.99432,19702.34334,56.8796497,priority_score index points (not a crime count)
20,3188,63760,34644.85587,54341.09593,19696.24006,56.85184588,priority_score index points (not a crime count)
20,3189,63780,34669.16773,54341.19699,19672.02925,56.7421445,priority_score index points (not a crime count)
20,3190,63800,34671.71018,54341.29762,19669.58745,56.73094101,priority_score index points (not a crime count)
20,3191,63820,34676.79042,54341.39748,19664.60707,56.7082675,priority_score index points (not a crime count)
20,3192,63840,34689.54311,54341.49668,19651.95357,56.65094382,priority_score index points (not a crime count)
20,3193,63860,34695.98383,54341.59512,19645.61129,56.62214792,priority_score index points (not a crime count)
20,3194,63880,34698.29122,54341.69271,19643.40149,56.61201403,priority_score index points (not a crime count)
20,3195,63900,34709.30015,54341.78947,19632.48932,56.56261935,priority_score index points (not a crime count)
20,3196,63920,34715.75375,54341.88539,19626.13164,56.53379092,priority_score index points (not a crime count)
20,3197,63940,34722.15369,54341.98052,19619.82683,56.50521281,priority_score index points (not a crime count)
20,3198,63960,34724.80885,54342.07469,19617.26584,56.49351715,priority_score index points (not a crime count)
20,3199,63980,34735.73172,54342.16776,19606.43603,56.44457469,priority_score index points (not a crime count)
20,3200,64000,34739.56434,54342.25985,19602.6955,56.42758012,priority_score index points (not a crime count)
20,3201,64020,34750.91573,54342.35118,19591.43545,56.37674586,priority_score index points (not a crime count)
20,3202,64040,34754.44892,54342.44155,19587.99263,56.36110841,priority_score index points (not a crime count)
20,3203,64060,34758.19082,54342.53099,19584.34017,56.34453264,priority_score index points (not a crime count)
20,3204,64080,34766.70801,54342.61928,19575.91127,56.30648513,priority_score index points (not a crime count)
20,3205,64100,34772.14453,54342.70683,19570.56231,56.28229887,priority_score index points (not a crime count)
20,3206,64120,34789.40896,54342.79327,19553.38432,56.20499141,priority_score index points (not a crime count)
20,3207,64140,34793.04026,54342.87867,19549.83841,56.18893394,priority_score index points (not a crime count)
20,3208,64160,34796.10499,54342.96303,19546.85804,56.17541977,priority_score index points (not a crime count)
20,3209,64180,34801.71068,54343.04652,19541.33584,56.15050369,priority_score index points (not a crime count)
20,3210,64200,34810.54891,54343.12886,19532.57996,56.1110944,priority_score index points (not a crime count)
20,3211,64220,34818.44572,54343.20997,19524.76425,56.0759214,priority_score index points (not a crime count)
20,3212,64240,34828.41284,54343.2898,19514.87696,56.03148514,priority_score index points (not a crime count)
20,3213,64260,34837.30853,54343.36875,19506.06022,55.9918692,priority_score index points (not a crime count)
20,3214,64280,34848.68095,54343.44673,19494.76578,55.941187,priority_score index points (not a crime count)
20,3215,64300,34855.72522,54343.52356,19487.79833,55.90989202,priority_score index points (not a crime count)
20,3216,64320,34865.77888,54343.59926,19477.82038,55.86515204,priority_score index points (not a crime count)
20,3217,64340,34877.13933,54343.67392,19466.53459,55.81459652,priority_score index points (not a crime count)
20,3218,64360,34881.51711,54343.7475,19462.23039,55.79525204,priority_score index points (not a crime count)
20,3219,64380,34886.03046,54343.82012,19457.78966,55.77530434,priority_score index points (not a crime count)
20,3220,64400,34902.02446,54343.89163,19441.86717,55.70412453,priority_score index points (not a crime count)
20,3221,64420,34903.86882,54343.96217,19440.09335,55.69609905,priority_score index points (not a crime count)
20,3222,64440,34911.46111,54344.03172,19432.57061,55.66243862,priority_score index points (not a crime count)
20,3223,64460,34915.84906,54344.10021,19428.25115,55.64307235,priority_score index points (not a crime count)
20,3224,64480,34991.18689,54344.16802,19352.98113,55.30815856,priority_score index points (not a crime count)
20,3225,64500,35003.9865,54344.23483,19340.24833,55.25155923,priority_score index points (not a crime count)
20,3226,64520,35008.06545,54344.30056,19336.2351,55.23365789,priority_score index points (not a crime count)
20,3227,64540,35013.41351,54344.36547,19330.95196,55.21013243,priority_score index points (not a crime count)
20,3228,64560,35026.10444,54344.42915,19318.3247,55.15407726,priority_score index points (not a crime count)
20,3229,64580,35029.81446,54344.49168,19314.67722,55.13782335,priority_score index points (not a crime count)
20,3230,64600,35037.54912,54344.5534,19307.00429,55.10375233,priority_score index points (not a crime count)
20,3231,64620,35042.22888,54344.61441,19302.38553,55.08321288,priority_score index points (not a crime count)
20,3232,64640,35044.61649,54344.6744,19300.05791,55.07281814,priority_score index points (not a crime count)
20,3233,64660,35047.64599,54344.73319,19297.0872,55.05958147,priority_score index points (not a crime count)
20,3234,64680,35093.3911,54344.79099,19251.39989,54.85762217,priority_score index points (not a crime count)
20,3235,64700,35119.74813,54344.8477,19225.09957,54.74156449,priority_score index points (not a crime count)
20,3236,64720,35126.54753,54344.90328,19218.35575,54.7117696,priority_score index points (not a crime count)
20,3237,64740,35130.06679,54344.95757,19214.89078,54.69642542,priority_score index points (not a crime count)
20,3238,64760,35131.65983,54345.0109,19213.35107,54.68956254,priority_score index points (not a crime count)
20,3239,64780,35156.15148,54345.06326,19188.91178,54.58194645,priority_score index points (not a crime count)
20,3240,64800,35185.19142,54345.11464,19159.92322,54.45450897,priority_score index points (not a crime count)
20,3241,64820,35204.41315,54345.16496,19140.75181,54.37031924,priority_score index points (not a crime count)
20,3242,64840,35212.01908,54345.21442,19133.19533,54.33711509,priority_score index points (not a crime count)
20,3243,64860,35237.18312,54345.26291,19108.07979,54.22703547,priority_score index points (not a crime count)
20,3244,64880,35245.29211,54345.31065,19100.01855,54.19168747,priority_score index points (not a crime count)
20,3245,64900,35263.71625,54345.35749,19081.64125,54.11126017,priority_score index points (not a crime count)
20,3246,64920,35272.86537,54345.40372,19072.53836,54.07141768,priority_score index points (not a crime count)
20,3247,64940,35287.24705,54345.44906,19058.20201,54.00875275,priority_score index points (not a crime count)
20,3248,64960,35291.17143,54345.49365,19054.32223,53.99175334,priority_score index points (not a crime count)
20,3249,64980,35296.47328,54345.53733,19049.06405,53.96874611,priority_score index points (not a crime count)
20,3250,65000,35302.17216,54345.58025,19043.40808,53.94401227,priority_score index points (not a crime count)
20,3251,65020,35304.22521,54345.62222,19041.397,53.93517883,priority_score index points (not a crime count)
20,3252,65040,35308.26069,54345.6633,19037.40262,53.91770155,priority_score index points (not a crime count)
20,3253,65060,35312.72614,54345.70327,19032.97713,53.89835115,priority_score index points (not a crime count)
20,3254,65080,35323.96055,54345.74246,19021.7819,53.84951632,priority_score index points (not a crime count)
20,3255,65100,35335.24528,54345.78095,19010.53567,53.80049162,priority_score index points (not a crime count)
20,3256,65120,35343.10864,54345.81875,19002.71011,53.76638006,priority_score index points (not a crime count)
20,3257,65140,35348.1346,54345.85588,18997.72128,53.74462189,priority_score index points (not a crime count)
20,3258,65160,35366.51615,54345.89242,18979.37627,53.66481727,priority_score index points (not a crime count)
20,3259,65180,35371.66736,54345.92826,18974.2609,53.64254025,priority_score index points (not a crime count)
20,3260,65200,35373.27535,54345.9636,18972.68825,53.63565589,priority_score index points (not a crime count)
20,3261,65220,35404.09335,54345.99832,18941.90497,53.50201961,priority_score index points (not a crime count)
20,3262,65240,35410.58618,54346.03248,18935.4463,53.4739702,priority_score index points (not a crime count)
20,3263,65260,35419.18436,54346.06588,18926.88152,53.43680794,priority_score index points (not a crime count)
20,3264,65280,35446.92412,54346.09853,18899.17441,53.31682475,priority_score index points (not a crime count)
20,3265,65300,35457.19958,54346.13067,18888.9311,53.27248435,priority_score index points (not a crime count)
20,3266,65320,35468.03531,54346.16211,18878.12679,53.22574714,priority_score index points (not a crime count)
20,3267,65340,35497.67073,54346.19294,18848.5222,53.09791266,priority_score index points (not a crime count)
20,3268,65360,35502.75946,54346.22316,18843.4637,53.07605376,priority_score index points (not a crime count)
20,3269,65380,35508.62279,54346.25271,18837.62992,53.05086043,priority_score index points (not a crime count)
20,3270,65400,35512.07297,54346.28151,18834.20854,53.03607186,priority_score index points (not a crime count)
20,3271,65420,35513.43872,54346.30948,18832.87076,53.03026527,priority_score index points (not a crime count)
20,3272,65440,35514.00675,54346.33692,18832.33017,53.02789489,priority_score index points (not a crime count)
20,3273,65460,35516.73328,54346.36379,18829.63052,53.016223,priority_score index points (not a crime count)
20,3274,65480,35518.34014,54346.39016,18828.05002,53.00937472,priority_score index points (not a crime count)
20,3275,65500,35525.17677,54346.41592,18821.23914,52.98000138,priority_score index points (not a crime count)
20,3276,65520,35528.84502,54346.44112,18817.59609,52.96427756,priority_score index points (not a crime count)
20,3277,65540,35535.22087,54346.46568,18811.24481,52.93690132,priority_score index points (not a crime count)
20,3278,65560,35541.44589,54346.48957,18805.04368,52.91018193,priority_score index points (not a crime count)
20,3279,65580,35543.95578,54346.51287,18802.55709,52.89944993,priority_score index points (not a crime count)
20,3280,65600,35546.50042,54346.53552,18800.0351,52.88856815,priority_score index points (not a crime count)
20,3281,65620,35548.49275,54346.55759,18798.06484,52.88006152,priority_score index points (not a crime count)
20,3282,65640,35556.26604,54346.57905,18790.31301,52.84669934,priority_score index points (not a crime count)
20,3283,65660,35560.57892,54346.60002,18786.02109,52.82822063,priority_score index points (not a crime count)
20,3284,65680,35565.28543,54346.62034,18781.33491,52.80805337,priority_score index points (not a crime count)
20,3285,65700,35578.00562,54346.64014,18768.63452,52.75347561,priority_score index points (not a crime count)
20,3286,65720,35585.72472,54346.65942,18760.9347,52.72039518,priority_score index points (not a crime count)
20,3287,65740,35587.28521,54346.67825,18759.39304,52.71375136,priority_score index points (not a crime count)
20,3288,65760,35590.24067,54346.6966,18756.45593,52.70112135,priority_score index points (not a crime count)
20,3289,65780,35609.42993,54346.71445,18737.28452,52.6188837,priority_score index points (not a crime count)
20,3290,65800,35620.9468,54346.73177,18725.78497,52.56958799,priority_score index points (not a crime count)
20,3291,65820,35628.73245,54346.74839,18718.01594,52.53629487,priority_score index points (not a crime count)
20,3292,65840,35631.11957,54346.76456,18715.64499,52.52612103,priority_score index points (not a crime count)
20,3293,65860,35663.3227,54346.78036,18683.45766,52.38843789,priority_score index points (not a crime count)
20,3294,65880,35668.19818,54346.79555,18678.59736,52.3676505,priority_score index points (not a crime count)
20,3295,65900,35674.66029,54346.81026,18672.14998,52.34009189,priority_score index points (not a crime count)
20,3296,65920,35680.97231,54346.82454,18665.85224,52.31318271,priority_score index points (not a crime count)
20,3297,65940,35696.19912,54346.83836,18650.63924,52.24824967,priority_score index points (not a crime count)
20,3298,65960,35701.19592,54346.85181,18645.65589,52.22697842,priority_score index points (not a crime count)
20,3299,65980,35703.99404,54346.86469,18642.87064,52.21508446,priority_score index points (not a crime count)
20,3300,66000,35706.28054,54346.87697,18640.59643,52.20537156,priority_score index points (not a crime count)
20,3301,66020,35713.70663,54346.88875,18633.18212,52.17375589,priority_score index points (not a crime count)
20,3302,66040,35723.39107,54346.89985,18623.50878,52.13253341,priority_score index points (not a crime count)
20,3303,66060,35725.56436,54346.91042,18621.34606,52.12330831,priority_score index points (not a crime count)
20,3304,66080,35728.17589,54346.92028,18618.74439,52.11221657,priority_score index points (not a crime count)
20,3305,66100,35730.08393,54346.92957,18616.84565,52.10411956,priority_score index points (not a crime count)
20,3306,66120,35732.91329,54346.93825,18614.02496,52.09210009,priority_score index points (not a crime count)
20,3307,66140,35745.72099,54346.94642,18601.22543,52.03762833,priority_score index points (not a crime count)
20,3308,66160,35753.8719,54346.95409,18593.08218,52.00298931,priority_score index points (not a crime count)
20,3309,66180,35771.09753,54346.96126,18575.86373,51.92981208,priority_score index points (not a crime count)
20,3310,66200,35776.55996,54346.96778,18570.40781,51.90663337,priority_score index points (not a crime count)
20,3311,66220,35784.68136,54346.97369,18562.29233,51.87217443,priority_score index points (not a crime count)
20,3312,66240,35785.96335,54346.97915,18561.0158,51.86674903,priority_score index points (not a crime count)
20,3313,66260,35787.45357,54346.98403,18559.53046,51.8604388,priority_score index points (not a crime count)
20,3314,66280,35817.58675,54346.98732,18529.40058,51.73268849,priority_score index points (not a crime count)
20,3315,66300,35832.31724,54346.98732,18514.67008,51.67031191,priority_score index points (not a crime count)
20,3316,66320,35854.80886,54346.98732,18492.17846,51.57516956,priority_score index points (not a crime count)
20,3317,66340,35876.71022,54346.98732,18470.2771,51.48263868,priority_score index points (not a crime count)
20,3318,66360,35889.19505,54346.98732,18457.79228,51.42994222,priority_score index points (not a crime count)
20,3319,66380,35892.83932,54346.98732,18454.148,51.41456721,priority_score index points (not a crime count)
20,3320,66400,35894.68481,54346.98732,18452.30251,51.40678237,priority_score index points (not a crime count)
20,3321,66420,35902.37395,54346.98732,18444.61338,51.37435592,priority_score index points (not a crime count)
20,3322,66440,35904.86268,54346.98732,18442.12464,51.36386346,priority_score index points (not a crime count)
20,3323,66460,35911.27287,54346.98732,18435.71445,51.3368449,priority_score index points (not a crime count)
20,3324,66480,35929.57379,54346.98732,18417.41353,51.25976066,priority_score index points (not a crime count)
20,3325,66500,35950.33506,54346.98732,18396.65226,51.17240834,priority_score index points (not a crime count)
20,3326,66520,35964.14108,54346.98732,18382.84624,51.11437584,priority_score index points (not a crime count)
20,3327,66540,35975.42227,54346.98732,18371.56505,51.06698933,priority_score index points (not a crime count)
20,3328,66560,35985.28833,54346.98732,18361.69899,51.02557141,priority_score index points (not a crime count)
20,3329,66580,35986.2511,54346.98732,18360.73622,51.0215309,priority_score index points (not a crime count)
20,3330,66600,36005.77807,54346.98732,18341.20925,50.93962757,priority_score index points (not a crime count)
20,3331,66620,36007.93683,54346.98732,18339.05049,50.93057837,priority_score index points (not a crime count)
20,3332,66640,36021.59824,54346.98732,18325.38908,50.87333703,priority_score index points (not a crime count)
20,3333,66660,36035.13534,54346.98732,18311.85198,50.81665938,priority_score index points (not a crime count)
20,3334,66680,36043.82186,54346.98732,18303.16546,50.78031271,priority_score index points (not a crime count)
20,3335,66700,36059.04562,54346.98732,18287.9417,50.71665483,priority_score index points (not a crime count)
20,3336,66720,36070.80391,54346.98732,18276.18342,50.66752453,priority_score index points (not a crime count)
20,3337,66740,36095.00592,54346.98732,18251.9814,50.56650063,priority_score index points (not a crime count)
20,3338,66760,36107.13392,54346.98732,18239.8534,50.51592697,priority_score index points (not a crime count)
20,3339,66780,36109.54683,54346.98732,18237.44049,50.50586922,priority_score index points (not a crime count)
20,3340,66800,36125.66707,54346.98732,18221.32026,50.43870947,priority_score index points (not a crime count)
20,3341,66820,36131.81334,54346.98732,18215.17398,50.41311879,priority_score index points (not a crime count)
20,3342,66840,36141.67834,54346.98732,18205.30899,50.37206301,priority_score index points (not a crime count)
20,3343,66860,36144.02272,54346.98732,18202.9646,50.36230952,priority_score index points (not a crime count)
20,3344,66880,36146.92593,54346.98732,18200.06139,50.35023289,priority_score index points (not a crime count)
20,3345,66900,36159.66877,54346.98732,18187.31855,50.29724876,priority_score index points (not a crime count)
20,3346,66920,36178.05511,54346.98732,18168.93221,50.220865,priority_score index points (not a crime count)
20,3347,66940,36180.78591,54346.98732,18166.20142,50.20952685,priority_score index points (not a crime count)
20,3348,66960,36184.31739,54346.98732,18162.66993,50.19486682,priority_score index points (not a crime count)
20,3349,66980,36188.95163,54346.98732,18158.03569,50.17563336,priority_score index points (not a crime count)
20,3350,67000,36191.12789,54346.98732,18155.85943,50.16660294,priority_score index points (not a crime count)
20,3351,67020,36206.29212,54346.98732,18140.6952,50.10370887,priority_score index points (not a crime count)
20,3352,67040,36218.88711,54346.98732,18128.10021,50.05151085,priority_score index points (not a crime count)
20,3353,67060,36234.25496,54346.98732,18112.73236,49.98787026,priority_score index points (not a crime count)
20,3354,67080,36235.9452,54346.98732,18111.04212,49.98087401,priority_score index points (not a crime count)
20,3355,67100,36238.95943,54346.98732,18108.02789,49.96839915,priority_score index points (not a crime count)
20,3356,67120,36240.23963,54346.98732,18106.74769,49.96310145,priority_score index points (not a crime count)
20,3357,67140,36254.17231,54346.98732,18092.81501,49.90546978,priority_score index points (not a crime count)
20,3358,67160,36282.78836,54346.98732,18064.19896,49.7872401,priority_score index points (not a crime count)
20,3359,67180,36284.24858,54346.98732,18062.73874,49.78121207,priority_score index points (not a crime count)
20,3360,67200,36288.31517,54346.98732,18058.67215,49.76442712,priority_score index points (not a crime count)
20,3361,67220,36304.43833,54346.98732,18042.54899,49.69791524,priority_score index points (not a crime count)
20,3362,67240,36314.63425,54346.98732,18032.35307,49.65588513,priority_score index points (not a crime count)
20,3363,67260,36325.69849,54346.98732,18021.28883,49.61030231,priority_score index points (not a crime count)
20,3364,67280,36332.40175,54346.98732,18014.58558,49.58269949,priority_score index points (not a crime count)
20,3365,67300,36339.0263,54346.98732,18007.96102,49.55543076,priority_score index points (not a crime count)
20,3366,67320,36340.92799,54346.98732,18006.05933,49.54760466,priority_score index points (not a crime count)
20,3367,67340,36348.42061,54346.98732,17998.56671,49.51677791,priority_score index points (not a crime count)
20,3368,67360,36349.87496,54346.98732,17997.11236,49.51079579,priority_score index points (not a crime count)
20,3369,67380,36352.54236,54346.98732,17994.44496,49.49982532,priority_score index points (not a crime count)
20,3370,67400,36354.65134,54346.98732,17992.33598,49.49115263,priority_score index points (not a crime count)
20,3371,67420,36365.15141,54346.98732,17981.83591,49.44798857,priority_score index points (not a crime count)
20,3372,67440,36368.87715,54346.98732,17978.11017,49.43267864,priority_score index points (not a crime count)
20,3373,67460,36378.75663,54346.98732,17968.23069,49.39209679,priority_score index points (not a crime count)
20,3374,67480,36379.18099,54346.98732,17967.80633,49.39035417,priority_score index points (not a crime count)
20,3375,67500,36386.37386,54346.98732,17960.61346,49.36082264,priority_score index points (not a crime count)
20,3376,67520,36410.33727,54346.98732,17936.65005,49.262521,priority_score index points (not a crime count)
20,3377,67540,36420.86015,54346.98732,17926.12717,49.21939541,priority_score index points (not a crime count)
20,3378,67560,36439.42551,54346.98732,17907.56182,49.14337031,priority_score index points (not a crime count)
20,3379,67580,36440.05817,54346.98732,17906.92915,49.14078093,priority_score index points (not a crime count)
20,3380,67600,36447.36287,54346.98732,17899.62445,49.11089045,priority_score index points (not a crime count)
20,3381,67620,36459.87798,54346.98732,17887.10934,49.0597071,priority_score index points (not a crime count)
20,3382,67640,36469.29458,54346.98732,17877.69275,49.02121896,priority_score index points (not a crime count)
20,3383,67660,36477.92118,54346.98732,17869.06614,48.98597718,priority_score index points (not a crime count)
20,3384,67680,36490.28314,54346.98732,17856.70418,48.93550459,priority_score index points (not a crime count)
20,3385,67700,36492.10247,54346.98732,17854.88485,48.92807935,priority_score index points (not a crime count)
20,3386,67720,36496.7879,54346.98732,17850.19942,48.90896007,priority_score index points (not a crime count)
20,3387,67740,36498.71294,54346.98732,17848.27438,48.90110619,priority_score index points (not a crime count)
20,3388,67760,36500.61923,54346.98732,17846.36809,48.89332966,priority_score index points (not a crime count)
20,3389,67780,36505.56827,54346.98732,17841.41905,48.87314427,priority_score index points (not a crime count)
20,3390,67800,36528.0947,54346.98732,17818.89262,48.78133604,priority_score index points (not a crime count)
20,3391,67820,36530.27609,54346.98732,17816.71123,48.77245162,priority_score index points (not a crime count)
20,3392,67840,36537.16069,54346.98732,17809.82663,48.74441881,priority_score index points (not a crime count)
20,3393,67860,36542.27882,54346.98732,17804.7085,48.72358558,priority_score index points (not a crime count)
20,3394,67880,36557.14478,54346.98732,17789.84255,48.66310718,priority_score index points (not a crime count)
20,3395,67900,36566.98899,54346.98732,17779.99833,48.62308554,priority_score index points (not a crime count)
20,3396,67920,36571.56431,54346.98732,17775.42301,48.60449188,priority_score index points (not a crime count)
20,3397,67940,36579.9312,54346.98732,17767.05612,48.57050172,priority_score index points (not a crime count)
20,3398,67960,36584.90353,54346.98732,17762.08379,48.55030921,priority_score index points (not a crime count)
20,3399,67980,36589.37789,54346.98732,17757.60943,48.53214362,priority_score index points (not a crime count)
20,3400,68000,36595.88481,54346.98732,17751.10251,48.50573391,priority_score index points (not a crime count)
20,3401,68020,36608.98613,54346.98732,17738.00119,48.45258792,priority_score index points (not a crime count)
20,3402,68040,36629.55182,54346.98732,17717.4355,48.36923909,priority_score index points (not a crime count)
20,3403,68060,36654.42932,54346.98732,17692.558,48.26854034,priority_score index points (not a crime count)
20,3404,68080,36657.0937,54346.98732,17689.89362,48.25776359,priority_score index points (not a crime count)
20,3405,68100,36658.77069,54346.98732,17688.21663,48.2509814,priority_score index points (not a crime count)
20,3406,68120,36660.77417,54346.98732,17686.21315,48.24287962,priority_score index points (not a crime count)
20,3407,68140,36704.70813,54346.98732,17642.27919,48.06543926,priority_score index points (not a crime count)
20,3408,68160,36719.89467,54346.98732,17627.09265,48.00420264,priority_score index points (not a crime count)
20,3409,68180,36734.34464,54346.98732,17612.64268,47.94598312,priority_score index points (not a crime count)
20,3410,68200,36782.4597,54346.98732,17564.52762,47.75245529,priority_score index points (not a crime count)
20,3411,68220,36784.64657,54346.98732,17562.34075,47.74367132,priority_score index points (not a crime count)
20,3412,68240,36786.24308,54346.98732,17560.74424,47.7372593,priority_score index points (not a crime count)
20,3413,68260,36788.76841,54346.98732,17558.21891,47.727118,priority_score index points (not a crime count)
20,3414,68280,36805.58376,54346.98732,17541.40356,47.659626,priority_score index points (not a crime count)
20,3415,68300,36807.57835,54346.98732,17539.40897,47.65162437,priority_score index points (not a crime count)
20,3416,68320,36812.91571,54346.98732,17534.07161,47.63021691,priority_score index points (not a crime count)
20,3417,68340,36848.96085,54346.98732,17498.02647,47.4858071,priority_score index points (not a crime count)
20,3418,68360,36891.14985,54346.98732,17455.83747,47.3171412,priority_score index points (not a crime count)
20,3419,68380,36901.31423,54346.98732,17445.67309,47.27656305,priority_score index points (not a crime count)
20,3420,68400,36914.6124,54346.98732,17432.37492,47.22350796,priority_score index points (not a crime count)
20,3421,68420,36915.89633,54346.98732,17431.09099,47.21838754,priority_score index points (not a crime count)
20,3422,68440,36920.58576,54346.98732,17426.40157,47.19968876,priority_score index points (not a crime count)
20,3423,68460,36929.21857,54346.98732,17417.76876,47.16527842,priority_score index points (not a crime count)
20,3424,68480,36938.60326,54346.98732,17408.38406,47.12788932,priority_score index points (not a crime count)
20,3425,68500,36948.81884,54346.98732,17398.16848,47.08721153,priority_score index points (not a crime count)
20,3426,68520,36953.05839,54346.98732,17393.92893,47.07033651,priority_score index points (not a crime count)
20,3427,68540,36955.42846,54346.98732,17391.55886,47.06090439,priority_score index points (not a crime count)
20,3428,68560,36975.6238,54346.98732,17371.36353,46.98058273,priority_score index points (not a crime count)
20,3429,68580,36981.07985,54346.98732,17365.90747,46.95889773,priority_score index points (not a crime count)
20,3430,68600,36992.78679,54346.98732,17354.20053,46.91239032,priority_score index points (not a crime count)
20,3431,68620,37002.81167,54346.98732,17344.17565,46.87258851,priority_score index points (not a crime count)
20,3432,68640,37039.19446,54346.98732,17307.79286,46.72831876,priority_score index points (not a crime count)
20,3433,68660,37056.41543,54346.98732,17290.57189,46.66013073,priority_score index points (not a crime count)
20,3434,68680,37060.83259,54346.98732,17286.15473,46.6426508,priority_score index points (not a crime count)
20,3435,68700,37065.75981,54346.98732,17281.22751,46.62315734,priority_score index points (not a crime count)
20,3436,68720,37076.28903,54346.98732,17270.69829,46.58151811,priority_score index points (not a crime count)
20,3437,68740,37084.69545,54346.98732,17262.29187,46.54829077,priority_score index points (not a crime count)
20,3438,68760,37087.95662,54346.98732,17259.0307,46.53540469,priority_score index points (not a crime count)
20,3439,68780,37096.64482,54346.98732,17250.3425,46.50108545,priority_score index points (not a crime count)
20,3440,68800,37114.68517,54346.98732,17232.30215,46.4298756,priority_score index points (not a crime count)
20,3441,68820,37137.96912,54346.98732,17209.0182,46.3380702,priority_score index points (not a crime count)
20,3442,68840,37145.35561,54346.98732,17201.63171,46.30897032,priority_score index points (not a crime count)
20,3443,68860,37167.41325,54346.98732,17179.57407,46.22214078,priority_score index points (not a crime count)
20,3444,68880,37171.13143,54346.98732,17175.85589,46.20751436,priority_score index points (not a crime count)
20,3445,68900,37179.22577,54346.98732,17167.76155,46.17568331,priority_score index points (not a crime count)
20,3446,68920,37188.55502,54346.98732,17158.4323,46.13901317,priority_score index points (not a crime count)
20,3447,68940,37195.09095,54346.98732,17151.89637,46.1133336,priority_score index points (not a crime count)
20,3448,68960,37212.01266,54346.98732,17134.97466,46.04689033,priority_score index points (not a crime count)
20,3449,68980,37218.64561,54346.98732,17128.34171,46.02086248,priority_score index points (not a crime count)
20,3450,69000,37247.7356,54346.98732,17099.25172,45.90682209,priority_score index points (not a crime count)
20,3451,69020,37262.62366,54346.98732,17084.36366,45.84852591,priority_score index points (not a crime count)
20,3452,69040,37272.45255,54346.98732,17074.53477,45.81006509,priority_score index points (not a crime count)
20,3453,69060,37273.80151,54346.98732,17073.18581,45.80478813,priority_score index points (not a crime count)
20,3454,69080,37292.46046,54346.98732,17054.52686,45.73183599,priority_score index points (not a crime count)
20,3455,69100,37305.38059,54346.98732,17041.60673,45.68136407,priority_score index points (not a crime count)
20,3456,69120,37309.3876,54346.98732,17037.59972,45.66571798,priority_score index points (not a crime count)
20,3457,69140,37319.55422,54346.98732,17027.4331,45.62603563,priority_score index points (not a crime count)
20,3458,69160,37321.60099,54346.98732,17025.38633,45.61804929,priority_score index points (not a crime count)
20,3459,69180,37322.37479,54346.98732,17024.61253,45.6150302,priority_score index points (not a crime count)
20,3460,69200,37325.86175,54346.98732,17021.12557,45.60142692,priority_score index points (not a crime count)
20,3461,69220,37328.88614,54346.98732,17018.10118,45.58963029,priority_score index points (not a crime count)
20,3462,69240,37335.165,54346.98732,17011.82232,45.56514567,priority_score index points (not a crime count)
20,3463,69260,37353.50075,54346.98732,16993.48657,45.49369195,priority_score index points (not a crime count)
20,3464,69280,37370.97482,54346.98732,16976.0125,45.42566146,priority_score index points (not a crime count)
20,3465,69300,37397.20955,54346.98732,16949.77777,45.32364305,priority_score index points (not a crime count)
20,3466,69320,37407.26655,54346.98732,16939.72077,45.28457258,priority_score index points (not a crime count)
20,3467,69340,37416.92283,54346.98732,16930.06449,45.24707863,priority_score index points (not a crime count)
20,3468,69360,37418.52524,54346.98732,16928.46208,45.24085857,priority_score index points (not a crime count)
20,3469,69380,37420.07823,54346.98732,16926.90909,45.23483086,priority_score index points (not a crime count)
20,3470,69400,37421.4488,54346.98732,16925.53852,45.22951157,priority_score index points (not a crime count)
20,3471,69420,37430.67155,54346.98732,16916.31577,45.19372768,priority_score index points (not a crime count)
20,3472,69440,37444.60056,54346.98732,16902.38676,45.13971709,priority_score index points (not a crime count)
20,3473,69460,37464.28823,54346.98732,16882.69909,45.06344544,priority_score index points (not a crime count)
20,3474,69480,37486.08007,54346.98732,16860.90725,44.97911551,priority_score index points (not a crime count)
20,3475,69500,37489.85568,54346.98732,16857.13164,44.96451461,priority_score index points (not a crime count)
20,3476,69520,37498.48511,54346.98732,16848.50221,44.9311543,priority_score index points (not a crime count)
20,3477,69540,37502.51563,54346.98732,16844.47169,44.91557807,priority_score index points (not a crime count)
20,3478,69560,37504.7178,54346.98732,16842.26952,44.90706905,priority_score index points (not a crime count)
20,3479,69580,37541.7515,54346.98732,16805.23582,44.76412302,priority_score index points (not a crime count)
20,3480,69600,37552.20423,54346.98732,16794.78309,44.72382762,priority_score index points (not a crime count)
20,3481,69620,37553.20957,54346.98732,16793.77775,44.71995322,priority_score index points (not a crime count)
20,3482,69640,37563.3998,54346.98732,16783.58752,44.68069347,priority_score index points (not a crime count)
20,3483,69660,37575.85414,54346.98732,16771.13318,44.63273973,priority_score index points (not a crime count)
20,3484,69680,37584.07898,54346.98732,16762.90834,44.60108852,priority_score index points (not a crime count)
20,3485,69700,37593.17963,54346.98732,16753.80769,44.56608315,priority_score index points (not a crime count)
20,3486,69720,37594.38905,54346.98732,16752.59828,44.56143244,priority_score index points (not a crime count)
20,3487,69740,37595.85978,54346.98732,16751.12755,44.55577727,priority_score index points (not a crime count)
20,3488,69760,37611.10092,54346.98732,16735.8864,44.49719894,priority_score index points (not a crime count)
20,3489,69780,37617.08628,54346.98732,16729.90104,44.4742076,priority_score index points (not a crime count)
20,3490,69800,37636.35412,54346.98732,16710.6332,44.40024436,priority_score index points (not a crime count)
20,3491,69820,37645.25189,54346.98732,16701.73543,44.36611417,priority_score index points (not a crime count)
20,3492,69840,37670.65643,54346.98732,16676.33089,44.26875577,priority_score index points (not a crime count)
20,3493,69860,37680.89497,54346.98732,16666.09235,44.2295555,priority_score index points (not a crime count)
20,3494,69880,37682.80285,54346.98732,16664.18447,44.22225316,priority_score index points (not a crime count)
20,3495,69900,37686.38695,54346.98732,16660.60037,44.20853712,priority_score index points (not a crime count)
20,3496,69920,37712.4286,54346.98732,16634.55872,44.1089565,priority_score index points (not a crime count)
20,3497,69940,37722.6149,54346.98732,16624.37242,44.0700425,priority_score index points (not a crime count)
20,3498,69960,37726.66017,54346.98732,16620.32715,44.05459447,priority_score index points (not a crime count)
20,3499,69980,37731.76961,54346.98732,16615.21771,44.03508736,priority_score index points (not a crime count)
20,3500,70000,37737.20618,54346.98732,16609.78114,44.0143371,priority_score index points (not a crime count)
20,3501,70020,37745.8203,54346.98732,16601.16702,43.98147104,priority_score index points (not a crime count)
20,3502,70040,37748.07021,54346.98732,16598.91711,43.97288927,priority_score index points (not a crime count)
20,3503,70060,37757.0099,54346.98732,16589.97742,43.93880095,priority_score index points (not a crime count)
20,3504,70080,37767.69965,54346.98732,16579.28767,43.89806059,priority_score index points (not a crime count)
20,3505,70100,37771.21362,54346.98732,16575.7737,43.88467331,priority_score index points (not a crime count)
20,3506,70120,37776.63141,54346.98732,16570.35591,43.86403788,priority_score index points (not a crime count)
20,3507,70140,37780.44062,54346.98732,16566.5467,43.84953278,priority_score index points (not a crime count)
20,3508,70160,37794.31111,54346.98732,16552.67621,43.79674011,priority_score index points (not a crime count)
20,3509,70180,37795.92413,54346.98732,16551.06319,43.79060326,priority_score index points (not a crime count)
20,3510,70200,37808.44036,54346.98732,16538.54696,43.74300238,priority_score index points (not a crime count)
20,3511,70220,37808.83116,54346.98732,16538.15616,43.7415166,priority_score index points (not a crime count)
20,3512,70240,37824.90042,54346.98732,16522.0869,43.68045049,priority_score index points (not a crime count)
20,3513,70260,37827.72987,54346.98732,16519.25745,43.66970343,priority_score index points (not a crime count)
20,3514,70280,37839.25565,54346.98732,16507.73167,43.62594186,priority_score index points (not a crime count)
20,3515,70300,37845.8363,54346.98732,16501.15102,43.6009681,priority_score index points (not a crime count)
20,3516,70320,37856.62819,54346.98732,16490.35913,43.5600314,priority_score index points (not a crime count)
20,3517,70340,37871.22326,54346.98732,16475.76406,43.50470526,priority_score index points (not a crime count)
20,3518,70360,37871.85616,54346.98732,16475.13116,43.50230706,priority_score index points (not a crime count)
20,3519,70380,37873.32237,54346.98732,16473.66495,43.49675158,priority_score index points (not a crime count)
20,3520,70400,37879.71614,54346.98732,16467.27118,43.47253059,priority_score index points (not a crime count)
20,3521,70420,37890.54773,54346.98732,16456.43959,43.43151677,priority_score index points (not a crime count)
20,3522,70440,37893.89646,54346.98732,16453.09086,43.41884154,priority_score index points (not a crime count)
20,3523,70460,37904.21974,54346.98732,16442.76758,43.37978117,priority_score index points (not a crime count)
20,3524,70480,37907.19562,54346.98732,16439.7917,43.36852524,priority_score index points (not a crime count)
20,3525,70500,37912.52721,54346.98732,16434.46011,43.3483635,priority_score index points (not a crime count)
20,3526,70520,37916.03029,54346.98732,16430.95703,43.33511949,priority_score index points (not a crime count)
20,3527,70540,37925.23603,54346.98732,16421.75129,43.3003272,priority_score index points (not a crime count)
20,3528,70560,37926.91334,54346.98732,16420.07398,43.29398975,priority_score index points (not a crime count)
20,3529,70580,37929.80203,54346.98732,16417.18529,43.28307666,priority_score index points (not a crime count)
20,3530,70600,37937.3921,54346.98732,16409.59522,43.25441026,priority_score index points (not a crime count)
20,3531,70620,37940.6849,54346.98732,16406.30243,43.2419775,priority_score index points (not a crime count)
20,3532,70640,37943.4929,54346.98732,16403.49442,43.23137688,priority_score index points (not a crime count)
20,3533,70660,37945.75878,54346.98732,16401.22854,43.22282403,priority_score index points (not a crime count)
20,3534,70680,37953.00735,54346.98732,16393.97997,43.19547018,priority_score index points (not a crime count)
20,3535,70700,37956.88942,54346.98732,16390.0979,43.18082475,priority_score index points (not a crime count)
20,3536,70720,37970.25625,54346.98732,16376.73107,43.13042018,priority_score index points (not a crime count)
20,3537,70740,37971.88266,54346.98732,16375.10466,43.12428964,priority_score index points (not a crime count)
20,3538,70760,37978.53064,54346.98732,16368.45668,43.09923635,priority_score index points (not a crime count)
20,3539,70780,37988.18303,54346.98732,16358.80429,43.06287636,priority_score index points (not a crime count)
20,3540,70800,37997.93331,54346.98732,16349.05401,43.02616639,priority_score index points (not a crime count)
20,3541,70820,38002.52837,54346.98732,16344.45895,43.00887245,priority_score index points (not a crime count)
20,3542,70840,38015.30485,54346.98732,16331.68247,42.96080889,priority_score index points (not a crime count)
20,3543,70860,38027.19101,54346.98732,16319.79631,42.91612365,priority_score index points (not a crime count)
20,3544,70880,38032.81841,54346.98732,16314.16891,42.89497753,priority_score index points (not a crime count)
20,3545,70900,38036.39162,54346.98732,16310.5957,42.88155372,priority_score index points (not a crime count)
20,3546,70920,38043.32971,54346.98732,16303.65761,42.85549593,priority_score index points (not a crime count)
20,3547,70940,38047.54009,54346.98732,16299.44723,42.83968739,priority_score index points (not a crime count)
20,3548,70960,38053.96546,54346.98732,16293.02186,42.81556904,priority_score index points (not a crime count)
20,3549,70980,38059.97284,54346.98732,16287.01448,42.79302708,priority_score index points (not a crime count)
20,3550,71000,38063.54954,54346.98732,16283.43778,42.77960929,priority_score index points (not a crime count)
20,3551,71020,38068.56506,54346.98732,16278.42226,42.76079815,priority_score index points (not a crime count)
20,3552,71040,38071.84652,54346.98732,16275.1408,42.74849341,priority_score index points (not a crime count)
20,3553,71060,38081.51943,54346.98732,16265.46789,42.71223453,priority_score index points (not a crime count)
20,3554,71080,38082.96801,54346.98732,16264.01931,42.7068061,priority_score index points (not a crime count)
20,3555,71100,38087.19276,54346.98732,16259.79456,42.69097664,priority_score index points (not a crime count)
20,3556,71120,38107.91786,54346.98732,16239.06946,42.61337373,priority_score index points (not a crime count)
20,3557,71140,38108.49941,54346.98732,16238.48791,42.61119741,priority_score index points (not a crime count)
20,3558,71160,38115.80868,54346.98732,16231.17864,42.58384959,priority_score index points (not a crime count)
20,3559,71180,38118.23019,54346.98732,16228.75713,42.57479177,priority_score index points (not a crime count)
20,3560,71200,38122.47335,54346.98732,16224.51397,42.5589227,priority_score index points (not a crime count)
20,3561,71220,38126.25254,54346.98732,16220.73478,42.54479183,priority_score index points (not a crime count)
20,3562,71240,38129.89255,54346.98732,16217.09477,42.53118404,priority_score index points (not a crime count)
20,3563,71260,38132.96742,54346.98732,16214.0199,42.51969094,priority_score index points (not a crime count)
20,3564,71280,38140.3166,54346.98732,16206.67072,42.49222912,priority_score index points (not a crime count)
20,3565,71300,38158.10636,54346.98732,16188.88096,42.42579756,priority_score index points (not a crime count)
20,3566,71320,38162.19426,54346.98732,16184.79306,42.41054104,priority_score index points (not a crime count)
20,3567,71340,38176.53172,54346.98732,16170.4556,42.35705777,priority_score index points (not a crime count)
20,3568,71360,38197.22011,54346.98732,16149.76721,42.2799543,priority_score index points (not a crime count)
20,3569,71380,38206.08318,54346.98732,16140.90414,42.24694811,priority_score index points (not a crime count)
20,3570,71400,38232.11389,54346.98732,16114.87343,42.15009788,priority_score index points (not a crime count)
20,3571,71420,38240.46908,54346.98732,16106.51824,42.11903942,priority_score index points (not a crime count)
20,3572,71440,38251.63084,54346.98732,16095.35648,42.07756931,priority_score index points (not a crime count)
20,3573,71460,38260.01474,54346.98732,16086.97258,42.04643592,priority_score index points (not a crime count)
20,3574,71480,38261.53501,54346.98732,16085.45231,42.04079189,priority_score index points (not a crime count)
20,3575,71500,38265.33841,54346.98732,16081.64891,42.0266737,priority_score index points (not a crime count)
20,3576,71520,38267.25092,54346.98732,16079.7364,42.01957553,priority_score index points (not a crime count)
20,3577,71540,38272.50663,54346.98732,16074.48069,42.00007293,priority_score index points (not a crime count)
20,3578,71560,38273.91069,54346.98732,16073.07663,41.99486372,priority_score index points (not a crime count)
20,3579,71580,38289.25982,54346.98732,16057.7275,41.93794182,priority_score index points (not a crime count)
20,3580,71600,38294.04635,54346.98732,16052.94097,41.9202004,priority_score index points (not a crime count)
20,3581,71620,38302.65091,54346.98732,16044.33641,41.8883185,priority_score index points (not a crime count)
20,3582,71640,38331.8378,54346.98732,16015.14952,41.78028093,priority_score index points (not a crime count)
20,3583,71660,38332.69044,54346.98732,16014.29688,41.77712729,priority_score index points (not a crime count)
20,3584,71680,38343.60393,54346.98732,16003.38339,41.73677421,priority_score index points (not a crime count)
20,3585,71700,38350.57262,54346.98732,15996.4147,41.71101919,priority_score index points (not a crime count)
20,3586,71720,38362.37338,54346.98732,15984.61394,41.66742705,priority_score index points (not a crime count)
20,3587,71740,38368.39395,54346.98732,15978.59337,41.64519731,priority_score index points (not a crime count)
20,3588,71760,38372.48685,54346.98732,15974.50047,41.63008912,priority_score index points (not a crime count)
20,3589,71780,38378.56499,54346.98732,15968.42233,41.60765868,priority_score index points (not a crime count)
20,3590,71800,38382.13086,54346.98732,15964.85646,41.59450269,priority_score index points (not a crime count)
20,3591,71820,38394.37458,54346.98732,15952.61274,41.54934912,priority_score index points (not a crime count)
20,3592,71840,38400.64209,54346.98732,15946.34524,41.52624636,priority_score index points (not a crime count)
20,3593,71860,38408.75989,54346.98732,15938.22743,41.49633436,priority_score index points (not a crime count)
20,3594,71880,38416.05936,54346.98732,15930.92796,41.46944853,priority_score index points (not a crime count)
20,3595,71900,38419.33172,54346.98732,15927.65561,41.4573989,priority_score index points (not a crime count)
20,3596,71920,38423.86185,54346.98732,15923.12547,41.44072123,priority_score index points (not a crime count)
20,3597,71940,38440.95298,54346.98732,15906.03434,41.37783565,priority_score index points (not a crime count)
20,3598,71960,38538.14843,54346.98732,15808.83889,41.02127253,priority_score index points (not a crime count)
20,3599,71980,38543.20571,54346.98732,15803.78161,41.00276903,priority_score index points (not a crime count)
20,3600,72000,38545.31356,54346.98732,15801.67376,40.9950583,priority_score index points (not a crime count)
20,3601,72020,38548.94967,54346.98732,15798.03765,40.981759,priority_score index points (not a crime count)
20,3602,72040,38552.79432,54346.98732,15794.193,40.96769968,priority_score index points (not a crime count)
20,3603,72060,38563.98062,54346.98732,15783.0067,40.92680902,priority_score index points (not a crime count)
20,3604,72080,38572.09545,54346.98732,15774.89187,40.89716071,priority_score index points (not a crime count)
20,3605,72100,38574.74297,54346.98732,15772.24435,40.88749045,priority_score index points (not a crime count)
20,3606,72120,38578.08522,54346.98732,15768.9021,40.87528455,priority_score index points (not a crime count)
20,3607,72140,38581.88511,54346.98732,15765.10221,40.86140986,priority_score index points (not a crime count)
20,3608,72160,38585.83981,54346.98732,15761.14752,40.84697287,priority_score index points (not a crime count)
20,3609,72180,38589.85586,54346.98732,15757.13146,40.83231489,priority_score index points (not a crime count)
20,3610,72200,38594.1382,54346.98732,15752.84912,40.81668836,priority_score index points (not a crime count)
20,3611,72220,38601.57341,54346.98732,15745.41391,40.7895651,priority_score index points (not a crime count)
20,3612,72240,38612.36078,54346.98732,15734.62654,40.75023185,priority_score index points (not a crime count)
20,3613,72260,38613.6577,54346.98732,15733.32962,40.74550447,priority_score index points (not a crime count)
20,3614,72280,38615.88072,54346.98732,15731.1066,40.73740208,priority_score index points (not a crime count)
20,3615,72300,38621.34272,54346.98732,15725.6446,40.71749839,priority_score index points (not a crime count)
20,3616,72320,38628.26964,54346.98732,15718.71769,40.69226459,priority_score index points (not a crime count)
20,3617,72340,38638.06226,54346.98732,15708.92506,40.65660685,priority_score index points (not a crime count)
20,3618,72360,38651.7636,54346.98732,15695.22372,40.60674665,priority_score index points (not a crime count)
20,3619,72380,38653.59677,54346.98732,15693.39055,40.6000783,priority_score index points (not a crime count)
20,3620,72400,38658.09126,54346.98732,15688.89606,40.58373176,priority_score index points (not a crime count)
20,3621,72420,38673.85998,54346.98732,15673.12735,40.52641075,priority_score index points (not a crime count)
20,3622,72440,38676.2504,54346.98732,15670.73692,40.51772536,priority_score index points (not a crime count)
20,3623,72460,38677.30145,54346.98732,15669.68587,40.51390682,priority_score index points (not a crime count)
20,3624,72480,38694.12711,54346.98732,15652.86021,40.45280611,priority_score index points (not a crime count)
20,3625,72500,38698.21839,54346.98732,15648.76893,40.43795704,priority_score index points (not a crime count)
20,3626,72520,38702.71618,54346.98732,15644.27114,40.42163622,priority_score index points (not a crime count)
20,3627,72540,38714.17429,54346.98732,15632.81303,40.38007608,priority_score index points (not a crime count)
20,3628,72560,38721.69361,54346.98732,15625.29371,40.35281585,priority_score index points (not a crime count)
20,3629,72580,38727.52672,54346.98732,15619.4606,40.33167599,priority_score index points (not a crime count)
20,3630,72600,38731.74725,54346.98732,15615.24007,40.3163843,priority_score index points (not a crime count)
20,3631,72620,38751.88206,54346.98732,15595.10526,40.24347834,priority_score index points (not a crime count)
20,3632,72640,38759.11584,54346.98732,15587.87148,40.21730409,priority_score index points (not a crime count)
20,3633,72660,38775.76205,54346.98732,15571.22527,40.15710961,priority_score index points (not a crime count)
20,3634,72680,38780.45624,54346.98732,15566.53108,40.14014426,priority_score index points (not a crime count)
20,3635,72700,38783.04351,54346.98732,15563.94381,40.13079531,priority_score index points (not a crime count)
20,3636,72720,38817.61056,54346.98732,15529.37676,40.00600895,priority_score index points (not a crime count)
20,3637,72740,38820.36679,54346.98732,15526.62053,39.9960686,priority_score index points (not a crime count)
20,3638,72760,38821.79048,54346.98732,15525.19684,39.9909346,priority_score index points (not a crime count)
20,3639,72780,38827.20058,54346.98732,15519.78674,39.97142855,priority_score index points (not a crime count)
20,3640,72800,38834.06093,54346.98732,15512.92639,39.94670146,priority_score index points (not a crime count)
20,3641,72820,38852.17173,54346.98732,15494.81559,39.88146582,priority_score index points (not a crime count)
20,3642,72840,38856.2316,54346.98732,15490.75572,39.86685038,priority_score index points (not a crime count)
20,3643,72860,38859.24937,54346.98732,15487.73795,39.85598847,priority_score index points (not a crime count)
20,3644,72880,38871.88746,54346.98732,15475.09986,39.81051828,priority_score index points (not a crime count)
20,3645,72900,38897.28614,54346.98732,15449.70118,39.71922648,priority_score index points (not a crime count)
20,3646,72920,38914.18359,54346.98732,15432.80373,39.65855712,priority_score index points (not a crime count)
20,3647,72940,38920.41041,54346.98732,15426.57691,39.63621335,priority_score index points (not a crime count)
20,3648,72960,38942.73527,54346.98732,15404.25205,39.55616354,priority_score index points (not a crime count)
20,3649,72980,38954.5418,54346.98732,15392.44552,39.51386618,priority_score index points (not a crime count)
20,3650,73000,38960.73512,54346.98732,15386.2522,39.49168861,priority_score index points (not a crime count)
20,3651,73020,38967.05515,54346.98732,15379.93218,39.46906462,priority_score index points (not a crime count)
20,3652,73040,38978.98601,54346.98732,15368.00131,39.4263753,priority_score index points (not a crime count)
20,3653,73060,39003.4899,54346.98732,15343.49742,39.33878087,priority_score index points (not a crime count)
20,3654,73080,39005.66822,54346.98732,15341.3191,39.33099931,priority_score index points (not a crime count)
20,3655,73100,39015.62127,54346.98732,15331.36605,39.29545538,priority_score index points (not a crime count)
20,3656,73120,39027.76968,54346.98732,15319.21764,39.25209606,priority_score index points (not a crime count)
20,3657,73140,39042.78476,54346.98732,15304.20256,39.19854245,priority_score index points (not a crime count)
20,3658,73160,39045.60638,54346.98732,15301.38094,39.18848333,priority_score index points (not a crime count)
20,3659,73180,39046.74485,54346.98732,15300.24247,39.18442505,priority_score index points (not a crime count)
20,3660,73200,39055.55569,54346.98732,15291.43163,39.15302539,priority_score index points (not a crime count)
20,3661,73220,39066.54942,54346.98732,15280.4379,39.11386629,priority_score index points (not a crime count)
20,3662,73240,39073.37313,54346.98732,15273.61419,39.08957168,priority_score index points (not a crime count)
20,3663,73260,39075.14089,54346.98732,15271.84643,39.08327926,priority_score index points (not a crime count)
20,3664,73280,39083.86063,54346.98732,15263.12669,39.05224931,priority_score index points (not a crime count)
20,3665,73300,39086.749,54346.98732,15260.23832,39.04197384,priority_score index points (not a crime count)
20,3666,73320,39093.2497,54346.98732,15253.73762,39.01885296,priority_score index points (not a crime count)
20,3667,73340,39095.82021,54346.98732,15251.16711,39.00971262,priority_score index points (not a crime count)
20,3668,73360,39116.93197,54346.98732,15230.05535,38.93468784,priority_score index points (not a crime count)
20,3669,73380,39140.89378,54346.98732,15206.09354,38.8496329,priority_score index points (not a crime count)
20,3670,73400,39148.56569,54346.98732,15198.42163,38.82242263,priority_score index points (not a crime count)
20,3671,73420,39155.8176,54346.98732,15191.16972,38.79671182,priority_score index points (not a crime count)
20,3672,73440,39159.34196,54346.98732,15187.64536,38.78422005,priority_score index points (not a crime count)
20,3673,73460,39217.89988,54346.98732,15129.08744,38.57699541,priority_score index points (not a crime count)
20,3674,73480,39219.79496,54346.98732,15127.19236,38.57029945,priority_score index points (not a crime count)
20,3675,73500,39229.91101,54346.98732,15117.07631,38.53456693,priority_score index points (not a crime count)
20,3676,73520,39235.34422,54346.98732,15111.6431,38.51538301,priority_score index points (not a crime count)
20,3677,73540,39248.30427,54346.98732,15098.68305,38.46964432,priority_score index points (not a crime count)
20,3678,73560,39267.11794,54346.98732,15079.86938,38.40330071,priority_score index points (not a crime count)
20,3679,73580,39283.08357,54346.98732,15063.90376,38.34705015,priority_score index points (not a crime count)
20,3680,73600,39286.32362,54346.98732,15060.6637,38.33564027,priority_score index points (not a crime count)
20,3681,73620,39290.71797,54346.98732,15056.26935,38.32016856,priority_score index points (not a crime count)
20,3682,73640,39293.5053,54346.98732,15053.48202,38.31035664,priority_score index points (not a crime count)
20,3683,73660,39298.06348,54346.98732,15048.92385,38.29431406,priority_score index points (not a crime count)
20,3684,73680,39306.68379,54346.98732,15040.30354,38.26398487,priority_score index points (not a crime count)
20,3685,73700,39311.34301,54346.98732,15035.64431,38.24759766,priority_score index points (not a crime count)
20,3686,73720,39316.34874,54346.98732,15030.63858,38.22999609,priority_score index points (not a crime count)
20,3687,73740,39327.40112,54346.98732,15019.5862,38.19114859,priority_score index points (not a crime count)
20,3688,73760,39376.75699,54346.98732,14970.23033,38.01793616,priority_score index points (not a crime count)
20,3689,73780,39383.18085,54346.98732,14963.80647,37.99542381,priority_score index points (not a crime count)
20,3690,73800,39390.97505,54346.98732,14956.01227,37.96811897,priority_score index points (not a crime count)
20,3691,73820,39393.1389,54346.98732,14953.84842,37.96054042,priority_score index points (not a crime count)
20,3692,73840,39397.5865,54346.98732,14949.40082,37.94496606,priority_score index points (not a crime count)
20,3693,73860,39406.21552,54346.98732,14940.7718,37.91475938,priority_score index points (not a crime count)
20,3694,73880,39410.83411,54346.98732,14936.15321,37.89859705,priority_score index points (not a crime count)
20,3695,73900,39412.83336,54346.98732,14934.15396,37.89160201,priority_score index points (not a crime count)
20,3696,73920,39417.29195,54346.98732,14929.69537,37.87600473,priority_score index points (not a crime count)
20,3697,73940,39426.58321,54346.98732,14920.40411,37.84351293,priority_score index points (not a crime count)
20,3698,73960,39429.93543,54346.98732,14917.05189,37.83179384,priority_score index points (not a crime count)
20,3699,73980,39431.59401,54346.98732,14915.39331,37.82599636,priority_score index points (not a crime count)
20,3700,74000,39445.98145,54346.98732,14901.00587,37.775726,priority_score index points (not a crime count)
20,3701,74020,39455.69258,54346.98732,14891.29474,37.74181562,priority_score index points (not a crime count)
20,3702,74040,39459.48768,54346.98732,14887.49964,37.72856799,priority_score index points (not a crime count)
20,3703,74060,39469.74842,54346.98732,14877.23891,37.69276345,priority_score index points (not a crime count)
20,3704,74080,39473.61757,54346.98732,14873.36975,37.67926696,priority_score index points (not a crime count)
20,3705,74100,39484.44819,54346.98732,14862.53913,37.64150143,priority_score index points (not a crime count)
20,3706,74120,39491.05847,54346.98732,14855.92885,37.61846206,priority_score index points (not a crime count)
20,3707,74140,39495.91516,54346.98732,14851.07216,37.60153954,priority_score index points (not a crime count)
20,3708,74160,39514.05103,54346.98732,14832.93629,37.53838422,priority_score index points (not a crime count)
20,3709,74180,39517.05658,54346.98732,14829.93074,37.52792343,priority_score index points (not a crime count)
20,3710,74200,39530.83034,54346.98732,14816.15698,37.48000448,priority_score index points (not a crime count)
20,3711,74220,39534.80414,54346.98732,14812.18318,37.46618583,priority_score index points (not a crime count)
20,3712,74240,39544.8794,54346.98732,14802.10793,37.43116214,priority_score index points (not a crime count)
20,3713,74260,39547.57249,54346.98732,14799.41483,37.42180342,priority_score index points (not a crime count)
20,3714,74280,39553.68463,54346.98732,14793.30269,37.40056794,priority_score index points (not a crime count)
20,3715,74300,39598.52231,54346.98732,14748.46501,37.24498832,priority_score index points (not a crime count)
20,3716,74320,39599.58432,54346.98732,14747.403,37.24130759,priority_score index points (not a crime count)
20,3717,74340,39602.6547,54346.98732,14744.33262,37.23066733,priority_score index points (not a crime count)
20,3718,74360,39613.0528,54346.98732,14733.93452,37.19464539,priority_score index points (not a crime count)
20,3719,74380,39635.17974,54346.98732,14711.80758,37.1180544,priority_score index points (not a crime count)
20,3720,74400,39649.63142,54346.98732,14697.3559,37.068077,priority_score index points (not a crime count)
20,3721,74420,39660.64154,54346.98732,14686.34578,37.03002577,priority_score index points (not a crime count)
20,3722,74440,39662.29486,54346.98732,14684.69246,37.02431368,priority_score index points (not a crime count)
20,3723,74460,39667.29071,54346.98732,14679.69661,37.00705632,priority_score index points (not a crime count)
20,3724,74480,39680.68077,54346.98732,14666.30655,36.96082392,priority_score index points (not a crime count)
20,3725,74500,39685.54117,54346.98732,14661.44615,36.94404996,priority_score index points (not a crime count)
20,3726,74520,39706.28297,54346.98732,14640.70435,36.87251301,priority_score index points (not a crime count)
20,3727,74540,39722.53313,54346.98732,14624.45419,36.81651959,priority_score index points (not a crime count)
20,3728,74560,39733.66237,54346.98732,14613.32495,36.77819783,priority_score index points (not a crime count)
20,3729,74580,39736.02453,54346.98732,14610.96279,36.77006687,priority_score index points (not a crime count)
20,3730,74600,39741.11217,54346.98732,14605.87515,36.75255761,priority_score index points (not a crime count)
20,3731,74620,39749.504,54346.98732,14597.48333,36.72368673,priority_score index points (not a crime count)
20,3732,74640,39752.42248,54346.98732,14594.56484,36.71364895,priority_score index points (not a crime count)
20,3733,74660,39760.97504,54346.98732,14586.01228,36.68424192,priority_score index points (not a crime count)
20,3734,74680,39775.06861,54346.98732,14571.91871,36.63581037,priority_score index points (not a crime count)
20,3735,74700,39782.65287,54346.98732,14564.33445,36.60976179,priority_score index points (not a crime count)
20,3736,74720,39799.05082,54346.98732,14547.9365,36.55347602,priority_score index points (not a crime count)
20,3737,74740,39800.52427,54346.98732,14546.46305,36.54842069,priority_score index points (not a crime count)
20,3738,74760,39805.05695,54346.98732,14541.93037,36.53287165,priority_score index points (not a crime count)
20,3739,74780,39806.82315,54346.98732,14540.16417,36.5268138,priority_score index points (not a crime count)
20,3740,74800,39845.09098,54346.98732,14501.89634,36.39569139,priority_score index points (not a crime count)
20,3741,74820,39850.29806,54346.98732,14496.68926,36.37786908,priority_score index points (not a crime count)
20,3742,74840,39860.51956,54346.98732,14486.46776,36.34289749,priority_score index points (not a crime count)
20,3743,74860,39862.59577,54346.98732,14484.39155,36.33579617,priority_score index points (not a crime count)
20,3744,74880,39865.74531,54346.98732,14481.24201,36.32502516,priority_score index points (not a crime count)
20,3745,74900,39869.48695,54346.98732,14477.50038,36.31223145,priority_score index points (not a crime count)
20,3746,74920,39871.11185,54346.98732,14475.87547,36.30667619,priority_score index points (not a crime count)
20,3747,74940,39895.47414,54346.98732,14451.51319,36.22344012,priority_score index points (not a crime count)
20,3748,74960,39898.44989,54346.98732,14448.53743,36.21328013,priority_score index points (not a crime count)
20,3749,74980,39904.03325,54346.98732,14442.95407,36.19422121,priority_score index points (not a crime count)
20,3750,75000,39911.38148,54346.98732,14435.60584,36.169146,priority_score index points (not a crime count)
20,3751,75020,39912.20886,54346.98732,14434.77846,36.16632323,priority_score index points (not a crime count)
20,3752,75040,39914.02503,54346.98732,14432.96229,36.16012739,priority_score index points (not a crime count)
20,3753,75060,39920.81086,54346.98732,14426.17646,36.13698255,priority_score index points (not a crime count)
20,3754,75080,39966.34531,54346.98732,14380.64201,35.98187901,priority_score index points (not a crime count)
20,3755,75100,39970.59182,54346.98732,14376.3955,35.96743217,priority_score index points (not a crime count)
20,3756,75120,39978.34778,54346.98732,14368.63954,35.94105395,priority_score index points (not a crime count)
20,3757,75140,39980.82674,54346.98732,14366.16058,35.9326251,priority_score index points (not a crime count)
20,3758,75160,39993.45943,54346.98732,14353.5279,35.88968822,priority_score index points (not a crime count)
20,3759,75180,39997.68235,54346.98732,14349.30497,35.87534109,priority_score index points (not a crime count)
20,3760,75200,40014.48739,54346.98732,14332.49993,35.81827699,priority_score index points (not a crime count)
20,3761,75220,40015.44495,54346.98732,14331.54237,35.81502691,priority_score index points (not a crime count)
20,3762,75240,40015.78769,54346.98732,14331.19963,35.81386362,priority_score index points (not a crime count)
20,3763,75260,40017.77236,54346.98732,14329.21496,35.80712797,priority_score index points (not a crime count)
20,3764,75280,40019.11928,54346.98732,14327.86804,35.80255713,priority_score index points (not a crime count)
20,3765,75300,40027.25856,54346.98732,14319.72876,35.77494256,priority_score index points (not a crime count)
20,3766,75320,40027.90063,54346.98732,14319.08669,35.77276467,priority_score index points (not a crime count)
20,3767,75340,40049.20367,54346.98732,14297.78365,35.70054418,priority_score index points (not a crime count)
20,3768,75360,40053.94317,54346.98732,14293.04415,35.68448702,priority_score index points (not a crime count)
20,3769,75380,40058.61742,54346.98732,14288.3699,35.66865464,priority_score index points (not a crime count)
20,3770,75400,40065.70361,54346.98732,14281.28371,35.64465971,priority_score index points (not a crime count)
20,3771,75420,40077.06677,54346.98732,14269.92055,35.60620001,priority_score index points (not a crime count)
20,3772,75440,40100.15227,54346.98732,14246.83505,35.52813206,priority_score index points (not a crime count)
20,3773,75460,40101.13177,54346.98732,14245.85555,35.52482168,priority_score index points (not a crime count)
20,3774,75480,40140.33061,54346.98732,14206.65671,35.3924756,priority_score index points (not a crime count)
20,3775,75500,40148.84964,54346.98732,14198.13768,35.36374717,priority_score index points (not a crime count)
20,3776,75520,40150.71703,54346.98732,14196.2703,35.35745149,priority_score index points (not a crime count)
20,3777,75540,40165.80764,54346.98732,14181.17968,35.30659662,priority_score index points (not a crime count)
20,3778,75560,40168.52036,54346.98732,14178.46697,35.29745891,priority_score index points (not a crime count)
20,3779,75580,40214.14485,54346.98732,14132.84247,35.14395873,priority_score index points (not a crime count)
20,3780,75600,40239.50561,54346.98732,14107.48171,35.05878488,priority_score index points (not a crime count)
20,3781,75620,40248.98868,54346.98732,14097.99864,35.02696367,priority_score index points (not a crime count)
20,3782,75640,40255.47688,54346.98732,14091.51044,35.00520062,priority_score index points (not a crime count)
20,3783,75660,40258.3317,54346.98732,14088.65562,34.99562706,priority_score index points (not a crime count)
20,3784,75680,40301.94851,54346.98732,14045.03881,34.84952796,priority_score index points (not a crime count)
20,3785,75700,40316.4227,54346.98732,14030.56462,34.80111497,priority_score index points (not a crime count)
20,3786,75720,40318.39949,54346.98732,14028.58783,34.79450576,priority_score index points (not a crime count)
20,3787,75740,40325.12601,54346.98732,14021.86131,34.77202106,priority_score index points (not a crime count)
20,3788,75760,40339.09287,54346.98732,14007.89446,34.72535811,priority_score index points (not a crime count)
20,3789,75780,40350.10034,54346.98732,13996.88698,34.68860513,priority_score index points (not a crime count)
20,3790,75800,40353.75818,54346.98732,13993.22914,34.67639636,priority_score index points (not a crime count)
20,3791,75820,40359.33775,54346.98732,13987.64957,34.65777774,priority_score index points (not a crime count)
20,3792,75840,40374.01843,54346.98732,13972.96889,34.60881387,priority_score index points (not a crime count)
20,3793,75860,40391.26033,54346.98732,13955.72699,34.55135312,priority_score index points (not a crime count)
20,3794,75880,40393.38432,54346.98732,13953.603,34.54427806,priority_score index points (not a crime count)
20,3795,75900,40420.04024,54346.98732,13926.94708,34.45554975,priority_score index points (not a crime count)
20,3796,75920,40421.45168,54346.98732,13925.53564,34.45085483,priority_score index points (not a crime count)
20,3797,75940,40429.95635,54346.98732,13917.03097,34.42257235,priority_score index points (not a crime count)
20,3798,75960,40433.29155,54346.98732,13913.69577,34.41148428,priority_score index points (not a crime count)
20,3799,75980,40435.1765,54346.98732,13911.81082,34.40521848,priority_score index points (not a crime count)
20,3800,76000,40443.30925,54346.98732,13903.67807,34.37819093,priority_score index points (not a crime count)
20,3801,76020,40446.18939,54346.98732,13900.79793,34.36862197,priority_score index points (not a crime count)
20,3802,76040,40452.56293,54346.98732,13894.42439,34.3474514,priority_score index points (not a crime count)
20,3803,76060,40466.38213,54346.98732,13880.60519,34.30157198,priority_score index points (not a crime count)
20,3804,76080,40470.23645,54346.98732,13876.75087,34.28878131,priority_score index points (not a crime count)
20,3805,76100,40499.24665,54346.98732,13847.74067,34.1925883,priority_score index points (not a crime count)
20,3806,76120,40511.67107,54346.98732,13835.31626,34.15143314,priority_score index points (not a crime count)
20,3807,76140,40520.40598,54346.98732,13826.58134,34.12251435,priority_score index points (not a crime count)
20,3808,76160,40526.08107,54346.98732,13820.90626,34.10373244,priority_score index points (not a crime count)
20,3809,76180,40534.54452,54346.98732,13812.4428,34.0757321,priority_score index points (not a crime count)
20,3810,76200,40547.79021,54346.98732,13799.19711,34.03193376,priority_score index points (not a crime count)
20,3811,76220,40549.41914,54346.98732,13797.56818,34.02654951,priority_score index points (not a crime count)
20,3812,76240,40574.33045,54346.98732,13772.65687,33.94426161,priority_score index points (not a crime count)
20,3813,76260,40576.54811,54346.98732,13770.43921,33.93694103,priority_score index points (not a crime count)
20,3814,76280,40577.8221,54346.98732,13769.16523,33.93273595,priority_score index points (not a crime count)
20,3815,76300,40588.69239,54346.98732,13758.29493,33.89686663,priority_score index points (not a crime count)
20,3816,76320,40589.47344,54346.98732,13757.51388,33.89429011,priority_score index points (not a crime count)
20,3817,76340,40590.24839,54346.98732,13756.73893,33.8917338,priority_score index points (not a crime count)
20,3818,76360,40617.45132,54346.98732,13729.53601,33.80206182,priority_score index points (not a crime count)
20,3819,76380,40635.52303,54346.98732,13711.4643,33.74255645,priority_score index points (not a crime count)
20,3820,76400,40648.96371,54346.98732,13698.02361,33.69833411,priority_score index points (not a crime count)
20,3821,76420,40661.50823,54346.98732,13685.47909,33.65708672,priority_score index points (not a crime count)
20,3822,76440,40670.4164,54346.98732,13676.57093,33.62781141,priority_score index points (not a crime count)
20,3823,76460,40680.84524,54346.98732,13666.14208,33.5935549,priority_score index points (not a crime count)
20,3824,76480,40685.46798,54346.98732,13661.51934,33.57837582,priority_score index points (not a crime count)
20,3825,76500,40706.05275,54346.98732,13640.93457,33.51082614,priority_score index points (not a crime count)
20,3826,76520,40714.58593,54346.98732,13632.40139,33.48284424,priority_score index points (not a crime count)
20,3827,76540,40718.51671,54346.98732,13628.47061,33.46995841,priority_score index points (not a crime count)
20,3828,76560,40721.81792,54346.98732,13625.1694,33.45913837,priority_score index points (not a crime count)
20,3829,76580,40737.66913,54346.98732,13609.31819,33.40720882,priority_score index points (not a crime count)
20,3830,76600,40743.7798,54346.98732,13603.20752,33.38720067,priority_score index points (not a crime count)
20,3831,76620,40745.29602,54346.98732,13601.6913,33.38223705,priority_score index points (not a crime count)
20,3832,76640,40753.31627,54346.98732,13593.67105,33.35598742,priority_score index points (not a crime count)
20,3833,76660,40768.98411,54346.98732,13578.00321,33.30473768,priority_score index points (not a crime count)
20,3834,76680,40771.70307,54346.98732,13575.28425,33.29584791,priority_score index points (not a crime count)
20,3835,76700,40785.13388,54346.98732,13561.85344,33.25195274,priority_score index points (not a crime count)
20,3836,76720,40791.49781,54346.98732,13555.48951,33.23116393,priority_score index points (not a crime count)
20,3837,76740,40793.03929,54346.98732,13553.94803,33.22612943,priority_score index points (not a crime count)
20,3838,76760,40794.83952,54346.98732,13552.1478,33.22025031,priority_score index points (not a crime count)
20,3839,76780,40805.64476,54346.98732,13541.34256,33.1849739,priority_score index points (not a crime count)
20,3840,76800,40819.484,54346.98732,13527.50332,33.13981949,priority_score index points (not a crime count)
20,3841,76820,40823.23169,54346.98732,13523.75563,33.12759687,priority_score index points (not a crime count)
20,3842,76840,40828.23697,54346.98732,13518.75035,33.11127631,priority_score index points (not a crime count)
20,3843,76860,40830.62282,54346.98732,13516.3645,33.10349823,priority_score index points (not a crime count)
20,3844,76880,40834.85744,54346.98732,13512.12988,33.08969524,priority_score index points (not a crime count)
20,3845,76900,40856.48947,54346.98732,13490.49785,33.01922906,priority_score index points (not a crime count)
20,3846,76920,40859.76033,54346.98732,13487.22699,33.00858078,priority_score index points (not a crime count)
20,3847,76940,40894.05994,54346.98732,13452.92738,32.89702074,priority_score index points (not a crime count)
20,3848,76960,40895.52563,54346.98732,13451.46169,32.89225774,priority_score index points (not a crime count)
20,3849,76980,40915.7359,54346.98732,13431.25142,32.8266158,priority_score index points (not a crime count)
20,3850,77000,40920.62234,54346.98732,13426.36498,32.8107546,priority_score index points (not a crime count)
20,3851,77020,40924.97389,54346.98732,13422.01343,32.79663286,priority_score index points (not a crime count)
20,3852,77040,40927.48982,54346.98732,13419.4975,32.78846947,priority_score index points (not a crime count)
20,3853,77060,40931.53555,54346.98732,13415.45177,32.77534446,priority_score index points (not a crime count)
20,3854,77080,40936.46532,54346.98732,13410.522,32.75935502,priority_score index points (not a crime count)
20,3855,77100,40938.2614,54346.98732,13408.72592,32.75353047,priority_score index points (not a crime count)
20,3856,77120,40944.36137,54346.98732,13402.62596,32.73375261,priority_score index points (not a crime count)
20,3857,77140,40948.5228,54346.98732,13398.46452,32.72026341,priority_score index points (not a crime count)
20,3858,77160,40967.01604,54346.98732,13379.97128,32.66035111,priority_score index points (not a crime count)
20,3859,77180,40988.13316,54346.98732,13358.85416,32.59200438,priority_score index points (not a crime count)
20,3860,77200,40994.91236,54346.98732,13352.07496,32.57007807,priority_score index points (not a crime count)
20,3861,77220,41026.26728,54346.98732,13320.72004,32.46875948,priority_score index points (not a crime count)
20,3862,77240,41032.25536,54346.98732,13314.73196,32.44942751,priority_score index points (not a crime count)
20,3863,77260,41038.77637,54346.98732,13308.21095,32.42838147,priority_score index points (not a crime count)
20,3864,77280,41040.81675,54346.98732,13306.17057,32.42179769,priority_score index points (not a crime count)
20,3865,77300,41066.98718,54346.98732,13280.00014,32.3374103,priority_score index points (not a crime count)
20,3866,77320,41086.76371,54346.98732,13260.22361,32.27371157,priority_score index points (not a crime count)
20,3867,77340,41091.23769,54346.98732,13255.74963,32.25930971,priority_score index points (not a crime count)
20,3868,77360,41111.73251,54346.98732,13235.25481,32.19337644,priority_score index points (not a crime count)
20,3869,77380,41116.06441,54346.98732,13230.92291,32.17944883,priority_score index points (not a crime count)
20,3870,77400,41134.29497,54346.98732,13212.69236,32.12086743,priority_score index points (not a crime count)
20,3871,77420,41144.62919,54346.98732,13202.35813,32.08768286,priority_score index points (not a crime count)
20,3872,77440,41158.72123,54346.98732,13188.26609,32.04245831,priority_score index points (not a crime count)
20,3873,77460,41181.55952,54346.98732,13165.4278,31.96923079,priority_score index points (not a crime count)
20,3874,77480,41184.3795,54346.98732,13162.60782,31.96019457,priority_score index points (not a crime count)
20,3875,77500,41198.22067,54346.98732,13148.76665,31.91586054,priority_score index points (not a crime count)
20,3876,77520,41201.74672,54346.98732,13145.2406,31.90457116,priority_score index points (not a crime count)
20,3877,77540,41217.79053,54346.98732,13129.19679,31.85322799,priority_score index points (not a crime count)
20,3878,77560,41234.86999,54346.98732,13112.11733,31.79861446,priority_score index points (not a crime count)
20,3879,77580,41251.59484,54346.98732,13095.39249,31.74517867,priority_score index points (not a crime count)
20,3880,77600,41252.88035,54346.98732,13094.10697,31.74107324,priority_score index points (not a crime count)
20,3881,77620,41256.53194,54346.98732,13090.45538,31.72941295,priority_score index points (not a crime count)
20,3882,77640,41263.28609,54346.98732,13083.70123,31.7078509,priority_score index points (not a crime count)
20,3883,77660,41266.19719,54346.98732,13080.79013,31.69855964,priority_score index points (not a crime count)
20,3884,77680,41295.89448,54346.98732,13051.09284,31.60385072,priority_score index points (not a crime count)
20,3885,77700,41296.9543,54346.98732,13050.03302,31.60047329,priority_score index points (not a crime count)
20,3886,77720,41303.24733,54346.98732,13043.73999,31.58042243,priority_score index points (not a crime count)
20,3887,77740,41331.58231,54346.98732,13015.40501,31.49021711,priority_score index points (not a crime count)
20,3888,77760,41332.03687,54346.98732,13014.95045,31.48877103,priority_score index points (not a crime count)
20,3889,77780,41342.14461,54346.98732,13004.84272,31.45662335,priority_score index points (not a crime count)
20,3890,77800,41348.27676,54346.98732,12998.71056,31.43712769,priority_score index points (not a crime count)
20,3891,77820,41389.90852,54346.98732,12957.0788,31.30492254,priority_score index points (not a crime count)
20,3892,77840,41403.03851,54346.98732,12943.94881,31.2632823,priority_score index points (not a crime count)
20,3893,77860,41432.50169,54346.98732,12914.48563,31.1699393,priority_score index points (not a crime count)
20,3894,77880,41441.08218,54346.98732,12905.90514,31.1427802,priority_score index points (not a crime count)
20,3895,77900,41466.7963,54346.98732,12880.19102,31.06145679,priority_score index points (not a crime count)
20,3896,77920,41468.7465,54346.98732,12878.24082,31.05529322,priority_score index points (not a crime count)
20,3897,77940,41481.82797,54346.98732,12865.15935,31.01396439,priority_score index points (not a crime count)
20,3898,77960,41498.11087,54346.98732,12848.87645,30.96255753,priority_score index points (not a crime count)
20,3899,77980,41511.8924,54346.98732,12835.09492,30.91907926,priority_score index points (not a crime count)
20,3900,78000,41513.47018,54346.98732,12833.51714,30.9141035,priority_score index points (not a crime count)
20,3901,78020,41514.96717,54346.98732,12832.02015,30.90938288,priority_score index points (not a crime count)
20,3902,78040,41524.09168,54346.98732,12822.89564,30.88061682,priority_score index points (not a crime count)
20,3903,78060,41526.84835,54346.98732,12820.13897,30.87192858,priority_score index points (not a crime count)
20,3904,78080,41554.27558,54346.98732,12792.71174,30.78554868,priority_score index points (not a crime count)
20,3905,78100,41556.07101,54346.98732,12790.91631,30.7798981,priority_score index points (not a crime count)
20,3906,78120,41557.34498,54346.98732,12789.64234,30.77588896,priority_score index points (not a crime count)
20,3907,78140,41593.60648,54346.98732,12753.38084,30.6618779,priority_score index points (not a crime count)
20,3908,78160,41599.72554,54346.98732,12747.26178,30.64265837,priority_score index points (not a crime count)
20,3909,78180,41608.34924,54346.98732,12738.63808,30.61558151,priority_score index points (not a crime count)
20,3910,78200,41617.92386,54346.98732,12729.06346,30.58553209,priority_score index points (not a crime count)
20,3911,78220,41624.54999,54346.98732,12722.43733,30.56474443,priority_score index points (not a crime count)
20,3912,78240,41634.33975,54346.98732,12712.64757,30.53404388,priority_score index points (not a crime count)
20,3913,78260,41638.1473,54346.98732,12708.84002,30.52210735,priority_score index points (not a crime count)
20,3914,78280,41647.83163,54346.98732,12699.15569,30.49175717,priority_score index points (not a crime count)
20,3915,78300,41654.79738,54346.98732,12692.18994,30.46993562,priority_score index points (not a crime count)
20,3916,78320,41655.93752,54346.98732,12691.0498,30.46636459,priority_score index points (not a crime count)
20,3917,78340,41657.16642,54346.98732,12689.8209,30.46251578,priority_score index points (not a crime count)
20,3918,78360,41664.17409,54346.98732,12682.81323,30.44057276,priority_score index points (not a crime count)
20,3919,78380,41695.86516,54346.98732,12651.12216,30.341431,priority_score index points (not a crime count)
20,3920,78400,41701.16695,54346.98732,12645.82037,30.32485969,priority_score index points (not a crime count)
20,3921,78420,41703.95552,54346.98732,12643.03181,30.31614543,priority_score index points (not a crime count)
20,3922,78440,41705.44254,54346.98732,12641.54478,30.31149894,priority_score index points (not a crime count)
20,3923,78460,41722.79659,54346.98732,12624.19073,30.2572976,priority_score index points (not a crime count)
20,3924,78480,41723.92984,54346.98732,12623.05748,30.25375972,priority_score index points (not a crime count)
20,3925,78500,41726.30205,54346.98732,12620.68527,30.24635458,priority_score index points (not a crime count)
20,3926,78520,41729.50835,54346.98732,12617.47897,30.23634705,priority_score index points (not a crime count)
20,3927,78540,41756.76945,54346.98732,12590.21787,30.15132167,priority_score index points (not a crime count)
20,3928,78560,41759.93517,54346.98732,12587.05215,30.14145519,priority_score index points (not a crime count)
20,3929,78580,41766.22148,54346.98732,12580.76584,30.12186736,priority_score index points (not a crime count)
20,3930,78600,41768.15107,54346.98732,12578.83625,30.11585605,priority_score index points (not a crime count)
20,3931,78620,41772.64948,54346.98732,12574.33784,30.10184414,priority_score index points (not a crime count)
20,3932,78640,41776.84443,54346.98732,12570.14289,30.08878019,priority_score index points (not a crime count)
20,3933,78660,41791.38657,54346.98732,12555.60075,30.04351322,priority_score index points (not a crime count)
20,3934,78680,41793.46294,54346.98732,12553.52438,30.03705244,priority_score index points (not a crime count)
20,3935,78700,41795.58299,54346.98732,12551.40433,30.03045641,priority_score index points (not a crime count)
20,3936,78720,41796.95407,54346.98732,12550.03325,30.02619097,priority_score index points (not a crime count)
20,3937,78740,41805.21869,54346.98732,12541.76863,30.00048565,priority_score index points (not a crime count)
20,3938,78760,41807.66837,54346.98732,12539.31895,29.99286837,priority_score index points (not a crime count)
20,3939,78780,41809.27032,54346.98732,12537.717,29.98788763,priority_score index points (not a crime count)
20,3940,78800,41827.69151,54346.98732,12519.29581,29.9306401,priority_score index points (not a crime count)
20,3941,78820,41842.59555,54346.98732,12504.39177,29.88435971,priority_score index points (not a crime count)
20,3942,78840,41844.94162,54346.98732,12502.0457,29.87707765,priority_score index points (not a crime count)
20,3943,78860,41855.04226,54346.98732,12491.94506,29.84573514,priority_score index points (not a crime count)
20,3944,78880,41875.3175,54346.98732,12471.66982,29.78286628,priority_score index points (not a crime count)
20,3945,78900,41883.72409,54346.98732,12463.26323,29.75681723,priority_score index points (not a crime count)
20,3946,78920,41890.95045,54346.98732,12456.03687,29.73443367,priority_score index points (not a crime count)
20,3947,78940,41913.72386,54346.98732,12433.26346,29.66394374,priority_score index points (not a crime count)
20,3948,78960,41916.07015,54346.98732,12430.91717,29.65668567,priority_score index points (not a crime count)
20,3949,78980,41921.99637,54346.98732,12424.99095,29.63835701,priority_score index points (not a crime count)
20,3950,79000,41959.05485,54346.98732,12387.93247,29.52385965,priority_score index points (not a crime count)
20,3951,79020,41961.76081,54346.98732,12385.22651,29.51550715,priority_score index points (not a crime count)
20,3952,79040,41965.18329,54346.98732,12381.80403,29.50494447,priority_score index points (not a crime count)
20,3953,79060,41967.45095,54346.98732,12379.53637,29.49794685,priority_score index points (not a crime count)
20,3954,79080,41985.15473,54346.98732,12361.83259,29.44334176,priority_score index points (not a crime count)
20,3955,79100,42012.91571,54346.98732,12334.07161,29.35780913,priority_score index points (not a crime count)
20,3956,79120,42023.45513,54346.98732,12323.53219,29.3253664,priority_score index points (not a crime count)
20,3957,79140,42027.03661,54346.98732,12319.95071,29.3143455,priority_score index points (not a crime count)
20,3958,79160,42035.44336,54346.98732,12311.54396,29.28848367,priority_score index points (not a crime count)
20,3959,79180,42037.72568,54346.98732,12309.26164,29.28146432,priority_score index points (not a crime count)
20,3960,79200,42040.84382,54346.98732,12306.1435,29.2718756,priority_score index points (not a crime count)
20,3961,79220,42041.88695,54346.98732,12305.10037,29.26866815,priority_score index points (not a crime count)
20,3962,79240,42043.4371,54346.98732,12303.55022,29.26390197,priority_score index points (not a crime count)
20,3963,79260,42047.21702,54346.98732,12299.7703,29.25228153,priority_score index points (not a crime count)
20,3964,79280,42051.80817,54346.98732,12295.17915,29.23816998,priority_score index points (not a crime count)
20,3965,79300,42054.21641,54346.98732,12292.77091,29.23076913,priority_score index points (not a crime count)
20,3966,79320,42063.799,54346.98732,12283.18832,29.20132895,priority_score index points (not a crime count)
20,3967,79340,42071.95679,54346.98732,12275.03053,29.1762767,priority_score index points (not a crime count)
20,3968,79360,42076.20241,54346.98732,12270.78491,29.16324241,priority_score index points (not a crime count)
20,3969,79380,42078.51853,54346.98732,12268.46879,29.1561329,priority_score index points (not a crime count)
20,3970,79400,42079.41827,54346.98732,12267.56905,29.1533713,priority_score index points (not a crime count)
20,3971,79420,42120.41523,54346.98732,12226.57209,29.02766276,priority_score index points (not a crime count)
20,3972,79440,42129.72759,54346.98732,12217.25973,28.99914249,priority_score index points (not a crime count)
20,3973,79460,42132.21894,54346.98732,12214.76839,28.99151456,priority_score index points (not a crime count)
20,3974,79480,42139.35887,54346.98732,12207.62845,28.96965872,priority_score index points (not a crime count)
20,3975,79500,42162.90321,54346.98732,12184.08411,28.89764031,priority_score index points (not a crime count)
20,3976,79520,42164.04315,54346.98732,12182.94417,28.89415544,priority_score index points (not a crime count)
20,3977,79540,42171.23545,54346.98732,12175.75187,28.87217256,priority_score index points (not a crime count)
20,3978,79560,42183.17473,54346.98732,12163.81259,28.83569732,priority_score index points (not a crime count)
20,3979,79580,42188.27479,54346.98732,12158.71253,28.82012264,priority_score index points (not a crime count)
20,3980,79600,42190.64407,54346.98732,12156.34325,28.81288854,priority_score index points (not a crime count)
20,3981,79620,42193.14381,54346.98732,12153.84351,28.80525701,priority_score index points (not a crime count)
20,3982,79640,42285.81595,54346.98732,12061.17137,28.52297182,priority_score index points (not a crime count)
20,3983,79660,42286.79522,54346.98732,12060.1921,28.51999552,priority_score index points (not a crime count)
20,3984,79680,42298.16159,54346.98732,12048.82573,28.48545958,priority_score index points (not a crime count)
20,3985,79700,42299.75671,54346.98732,12047.23061,28.48061441,priority_score index points (not a crime count)
20,3986,79720,42320.31336,54346.98732,12026.67396,28.41820632,priority_score index points (not a crime count)
20,3987,79740,42328.06727,54346.98732,12018.92005,28.3946819,priority_score index points (not a crime count)
20,3988,79760,42341.28359,54346.98732,12005.70373,28.35460504,priority_score index points (not a crime count)
20,3989,79780,42344.49841,54346.98732,12002.48891,28.34486028,priority_score index points (not a crime count)
20,3990,79800,42375.73847,54346.98732,11971.24885,28.25024244,priority_score index points (not a crime count)
20,3991,79820,42392.00839,54346.98732,11954.97893,28.2010204,priority_score index points (not a crime count)
20,3992,79840,42393.53411,54346.98732,11953.45321,28.19640651,priority_score index points (not a crime count)
20,3993,79860,42399.02992,54346.98732,11947.9574,28.17978954,priority_score index points (not a crime count)
20,3994,79880,42404.31187,54346.98732,11942.67545,28.16382327,priority_score index points (not a crime count)
20,3995,79900,42409.91241,54346.98732,11937.07491,28.14689829,priority_score index points (not a crime count)
20,3996,79920,42414.68268,54346.98732,11932.30464,28.13248594,priority_score index points (not a crime count)
20,3997,79940,42428.70965,54346.98732,11918.27767,28.09012522,priority_score index points (not a crime count)
20,3998,79960,42431.59897,54346.98732,11915.38835,28.08140309,priority_score index points (not a crime count)
20,3999,79980,42451.69526,54346.98732,11895.29206,28.02077041,priority_score index points (not a crime count)
20,4000,80000,42453.61721,54346.98732,11893.37011,28.01497467,priority_score index points (not a crime count)
20,4001,80020,42457.35208,54346.98732,11889.63524,28.0037135,priority_score index points (not a crime count)
20,4002,80040,42463.61483,54346.98732,11883.37249,27.98483487,priority_score index points (not a crime count)
20,4003,80060,42503.57591,54346.98732,11843.41141,27.86450588,priority_score index points (not a crime count)
20,4004,80080,42535.1017,54346.98732,11811.88562,27.76973641,priority_score index points (not a crime count)
20,4005,80100,42537.44391,54346.98732,11809.54341,27.7627011,priority_score index points (not a crime count)
20,4006,80120,42546.87316,54346.98732,11800.11416,27.73438629,priority_score index points (not a crime count)
20,4007,80140,42556.09498,54346.98732,11790.89234,27.70670653,priority_score index points (not a crime count)
20,4008,80160,42566.9889,54346.98732,11779.99842,27.67402328,priority_score index points (not a crime count)
20,4009,80180,42570.29276,54346.98732,11776.69456,27.66411456,priority_score index points (not a crime count)
20,4010,80200,42574.11648,54346.98732,11772.87084,27.65264864,priority_score index points (not a crime count)
20,4011,80220,42576.97425,54346.98732,11770.01307,27.64408059,priority_score index points (not a crime count)
20,4012,80240,42592.69445,54346.98732,11754.29287,27.59696945,priority_score index points (not a crime count)
20,4013,80260,42596.63774,54346.98732,11750.34958,27.58515742,priority_score index points (not a crime count)
20,4014,80280,42620.63275,54346.98732,11726.35457,27.5133282,priority_score index points (not a crime count)
20,4015,80300,42622.40868,54346.98732,11724.57864,27.50801517,priority_score index points (not a crime count)
20,4016,80320,42632.27286,54346.98732,11714.71446,27.47851257,priority_score index points (not a crime count)
20,4017,80340,42637.78506,54346.98732,11709.20226,27.46203219,priority_score index points (not a crime count)
20,4018,80360,42641.0637,54346.98732,11705.92362,27.45223172,priority_score index points (not a crime count)
20,4019,80380,42662.41341,54346.98732,11684.57391,27.38845034,priority_score index points (not a crime count)
20,4020,80400,42665.9782,54346.98732,11681.00912,27.37780688,priority_score index points (not a crime count)
20,4021,80420,42668.94293,54346.98732,11678.04439,27.36895641,priority_score index points (not a crime count)
20,4022,80440,42670.63947,54346.98732,11676.34785,27.36389235,priority_score index points (not a crime count)
20,4023,80460,42674.92345,54346.98732,11672.06387,27.35110675,priority_score index points (not a crime count)
20,4024,80480,42676.86941,54346.98732,11670.11791,27.34529986,priority_score index points (not a crime count)
20,4025,80500,42700.61919,54346.98732,11646.36813,27.27447131,priority_score index points (not a crime count)
20,4026,80520,42706.66672,54346.98732,11640.3206,27.25644845,priority_score index points (not a crime count)
20,4027,80540,42717.07484,54346.98732,11629.91248,27.22544211,priority_score index points (not a crime count)
20,4028,80560,42737.28215,54346.98732,11609.70517,27.16528658,priority_score index points (not a crime count)
20,4029,80580,42741.1519,54346.98732,11605.83542,27.15377313,priority_score index points (not a crime count)
20,4030,80600,42744.69869,54346.98732,11602.28863,27.1432224,priority_score index points (not a crime count)
20,4031,80620,42747.6243,54346.98732,11599.36302,27.13452084,priority_score index points (not a crime count)
20,4032,80640,42766.23897,54346.98732,11580.74835,27.07918355,priority_score index points (not a crime count)
20,4033,80660,42769.51764,54346.98732,11577.46968,27.0694418,priority_score index points (not a crime count)
20,4034,80680,42771.06913,54346.98732,11575.91819,27.06483243,priority_score index points (not a crime count)
20,4035,80700,42773.29452,54346.98732,11573.6928,27.05822157,priority_score index points (not a crime count)
20,4036,80720,42775.90217,54346.98732,11571.08515,27.05047601,priority_score index points (not a crime count)
20,4037,80740,42777.62757,54346.98732,11569.35975,27.04535152,priority_score index points (not a crime count)
20,4038,80760,42780.61037,54346.98732,11566.37695,27.03649351,priority_score index points (not a crime count)
20,4039,80780,42784.84744,54346.98732,11562.13988,27.02391283,priority_score index points (not a crime count)
20,4040,80800,42797.86005,54346.98732,11549.12727,26.98529145,priority_score index points (not a crime count)
20,4041,80820,42800.56401,54346.98732,11546.42331,26.97726907,priority_score index points (not a crime count)
20,4042,80840,42811.80608,54346.98732,11535.18124,26.94392576,priority_score index points (not a crime count)
20,4043,80860,42816.3601,54346.98732,11530.62722,26.93042377,priority_score index points (not a crime count)
20,4044,80880,42822.89073,54346.98732,11524.09659,26.91106648,priority_score index points (not a crime count)
20,4045,80900,42826.77768,54346.98732,11520.20964,26.89954805,priority_score index points (not a crime count)
20,4046,80920,42836.82076,54346.98732,11510.16656,26.86979649,priority_score index points (not a crime count)
20,4047,80940,42841.40475,54346.98732,11505.58257,26.85622153,priority_score index points (not a crime count)
20,4048,80960,42845.50951,54346.98732,11501.47781,26.84406824,priority_score index points (not a crime count)
20,4049,80980,42860.48723,54346.98732,11486.50009,26.79974221,priority_score index points (not a crime count)
20,4050,81000,42866.50906,54346.98732,11480.47826,26.78192956,priority_score index points (not a crime count)
20,4051,81020,42872.22429,54346.98732,11474.76303,26.76502847,priority_score index points (not a crime count)
20,4052,81040,42875.611,54346.98732,11471.37632,26.7550154,priority_score index points (not a crime count)
20,4053,81060,42878.70339,54346.98732,11468.28394,26.7458739,priority_score index points (not a crime count)
20,4054,81080,42921.98191,54346.98732,11425.00541,26.61807516,priority_score index points (not a crime count)
20,4055,81100,42929.74922,54346.98732,11417.2381,26.59516607,priority_score index points (not a crime count)
20,4056,81120,42939.01922,54346.98732,11407.9681,26.56783575,priority_score index points (not a crime count)
20,4057,81140,42951.03204,54346.98732,11395.95528,26.53243645,priority_score index points (not a crime count)
20,4058,81160,42964.6624,54346.98732,11382.32492,26.49229456,priority_score index points (not a crime count)
20,4059,81180,42980.89519,54346.98732,11366.09213,26.44452165,priority_score index points (not a crime count)
20,4060,81200,42985.63117,54346.98732,11361.35615,26.4305905,priority_score index points (not a crime count)
20,4061,81220,42993.28473,54346.98732,11353.70259,26.40808364,priority_score index points (not a crime count)
20,4062,81240,42995.54388,54346.98732,11351.44344,26.40144167,priority_score index points (not a crime count)
20,4063,81260,42999.43346,54346.98732,11347.55386,26.39000783,priority_score index points (not a crime count)
20,4064,81280,43014.71602,54346.98732,11332.2713,26.34510313,priority_score index points (not a crime count)
20,4065,81300,43021.7496,54346.98732,11325.23772,26.32444712,priority_score index points (not a crime count)
20,4066,81320,43029.15919,54346.98732,11317.82813,26.30269414,priority_score index points (not a crime count)
20,4067,81340,43057.64388,54346.98732,11289.34344,26.21913887,priority_score index points (not a crime count)
20,4068,81360,43070.61244,54346.98732,11276.37489,26.1811343,priority_score index points (not a crime count)
20,4069,81380,43077.50634,54346.98732,11269.48099,26.16094093,priority_score index points (not a crime count)
20,4070,81400,43083.1449,54346.98732,11263.84242,26.14442945,priority_score index points (not a crime count)
20,4071,81420,43096.37033,54346.98732,11250.61699,26.1057182,priority_score index points (not a crime count)
20,4072,81440,43113.54147,54346.98732,11233.44585,26.05549316,priority_score index points (not a crime count)
20,4073,81460,43125.87526,54346.98732,11221.11206,26.01944191,priority_score index points (not a crime count)
20,4074,81480,43131.2964,54346.98732,11215.69093,26.00360263,priority_score index points (not a crime count)
20,4075,81500,43134.52581,54346.98732,11212.46151,25.99416893,priority_score index points (not a crime count)
20,4076,81520,43160.27913,54346.98732,11186.70819,25.91898944,priority_score index points (not a crime count)
20,4077,81540,43163.97269,54346.98732,11183.01464,25.90821451,priority_score index points (not a crime count)
20,4078,81560,43185.61609,54346.98732,11161.37124,25.8451129,priority_score index points (not a crime count)
20,4079,81580,43206.66837,54346.98732,11140.31896,25.78379537,priority_score index points (not a crime count)
20,4080,81600,43232.77791,54346.98732,11114.20941,25.70783083,priority_score index points (not a crime count)
20,4081,81620,43247.19276,54346.98732,11099.79456,25.66593079,priority_score index points (not a crime count)
20,4082,81640,43251.16737,54346.98732,11095.81995,25.65438258,priority_score index points (not a crime count)
20,4083,81660,43253.24734,54346.98732,11093.73998,25.64834009,priority_score index points (not a crime count)
20,4084,81680,43260.35936,54346.98732,11086.62796,25.62768347,priority_score index points (not a crime count)
20,4085,81700,43274.9674,54346.98732,11072.01992,25.58527616,priority_score index points (not a crime count)
20,4086,81720,43278.74019,54346.98732,11068.24714,25.57432838,priority_score index points (not a crime count)
20,4087,81740,43287.83589,54346.98732,11059.15143,25.54794251,priority_score index points (not a crime count)
20,4088,81760,43308.84582,54346.98732,11038.1415,25.48703686,priority_score index points (not a crime count)
20,4089,81780,43320.46485,54346.98732,11026.52248,25.45337986,priority_score index points (not a crime count)
20,4090,81800,43325.71452,54346.98732,11021.2728,25.43817896,priority_score index points (not a crime count)
20,4091,81820,43328.1274,54346.98732,11018.85993,25.43119352,priority_score index points (not a crime count)
20,4092,81840,43336.17849,54346.98732,11010.80883,25.40789062,priority_score index points (not a crime count)
20,4093,81860,43342.8857,54346.98732,11004.10162,25.38848404,priority_score index points (not a crime count)
20,4094,81880,43352.99765,54346.98732,10993.98967,25.35923758,priority_score index points (not a crime count)
20,4095,81900,43361.6516,54346.98732,10985.33572,25.33421887,priority_score index points (not a crime count)
20,4096,81920,43371.92226,54346.98732,10975.06506,25.30453918,priority_score index points (not a crime count)
20,4097,81940,43414.38563,54346.98732,10932.60169,25.1819795,priority_score index points (not a crime count)
20,4098,81960,43421.06723,54346.98732,10925.9201,25.16271661,priority_score index points (not a crime count)
20,4099,81980,43432.10786,54346.98732,10914.87946,25.13089969,priority_score index points (not a crime count)
20,4100,82000,43443.48749,54346.98732,10903.49983,25.09812279,priority_score index points (not a crime count)
20,4101,82020,43470.94797,54346.98732,10876.03935,25.01909865,priority_score index points (not a crime count)
20,4102,82040,43475.78377,54346.98732,10871.20355,25.00519279,priority_score index points (not a crime count)
20,4103,82060,43480.55524,54346.98732,10866.43208,24.99147497,priority_score index points (not a crime count)
20,4104,82080,43490.80169,54346.98732,10856.18563,24.96202694,priority_score index points (not a crime count)
20,4105,82100,43517.03744,54346.98732,10829.94988,24.88668927,priority_score index points (not a crime count)
20,4106,82120,43519.46519,54346.98732,10827.52213,24.8797224,priority_score index points (not a crime count)
20,4107,82140,43526.97585,54346.98732,10820.01147,24.85817416,priority_score index points (not a crime count)
20,4108,82160,43543.74172,54346.98732,10803.2456,24.81009941,priority_score index points (not a crime count)
20,4109,82180,43551.99516,54346.98732,10794.99216,24.78644692,priority_score index points (not a crime count)
20,4110,82200,43557.22025,54346.98732,10789.76707,24.77147762,priority_score index points (not a crime count)
20,4111,82220,43639.65503,54346.98732,10707.33229,24.53578582,priority_score index points (not a crime count)
20,4112,82240,43681.15109,54346.98732,10665.83623,24.41747978,priority_score index points (not a crime count)
20,4113,82260,43710.63718,54346.98732,10636.35014,24.33355088,priority_score index points (not a crime count)
20,4114,82280,43719.20466,54346.98732,10627.78266,24.30918573,priority_score index points (not a crime count)
20,4115,82300,43723.78765,54346.98732,10623.19967,24.29615603,priority_score index points (not a crime count)
20,4116,82320,43733.12082,54346.98732,10613.8665,24.26962975,priority_score index points (not a crime count)
20,4117,82340,43742.13357,54346.98732,10604.85375,24.24402489,priority_score index points (not a crime count)
20,4118,82360,43764.62842,54346.98732,10582.3589,24.18016394,priority_score index points (not a crime count)
20,4119,82380,43780.22921,54346.98732,10566.75812,24.13591319,priority_score index points (not a crime count)
20,4120,82400,43787.54873,54346.98732,10559.43859,24.11516263,priority_score index points (not a crime count)
20,4121,82420,43794.6219,54346.98732,10552.36542,24.09511708,priority_score index points (not a crime count)
20,4122,82440,43817.76369,54346.98732,10529.22363,24.02957784,priority_score index points (not a crime count)
20,4123,82460,43824.30187,54346.98732,10522.68545,24.01107376,priority_score index points (not a crime count)
20,4124,82480,43833.73462,54346.98732,10513.25271,23.98438736,priority_score index points (not a crime count)
20,4125,82500,43845.12744,54346.98732,10501.85988,23.95217097,priority_score index points (not a crime count)
20,4126,82520,43849.2332,54346.98732,10497.75412,23.94056488,priority_score index points (not a crime count)
20,4127,82540,43855.23427,54346.98732,10491.75305,23.92360507,priority_score index points (not a crime count)
20,4128,82560,43861.58623,54346.98732,10485.4011,23.90565868,priority_score index points (not a crime count)
20,4129,82580,43863.79795,54346.98732,10483.18937,23.89941105,priority_score index points (not a crime count)
20,4130,82600,43870.96609,54346.98732,10476.02123,23.87916695,priority_score index points (not a crime count)
20,4131,82620,43880.4324,54346.98732,10466.55492,23.85244254,priority_score index points (not a crime count)
20,4132,82640,43909.53386,54346.98732,10437.45346,23.77035816,priority_score index points (not a crime count)
20,4133,82660,43921.52024,54346.98732,10425.46708,23.73658066,priority_score index points (not a crime count)
20,4134,82680,43930.63524,54346.98732,10416.35208,23.71090703,priority_score index points (not a crime count)
20,4135,82700,43937.85085,54346.98732,10409.13647,23.69059084,priority_score index points (not a crime count)
20,4136,82720,43965.03451,54346.98732,10381.95281,23.61411273,priority_score index points (not a crime count)
20,4137,82740,43980.11012,54346.98732,10366.8772,23.57173997,priority_score index points (not a crime count)
20,4138,82760,44004.35892,54346.98732,10342.6284,23.50364522,priority_score index points (not a crime count)
20,4139,82780,44018.85521,54346.98732,10328.13211,23.46297301,priority_score index points (not a crime count)
20,4140,82800,44026.77797,54346.98732,10320.20935,23.44075543,priority_score index points (not a crime count)
20,4141,82820,44033.2378,54346.98732,10313.74952,23.42264624,priority_score index points (not a crime count)
20,4142,82840,44037.13979,54346.98732,10309.84753,23.41171015,priority_score index points (not a crime count)
20,4143,82860,44049.04901,54346.98732,10297.93831,23.37834424,priority_score index points (not a crime count)
20,4144,82880,44063.22764,54346.98732,10283.75968,23.33864365,priority_score index points (not a crime count)
20,4145,82900,44084.36034,54346.98732,10262.62698,23.27951887,priority_score index points (not a crime count)
20,4146,82920,44087.99537,54346.98732,10258.99195,23.26935455,priority_score index points (not a crime count)
20,4147,82940,44098.88409,54346.98732,10248.10323,23.23891736,priority_score index points (not a crime count)
20,4148,82960,44102.05133,54346.98732,10244.93599,23.23006681,priority_score index points (not a crime count)
20,4149,82980,44113.04183,54346.98732,10233.94549,23.19936479,priority_score index points (not a crime count)
20,4150,83000,44139.51416,54346.98732,10207.47316,23.12547691,priority_score index points (not a crime count)
20,4151,83020,44143.718,54346.98732,10203.26932,23.1137516,priority_score index points (not a crime count)
20,4152,83040,44155.42997,54346.98732,10191.55735,23.08109638,priority_score index points (not a crime count)
20,4153,83060,44173.9791,54346.98732,10173.00822,23.02941331,priority_score index points (not a crime count)
20,4154,83080,44178.96801,54346.98732,10168.01931,23.01552021,priority_score index points (not a crime count)
20,4155,83100,44185.18472,54346.98732,10161.8026,22.99821232,priority_score index points (not a crime count)
20,4156,83120,44207.05833,54346.98732,10139.92899,22.93735294,priority_score index points (not a crime count)
20,4157,83140,44247.49835,54346.98732,10099.48897,22.82499429,priority_score index points (not a crime count)
20,4158,83160,44274.285,54346.98732,10072.70232,22.7506832,priority_score index points (not a crime count)
20,4159,83180,44280.26868,54346.98732,10066.71864,22.73409565,priority_score index points (not a crime count)
20,4160,83200,44286.39996,54346.98732,10060.58736,22.71710359,priority_score index points (not a crime count)
20,4161,83220,44297.66218,54346.98732,10049.32514,22.68590405,priority_score index points (not a crime count)
20,4162,83240,44323.5206,54346.98732,10023.46672,22.61432889,priority_score index points (not a crime count)
20,4163,83260,44336.01381,54346.98732,10010.97351,22.57977805,priority_score index points (not a crime count)
20,4164,83280,44348.3603,54346.98732,9998.627021,22.54565209,priority_score index points (not a crime count)
20,4165,83300,44356.27528,54346.98732,9990.712036,22.5237849,priority_score index points (not a crime count)
20,4166,83320,44368.17329,54346.98732,9978.814034,22.49092828,priority_score index points (not a crime count)
20,4167,83340,44371.76035,54346.98732,9975.226966,22.48102596,priority_score index points (not a crime count)
20,4168,83360,44375.16611,54346.98732,9971.821206,22.47162564,priority_score index points (not a crime count)
20,4169,83380,44387.95545,54346.98732,9959.031872,22.43633835,priority_score index points (not a crime count)
20,4170,83400,44415.33589,54346.98732,9931.651435,22.36086081,priority_score index points (not a crime count)
20,4171,83420,44434.00818,54346.98732,9912.979139,22.30944167,priority_score index points (not a crime count)
20,4172,83440,44443.09745,54346.98732,9903.889866,22.28442758,priority_score index points (not a crime count)
20,4173,83460,44460.69653,54346.98732,9886.29079,22.23602319,priority_score index points (not a crime count)
20,4174,83480,44466.22854,54346.98732,9880.758779,22.22081589,priority_score index points (not a crime count)
20,4175,83500,44499.26484,54346.98732,9847.72248,22.13007904,priority_score index points (not a crime count)
20,4176,83520,44510.97733,54346.98732,9836.009995,22.09794209,priority_score index points (not a crime count)
20,4177,83540,44516.30656,54346.98732,9830.680756,22.08332522,priority_score index points (not a crime count)
20,4178,83560,44526.19905,54346.98732,9820.788273,22.0562017,priority_score index points (not a crime count)
20,4179,83580,44527.82367,54346.98732,9819.163653,22.05174842,priority_score index points (not a crime count)
20,4180,83600,44537.0686,54346.98732,9809.918725,22.02641313,priority_score index points (not a crime count)
20,4181,83620,44542.49867,54346.98732,9804.488653,22.01153718,priority_score index points (not a crime count)
20,4182,83640,44546.45712,54346.98732,9800.530204,22.00069509,priority_score index points (not a crime count)
20,4183,83660,44558.16983,54346.98732,9788.817492,21.96862557,priority_score index points (not a crime count)
20,4184,83680,44571.68764,54346.98732,9775.299681,21.93163463,priority_score index points (not a crime count)
20,4185,83700,44578.8864,54346.98732,9768.10092,21.91194466,priority_score index points (not a crime count)
20,4186,83720,44598.80647,54346.98732,9748.180849,21.85749265,priority_score index points (not a crime count)
20,4187,83740,44616.5533,54346.98732,9730.434019,21.80902221,priority_score index points (not a crime count)
20,4188,83760,44626.70335,54346.98732,9720.28397,21.78131755,priority_score index points (not a crime count)
20,4189,83780,44651.64657,54346.98732,9695.340747,21.71328829,priority_score index points (not a crime count)
20,4190,83800,44668.53424,54346.98732,9678.453076,21.66727259,priority_score index points (not a crime count)
20,4191,83820,44698.39217,54346.98732,9648.595146,21.58600047,priority_score index points (not a crime count)
20,4192,83840,44703.40819,54346.98732,9643.579131,21.57235773,priority_score index points (not a crime count)
20,4193,83860,44718.06216,54346.98732,9628.925164,21.53251885,priority_score index points (not a crime count)
20,4194,83880,44731.65231,54346.98732,9615.335014,21.49559544,priority_score index points (not a crime count)
20,4195,83900,44736.15104,54346.98732,9610.836277,21.48337765,priority_score index points (not a crime count)
20,4196,83920,44747.17224,54346.98732,9599.815085,21.4534564,priority_score index points (not a crime count)
20,4197,83940,44751.23197,54346.98732,9595.755349,21.4424384,priority_score index points (not a crime count)
20,4198,83960,44759.3316,54346.98732,9587.655719,21.42046223,priority_score index points (not a crime count)
20,4199,83980,44770.52251,54346.98732,9576.464813,21.39011179,priority_score index points (not a crime count)
20,4200,84000,44778.89453,54346.98732,9568.092792,21.36741626,priority_score index points (not a crime count)
20,4201,84020,44784.75705,54346.98732,9562.230267,21.35152873,priority_score index points (not a crime count)
20,4202,84040,44791.66415,54346.98732,9555.323172,21.33281572,priority_score index points (not a crime count)
20,4203,84060,44793.6942,54346.98732,9553.29312,21.32731691,priority_score index points (not a crime count)
20,4204,84080,44812.16797,54346.98732,9534.819351,21.27729986,priority_score index points (not a crime count)
20,4205,84100,44829.39431,54346.98732,9517.59301,21.23069731,priority_score index points (not a crime count)
20,4206,84120,44840.2326,54346.98732,9506.754721,21.20139475,priority_score index points (not a crime count)
20,4207,84140,44849.81692,54346.98732,9497.1704,21.17549424,priority_score index points (not a crime count)
20,4208,84160,44855.16514,54346.98732,9491.822177,21.16104611,priority_score index points (not a crime count)
20,4209,84180,44867.59244,54346.98732,9479.394878,21.12748726,priority_score index points (not a crime count)
20,4210,84200,44871.68241,54346.98732,9475.30491,21.11644672,priority_score index points (not a crime count)
20,4211,84220,44875.32962,54346.98732,9471.6577,21.10660307,priority_score index points (not a crime count)
20,4212,84240,44880.11943,54346.98732,9466.867892,21.09367803,priority_score index points (not a crime count)
20,4213,84260,44918.64452,54346.98732,9428.342796,20.98982037,priority_score index points (not a crime count)
20,4214,84280,44937.27135,54346.98732,9409.715974,20.93966921,priority_score index points (not a crime count)
20,4215,84300,44948.12776,54346.98732,9398.859564,20.91045842,priority_score index points (not a crime count)
20,4216,84320,44955.68903,54346.98732,9391.298287,20.89012201,priority_score index points (not a crime count)
20,4217,84340,44985.16882,54346.98732,9361.818499,20.8109,priority_score index points (not a crime count)
20,4218,84360,44999.61669,54346.98732,9347.370629,20.77211167,priority_score index points (not a crime count)
20,4219,84380,45007.1107,54346.98732,9339.876617,20.75200223,priority_score index points (not a crime count)
20,4220,84400,45024.77466,54346.98732,9322.212657,20.70462923,priority_score index points (not a crime count)
20,4221,84420,45045.11871,54346.98732,9301.868615,20.65011456,priority_score index points (not a crime count)
20,4222,84440,45103.07221,54346.98732,9243.915108,20.4950897,priority_score index points (not a crime count)
20,4223,84460,45105.93489,54346.98732,9241.052436,20.48744242,priority_score index points (not a crime count)
20,4224,84480,45108.8459,54346.98732,9238.141419,20.47966698,priority_score index points (not a crime count)
20,4225,84500,45117.97052,54346.98732,9229.016799,20.45530127,priority_score index points (not a crime count)
20,4226,84520,45132.85249,54346.98732,9214.134832,20.41558272,priority_score index points (not a crime count)
20,4227,84540,45139.23496,54346.98732,9207.752364,20.39855654,priority_score index points (not a crime count)
20,4228,84560,45146.88199,54346.98732,9200.105334,20.37816329,priority_score index points (not a crime count)
20,4229,84580,45190.20846,54346.98732,9156.778865,20.26274978,priority_score index points (not a crime count)
20,4230,84600,45193.91882,54346.98732,9153.068499,20.25287636,priority_score index points (not a crime count)
20,4231,84620,45201.24052,54346.98732,9145.746803,20.2333978,priority_score index points (not a crime count)
20,4232,84640,45218.09527,54346.98732,9128.892056,20.18858159,priority_score index points (not a crime count)
20,4233,84660,45235.15991,54346.98732,9111.827414,20.1432413,priority_score index points (not a crime count)
20,4234,84680,45258.10018,54346.98732,9088.887138,20.08234349,priority_score index points (not a crime count)
20,4235,84700,45273.2089,54346.98732,9073.778424,20.04226925,priority_score index points (not a crime count)
20,4236,84720,45286.68117,54346.98732,9060.306151,20.00655804,priority_score index points (not a crime count)
20,4237,84740,45315.44599,54346.98732,9031.541333,19.93038165,priority_score index points (not a crime count)
20,4238,84760,45329.16425,54346.98732,9017.823066,19.89408632,priority_score index points (not a crime count)
20,4239,84780,45348.85569,54346.98732,8998.131633,19.84202577,priority_score index points (not a crime count)
20,4240,84800,45355.05103,54346.98732,8991.936291,19.82565577,priority_score index points (not a crime count)
20,4241,84820,45363.34804,54346.98732,8983.639281,19.80373951,priority_score index points (not a crime count)
20,4242,84840,45389.75058,54346.98732,8957.236744,19.73405148,priority_score index points (not a crime count)
20,4243,84860,45399.13867,54346.98732,8947.848648,19.70929165,priority_score index points (not a crime count)
20,4244,84880,45436.11856,54346.98732,8910.868761,19.61186176,priority_score index points (not a crime count)
20,4245,84900,45442.90021,54346.98732,8904.087111,19.59401154,priority_score index points (not a crime count)
20,4246,84920,45452.42476,54346.98732,8894.562558,19.56895062,priority_score index points (not a crime count)
20,4247,84940,45471.06789,54346.98732,8875.919429,19.51992738,priority_score index points (not a crime count)
20,4248,84960,45514.60951,54346.98732,8832.377815,19.40558847,priority_score index points (not a crime count)
20,4249,84980,45529.61455,54346.98732,8817.372769,19.36623636,priority_score index points (not a crime count)
20,4250,85000,45556.01812,54346.98732,8790.969205,19.29705354,priority_score index points (not a crime count)
20,4251,85020,45564.95071,54346.98732,8782.036607,19.27366643,priority_score index points (not a crime count)
20,4252,85040,45586.99186,54346.98732,8759.995465,19.21599805,priority_score index points (not a crime count)
20,4253,85060,45600.22803,54346.98732,8746.759292,19.18139376,priority_score index points (not a crime count)
20,4254,85080,45607.02117,54346.98732,8739.966155,19.16364176,priority_score index points (not a crime count)
20,4255,85100,45612.23819,54346.98732,8734.749131,19.1500121,priority_score index points (not a crime count)
20,4256,85120,45652.13171,54346.98732,8694.855613,19.04589181,priority_score index points (not a crime count)
20,4257,85140,45672.61878,54346.98732,8674.368544,18.99249217,priority_score index points (not a crime count)
20,4258,85160,45684.17126,54346.98732,8662.816057,18.96240168,priority_score index points (not a crime count)
20,4259,85180,45699.09467,54346.98732,8647.892655,18.92355356,priority_score index points (not a crime count)
20,4260,85200,45709.65336,54346.98732,8637.333956,18.89608282,priority_score index points (not a crime count)
20,4261,85220,45714.76401,54346.98732,8632.223308,18.88279092,priority_score index points (not a crime count)
20,4262,85240,45728.0338,54346.98732,8618.953524,18.84829241,priority_score index points (not a crime count)
20,4263,85260,45733.28693,54346.98732,8613.700387,18.83464095,priority_score index points (not a crime count)
20,4264,85280,45742.87273,54346.98732,8604.114593,18.80973817,priority_score index points (not a crime count)
20,4265,85300,45776.24013,54346.98732,8570.747192,18.7231349,priority_score index points (not a crime count)
20,4266,85320,45806.48566,54346.98732,8540.50166,18.64474329,priority_score index points (not a crime count)
20,4267,85340,45826.70369,54346.98732,8520.28363,18.59239907,priority_score index points (not a crime count)
20,4268,85360,45839.5021,54346.98732,8507.485225,18.55928803,priority_score index points (not a crime count)
20,4269,85380,45854.69517,54346.98732,8492.292153,18.52000569,priority_score index points (not a crime count)
20,4270,85400,45886.59712,54346.98732,8460.390203,18.43760648,priority_score index points (not a crime count)
20,4271,85420,45908.74847,54346.98732,8438.238852,18.38045935,priority_score index points (not a crime count)
20,4272,85440,45943.28647,54346.98732,8403.700855,18.29146651,priority_score index points (not a crime count)
20,4273,85460,45961.47643,54346.98732,8385.510893,18.24465084,priority_score index points (not a crime count)
20,4274,85480,45967.26118,54346.98732,8379.726143,18.22977034,priority_score index points (not a crime count)
20,4275,85500,46022.73501,54346.98732,8324.252312,18.08726124,priority_score index points (not a crime count)
20,4276,85520,46046.19076,54346.98732,8300.796564,18.02710806,priority_score index points (not a crime count)
20,4277,85540,46051.71122,54346.98732,8295.276097,18.01295951,priority_score index points (not a crime count)
20,4278,85560,46058.92021,54346.98732,8288.06711,17.99448852,priority_score index points (not a crime count)
20,4279,85580,46065.94607,54346.98732,8281.041253,17.97649231,priority_score index points (not a crime count)
20,4280,85600,46106.59,54346.98732,8240.397325,17.87249355,priority_score index points (not a crime count)
20,4281,85620,46133.64774,54346.98732,8213.339579,17.80336041,priority_score index points (not a crime count)
20,4282,85640,46140.40636,54346.98732,8206.58096,17.78610465,priority_score index points (not a crime count)
20,4283,85660,46158.38009,54346.98732,8188.607229,17.74023961,priority_score index points (not a crime count)
20,4284,85680,46160.58499,54346.98732,8186.402331,17.73461565,priority_score index points (not a crime count)
20,4285,85700,46178.04435,54346.98732,8168.942972,17.69010162,priority_score index points (not a crime count)
20,4286,85720,46193.29605,54346.98732,8153.691267,17.65124372,priority_score index points (not a crime count)
20,4287,85740,46200.40545,54346.98732,8146.581874,17.63313935,priority_score index points (not a crime count)
20,4288,85760,46208.69298,54346.98732,8138.294339,17.61204183,priority_score index points (not a crime count)
20,4289,85780,46229.57073,54346.98732,8117.416592,17.55892703,priority_score index points (not a crime count)
20,4290,85800,46263.94095,54346.98732,8083.046375,17.47159064,priority_score index points (not a crime count)
20,4291,85820,46273.26134,54346.98732,8073.725984,17.44792943,priority_score index points (not a crime count)
20,4292,85840,46276.33108,54346.98732,8070.656237,17.44013851,priority_score index points (not a crime count)
20,4293,85860,46284.34473,54346.98732,8062.642587,17.41980498,priority_score index points (not a crime count)
20,4294,85880,46288.85449,54346.98732,8058.132831,17.40836519,priority_score index points (not a crime count)
20,4295,85900,46296.31626,54346.98732,8050.671062,17.389442,priority_score index points (not a crime count)
20,4296,85920,46309.6814,54346.98732,8037.305922,17.35556298,priority_score index points (not a crime count)
20,4297,85940,46332.51575,54346.98732,8014.471575,17.2977259,priority_score index points (not a crime count)
20,4298,85960,46338.83245,54346.98732,8008.15487,17.28173639,priority_score index points (not a crime count)
20,4299,85980,46347.43621,54346.98732,7999.551106,17.25996465,priority_score index points (not a crime count)
20,4300,86000,46356.91953,54346.98732,7990.067789,17.23597657,priority_score index points (not a crime count)
20,4301,86020,46362.68766,54346.98732,7984.299664,17.22139088,priority_score index points (not a crime count)
20,4302,86040,46366.69988,54346.98732,7980.287442,17.21124743,priority_score index points (not a crime count)
20,4303,86060,46371.21579,54346.98732,7975.771527,17.19983268,priority_score index points (not a crime count)
20,4304,86080,46398.9562,54346.98732,7948.031125,17.12976277,priority_score index points (not a crime count)
20,4305,86100,46402.64545,54346.98732,7944.341871,17.12045034,priority_score index points (not a crime count)
20,4306,86120,46405.66937,54346.98732,7941.317952,17.11281846,priority_score index points (not a crime count)
20,4307,86140,46409.4304,54346.98732,7937.556919,17.1033276,priority_score index points (not a crime count)
20,4308,86160,46424.76934,54346.98732,7922.217979,17.06463617,priority_score index points (not a crime count)
20,4309,86180,46467.51847,54346.98732,7879.468853,16.9569392,priority_score index points (not a crime count)
20,4310,86200,46486.658,54346.98732,7860.329323,16.90878558,priority_score index points (not a crime count)
20,4311,86220,46489.46625,54346.98732,7857.521068,16.90172355,priority_score index points (not a crime count)
20,4312,86240,46493.85735,54346.98732,7853.129968,16.8906828,priority_score index points (not a crime count)
20,4313,86260,46501.4195,54346.98732,7845.567819,16.87167382,priority_score index points (not a crime count)
20,4314,86280,46510.96532,54346.98732,7836.021999,16.8476873,priority_score index points (not a crime count)
20,4315,86300,46521.15275,54346.98732,7825.834576,16.82209944,priority_score index points (not a crime count)
20,4316,86320,46527.28153,54346.98732,7819.70579,16.8067111,priority_score index points (not a crime count)
20,4317,86340,46532.16953,54346.98732,7814.817792,16.79444107,priority_score index points (not a crime count)
20,4318,86360,46539.44779,54346.98732,7807.539536,16.77617571,priority_score index points (not a crime count)
20,4319,86380,46541.9032,54346.98732,7805.084117,16.77001493,priority_score index points (not a crime count)
20,4320,86400,46554.18764,54346.98732,7792.799681,16.73920237,priority_score index points (not a crime count)
20,4321,86420,46556.19565,54346.98732,7790.791667,16.7341673,priority_score index points (not a crime count)
20,4322,86440,46575.05588,54346.98732,7771.931444,16.68689666,priority_score index points (not a crime count)
20,4323,86460,46580.91034,54346.98732,7766.076976,16.672231,priority_score index points (not a crime count)
20,4324,86480,46583.53981,54346.98732,7763.447506,16.66564528,priority_score index points (not a crime count)
20,4325,86500,46602.70589,54346.98732,7744.28143,16.61766475,priority_score index points (not a crime count)
20,4326,86520,46615.23772,54346.98732,7731.749597,16.58631378,priority_score index points (not a crime count)
20,4327,86540,46651.34971,54346.98732,7695.637614,16.49606638,priority_score index points (not a crime count)
20,4328,86560,46655.87571,54346.98732,7691.111608,16.4847653,priority_score index points (not a crime count)
20,4329,86580,46667.47581,54346.98732,7679.511507,16.45581076,priority_score index points (not a crime count)
20,4330,86600,46673.41567,54346.98732,7673.571647,16.44099009,priority_score index points (not a crime count)
20,4331,86620,46685.11555,54346.98732,7661.871769,16.41180851,priority_score index points (not a crime count)
20,4332,86640,46693.25293,54346.98732,7653.734388,16.39152106,priority_score index points (not a crime count)
20,4333,86660,46746.18862,54346.98732,7600.798697,16.25971854,priority_score index points (not a crime count)
20,4334,86680,46749.92476,54346.98732,7597.062558,16.25042735,priority_score index points (not a crime count)
20,4335,86700,46753.5602,54346.98732,7593.427118,16.241388,priority_score index points (not a crime count)
20,4336,86720,46801.68973,54346.98732,7545.29759,16.12184866,priority_score index points (not a crime count)
20,4337,86740,46859.35156,54346.98732,7487.635763,15.97895727,priority_score index points (not a crime count)
20,4338,86760,46867.38751,54346.98732,7479.599812,15.95907135,priority_score index points (not a crime count)
20,4339,86780,46870.54463,54346.98732,7476.442689,15.95126054,priority_score index points (not a crime count)
20,4340,86800,46881.95624,54346.98732,7465.031081,15.92303667,priority_score index points (not a crime count)
20,4341,86820,46892.19729,54346.98732,7454.790034,15.89771959,priority_score index points (not a crime count)
20,4342,86840,46909.96809,54346.98732,7437.019231,15.8538143,priority_score index points (not a crime count)
20,4343,86860,46920.69027,54346.98732,7426.297054,15.82733973,priority_score index points (not a crime count)
20,4344,86880,46924.13052,54346.98732,7422.856798,15.81884782,priority_score index points (not a crime count)
20,4345,86900,46930.34133,54346.98732,7416.645986,15.80352023,priority_score index points (not a crime count)
20,4346,86920,46934.86275,54346.98732,7412.124572,15.79236443,priority_score index points (not a crime count)
20,4347,86940,46940.37229,54346.98732,7406.615032,15.77877352,priority_score index points (not a crime count)
20,4348,86960,46946.38259,54346.98732,7400.604733,15.76395097,priority_score index points (not a crime count)
20,4349,86980,46947.34779,54346.98732,7399.639532,15.76157095,priority_score index points (not a crime count)
20,4350,87000,46958.77531,54346.98732,7388.212008,15.73340011,priority_score index points (not a crime count)
20,4351,87020,46974.73039,54346.98732,7372.256933,15.694091,priority_score index points (not a crime count)
20,4352,87040,47008.82501,54346.98732,7338.16231,15.61018023,priority_score index points (not a crime count)
20,4353,87060,47014.30203,54346.98732,7332.68529,15.59671201,priority_score index points (not a crime count)
20,4354,87080,47027.56394,54346.98732,7319.423379,15.5641134,priority_score index points (not a crime count)
20,4355,87100,47033.59959,54346.98732,7313.387732,15.54928348,priority_score index points (not a crime count)
20,4356,87120,47041.04276,54346.98732,7305.944558,15.53100044,priority_score index points (not a crime count)
20,4357,87140,47052.38177,54346.98732,7294.605552,15.50315898,priority_score index points (not a crime count)
20,4358,87160,47060.17839,54346.98732,7286.808933,15.48402319,priority_score index points (not a crime count)
20,4359,87180,47066.57384,54346.98732,7280.413482,15.46833111,priority_score index points (not a crime count)
20,4360,87200,47070.88841,54346.98732,7276.098909,15.45774714,priority_score index points (not a crime count)
20,4361,87220,47085.88169,54346.98732,7261.105627,15.42098261,priority_score index points (not a crime count)
20,4362,87240,47094.37484,54346.98732,7252.612477,15.40016722,priority_score index points (not a crime count)
20,4363,87260,47099.34432,54346.98732,7247.642998,15.38799128,priority_score index points (not a crime count)
20,4364,87280,47105.53646,54346.98732,7241.450859,15.37282325,priority_score index points (not a crime count)
20,4365,87300,47112.31166,54346.98732,7234.675666,15.35623155,priority_score index points (not a crime count)
20,4366,87320,47196.92001,54346.98732,7150.067315,15.14943626,priority_score index points (not a crime count)
20,4367,87340,47219.88278,54346.98732,7127.104546,15.09343973,priority_score index points (not a crime count)
20,4368,87360,47223.23965,54346.98732,7123.747669,15.08525828,priority_score index points (not a crime count)
20,4369,87380,47224.02824,54346.98732,7122.959084,15.08333649,priority_score index points (not a crime count)
20,4370,87400,47241.09965,54346.98732,7105.887675,15.04174909,priority_score index points (not a crime count)
20,4371,87420,47249.27492,54346.98732,7097.712403,15.02184407,priority_score index points (not a crime count)
20,4372,87440,47264.19305,54346.98732,7082.794266,14.98553939,priority_score index points (not a crime count)
20,4373,87460,47280.10005,54346.98732,7066.887267,14.94685345,priority_score index points (not a crime count)
20,4374,87480,47337.1226,54346.98732,7009.864719,14.80838786,priority_score index points (not a crime count)
20,4375,87500,47369.78459,54346.98732,6977.202729,14.72922621,priority_score index points (not a crime count)
20,4376,87520,47379.66247,54346.98732,6967.32485,14.70530706,priority_score index points (not a crime count)
20,4377,87540,47382.8932,54346.98732,6964.09412,14.69748605,priority_score index points (not a crime count)
20,4378,87560,47383.80931,54346.98732,6963.178014,14.69526852,priority_score index points (not a crime count)
20,4379,87580,47385.22246,54346.98732,6961.764862,14.69184801,priority_score index points (not a crime count)
20,4380,87600,47391.49353,54346.98732,6955.493787,14.67667142,priority_score index points (not a crime count)
20,4381,87620,47394.77186,54346.98732,6952.215463,14.66873917,priority_score index points (not a crime count)
20,4382,87640,47397.36305,54346.98732,6949.624274,14.66247029,priority_score index points (not a crime count)
20,4383,87660,47400.42054,54346.98732,6946.56678,14.65507416,priority_score index points (not a crime count)
20,4384,87680,47402.62107,54346.98732,6944.366248,14.64975162,priority_score index points (not a crime count)
20,4385,87700,47412.42952,54346.98732,6934.557796,14.62603344,priority_score index points (not a crime count)
20,4386,87720,47416.14997,54346.98732,6930.837354,14.61703947,priority_score index points (not a crime count)
20,4387,87740,47418.4676,54346.98732,6928.519717,14.61143742,priority_score index points (not a crime count)
20,4388,87760,47421.12574,54346.98732,6925.861582,14.60501301,priority_score index points (not a crime count)
20,4389,87780,47432.06244,54346.98732,6914.924883,14.57858783,priority_score index points (not a crime count)
20,4390,87800,47438.64164,54346.98732,6908.34568,14.56269708,priority_score index points (not a crime count)
20,4391,87820,47442.72998,54346.98732,6904.257336,14.55282472,priority_score index points (not a crime count)
20,4392,87840,47462.92604,54346.98732,6884.061281,14.50408109,priority_score index points (not a crime count)
20,4393,87860,47467.0381,54346.98732,6879.949225,14.49416164,priority_score index points (not a crime count)
20,4394,87880,47479.03049,54346.98732,6867.956831,14.46524236,priority_score index points (not a crime count)
20,4395,87900,47518.95298,54346.98732,6828.034343,14.36907574,priority_score index points (not a crime count)
20,4396,87920,47531.19558,54346.98732,6815.791745,14.33961772,priority_score index points (not a crime count)
20,4397,87940,47533.15964,54346.98732,6813.827682,14.33489323,priority_score index points (not a crime count)
20,4398,87960,47539.98447,54346.98732,6807.002854,14.31847934,priority_score index points (not a crime count)
20,4399,87980,47549.77851,54346.98732,6797.208809,14.29493264,priority_score index points (not a crime count)
20,4400,88000,47558.71251,54346.98732,6788.274815,14.27346212,priority_score index points (not a crime count)
20,4401,88020,47575.59055,54346.98732,6771.396768,14.23292216,priority_score index points (not a crime count)
20,4402,88040,47590.55092,54346.98732,6756.436396,14.19701236,priority_score index points (not a crime count)
20,4403,88060,47597.39323,54346.98732,6749.594093,14.18059611,priority_score index points (not a crime count)
20,4404,88080,47608.29663,54346.98732,6738.690693,14.15444612,priority_score index points (not a crime count)
20,4405,88100,47612.30545,54346.98732,6734.681873,14.14483464,priority_score index points (not a crime count)
20,4406,88120,47619.02627,54346.98732,6727.961054,14.12872455,priority_score index points (not a crime count)
20,4407,88140,47628.01301,54346.98732,6718.974316,14.10719006,priority_score index points (not a crime count)
20,4408,88160,47634.29205,54346.98732,6712.695275,14.09214872,priority_score index points (not a crime count)
20,4409,88180,47646.88773,54346.98732,6700.099594,14.06198791,priority_score index points (not a crime count)
20,4410,88200,47648.60858,54346.98732,6698.378739,14.0578685,priority_score index points (not a crime count)
20,4411,88220,47655.63749,54346.98732,6691.349834,14.04104569,priority_score index points (not a crime count)
20,4412,88240,47659.35537,54346.98732,6687.63195,14.0321494,priority_score index points (not a crime count)
20,4413,88260,47670.88862,54346.98732,6676.098703,14.00456106,priority_score index points (not a crime count)
20,4414,88280,47676.32716,54346.98732,6670.660163,13.99155631,priority_score index points (not a crime count)
20,4415,88300,47680.04065,54346.98732,6666.946673,13.98267825,priority_score index points (not a crime count)
20,4416,88320,47702.88908,54346.98732,6644.098237,13.92808353,priority_score index points (not a crime count)
20,4417,88340,47707.97112,54346.98732,6639.016197,13.91594746,priority_score index points (not a crime count)
20,4418,88360,47736.45653,54346.98732,6610.530792,13.84797128,priority_score index points (not a crime count)
20,4419,88380,47747.64498,54346.98732,6599.342345,13.82129391,priority_score index points (not a crime count)
20,4420,88400,47755.77008,54346.98732,6591.217239,13.8019285,priority_score index points (not a crime count)
20,4421,88420,47757.78639,54346.98732,6589.200935,13.79712385,priority_score index points (not a crime count)
20,4422,88440,47772.79997,54346.98732,6574.18735,13.76136076,priority_score index points (not a crime count)
20,4423,88460,47781.61439,54346.98732,6565.372926,13.74037485,priority_score index points (not a crime count)
20,4424,88480,47783.63931,54346.98732,6563.348012,13.7355549,priority_score index points (not a crime count)
20,4425,88500,47826.30921,54346.98732,6520.678106,13.63408177,priority_score index points (not a crime count)
20,4426,88520,47830.26791,54346.98732,6516.719409,13.62467679,priority_score index points (not a crime count)
20,4427,88540,47834.63518,54346.98732,6512.35214,13.61430293,priority_score index points (not a crime count)
20,4428,88560,47845.5165,54346.98732,6501.470822,13.58846408,priority_score index points (not a crime count)
20,4429,88580,47856.21989,54346.98732,6490.767431,13.56305919,priority_score index points (not a crime count)
20,4430,88600,47876.57429,54346.98732,6470.413029,13.51477863,priority_score index points (not a crime count)
20,4431,88620,47892.65271,54346.98732,6454.334607,13.47666968,priority_score index points (not a crime count)
20,4432,88640,47905.85453,54346.98732,6441.132789,13.44539796,priority_score index points (not a crime count)
20,4433,88660,47918.51766,54346.98732,6428.469666,13.41541846,priority_score index points (not a crime count)
20,4434,88680,47927.17385,54346.98732,6419.813469,13.39493434,priority_score index points (not a crime count)
20,4435,88700,48002.87152,54346.98732,6344.115805,13.2161173,priority_score index points (not a crime count)
20,4436,88720,48020.74186,54346.98732,6326.245458,13.17398527,priority_score index points (not a crime count)
20,4437,88740,48038.99486,54346.98732,6307.992461,13.13098344,priority_score index points (not a crime count)
20,4438,88760,48046.12988,54346.98732,6300.857437,13.11418308,priority_score index points (not a crime count)
20,4439,88780,48054.31321,54346.98732,6292.674108,13.09492049,priority_score index points (not a crime count)
20,4440,88800,48057.12342,54346.98732,6289.863904,13.08830712,priority_score index points (not a crime count)
20,4441,88820,48069.60718,54346.98732,6277.380139,13.05893788,priority_score index points (not a crime count)
20,4442,88840,48074.65304,54346.98732,6272.334282,13.04707135,priority_score index points (not a crime count)
20,4443,88860,48098.82141,54346.98732,6248.16591,12.99026822,priority_score index points (not a crime count)
20,4444,88880,48100.59441,54346.98732,6246.392913,12.98610337,priority_score index points (not a crime count)
20,4445,88900,48102.90098,54346.98732,6244.086339,12.9806856,priority_score index points (not a crime count)
20,4446,88920,48107.66183,54346.98732,6239.325487,12.96950475,priority_score index points (not a crime count)
20,4447,88940,48108.56826,54346.98732,6238.419061,12.96737626,priority_score index points (not a crime count)
20,4448,88960,48111.50113,54346.98732,6235.48619,12.96048979,priority_score index points (not a crime count)
20,4449,88980,48116.85435,54346.98732,6230.132971,12.94792242,priority_score index points (not a crime count)
20,4450,89000,48131.04448,54346.98732,6215.942843,12.9146228,priority_score index points (not a crime count)
20,4451,89020,48143.47789,54346.98732,6203.509435,12.88546176,priority_score index points (not a crime count)
20,4452,89040,48145.96542,54346.98732,6201.0219,12.87962936,priority_score index points (not a crime count)
20,4453,89060,48154.10571,54346.98732,6192.881615,12.86054745,priority_score index points (not a crime count)
20,4454,89080,48164.12257,54346.98732,6182.864756,12.83707545,priority_score index points (not a crime count)
20,4455,89100,48169.08201,54346.98732,6177.905312,12.82545785,priority_score index points (not a crime count)
20,4456,89120,48188.32001,54346.98732,6158.667308,12.78041506,priority_score index points (not a crime count)
20,4457,89140,48196.35078,54346.98732,6150.636537,12.7616229,priority_score index points (not a crime count)
20,4458,89160,48221.38538,54346.98732,6125.601941,12.70308161,priority_score index points (not a crime count)
20,4459,89180,48225.36914,54346.98732,6121.618186,12.69377155,priority_score index points (not a crime count)
20,4460,89200,48296.02792,54346.98732,6050.959397,12.52889659,priority_score index points (not a crime count)
20,4461,89220,48374.59985,54346.98732,5972.387474,12.34612274,priority_score index points (not a crime count)
20,4462,89240,48394.12113,54346.98732,5952.866194,12.30080443,priority_score index points (not a crime count)
20,4463,89260,48497.73651,54346.98732,5849.250809,12.06087383,priority_score index points (not a crime count)
20,4464,89280,48551.68768,54346.98732,5795.299638,11.93635055,priority_score index points (not a crime count)
20,4465,89300,48578.94708,54346.98732,5768.040239,11.87353902,priority_score index points (not a crime count)
20,4466,89320,48581.96115,54346.98732,5765.02617,11.86659829,priority_score index points (not a crime count)
20,4467,89340,48599.45153,54346.98732,5747.535787,11.82633879,priority_score index points (not a crime count)
20,4468,89360,48622.18138,54346.98732,5724.805936,11.77406232,priority_score index points (not a crime count)
20,4469,89380,48625.65117,54346.98732,5721.33615,11.76608644,priority_score index points (not a crime count)
20,4470,89400,48631.43766,54346.98732,5715.549664,11.75278778,priority_score index points (not a crime count)
20,4471,89420,48643.80575,54346.98732,5703.181571,11.72437371,priority_score index points (not a crime count)
20,4472,89440,48650.67733,54346.98732,5696.309994,11.7085934,priority_score index points (not a crime count)
20,4473,89460,48669.32495,54346.98732,5677.662373,11.66579232,priority_score index points (not a crime count)
20,4474,89480,48670.85165,54346.98732,5676.135667,11.66228959,priority_score index points (not a crime count)
20,4475,89500,48680.13432,54346.98732,5666.853004,11.64099706,priority_score index points (not a crime count)
20,4476,89520,48683.77772,54346.98732,5663.209606,11.63264207,priority_score index points (not a crime count)
20,4477,89540,48686.45802,54346.98732,5660.529297,11.62649642,priority_score index points (not a crime count)
20,4478,89560,48689.69368,54346.98732,5657.293641,11.61907832,priority_score index points (not a crime count)
20,4479,89580,48691.20608,54346.98732,5655.781243,11.61561132,priority_score index points (not a crime count)
20,4480,89600,48694.91251,54346.98732,5652.074811,11.60711565,priority_score index points (not a crime count)
20,4481,89620,48697.64727,54346.98732,5649.340049,11.60084802,priority_score index points (not a crime count)
20,4482,89640,48698.86861,54346.98732,5648.118714,11.59804915,priority_score index points (not a crime count)
20,4483,89660,48703.04718,54346.98732,5643.940145,11.58847438,priority_score index points (not a crime count)
20,4484,89680,48706.09817,54346.98732,5640.889149,11.58148437,priority_score index points (not a crime count)
20,4485,89700,48712.1804,54346.98732,5634.806922,11.56755225,priority_score index points (not a crime count)
20,4486,89720,48715.32265,54346.98732,5631.664666,11.56035588,priority_score index points (not a crime count)
20,4487,89740,48734.69128,54346.98732,5612.296037,11.51601844,priority_score index points (not a crime count)
20,4488,89760,48752.17679,54346.98732,5594.810536,11.476022,priority_score index points (not a crime count)
20,4489,89780,48755.02421,54346.98732,5591.963106,11.46951149,priority_score index points (not a crime count)
20,4490,89800,48766.75399,54346.98732,5580.23333,11.44269994,priority_score index points (not a crime count)
20,4491,89820,48781.90031,54346.98732,5565.087008,11.40809803,priority_score index points (not a crime count)
20,4492,89840,48791.71789,54346.98732,5555.269428,11.38568115,priority_score index points (not a crime count)
20,4493,89860,48807.43971,54346.98732,5539.547613,11.34980168,priority_score index points (not a crime count)
20,4494,89880,48813.48842,54346.98732,5533.498904,11.33600381,priority_score index points (not a crime count)
20,4495,89900,48819.92023,54346.98732,5527.067093,11.32133577,priority_score index points (not a crime count)
20,4496,89920,48822.48751,54346.98732,5524.499814,11.31548206,priority_score index points (not a crime count)
20,4497,89940,48827.86175,54346.98732,5519.12557,11.30323011,priority_score index points (not a crime count)
20,4498,89960,48830.75798,54346.98732,5516.229343,11.29662854,priority_score index points (not a crime count)
20,4499,89980,48836.75393,54346.98732,5510.233386,11.28296404,priority_score index points (not a crime count)
20,4500,90000,48845.97616,54346.98732,5501.011157,11.26195357,priority_score index points (not a crime count)
20,4501,90020,48847.94164,54346.98732,5499.045684,11.25747677,priority_score index points (not a crime count)
20,4502,90040,48851.15707,54346.98732,5495.830246,11.25015368,priority_score index points (not a crime count)
20,4503,90060,48855.40074,54346.98732,5491.58658,11.2404903,priority_score index points (not a crime count)
20,4504,90080,48857.66676,54346.98732,5489.320562,11.23533096,priority_score index points (not a crime count)
20,4505,90100,48873.02425,54346.98732,5473.963069,11.20037721,priority_score index points (not a crime count)
20,4506,90120,48878.60706,54346.98732,5468.380262,11.18767615,priority_score index points (not a crime count)
20,4507,90140,48883.08056,54346.98732,5463.90676,11.17750088,priority_score index points (not a crime count)
20,4508,90160,48891.34718,54346.98732,5455.640137,11.15870282,priority_score index points (not a crime count)
20,4509,90180,48895.0587,54346.98732,5451.928623,11.15026501,priority_score index points (not a crime count)
20,4510,90200,48900.02852,54346.98732,5446.958805,11.13896857,priority_score index points (not a crime count)
20,4511,90220,48916.42548,54346.98732,5430.561838,11.10171437,priority_score index points (not a crime count)
20,4512,90240,48948.76455,54346.98732,5398.222772,11.02831261,priority_score index points (not a crime count)
20,4513,90260,49034.80232,54346.98732,5312.185006,10.83349938,priority_score index points (not a crime count)
20,4514,90280,49050.88056,54346.98732,5296.106761,10.79716959,priority_score index points (not a crime count)
20,4515,90300,49057.98916,54346.98732,5288.998162,10.78111487,priority_score index points (not a crime count)
20,4516,90320,49079.5103,54346.98732,5267.477026,10.73253786,priority_score index points (not a crime count)
20,4517,90340,49082.07944,54346.98732,5264.907883,10.7267417,priority_score index points (not a crime count)
20,4518,90360,49089.32644,54346.98732,5257.660877,10.71039523,priority_score index points (not a crime count)
20,4519,90380,49091.66258,54346.98732,5255.324738,10.70512682,priority_score index points (not a crime count)
20,4520,90400,49098.64325,54346.98732,5248.344072,10.68938717,priority_score index points (not a crime count)
20,4521,90420,49103.35892,54346.98732,5243.628403,10.67875705,priority_score index points (not a crime count)
20,4522,90440,49109.72584,54346.98732,5237.261483,10.6644079,priority_score index points (not a crime count)
20,4523,90460,49114.45798,54346.98732,5232.529345,10.65374548,priority_score index points (not a crime count)
20,4524,90480,49117.51067,54346.98732,5229.476656,10.64686827,priority_score index points (not a crime count)
20,4525,90500,49147.94359,54346.98732,5199.043728,10.57835455,priority_score index points (not a crime count)
20,4526,90520,49152.03903,54346.98732,5194.94829,10.56914096,priority_score index points (not a crime count)
20,4527,90540,49165.34156,54346.98732,5181.645759,10.53922457,priority_score index points (not a crime count)
20,4528,90560,49167.33119,54346.98732,5179.656128,10.53475143,priority_score index points (not a crime count)
20,4529,90580,49176.3392,54346.98732,5170.648116,10.51450393,priority_score index points (not a crime count)
20,4530,90600,49178.16067,54346.98732,5168.826655,10.51041069,priority_score index points (not a crime count)
20,4531,90620,49182.16011,54346.98732,5164.82721,10.50142409,priority_score index points (not a crime count)
20,4532,90640,49186.94347,54346.98732,5160.043851,10.49067799,priority_score index points (not a crime count)
20,4533,90660,49203.3538,54346.98732,5143.633519,10.45382707,priority_score index points (not a crime count)
20,4534,90680,49209.61648,54346.98732,5137.370842,10.43977013,priority_score index points (not a crime count)
20,4535,90700,49219.81956,54346.98732,5127.167757,10.41687638,priority_score index points (not a crime count)
20,4536,90720,49256.46026,54346.98732,5090.527058,10.33473991,priority_score index points (not a crime count)
20,4537,90740,49270.94691,54346.98732,5076.04041,10.30229928,priority_score index points (not a crime count)
20,4538,90760,49290.01356,54346.98732,5056.973764,10.25963151,priority_score index points (not a crime count)
20,4539,90780,49302.5983,54346.98732,5044.389017,10.23148716,priority_score index points (not a crime count)
20,4540,90800,49319.62391,54346.98732,5027.363415,10.19343421,priority_score index points (not a crime count)
20,4541,90820,49333.67011,54346.98732,5013.317207,10.1620601,priority_score index points (not a crime count)
20,4542,90840,49341.9627,54346.98732,5005.024618,10.14354587,priority_score index points (not a crime count)
20,4543,90860,49344.98846,54346.98732,5001.998858,10.13679203,priority_score index points (not a crime count)
20,4544,90880,49349.18176,54346.98732,4997.805562,10.12743349,priority_score index points (not a crime count)
20,4545,90900,49353.64199,54346.98732,4993.345326,10.11748095,priority_score index points (not a crime count)
20,4546,90920,49362.6665,54346.98732,4984.320824,10.09734923,priority_score index points (not a crime count)
20,4547,90940,49365.11307,54346.98732,4981.874249,10.09189271,priority_score index points (not a crime count)
20,4548,90960,49372.468,54346.98732,4974.519316,10.07549251,priority_score index points (not a crime count)
20,4549,90980,49379.5864,54346.98732,4967.400917,10.05962439,priority_score index points (not a crime count)
20,4550,91000,49381.96234,54346.98732,4965.02498,10.05432904,priority_score index points (not a crime count)
20,4551,91020,49392.62805,54346.98732,4954.359268,10.0305642,priority_score index points (not a crime count)
20,4552,91040,49401.91203,54346.98732,4945.075287,10.00988643,priority_score index points (not a crime count)
20,4553,91060,49406.5707,54346.98732,4940.416622,9.999513328,priority_score index points (not a crime count)
20,4554,91080,49411.62315,54346.98732,4935.364175,9.988265636,priority_score index points (not a crime count)
20,4555,91100,49414.45737,54346.98732,4932.529948,9.981957123,priority_score index points (not a crime count)
20,4556,91120,49419.33383,54346.98732,4927.653493,9.97110465,priority_score index points (not a crime count)
20,4557,91140,49429.67788,54346.98732,4917.309437,9.948091203,priority_score index points (not a crime count)
20,4558,91160,49475.12698,54346.98732,4871.860345,9.84709013,priority_score index points (not a crime count)
20,4559,91180,49477.10879,54346.98732,4869.87853,9.842690185,priority_score index points (not a crime count)
20,4560,91200,49489.84911,54346.98732,4857.138213,9.814413059,priority_score index points (not a crime count)
20,4561,91220,49491.30757,54346.98732,4855.67975,9.811176929,priority_score index points (not a crime count)
20,4562,91240,49517.58404,54346.98732,4829.403282,9.752905712,priority_score index points (not a crime count)
20,4563,91260,49536.91547,54346.98732,4810.07185,9.710075414,priority_score index points (not a crime count)
20,4564,91280,49551.16943,54346.98732,4795.817894,9.678516067,priority_score index points (not a crime count)
20,4565,91300,49573.75667,54346.98732,4773.230652,9.628543353,priority_score index points (not a crime count)
20,4566,91320,49577.02666,54346.98732,4769.960663,9.6213125,priority_score index points (not a crime count)
20,4567,91340,49579.26102,54346.98732,4767.7263,9.616372253,priority_score index points (not a crime count)
20,4568,91360,49592.98034,54346.98732,4754.006977,9.586048155,priority_score index points (not a crime count)
20,4569,91380,49612.0165,54346.98732,4734.970825,9.543999941,priority_score index points (not a crime count)
20,4570,91400,49613.42112,54346.98732,4733.566198,9.540898593,priority_score index points (not a crime count)
20,4571,91420,49620.09018,54346.98732,4726.897145,9.526176048,priority_score index points (not a crime count)
20,4572,91440,49623.98947,54346.98732,4722.997847,9.517569823,priority_score index points (not a crime count)
20,4573,91460,49651.70497,54346.98732,4695.282347,9.456437295,priority_score index points (not a crime count)
20,4574,91480,49672.61499,54346.98732,4674.372328,9.410360878,priority_score index points (not a crime count)
20,4575,91500,49674.10635,54346.98732,4672.88097,9.407076066,priority_score index points (not a crime count)
20,4576,91520,49690.13084,54346.98732,4656.856483,9.371793562,priority_score index points (not a crime count)
20,4577,91540,49691.02679,54346.98732,4655.960531,9.369821539,priority_score index points (not a crime count)
20,4578,91560,49696.91326,54346.98732,4650.074061,9.356866968,priority_score index points (not a crime count)
20,4579,91580,49699.01076,54346.98732,4647.976559,9.352251661,priority_score index points (not a crime count)
20,4580,91600,49702.53986,54346.98732,4644.447459,9.344487168,priority_score index points (not a crime count)
20,4581,91620,49703.16724,54346.98732,4643.820085,9.343106976,priority_score index points (not a crime count)
20,4582,91640,49705.33997,54346.98732,4641.647354,9.338327344,priority_score index points (not a crime count)
20,4583,91660,49707.62491,54346.98732,4639.362414,9.333301326,priority_score index points (not a crime count)
20,4584,91680,49710.57087,54346.98732,4636.416447,9.326821974,priority_score index points (not a crime count)
20,4585,91700,49718.71893,54346.98732,4628.268388,9.308905152,priority_score index points (not a crime count)
20,4586,91720,49721.63468,54346.98732,4625.352645,9.302495131,priority_score index points (not a crime count)
20,4587,91740,49727.68637,54346.98732,4619.300946,9.289193371,priority_score index points (not a crime count)
20,4588,91760,49737.43017,54346.98732,4609.557151,9.267783107,priority_score index points (not a crime count)
20,4589,91780,49756.97632,54346.98732,4590.010998,9.22485918,priority_score index points (not a crime count)
20,4590,91800,49781.85452,54346.98732,4565.132801,9.170274681,priority_score index points (not a crime count)
20,4591,91820,49784.60057,54346.98732,4562.386751,9.164252999,priority_score index points (not a crime count)
20,4592,91840,49787.61233,54346.98732,4559.374993,9.157649423,priority_score index points (not a crime count)
20,4593,91860,49789.58378,54346.98732,4557.403539,9.153327247,priority_score index points (not a crime count)
20,4594,91880,49798.49619,54346.98732,4548.491131,9.133792139,priority_score index points (not a crime count)
20,4595,91900,49811.74012,54346.98732,4535.247205,9.104775691,priority_score index points (not a crime count)
20,4596,91920,49834.7068,54346.98732,4512.280524,9.054493975,priority_score index points (not a crime count)
20,4597,91940,49836.19063,54346.98732,4510.796691,9.051246964,priority_score index points (not a crime count)
20,4598,91960,49839.18664,54346.98732,4507.80068,9.044691504,priority_score index points (not a crime count)
20,4599,91980,49841.21624,54346.98732,4505.771081,9.040251063,priority_score index points (not a crime count)
20,4600,92000,49852.87588,54346.98732,4494.111439,9.014748617,priority_score index points (not a crime count)
20,4601,92020,49864.65168,54346.98732,4482.335636,8.989004203,priority_score index points (not a crime count)
20,4602,92040,49866.62065,54346.98732,4480.366669,8.984700809,priority_score index points (not a crime count)
20,4603,92060,49868.02274,54346.98732,4478.964579,8.981636593,priority_score index points (not a crime count)
20,4604,92080,49880.10357,54346.98732,4466.883752,8.955241534,priority_score index points (not a crime count)
20,4605,92100,49889.21887,54346.98732,4457.76845,8.935334229,priority_score index points (not a crime count)
20,4606,92120,49896.01063,54346.98732,4450.976688,8.920506132,priority_score index points (not a crime count)
20,4607,92140,49904.48977,54346.98732,4442.497548,8.901999737,priority_score index points (not a crime count)
20,4608,92160,49908.24729,54346.98732,4438.740029,8.893800665,priority_score index points (not a crime count)
20,4609,92180,49912.06801,54346.98732,4434.919313,8.885464959,priority_score index points (not a crime count)
20,4610,92200,49920.27166,54346.98732,4426.71566,8.867571255,priority_score index points (not a crime count)
20,4611,92220,49924.50715,54346.98732,4422.480172,8.858335164,priority_score index points (not a crime count)
20,4612,92240,49939.24247,54346.98732,4407.744852,8.826214885,priority_score index points (not a crime count)
20,4613,92260,49955.92621,54346.98732,4391.06111,8.789870277,priority_score index points (not a crime count)
20,4614,92280,49975.64973,54346.98732,4371.337589,8.746934982,priority_score index points (not a crime count)
20,4615,92300,49981.32853,54346.98732,4365.658795,8.73457934,priority_score index points (not a crime count)
20,4616,92320,49988.53134,54346.98732,4358.455982,8.718911848,priority_score index points (not a crime count)
20,4617,92340,49992.71527,54346.98732,4354.272047,8.709813067,priority_score index points (not a crime count)
20,4618,92360,50009.38166,54346.98732,4337.60566,8.673583867,priority_score index points (not a crime count)
20,4619,92380,50012.95984,54346.98732,4334.027479,8.665808807,priority_score index points (not a crime count)
20,4620,92400,50017.94427,54346.98732,4329.043055,8.654979964,priority_score index points (not a crime count)
20,4621,92420,50037.37252,54346.98732,4309.6148,8.612791964,priority_score index points (not a crime count)
20,4622,92440,50041.85784,54346.98732,4305.129484,8.603056862,priority_score index points (not a crime count)
20,4623,92460,50090.83746,54346.98732,4256.149861,8.496863052,priority_score index points (not a crime count)
20,4624,92480,50121.02751,54346.98732,4225.959808,8.431510721,priority_score index points (not a crime count)
20,4625,92500,50123.69246,54346.98732,4223.294863,8.425745702,priority_score index points (not a crime count)
20,4626,92520,50141.4834,54346.98732,4205.50392,8.387274638,priority_score index points (not a crime count)
20,4627,92540,50171.38996,54346.98732,4175.597363,8.322666297,priority_score index points (not a crime count)
20,4628,92560,50172.88353,54346.98732,4174.103786,8.319441682,priority_score index points (not a crime count)
20,4629,92580,50182.53804,54346.98732,4164.449281,8.298602349,priority_score index points (not a crime count)
20,4630,92600,50185.20211,54346.98732,4161.785214,8.29285335,priority_score index points (not a crime count)
20,4631,92620,50188.77506,54346.98732,4158.212256,8.28514394,priority_score index points (not a crime count)
20,4632,92640,50199.93998,54346.98732,4147.047336,8.261060347,priority_score index points (not a crime count)
20,4633,92660,50205.03477,54346.98732,4141.952555,8.250074069,priority_score index points (not a crime count)
20,4634,92680,50216.93864,54346.98732,4130.048684,8.224413507,priority_score index points (not a crime count)
20,4635,92700,50220.38771,54346.98732,4126.599612,8.216980792,priority_score index points (not a crime count)
20,4636,92720,50232.67007,54346.98732,4114.317252,8.190520724,priority_score index points (not a crime count)
20,4637,92740,50238.48954,54346.98732,4108.497785,8.177988277,priority_score index points (not a crime count)
20,4638,92760,50242.26391,54346.98732,4104.723414,8.169861577,priority_score index points (not a crime count)
20,4639,92780,50248.48,54346.98732,4098.507323,8.156480203,priority_score index points (not a crime count)
20,4640,92800,50253.11218,54346.98732,4093.87514,8.146510659,priority_score index points (not a crime count)
20,4641,92820,50261.25757,54346.98732,4085.729752,8.128984331,priority_score index points (not a crime count)
20,4642,92840,50299.55701,54346.98732,4047.430311,8.046652003,priority_score index points (not a crime count)
20,4643,92860,50310.02475,54346.98732,4036.962568,8.024171301,priority_score index points (not a crime count)
20,4644,92880,50313.21401,54346.98732,4033.773307,8.017323851,priority_score index points (not a crime count)
20,4645,92900,50322.84066,54346.98732,4024.146659,7.996660376,priority_score index points (not a crime count)
20,4646,92920,50332.66419,54346.98732,4014.323134,7.975582455,priority_score index points (not a crime count)
20,4647,92940,50339.80854,54346.98732,4007.178777,7.960258278,priority_score index points (not a crime count)
20,4648,92960,50363.34394,54346.98732,3983.643377,7.909807143,priority_score index points (not a crime count)
20,4649,92980,50368.97476,54346.98732,3978.012559,7.897743755,priority_score index points (not a crime count)
20,4650,93000,50375.96435,54346.98732,3971.02297,7.882773107,priority_score index points (not a crime count)
20,4651,93020,50384.20738,54346.98732,3962.779938,7.865123108,priority_score index points (not a crime count)
20,4652,93040,50406.87157,54346.98732,3940.115751,7.816624258,priority_score index points (not a crime count)
20,4653,93060,50423.39687,54346.98732,3923.590448,7.781289423,priority_score index points (not a crime count)
20,4654,93080,50426.92877,54346.98732,3920.058549,7.773740428,priority_score index points (not a crime count)
20,4655,93100,50429.64687,54346.98732,3917.340455,7.767931561,priority_score index points (not a crime count)
20,4656,93120,50436.07121,54346.98732,3910.916106,7.754204504,priority_score index points (not a crime count)
20,4657,93140,50438.73773,54346.98732,3908.249588,7.748507919,priority_score index points (not a crime count)
20,4658,93160,50440.79184,54346.98732,3906.195477,7.744120054,priority_score index points (not a crime count)
20,4659,93180,50444.77184,54346.98732,3902.215477,7.735619242,priority_score index points (not a crime count)
20,4660,93200,50465.62828,54346.98732,3881.35904,7.69109426,priority_score index points (not a crime count)
20,4661,93220,50475.57973,54346.98732,3871.407589,7.669862555,priority_score index points (not a crime count)
20,4662,93240,50487.55017,54346.98732,3859.437156,7.644334381,priority_score index points (not a crime count)
20,4663,93260,50490.75957,54346.98732,3856.227748,7.63749205,priority_score index points (not a crime count)
20,4664,93280,50499.56226,54346.98732,3847.42506,7.618729526,priority_score index points (not a crime count)
20,4665,93300,50510.09173,54346.98732,3836.895586,7.596295026,priority_score index points (not a crime count)
20,4666,93320,50513.448,54346.98732,3833.539319,7.589146,priority_score index points (not a crime count)
20,4667,93340,50530.13572,54346.98732,3816.8516,7.553614385,priority_score index points (not a crime count)
20,4668,93360,50569.21078,54346.98732,3777.776543,7.470507222,priority_score index points (not a crime count)
20,4669,93380,50576.97733,54346.98732,3770.009992,7.454004156,priority_score index points (not a crime count)
20,4670,93400,50581.54155,54346.98732,3765.445776,7.444308063,priority_score index points (not a crime count)
20,4671,93420,50582.6575,54346.98732,3764.329824,7.441937632,priority_score index points (not a crime count)
20,4672,93440,50591.10837,54346.98732,3755.878951,7.423990247,priority_score index points (not a crime count)
20,4673,93460,50595.55457,54346.98732,3751.432746,7.414550108,priority_score index points (not a crime count)
20,4674,93480,50598.11407,54346.98732,3748.873248,7.409116559,priority_score index points (not a crime count)
20,4675,93500,50606.41033,54346.98732,3740.576989,7.391508239,priority_score index points (not a crime count)
20,4676,93520,50620.78776,54346.98732,3726.199565,7.361006675,priority_score index points (not a crime count)
20,4677,93540,50626.80547,54346.98732,3720.181853,7.3482453,priority_score index points (not a crime count)
20,4678,93560,50633.49473,54346.98732,3713.49259,7.334063371,priority_score index points (not a crime count)
20,4679,93580,50636.50519,54346.98732,3710.482129,7.327682105,priority_score index points (not a crime count)
20,4680,93600,50647.08091,54346.98732,3699.906409,7.305270792,priority_score index points (not a crime count)
20,4681,93620,50656.41611,54346.98732,3690.571214,7.285496087,priority_score index points (not a crime count)
20,4682,93640,50678.81157,54346.98732,3668.175746,7.238085567,priority_score index points (not a crime count)
20,4683,93660,50686.32466,54346.98732,3660.662658,7.222189973,priority_score index points (not a crime count)
20,4684,93680,50699.60094,54346.98732,3647.386382,7.194112606,priority_score index points (not a crime count)
20,4685,93700,50705.68558,54346.98732,3641.301746,7.181249409,priority_score index points (not a crime count)
20,4686,93720,50712.97664,54346.98732,3634.010684,7.165839839,priority_score index points (not a crime count)
20,4687,93740,50721.05595,54346.98732,3625.93137,7.148769485,priority_score index points (not a crime count)
20,4688,93760,50730.06911,54346.98732,3616.918213,7.129732478,priority_score index points (not a crime count)
20,4689,93780,50737.51718,54346.98732,3609.470143,7.11400625,priority_score index points (not a crime count)
20,4690,93800,50755.36151,54346.98732,3591.625811,7.076347609,priority_score index points (not a crime count)
20,4691,93820,50757.73097,54346.98732,3589.256351,7.071349098,priority_score index points (not a crime count)
20,4692,93840,50761.17591,54346.98732,3585.81141,7.06408263,priority_score index points (not a crime count)
20,4693,93860,50769.13663,54346.98732,3577.850689,7.047294728,priority_score index points (not a crime count)
20,4694,93880,50781.58632,54346.98732,3565.401003,7.021050861,priority_score index points (not a crime count)
20,4695,93900,50788.22062,54346.98732,3558.766703,7.007071048,priority_score index points (not a crime count)
20,4696,93920,50791.27402,54346.98732,3555.713298,7.000638133,priority_score index points (not a crime count)
20,4697,93940,50801.15822,54346.98732,3545.829105,6.979819417,priority_score index points (not a crime count)
20,4698,93960,50805.0044,54346.98732,3541.98292,6.971720526,priority_score index points (not a crime count)
20,4699,93980,50809.71727,54346.98732,3537.270051,6.961798334,priority_score index points (not a crime count)
20,4700,94000,50813.47422,54346.98732,3533.513106,6.953890007,priority_score index points (not a crime count)
20,4701,94020,50816.12027,54346.98732,3530.867053,6.948320798,priority_score index points (not a crime count)
20,4702,94040,50832.39662,54346.98732,3514.590706,6.914076336,priority_score index points (not a crime count)
20,4703,94060,50841.46655,54346.98732,3505.520772,6.895003252,priority_score index points (not a crime count)
20,4704,94080,50844.8858,54346.98732,3502.10152,6.887814702,priority_score index points (not a crime count)
20,4705,94100,50848.98879,54346.98732,3497.998535,6.879189966,priority_score index points (not a crime count)
20,4706,94120,50859.63541,54346.98732,3487.351914,6.856816581,priority_score index points (not a crime count)
20,4707,94140,50862.04235,54346.98732,3484.944966,6.85175979,priority_score index points (not a crime count)
20,4708,94160,50879.82428,54346.98732,3467.163037,6.814416296,priority_score index points (not a crime count)
20,4709,94180,50885.45547,54346.98732,3461.531851,6.802595789,priority_score index points (not a crime count)
20,4710,94200,50896.52441,54346.98732,3450.462911,6.779368436,priority_score index points (not a crime count)
20,4711,94220,50898.76254,54346.98732,3448.224778,6.774673107,priority_score index points (not a crime count)
20,4712,94240,50902.97348,54346.98732,3444.013837,6.765840188,priority_score index points (not a crime count)
20,4713,94260,50906.81505,54346.98732,3440.172273,6.757783352,priority_score index points (not a crime count)
20,4714,94280,50911.04259,54346.98732,3435.944728,6.748918414,priority_score index points (not a crime count)
20,4715,94300,50915.84187,54346.98732,3431.145446,6.738856355,priority_score index points (not a crime count)
20,4716,94320,50931.21192,54346.98732,3415.775404,6.706644659,priority_score index points (not a crime count)
20,4717,94340,50964.31301,54346.98732,3382.674306,6.637339162,priority_score index points (not a crime count)
20,4718,94360,50967.30228,54346.98732,3379.685041,6.631084813,priority_score index points (not a crime count)
20,4719,94380,50988.12605,54346.98732,3358.861272,6.587536221,priority_score index points (not a crime count)
20,4720,94400,50997.28206,54346.98732,3349.705259,6.568399576,priority_score index points (not a crime count)
20,4721,94420,51004.47761,54346.98732,3342.509716,6.553365258,priority_score index points (not a crime count)
20,4722,94440,51017.50813,54346.98732,3329.479193,6.526150168,priority_score index points (not a crime count)
20,4723,94460,51025.08592,54346.98732,3321.901404,6.510329859,priority_score index points (not a crime count)
20,4724,94480,51028.83597,54346.98732,3318.151348,6.502502525,priority_score index points (not a crime count)
20,4725,94500,51038.0029,54346.98732,3308.984421,6.48337363,priority_score index points (not a crime count)
20,4726,94520,51044.39064,54346.98732,3302.596681,6.470048206,priority_score index points (not a crime count)
20,4727,94540,51057.34236,54346.98732,3289.64496,6.443039938,priority_score index points (not a crime count)
20,4728,94560,51070.12422,54346.98732,3276.863102,6.416399317,priority_score index points (not a crime count)
20,4729,94580,51079.23412,54346.98732,3267.7532,6.397420119,priority_score index points (not a crime count)
20,4730,94600,51087.89966,54346.98732,3259.087657,6.37937296,priority_score index points (not a crime count)
20,4731,94620,51091.80185,54346.98732,3255.185475,6.37124814,priority_score index points (not a crime count)
20,4732,94640,51094.9673,54346.98732,3252.020025,6.364658198,priority_score index points (not a crime count)
20,4733,94660,51103.8445,54346.98732,3243.142823,6.34618169,priority_score index points (not a crime count)
20,4734,94680,51113.28904,54346.98732,3233.698283,6.326531404,priority_score index points (not a crime count)
20,4735,94700,51125.70578,54346.98732,3221.281542,6.300708211,priority_score index points (not a crime count)
20,4736,94720,51126.79224,54346.98732,3220.195084,6.298449293,priority_score index points (not a crime count)
20,4737,94740,51152.81618,54346.98732,3194.171136,6.244370054,priority_score index points (not a crime count)
20,4738,94760,51153.87816,54346.98732,3193.109162,6.242164381,priority_score index points (not a crime count)
20,4739,94780,51176.33884,54346.98732,3170.648478,6.195535963,priority_score index points (not a crime count)
20,4740,94800,51195.21942,54346.98732,3151.767902,6.156371508,priority_score index points (not a crime count)
20,4741,94820,51198.30781,54346.98732,3148.679511,6.149967929,priority_score index points (not a crime count)
20,4742,94840,51202.07754,54346.98732,3144.909782,6.142152688,priority_score index points (not a crime count)
20,4743,94860,51207.46862,54346.98732,3139.5187,6.130978126,priority_score index points (not a crime count)
20,4744,94880,51230.7503,54346.98732,3116.237018,6.082747176,priority_score index points (not a crime count)
20,4745,94900,51244.95993,54346.98732,3102.027388,6.053331668,priority_score index points (not a crime count)
20,4746,94920,51248.77167,54346.98732,3098.21565,6.045443724,priority_score index points (not a crime count)
20,4747,94940,51264.10303,54346.98732,3082.884293,6.013729123,priority_score index points (not a crime count)
20,4748,94960,51265.72825,54346.98732,3081.259071,6.010368283,priority_score index points (not a crime count)
20,4749,94980,51273.37393,54346.98732,3073.613387,5.994560433,priority_score index points (not a crime count)
20,4750,95000,51274.96116,54346.98732,3072.026162,5.991279354,priority_score index points (not a crime count)
20,4751,95020,51296.98772,54346.98732,3049.999596,5.945767444,priority_score index points (not a crime count)
20,4752,95040,51298.54502,54346.98732,3048.442298,5.94255119,priority_score index points (not a crime count)
20,4753,95060,51303.70703,54346.98732,3043.280286,5.931891596,priority_score index points (not a crime count)
20,4754,95080,51322.80091,54346.98732,3024.186414,5.892481238,priority_score index points (not a crime count)
20,4755,95100,51352.97607,54346.98732,2994.011251,5.830258496,priority_score index points (not a crime count)
20,4756,95120,51361.79555,54346.98732,2985.191775,5.81208609,priority_score index points (not a crime count)
20,4757,95140,51365.7666,54346.98732,2981.220726,5.803905837,priority_score index points (not a crime count)
20,4758,95160,51373.61551,54346.98732,2973.371815,5.787741015,priority_score index points (not a crime count)
20,4759,95180,51377.3873,54346.98732,2969.600017,5.779974758,priority_score index points (not a crime count)
20,4760,95200,51382.5891,54346.98732,2964.398222,5.76926596,priority_score index points (not a crime count)
20,4761,95220,51408.18901,54346.98732,2938.798316,5.716595687,priority_score index points (not a crime count)
20,4762,95240,51415.56132,54346.98732,2931.426,5.701437317,priority_score index points (not a crime count)
20,4763,95260,51419.29326,54346.98732,2927.694064,5.693765663,priority_score index points (not a crime count)
20,4764,95280,51437.17987,54346.98732,2909.807446,5.657012015,priority_score index points (not a crime count)
20,4765,95300,51443.7244,54346.98732,2903.262917,5.643570622,priority_score index points (not a crime count)
20,4766,95320,51461.68321,54346.98732,2885.30411,5.606703725,priority_score index points (not a crime count)
20,4767,95340,51463.37565,54346.98732,2883.611672,5.603230716,priority_score index points (not a crime count)
20,4768,95360,51472.61057,54346.98732,2874.37675,5.584283988,priority_score index points (not a crime count)
20,4769,95380,51474.6522,54346.98732,2872.335119,5.580096214,priority_score index points (not a crime count)
20,4770,95400,51494.56173,54346.98732,2852.425592,5.539275403,priority_score index points (not a crime count)
20,4771,95420,51496.19626,54346.98732,2850.791058,5.535925495,priority_score index points (not a crime count)
20,4772,95440,51502.43086,54346.98732,2844.556464,5.52314991,priority_score index points (not a crime count)
20,4773,95460,51514.36308,54346.98732,2832.62424,5.498707683,priority_score index points (not a crime count)
20,4774,95480,51518.0252,54346.98732,2828.96212,5.491208386,priority_score index points (not a crime count)
20,4775,95500,51521.83751,54346.98732,2825.149815,5.483402674,priority_score index points (not a crime count)
20,4776,95520,51542.12712,54346.98732,2804.860198,5.441879011,priority_score index points (not a crime count)
20,4777,95540,51552.7056,54346.98732,2794.281721,5.42024262,priority_score index points (not a crime count)
20,4778,95560,51555.6576,54346.98732,2791.329716,5.414206404,priority_score index points (not a crime count)
20,4779,95580,51559.38975,54346.98732,2787.597574,5.406575965,priority_score index points (not a crime count)
20,4780,95600,51565.19275,54346.98732,2781.794568,5.394713798,priority_score index points (not a crime count)
20,4781,95620,51565.75457,54346.98732,2781.232751,5.393565506,priority_score index points (not a crime count)
20,4782,95640,51567.8218,54346.98732,2779.165523,5.389340535,priority_score index points (not a crime count)
20,4783,95660,51581.20555,54346.98732,2765.781774,5.361995217,priority_score index points (not a crime count)
20,4784,95680,51584.35175,54346.98732,2762.635572,5.35556904,priority_score index points (not a crime count)
20,4785,95700,51587.36504,54346.98732,2759.622276,5.349415062,priority_score index points (not a crime count)
20,4786,95720,51592.75797,54346.98732,2754.229351,5.338403024,priority_score index points (not a crime count)
20,4787,95740,51595.62382,54346.98732,2751.363504,5.332552067,priority_score index points (not a crime count)
20,4788,95760,51602.67087,54346.98732,2744.316451,5.318167461,priority_score index points (not a crime count)
20,4789,95780,51606.89118,54346.98732,2740.096142,5.309554751,priority_score index points (not a crime count)
20,4790,95800,51614.33726,54346.98732,2732.650056,5.294362383,priority_score index points (not a crime count)
20,4791,95820,51621.47393,54346.98732,2725.513388,5.279805438,priority_score index points (not a crime count)
20,4792,95840,51632.06582,54346.98732,2714.921496,5.258208155,priority_score index points (not a crime count)
20,4793,95860,51642.86541,54346.98732,2704.121906,5.23619649,priority_score index points (not a crime count)
20,4794,95880,51645.87456,54346.98732,2701.112763,5.230064911,priority_score index points (not a crime count)
20,4795,95900,51654.02615,54346.98732,2692.961167,5.213458404,priority_score index points (not a crime count)
20,4796,95920,51660.97346,54346.98732,2686.013864,5.199309429,priority_score index points (not a crime count)
20,4797,95940,51684.05584,54346.98732,2662.931482,5.152326842,priority_score index points (not a crime count)
20,4798,95960,51686.77227,54346.98732,2660.215054,5.1468005,priority_score index points (not a crime count)
20,4799,95980,51690.73883,54346.98732,2656.248491,5.13873191,priority_score index points (not a crime count)
20,4800,96000,51695.00334,54346.98732,2651.983983,5.130058636,priority_score index points (not a crime count)
20,4801,96020,51698.91442,54346.98732,2648.0729,5.122105425,priority_score index points (not a crime count)
20,4802,96040,51712.84645,54346.98732,2634.140869,5.093784331,priority_score index points (not a crime count)
20,4803,96060,51722.08039,54346.98732,2624.906933,5.075021951,priority_score index points (not a crime count)
20,4804,96080,51766.38196,54346.98732,2580.605363,4.98509895,priority_score index points (not a crime count)
20,4805,96100,51767.98387,54346.98732,2579.003455,4.981850292,priority_score index points (not a crime count)
20,4806,96120,51786.70716,54346.98732,2560.280164,4.943894495,priority_score index points (not a crime count)
20,4807,96140,51791.15653,54346.98732,2555.830792,4.934878776,priority_score index points (not a crime count)
20,4808,96160,51792.87349,54346.98732,2554.113835,4.931400138,priority_score index points (not a crime count)
20,4809,96180,51805.20279,54346.98732,2541.784527,4.906427134,priority_score index points (not a crime count)
20,4810,96200,51827.67407,54346.98732,2519.313248,4.860942138,priority_score index points (not a crime count)
20,4811,96220,51835.02584,54346.98732,2511.961484,4.846069705,priority_score index points (not a crime count)
20,4812,96240,51856.54113,54346.98732,2490.446187,4.802569034,priority_score index points (not a crime count)
20,4813,96260,51859.72297,54346.98732,2487.264346,4.796138898,priority_score index points (not a crime count)
20,4814,96280,51868.08725,54346.98732,2478.900071,4.779239417,priority_score index points (not a crime count)
20,4815,96300,51873.25171,54346.98732,2473.735607,4.768807672,priority_score index points (not a crime count)
20,4816,96320,51879.32052,54346.98732,2467.666802,4.756551892,priority_score index points (not a crime count)
20,4817,96340,51886.58598,54346.98732,2460.401343,4.741883277,priority_score index points (not a crime count)
20,4818,96360,51888.89427,54346.98732,2458.093047,4.737223796,priority_score index points (not a crime count)
20,4819,96380,51894.66759,54346.98732,2452.319727,4.725571702,priority_score index points (not a crime count)
20,4820,96400,51910.75466,54346.98732,2436.232659,4.6931174,priority_score index points (not a crime count)
20,4821,96420,51912.46448,54346.98732,2434.522838,4.689669163,priority_score index points (not a crime count)
20,4822,96440,51916.10935,54346.98732,2430.877973,4.682319234,priority_score index points (not a crime count)
20,4823,96460,51918.04837,54346.98732,2428.938954,4.678409591,priority_score index points (not a crime count)
20,4824,96480,51920.43467,54346.98732,2426.55265,4.673598488,priority_score index points (not a crime count)
20,4825,96500,51930.76144,54346.98732,2416.225878,4.652783457,priority_score index points (not a crime count)
20,4826,96520,51942.97897,54346.98732,2404.008352,4.628168041,priority_score index points (not a crime count)
20,4827,96540,51947.65336,54346.98732,2399.333962,4.618753316,priority_score index points (not a crime count)
20,4828,96560,51963.85498,54346.98732,2383.132342,4.586134617,priority_score index points (not a crime count)
20,4829,96580,51966.87811,54346.98732,2380.10921,4.580050402,priority_score index points (not a crime count)
20,4830,96600,51973.48902,54346.98732,2373.498302,4.566748061,priority_score index points (not a crime count)
20,4831,96620,51978.31182,54346.98732,2368.6755,4.557045846,priority_score index points (not a crime count)
20,4832,96640,51985.88367,54346.98732,2361.10365,4.541816899,priority_score index points (not a crime count)
20,4833,96660,52004.50963,54346.98732,2342.477692,4.504374156,priority_score index points (not a crime count)
20,4834,96680,52010.72091,54346.98732,2336.266412,4.491893924,priority_score index points (not a crime count)
20,4835,96700,52030.36235,54346.98732,2316.624967,4.452448268,priority_score index points (not a crime count)
20,4836,96720,52037.1261,54346.98732,2309.861218,4.438871612,priority_score index points (not a crime count)
20,4837,96740,52047.11979,54346.98732,2299.867532,4.418818066,priority_score index points (not a crime count)
20,4838,96760,52051.28911,54346.98732,2295.698211,4.410454092,priority_score index points (not a crime count)
20,4839,96780,52053.65137,54346.98732,2293.335951,4.405715815,priority_score index points (not a crime count)
20,4840,96800,52057.76234,54346.98732,2289.224979,4.397470955,priority_score index points (not a crime count)
20,4841,96820,52059.72225,54346.98732,2287.265069,4.393540668,priority_score index points (not a crime count)
20,4842,96840,52065.61477,54346.98732,2281.372554,4.381725951,priority_score index points (not a crime count)
20,4843,96860,52073.8835,54346.98732,2273.103818,4.36515133,priority_score index points (not a crime count)
20,4844,96880,52077.50357,54346.98732,2269.483749,4.357896584,priority_score index points (not a crime count)
20,4845,96900,52082.17043,54346.98732,2264.816892,4.348545526,priority_score index points (not a crime count)
20,4846,96920,52083.98483,54346.98732,2263.002489,4.344910429,priority_score index points (not a crime count)
20,4847,96940,52095.99497,54346.98732,2250.992349,4.320854896,priority_score index points (not a crime count)
20,4848,96960,52107.41906,54346.98732,2239.568263,4.29798348,priority_score index points (not a crime count)
20,4849,96980,52110.42245,54346.98732,2236.564874,4.291972256,priority_score index points (not a crime count)
20,4850,97000,52115.69286,54346.98732,2231.294461,4.281425302,priority_score index points (not a crime count)
20,4851,97020,52126.158,54346.98732,2220.829325,4.260489186,priority_score index points (not a crime count)
20,4852,97040,52138.53604,54346.98732,2208.451283,4.23573704,priority_score index points (not a crime count)
20,4853,97060,52151.25692,54346.98732,2195.730404,4.210311571,priority_score index points (not a crime count)
20,4854,97080,52152.98366,54346.98732,2194.003661,4.206861251,priority_score index points (not a crime count)
20,4855,97100,52156.96246,54346.98732,2190.024859,4.198911816,priority_score index points (not a crime count)
20,4856,97120,52159.67569,54346.98732,2187.311634,4.19349163,priority_score index points (not a crime count)
20,4857,97140,52161.35126,54346.98732,2185.636062,4.190144636,priority_score index points (not a crime count)
20,4858,97160,52166.63626,54346.98732,2180.351058,4.179589128,priority_score index points (not a crime count)
20,4859,97180,52168.766,54346.98732,2178.22132,4.1753361,priority_score index points (not a crime count)
20,4860,97200,52177.73057,54346.98732,2169.256755,4.157437917,priority_score index points (not a crime count)
20,4861,97220,52196.75994,54346.98732,2150.227377,4.11946523,priority_score index points (not a crime count)
20,4862,97240,52197.23846,54346.98732,2149.748862,4.118510721,priority_score index points (not a crime count)
20,4863,97260,52205.53074,54346.98732,2141.456578,4.101972622,priority_score index points (not a crime count)
20,4864,97280,52213.68794,54346.98732,2133.299377,4.085709057,priority_score index points (not a crime count)
20,4865,97300,52223.74887,54346.98732,2123.238455,4.06565691,priority_score index points (not a crime count)
20,4866,97320,52228.52092,54346.98732,2118.466406,4.056148573,priority_score index points (not a crime count)
20,4867,97340,52231.32361,54346.98732,2115.663706,4.050564987,priority_score index points (not a crime count)
20,4868,97360,52246.8925,54346.98732,2100.094817,4.019559282,priority_score index points (not a crime count)
20,4869,97380,52260.91457,54346.98732,2086.072753,3.991649917,priority_score index points (not a crime count)
20,4870,97400,52264.54065,54346.98732,2082.446674,3.984435046,priority_score index points (not a crime count)
20,4871,97420,52275.78856,54346.98732,2071.198758,3.962061242,priority_score index points (not a crime count)
20,4872,97440,52278.79941,54346.98732,2068.187914,3.956073853,priority_score index points (not a crime count)
20,4873,97460,52295.98811,54346.98732,2050.999209,3.921905452,priority_score index points (not a crime count)
20,4874,97480,52307.06902,54346.98732,2039.9183,3.899890279,priority_score index points (not a crime count)
20,4875,97500,52310.0903,54346.98732,2036.897025,3.89388933,priority_score index points (not a crime count)
20,4876,97520,52310.65653,54346.98732,2036.330793,3.892764741,priority_score index points (not a crime count)
20,4877,97540,52313.20545,54346.98732,2033.781868,3.887702637,priority_score index points (not a crime count)
20,4878,97560,52324.23601,54346.98732,2022.751315,3.865801911,priority_score index points (not a crime count)
20,4879,97580,52337.68112,54346.98732,2009.306204,3.839119658,priority_score index points (not a crime count)
20,4880,97600,52352.0909,54346.98732,1994.896424,3.810538203,priority_score index points (not a crime count)
20,4881,97620,52359.80987,54346.98732,1987.177451,3.795234277,priority_score index points (not a crime count)
20,4882,97640,52363.92827,54346.98732,1983.059053,3.787070831,priority_score index points (not a crime count)
20,4883,97660,52369.23334,54346.98732,1977.75398,3.776557061,priority_score index points (not a crime count)
20,4884,97680,52375.52818,54346.98732,1971.459136,3.764084497,priority_score index points (not a crime count)
20,4885,97700,52377.48415,54346.98732,1969.503166,3.76020956,priority_score index points (not a crime count)
20,4886,97720,52382.48154,54346.98732,1964.505781,3.750310645,priority_score index points (not a crime count)
20,4887,97740,52385.5078,54346.98732,1961.479517,3.744317082,priority_score index points (not a crime count)
20,4888,97760,52391.24828,54346.98732,1955.739043,3.732949886,priority_score index points (not a crime count)
20,4889,97780,52417.85555,54346.98732,1929.13177,3.680295102,priority_score index points (not a crime count)
20,4890,97800,52419.82114,54346.98732,1927.166177,3.676407387,priority_score index points (not a crime count)
20,4891,97820,52439.16037,54346.98732,1907.826949,3.63817219,priority_score index points (not a crime count)
20,4892,97840,52442.52225,54346.98732,1904.465069,3.631528362,priority_score index points (not a crime count)
20,4893,97860,52446.14868,54346.98732,1900.838636,3.624362673,priority_score index points (not a crime count)
20,4894,97880,52453.63213,54346.98732,1893.35519,3.60957881,priority_score index points (not a crime count)
20,4895,97900,52459.06306,54346.98732,1887.924261,3.598852421,priority_score index points (not a crime count)
20,4896,97920,52466.19392,54346.98732,1880.793403,3.584771951,priority_score index points (not a crime count)
20,4897,97940,52469.90195,54346.98732,1877.08537,3.577451643,priority_score index points (not a crime count)
20,4898,97960,52471.8735,54346.98732,1875.113816,3.573559873,priority_score index points (not a crime count)
20,4899,97980,52476.20421,54346.98732,1870.783107,3.565012246,priority_score index points (not a crime count)
20,4900,98000,52478.90504,54346.98732,1868.082283,3.559682279,priority_score index points (not a crime count)
20,4901,98020,52480.14821,54346.98732,1866.839107,3.557229106,priority_score index points (not a crime count)
20,4902,98040,52482.87812,54346.98732,1864.1092,3.551842556,priority_score index points (not a crime count)
20,4903,98060,52484.3677,54346.98732,1862.61962,3.54890361,priority_score index points (not a crime count)
20,4904,98080,52493.42413,54346.98732,1853.563193,3.531038837,priority_score index points (not a crime count)
20,4905,98100,52505.88534,54346.98732,1841.101985,3.506467842,priority_score index points (not a crime count)
20,4906,98120,52514.2031,54346.98732,1832.784218,3.49007337,priority_score index points (not a crime count)
20,4907,98140,52517.72305,54346.98732,1829.264274,3.483137058,priority_score index points (not a crime count)
20,4908,98160,52520.49623,54346.98732,1826.491089,3.477672948,priority_score index points (not a crime count)
20,4909,98180,52524.09188,54346.98732,1822.89544,3.470589162,priority_score index points (not a crime count)
20,4910,98200,52525.63372,54346.98732,1821.353597,3.467551876,priority_score index points (not a crime count)
20,4911,98220,52526.61711,54346.98732,1820.370212,3.465614792,priority_score index points (not a crime count)
20,4912,98240,52535.92488,54346.98732,1811.062442,3.447283827,priority_score index points (not a crime count)
20,4913,98260,52537.63731,54346.98732,1809.350006,3.443912019,priority_score index points (not a crime count)
20,4914,98280,52540.70165,54346.98732,1806.285666,3.437878843,priority_score index points (not a crime count)
20,4915,98300,52542.15431,54346.98732,1804.833014,3.435019058,priority_score index points (not a crime count)
20,4916,98320,52544.77078,54346.98732,1802.21654,3.429868498,priority_score index points (not a crime count)
20,4917,98340,52546.65756,54346.98732,1800.329763,3.426154672,priority_score index points (not a crime count)
20,4918,98360,52548.23102,54346.98732,1798.7563,3.42305776,priority_score index points (not a crime count)
20,4919,98380,52553.51758,54346.98732,1793.469744,3.412654045,priority_score index points (not a crime count)
20,4920,98400,52558.5226,54346.98732,1788.464719,3.402806302,priority_score index points (not a crime count)
20,4921,98420,52576.54831,54346.98732,1770.439015,3.367354975,priority_score index points (not a crime count)
20,4922,98440,52592.01504,54346.98732,1754.972278,3.336955765,priority_score index points (not a crime count)
20,4923,98460,52596.49833,54346.98732,1750.488989,3.328147395,priority_score index points (not a crime count)
20,4924,98480,52599.9306,54346.98732,1747.056719,3.321404988,priority_score index points (not a crime count)
20,4925,98500,52604.71819,54346.98732,1742.269129,3.31200164,priority_score index points (not a crime count)
20,4926,98520,52608.16865,54346.98732,1738.818668,3.305225619,priority_score index points (not a crime count)
20,4927,98540,52612.93421,54346.98732,1734.05311,3.295868471,priority_score index points (not a crime count)
20,4928,98560,52614.17198,54346.98732,1732.815342,3.293438396,priority_score index points (not a crime count)
20,4929,98580,52616.80898,54346.98732,1730.178346,3.28826164,priority_score index points (not a crime count)
20,4930,98600,52621.97846,54346.98732,1725.008858,3.278114789,priority_score index points (not a crime count)
20,4931,98620,52626.25736,54346.98732,1720.729958,3.269717522,priority_score index points (not a crime count)
20,4932,98640,52632.0253,54346.98732,1714.962024,3.258400211,priority_score index points (not a crime count)
20,4933,98660,52635.43342,54346.98732,1711.553904,3.251714279,priority_score index points (not a crime count)
20,4934,98680,52637.24728,54346.98732,1709.740039,3.248156253,priority_score index points (not a crime count)
20,4935,98700,52640.06666,54346.98732,1706.920658,3.242626323,priority_score index points (not a crime count)
20,4936,98720,52667.25445,54346.98732,1679.732875,3.189330624,priority_score index points (not a crime count)
20,4937,98740,52706.50651,54346.98732,1640.480811,3.112482537,priority_score index points (not a crime count)
20,4938,98760,52717.39812,54346.98732,1629.589203,3.09117912,priority_score index points (not a crime count)
20,4939,98780,52722.66358,54346.98732,1624.323743,3.080883311,priority_score index points (not a crime count)
20,4940,98800,52729.47403,54346.98732,1617.513294,3.06756956,priority_score index points (not a crime count)
20,4941,98820,52742.44203,54346.98732,1604.545288,3.042227903,priority_score index points (not a crime count)
20,4942,98840,52755.96141,54346.98732,1591.025911,3.015822039,priority_score index points (not a crime count)
20,4943,98860,52768.42935,54346.98732,1578.55797,2.991481819,priority_score index points (not a crime count)
20,4944,98880,52770.14926,54346.98732,1576.838065,2.988125081,priority_score index points (not a crime count)
20,4945,98900,52775.60575,54346.98732,1571.381575,2.977477099,priority_score index points (not a crime count)
20,4946,98920,52787.86422,54346.98732,1559.123104,2.953563526,priority_score index points (not a crime count)
20,4947,98940,52796.89751,54346.98732,1550.089814,2.935948678,priority_score index points (not a crime count)
20,4948,98960,52803.75105,54346.98732,1543.236272,2.922588342,priority_score index points (not a crime count)
20,4949,98980,52817.59467,54346.98732,1529.392652,2.895612082,priority_score index points (not a crime count)
20,4950,99000,52820.49255,54346.98732,1526.494774,2.889966944,priority_score index points (not a crime count)
20,4951,99020,52825.0934,54346.98732,1521.893921,2.881005641,priority_score index points (not a crime count)
20,4952,99040,52826.22729,54346.98732,1520.760033,2.878797353,priority_score index points (not a crime count)
20,4953,99060,52830.80627,54346.98732,1516.181048,2.869880578,priority_score index points (not a crime count)
20,4954,99080,52837.9316,54346.98732,1509.055718,2.856008312,priority_score index points (not a crime count)
20,4955,99100,52844.84885,54346.98732,1502.138476,2.842544748,priority_score index points (not a crime count)
20,4956,99120,52846.0765,54346.98732,1500.910819,2.840155634,priority_score index points (not a crime count)
20,4957,99140,52854.09704,54346.98732,1492.890281,2.824549779,priority_score index points (not a crime count)
20,4958,99160,52864.20479,54346.98732,1482.782531,2.804889503,priority_score index points (not a crime count)
20,4959,99180,52867.15487,54346.98732,1479.832454,2.799152816,priority_score index points (not a crime count)
20,4960,99200,52870.39161,54346.98732,1476.595707,2.79285941,priority_score index points (not a crime count)
20,4961,99220,52874.36502,54346.98732,1472.622299,2.785134721,priority_score index points (not a crime count)
20,4962,99240,52887.74954,54346.98732,1459.237777,2.759122462,priority_score index points (not a crime count)
20,4963,99260,52893.07119,54346.98732,1453.916136,2.748783731,priority_score index points (not a crime count)
20,4964,99280,52899.92595,54346.98732,1447.061375,2.735469566,priority_score index points (not a crime count)
20,4965,99300,52904.12247,54346.98732,1442.864855,2.727320269,priority_score index points (not a crime count)
20,4966,99320,52907.25213,54346.98732,1439.735192,2.721243561,priority_score index points (not a crime count)
20,4967,99340,52915.85737,54346.98732,1431.129955,2.704538915,priority_score index points (not a crime count)
20,4968,99360,52920.50554,54346.98732,1426.481778,2.695518048,priority_score index points (not a crime count)
20,4969,99380,52926.98003,54346.98732,1420.007292,2.682955444,priority_score index points (not a crime count)
20,4970,99400,52931.28907,54346.98732,1415.698246,2.6745962,priority_score index points (not a crime count)
20,4971,99420,52940.11739,54346.98732,1406.869926,2.657474134,priority_score index points (not a crime count)
20,4972,99440,52945.08331,54346.98732,1401.904012,2.647845512,priority_score index points (not a crime count)
20,4973,99460,52949.31873,54346.98732,1397.668588,2.639634694,priority_score index points (not a crime count)
20,4974,99480,52952.28906,54346.98732,1394.698257,2.633877179,priority_score index points (not a crime count)
20,4975,99500,52957.46797,54346.98732,1389.519352,2.623840235,priority_score index points (not a crime count)
20,4976,99520,52957.46797,54346.98732,1389.519352,2.623840235,priority_score index points (not a crime count)
20,4977,99540,52957.66876,54346.98732,1389.318556,2.623451123,priority_score index points (not a crime count)
20,4978,99560,52960.48491,54346.98732,1386.502407,2.617994168,priority_score index points (not a crime count)
20,4979,99580,52967.12517,54346.98732,1379.862154,2.605129407,priority_score index points (not a crime count)
20,4980,99600,52975.34294,54346.98732,1371.644377,2.589212832,priority_score index points (not a crime count)
20,4981,99620,52979.84847,54346.98732,1367.138851,2.580488414,priority_score index points (not a crime count)
20,4982,99640,52984.75138,54346.98732,1362.235943,2.570996198,priority_score index points (not a crime count)
20,4983,99660,52995.07539,54346.98732,1351.911935,2.551014269,priority_score index points (not a crime count)
20,4984,99680,53000.30468,54346.98732,1346.682637,2.540896029,priority_score index points (not a crime count)
20,4985,99700,53005.9893,54346.98732,1340.998019,2.529899048,priority_score index points (not a crime count)
20,4986,99720,53015.48409,54346.98732,1331.503236,2.511536504,priority_score index points (not a crime count)
20,4987,99740,53022.69283,54346.98732,1324.29449,2.497599461,priority_score index points (not a crime count)
20,4988,99760,53029.3791,54346.98732,1317.608225,2.484675943,priority_score index points (not a crime count)
20,4989,99780,53044.9433,54346.98732,1302.04402,2.454605357,priority_score index points (not a crime count)
20,4990,99800,53049.60879,54346.98732,1297.37853,2.445594906,priority_score index points (not a crime count)
20,4991,99820,53053.80047,54346.98732,1293.186851,2.437500875,priority_score index points (not a crime count)
20,4992,99840,53058.55925,54346.98732,1288.428068,2.428313332,priority_score index points (not a crime count)
20,4993,99860,53068.76278,54346.98732,1278.224537,2.40861944,priority_score index points (not a crime count)
20,4994,99880,53076.01571,54346.98732,1270.971614,2.394625138,priority_score index points (not a crime count)
20,4995,99900,53088.80369,54346.98732,1258.183634,2.369960418,priority_score index points (not a crime count)
20,4996,99920,53096.02674,54346.98732,1250.960581,2.35603426,priority_score index points (not a crime count)
20,4997,99940,53101.71695,54346.98732,1245.270371,2.345066115,priority_score index points (not a crime count)
20,4998,99960,53105.67203,54346.98732,1241.315288,2.337443893,priority_score index points (not a crime count)
20,4999,99980,53107.5233,54346.98732,1239.46402,2.333876527,priority_score index points (not a crime count)
20,5000,100000,53109.6919,54346.98732,1237.29542,2.329697981,priority_score index points (not a crime count)
20,5001,100020,53115.60913,54346.98732,1231.378188,2.318298157,priority_score index points (not a crime count)
20,5002,100040,53121.23408,54346.98732,1225.753237,2.307463782,priority_score index points (not a crime count)
20,5003,100060,53132.534,54346.98732,1214.45332,2.285705628,priority_score index points (not a crime count)
20,5004,100080,53140.48553,54346.98732,1206.50179,2.270400389,priority_score index points (not a crime count)
20,5005,100100,53146.13731,54346.98732,1200.85001,2.259524532,priority_score index points (not a crime count)
20,5006,100120,53158.78832,54346.98732,1188.198997,2.235188263,priority_score index points (not a crime count)
20,5007,100140,53183.78411,54346.98732,1163.203206,2.187138854,priority_score index points (not a crime count)
20,5008,100160,53185.82888,54346.98732,1161.158443,2.183210203,priority_score index points (not a crime count)
20,5009,100180,53190.58387,54346.98732,1156.403451,2.174075497,priority_score index points (not a crime count)
20,5010,100200,53199.4392,54346.98732,1147.548124,2.157068085,priority_score index points (not a crime count)
20,5011,100220,53203.80083,54346.98732,1143.186489,2.148693273,priority_score index points (not a crime count)
20,5012,100240,53208.67143,54346.98732,1138.315889,2.139342814,priority_score index points (not a crime count)
20,5013,100260,53223.38971,54346.98732,1123.597612,2.11109743,priority_score index points (not a crime count)
20,5014,100280,53232.53479,54346.98732,1114.452533,2.093555262,priority_score index points (not a crime count)
20,5015,100300,53238.07306,54346.98732,1108.914265,2.082934639,priority_score index points (not a crime count)
20,5016,100320,53242.37705,54346.98732,1104.610271,2.074682485,priority_score index points (not a crime count)
20,5017,100340,53243.92823,54346.98732,1103.059089,2.071708691,priority_score index points (not a crime count)
20,5018,100360,53245.50341,54346.98732,1101.483911,2.068689073,priority_score index points (not a crime count)
20,5019,100380,53263.41763,54346.98732,1083.569691,2.034360053,priority_score index points (not a crime count)
20,5020,100400,53266.85442,54346.98732,1080.1329,2.02777677,priority_score index points (not a crime count)
20,5021,100420,53273.23307,54346.98732,1073.754252,2.015560517,priority_score index points (not a crime count)
20,5022,100440,53278.4462,54346.98732,1068.541119,2.005578606,priority_score index points (not a crime count)
20,5023,100460,53282.97034,54346.98732,1064.016983,1.996917546,priority_score index points (not a crime count)
20,5024,100480,53289.57319,54346.98732,1057.414126,1.984279593,priority_score index points (not a crime count)
20,5025,100500,53295.4425,54346.98732,1051.544819,1.973048294,priority_score index points (not a crime count)
20,5026,100520,53300.57965,54346.98732,1046.407667,1.963220051,priority_score index points (not a crime count)
20,5027,100540,53302.66192,54346.98732,1044.325402,1.959236864,priority_score index points (not a crime count)
20,5028,100560,53306.9658,54346.98732,1040.021522,1.951004913,priority_score index points (not a crime count)
20,5029,100580,53332.22761,54346.98732,1014.759711,1.902713906,priority_score index points (not a crime count)
20,5030,100600,53348.81294,54346.98732,998.1743787,1.871033906,priority_score index points (not a crime count)
20,5031,100620,53352.17139,54346.98732,994.8159355,1.86462127,priority_score index points (not a crime count)
20,5032,100640,53354.63104,54346.98732,992.3562789,1.859925295,priority_score index points (not a crime count)
20,5033,100660,53361.36964,54346.98732,985.6176797,1.847062184,priority_score index points (not a crime count)
20,5034,100680,53373.48083,54346.98732,973.5064941,1.823951668,priority_score index points (not a crime count)
20,5035,100700,53383.31849,54346.98732,963.6688314,1.805187198,priority_score index points (not a crime count)
20,5036,100720,53385.93511,54346.98732,961.052209,1.800197387,priority_score index points (not a crime count)
20,5037,100740,53388.68969,54346.98732,958.2976269,1.79494502,priority_score index points (not a crime count)
20,5038,100760,53392.83182,54346.98732,954.1555031,1.787047944,priority_score index points (not a crime count)
20,5039,100780,53396.42244,54346.98732,950.5648782,1.780203307,priority_score index points (not a crime count)
20,5040,100800,53400.67397,54346.98732,946.3133532,1.772100018,priority_score index points (not a crime count)
20,5041,100820,53404.02569,54346.98732,942.9616281,1.765712633,priority_score index points (not a crime count)
20,5042,100840,53410.24569,54346.98732,936.7416323,1.753861305,priority_score index points (not a crime count)
20,5043,100860,53424.01266,54346.98732,922.9746601,1.727640089,priority_score index points (not a crime count)
20,5044,100880,53427.57769,54346.98732,919.4096317,1.720852173,priority_score index points (not a crime count)
20,5045,100900,53432.19245,54346.98732,914.7948745,1.712066888,priority_score index points (not a crime count)
20,5046,100920,53437.78233,54346.98732,909.2049951,1.701427259,priority_score index points (not a crime count)
20,5047,100940,53447.8308,54346.98732,899.1565165,1.682306846,priority_score index points (not a crime count)
20,5048,100960,53450.27308,54346.98732,896.7142359,1.677660719,priority_score index points (not a crime count)
20,5049,100980,53456.42665,54346.98732,890.5606689,1.665956228,priority_score index points (not a crime count)
20,5050,101000,53461.88756,54346.98732,885.0997565,1.655571468,priority_score index points (not a crime count)
20,5051,101020,53470.39908,54346.98732,876.5882381,1.639389743,priority_score index points (not a crime count)
20,5052,101040,53478.25685,54346.98732,868.7304696,1.624455472,priority_score index points (not a crime count)
20,5053,101060,53484.04522,54346.98732,862.9421048,1.613457062,priority_score index points (not a crime count)
20,5054,101080,53487.51481,54346.98732,859.4725101,1.606865664,priority_score index points (not a crime count)
20,5055,101100,53501.49432,54346.98732,845.493,1.580316607,priority_score index points (not a crime count)
20,5056,101120,53503.93398,54346.98732,843.0533414,1.575684774,priority_score index points (not a crime count)
20,5057,101140,53507.59838,54346.98732,839.3889391,1.568728488,priority_score index points (not a crime count)
20,5058,101160,53508.70299,54346.98732,838.2843326,1.566631755,priority_score index points (not a crime count)
20,5059,101180,53513.12557,54346.98732,833.8617539,1.558237806,priority_score index points (not a crime count)
20,5060,101200,53522.73284,54346.98732,824.2544801,1.54000821,priority_score index points (not a crime count)
20,5061,101220,53527.16185,54346.98732,819.8254669,1.531606456,priority_score index points (not a crime count)
20,5062,101240,53533.93899,54346.98732,813.0483313,1.51875305,priority_score index points (not a crime count)
20,5063,101260,53540.47169,54346.98732,806.51563,1.506366314,priority_score index points (not a crime count)
20,5064,101280,53545.39985,54346.98732,801.5874728,1.497023974,priority_score index points (not a crime count)
20,5065,101300,53550.8231,54346.98732,796.1642251,1.486745075,priority_score index points (not a crime count)
20,5066,101320,53553.2321,54346.98732,793.7552227,1.482179864,priority_score index points (not a crime count)
20,5067,101340,53554.97676,54346.98732,792.0105575,1.47887387,priority_score index points (not a crime count)
20,5068,101360,53557.30876,54346.98732,789.6785569,1.474455261,priority_score index points (not a crime count)
20,5069,101380,53560.99112,54346.98732,785.9962045,1.467478828,priority_score index points (not a crime count)
20,5070,101400,53564.72837,54346.98732,782.2589531,1.460399365,priority_score index points (not a crime count)
20,5071,101420,53572.46253,54346.98732,774.5247942,1.445751712,priority_score index points (not a crime count)
20,5072,101440,53577.49067,54346.98732,769.4966467,1.436231218,priority_score index points (not a crime count)
20,5073,101460,53590.13995,54346.98732,756.8473698,1.412288474,priority_score index points (not a crime count)
20,5074,101480,53594.59775,54346.98732,752.3895712,1.403853379,priority_score index points (not a crime count)
20,5075,101500,53595.93371,54346.98732,751.0536121,1.401325735,priority_score index points (not a crime count)
20,5076,101520,53598.04931,54346.98732,748.9380116,1.397323263,priority_score index points (not a crime count)
20,5077,101540,53602.22547,54346.98732,744.7618514,1.389423377,priority_score index points (not a crime count)
20,5078,101560,53606.39193,54346.98732,740.5953926,1.38154307,priority_score index points (not a crime count)
20,5079,101580,53609.23174,54346.98732,737.7555813,1.376172643,priority_score index points (not a crime count)
20,5080,101600,53612.00424,54346.98732,734.9830846,1.370930065,priority_score index points (not a crime count)
20,5081,101620,53620.42476,54346.98732,726.5625567,1.355010819,priority_score index points (not a crime count)
20,5082,101640,53649.76899,54346.98732,697.2183333,1.299573785,priority_score index points (not a crime count)
20,5083,101660,53653.66582,54346.98732,693.3215013,1.29221646,priority_score index points (not a crime count)
20,5084,101680,53673.84712,54346.98732,673.1402005,1.254130711,priority_score index points (not a crime count)
20,5085,101700,53678.70998,54346.98732,668.2773383,1.244957896,priority_score index points (not a crime count)
20,5086,101720,53685.65092,54346.98732,661.3364056,1.231868096,priority_score index points (not a crime count)
20,5087,101740,53687.34545,54346.98732,659.6418701,1.228672911,priority_score index points (not a crime count)
20,5088,101760,53689.50171,54346.98732,657.4856073,1.224607393,priority_score index points (not a crime count)
20,5089,101780,53692.00883,54346.98732,654.9784925,1.219880773,priority_score index points (not a crime count)
20,5090,101800,53694.0401,54346.98732,652.9472212,1.216051577,priority_score index points (not a crime count)
20,5091,101820,53697.06677,54346.98732,649.9205463,1.210346459,priority_score index points (not a crime count)
20,5092,101840,53697.96741,54346.98732,649.0199102,1.208648933,priority_score index points (not a crime count)
20,5093,101860,53701.17362,54346.98732,645.813699,1.202606304,priority_score index points (not a crime count)
20,5094,101880,53707.28768,54346.98732,639.6996392,1.191085357,priority_score index points (not a crime count)
20,5095,101900,53710.99944,54346.98732,635.9878779,1.184092429,priority_score index points (not a crime count)
20,5096,101920,53716.94153,54346.98732,630.0457929,1.172899601,priority_score index points (not a crime count)
20,5097,101940,53720.50938,54346.98732,626.4779369,1.166180187,priority_score index points (not a crime count)
20,5098,101960,53725.58637,54346.98732,621.4009493,1.156620134,priority_score index points (not a crime count)
20,5099,101980,53734.06575,54346.98732,612.9215752,1.140657359,priority_score index points (not a crime count)
20,5100,102000,53743.10407,54346.98732,603.8832473,1.123647876,priority_score index points (not a crime count)
20,5101,102020,53748.39002,54346.98732,598.5973003,1.113702755,priority_score index points (not a crime count)
20,5102,102040,53754.36861,54346.98732,592.6187129,1.102456839,priority_score index points (not a crime count)
20,5103,102060,53756.1976,54346.98732,590.7897184,1.099016941,priority_score index points (not a crime count)
20,5104,102080,53759.64539,54346.98732,587.3419288,1.092533116,priority_score index points (not a crime count)
20,5105,102100,53766.37684,54346.98732,580.6104798,1.079876521,priority_score index points (not a crime count)
20,5106,102120,53769.00175,54346.98732,577.9855662,1.074941969,priority_score index points (not a crime count)
20,5107,102140,53771.17806,54346.98732,575.8092629,1.070851121,priority_score index points (not a crime count)
20,5108,102160,53775.0175,54346.98732,571.9698243,1.063634846,priority_score index points (not a crime count)
20,5109,102180,53786.85076,54346.98732,560.1365637,1.041400558,priority_score index points (not a crime count)
20,5110,102200,53795.9378,54346.98732,551.0495161,1.024332949,priority_score index points (not a crime count)
20,5111,102220,53800.04632,54346.98732,546.9410036,1.016618091,priority_score index points (not a crime count)
20,5112,102240,53809.66044,54346.98732,537.3268842,0.9985695501,priority_score index points (not a crime count)
20,5113,102260,53813.53735,54346.98732,533.4499722,0.9912932665,priority_score index points (not a crime count)
20,5114,102280,53816.27453,54346.98732,530.7127945,0.9861566955,priority_score index points (not a crime count)
20,5115,102300,53821.12293,54346.98732,525.8643887,0.977059489,priority_score index points (not a crime count)
20,5116,102320,53823.8403,54346.98732,523.1470177,0.9719615226,priority_score index points (not a crime count)
20,5117,102340,53830.83925,54346.98732,516.1480679,0.9588334031,priority_score index points (not a crime count)
20,5118,102360,53834.09365,54346.98732,512.8936757,0.9527302143,priority_score index points (not a crime count)
20,5119,102380,53837.87274,54346.98732,509.1145857,0.9456439488,priority_score index points (not a crime count)
20,5120,102400,53843.90639,54346.98732,503.0809291,0.9343321517,priority_score index points (not a crime count)
20,5121,102420,53860.55547,54346.98732,486.4318535,0.9031318917,priority_score index points (not a crime count)
20,5122,102440,53864.9776,54346.98732,482.0097212,0.8948480863,priority_score index points (not a crime count)
20,5123,102460,53867.78009,54346.98732,479.2072274,0.8895989895,priority_score index points (not a crime count)
20,5124,102480,53871.39925,54346.98732,475.5880723,0.8828210868,priority_score index points (not a crime count)
20,5125,102500,53874.13809,54346.98732,472.8492293,0.8776924254,priority_score index points (not a crime count)
20,5126,102520,53896.78332,54346.98732,450.2039988,0.8353077327,priority_score index points (not a crime count)
20,5127,102540,53903.7193,54346.98732,443.2680195,0.8223329026,priority_score index points (not a crime count)
20,5128,102560,53909.63359,54346.98732,437.3537349,0.8112719486,priority_score index points (not a crime count)
20,5129,102580,53916.97919,54346.98732,430.0081282,0.7975375005,priority_score index points (not a crime count)
20,5130,102600,53920.41039,54346.98732,426.5769281,0.7911232963,priority_score index points (not a crime count)
20,5131,102620,53924.78901,54346.98732,422.198314,0.7829392043,priority_score index points (not a crime count)
20,5132,102640,53927.19607,54346.98732,419.7912462,0.7784407067,priority_score index points (not a crime count)
20,5133,102660,53942.36354,54346.98732,404.6237854,0.7501039236,priority_score index points (not a crime count)
20,5134,102680,53949.56781,54346.98732,397.4195117,0.7366500378,priority_score index points (not a crime count)
20,5135,102700,53951.94415,54346.98732,395.0431709,0.7322130409,priority_score index points (not a crime count)
20,5136,102720,53960.79184,54346.98732,386.1954766,0.7156964591,priority_score index points (not a crime count)
20,5137,102740,53965.76301,54346.98732,381.2243115,0.7064188297,priority_score index points (not a crime count)
20,5138,102760,53976.58506,54346.98732,370.4022646,0.6862276748,priority_score index points (not a crime count)
20,5139,102780,53985.66092,54346.98732,361.3263994,0.669300687,priority_score index points (not a crime count)
20,5140,102800,53990.9577,54346.98732,356.0296244,0.6594245399,priority_score index points (not a crime count)
20,5141,102820,54000.29709,54346.98732,346.690234,0.6420154197,priority_score index points (not a crime count)
20,5142,102840,54013.30308,54346.98732,333.6842374,0.6177815803,priority_score index points (not a crime count)
20,5143,102860,54017.57964,54346.98732,329.4076829,0.6098157028,priority_score index points (not a crime count)
20,5144,102880,54025.08439,54346.98732,321.9029279,0.5958397501,priority_score index points (not a crime count)
20,5145,102900,54031.30004,54346.98732,315.6872761,0.5842674076,priority_score index points (not a crime count)
20,5146,102920,54049.88044,54346.98732,297.106877,0.549690165,priority_score index points (not a crime count)
20,5147,102940,54051.13351,54346.98732,295.8538156,0.5473591328,priority_score index points (not a crime count)
20,5148,102960,54056.24995,54346.98732,290.7373705,0.537842286,priority_score index points (not a crime count)
20,5149,102980,54060.50192,54346.98732,286.485399,0.5299347746,priority_score index points (not a crime count)
20,5150,103000,54066.07215,54346.98732,280.9151705,0.5195775452,priority_score index points (not a crime count)
20,5151,103020,54069.92349,54346.98732,277.0638337,0.5124176544,priority_score index points (not a crime count)
20,5152,103040,54071.97856,54346.98732,275.0087589,0.5085975513,priority_score index points (not a crime count)
20,5153,103060,54079.35244,54346.98732,267.6348842,0.494892916,priority_score index points (not a crime count)
20,5154,103080,54086.47884,54346.98732,260.5084769,0.4816517592,priority_score index points (not a crime count)
20,5155,103100,54093.24647,54346.98732,253.7408513,0.4690804637,priority_score index points (not a crime count)
20,5156,103120,54097.85286,54346.98732,249.1344633,0.4605256034,priority_score index points (not a crime count)
20,5157,103140,54101.56483,54346.98732,245.4224894,0.453632885,priority_score index points (not a crime count)
20,5158,103160,54103.9416,54346.98732,243.0457234,0.4492199945,priority_score index points (not a crime count)
20,5159,103180,54111.04008,54346.98732,235.9472439,0.436042707,priority_score index points (not a crime count)
20,5160,103200,54120.29279,54346.98732,226.6945284,0.4188715853,priority_score index points (not a crime count)
20,5161,103220,54124.70836,54346.98732,222.2789582,0.4106792719,priority_score index points (not a crime count)
20,5162,103240,54135.50328,54346.98732,211.4840384,0.3906568251,priority_score index points (not a crime count)
20,5163,103260,54141.72197,54346.98732,205.2653465,0.379126003,priority_score index points (not a crime count)
20,5164,103280,54144.2786,54346.98732,202.7087255,0.3743862338,priority_score index points (not a crime count)
20,5165,103300,54151.3482,54346.98732,195.6391234,0.3612820916,priority_score index points (not a crime count)
20,5166,103320,54163.14695,54346.98732,183.840374,0.3394196688,priority_score index points (not a crime count)
20,5167,103340,54165.39395,54346.98732,181.5933758,0.3352571866,priority_score index points (not a crime count)
20,5168,103360,54170.01582,54346.98732,176.9714967,0.3266964095,priority_score index points (not a crime count)
20,5169,103380,54174.97795,54346.98732,172.0093669,0.3175070363,priority_score index points (not a crime count)
20,5170,103400,54207.16907,54346.98732,139.8182528,0.2579331391,priority_score index points (not a crime count)
20,5171,103420,54210.21369,54346.98732,136.7736349,0.2523023349,priority_score index points (not a crime count)
20,5172,103440,54214.40364,54346.98732,132.5836773,0.2445543405,priority_score index points (not a crime count)
20,5173,103460,54219.41534,54346.98732,127.5719775,0.2352883679,priority_score index points (not a crime count)
20,5174,103480,54226.37841,54346.98732,120.6089137,0.2224174234,priority_score index points (not a crime count)
20,5175,103500,54235.11411,54346.98732,111.8732071,0.2062744938,priority_score index points (not a crime count)
20,5176,103520,54238.07505,54346.98732,108.9122735,0.2008040909,priority_score index points (not a crime count)
20,5177,103540,54241.11053,54346.98732,105.87679,0.1951965751,priority_score index points (not a crime count)
20,5178,103560,54249.69501,54346.98732,97.29230918,0.1793416703,priority_score index points (not a crime count)
20,5179,103580,54258.84209,54346.98732,88.14523193,0.1624532123,priority_score index points (not a crime count)
20,5180,103600,54266.02723,54346.98732,80.96009173,0.1491911162,priority_score index points (not a crime count)
20,5181,103620,54276.13949,54346.98732,70.84783465,0.1305321921,priority_score index points (not a crime count)
20,5182,103640,54282.5179,54346.98732,64.46942038,0.1187664517,priority_score index points (not a crime count)
20,5183,103660,54292.73454,54346.98732,54.25277932,0.0999264078,priority_score index points (not a crime count)
20,5184,103680,54300.33601,54346.98732,46.65131497,0.08591349226,priority_score index points (not a crime count)
20,5185,103700,54307.9626,54346.98732,39.02472193,0.07185819548,priority_score index points (not a crime count)
20,5186,103720,54311.21768,54346.98732,35.76964233,0.06586050518,priority_score index points (not a crime count)
20,5187,103740,54319.49084,54346.98732,27.4964851,0.05061992423,priority_score index points (not a crime count)
20,5188,103760,54324.11087,54346.98732,22.87645557,0.04211105382,priority_score index points (not a crime count)
20,5189,103780,54334.58564,54346.98732,12.40168205,0.02282465561,priority_score index points (not a crime count)
20,5190,103800,54336.82941,54346.98732,10.15790824,0.01869433375,priority_score index points (not a crime count)
20,5191,103820,54342.85037,54346.98732,4.136950656,0.007612686172,priority_score index points (not a crime count)
20,5192,103830,54346.98732,54346.98732,2.328306437e-10,4.284149962e-13,priority_score index points (not a crime count)
